hand,first_max_height,min_height,second_max_height,dribbling_frequency,bending_angle,duration
0,1.3380050659179688,1.0382593870162964,1.3126593828201294,2.142857142857143,6.571341787719346,14
