hand,first_max_height,min_height,second_max_height,dribbling_frequency,bending_angle,duration
0,1.1511763334274292,0.9019023180007935,1.1734437942504883,2.5,31.304992067590316,12
