hand,first_max_height,min_height,second_max_height,dribbling_frequency,bending_angle,duration
0,1.407905101776123,1.0705249309539795,1.3982707262039185,1.875,4.802323692942504,16
