hand,first_max_height,min_height,second_max_height,dribbling_frequency,bending_angle,duration
0,1.2064094543457031,0.9268744587898254,1.2245054244995117,2.142857142857143,25.05828336873051,14
