hand,first_max_height,min_height,second_max_height,dribbling_frequency,bending_angle,duration
0,1.2623839378356934,0.972845196723938,1.241815209388733,2.142857142857143,21.031151899476697,14
