hand,first_max_height,min_height,second_max_height,dribbling_frequency,bending_angle,duration
0,1.4971680641174316,0.9975327849388123,1.3957149982452393,1.7647058823529411,8.33901516953647,17
