hand,first_max_height,min_height,second_max_height,dribbling_frequency,bending_angle,duration
0,1.4678184986114502,1.02009916305542,1.4726519584655762,1.6666666666666665,6.234207660201929,18
