hand,first_max_height,min_height,second_max_height,dribbling_frequency,bending_angle,duration
0,1.2208304405212402,1.0408837795257568,1.1608411073684692,2.7272727272727275,7.4534234305868745,11
