hand,first_max_height,min_height,second_max_height,dribbling_frequency,bending_angle,duration
0,1.4231325387954712,1.0004633665084839,1.4971680641174316,1.7647058823529411,8.88366605272801,17
