hand,first_max_height,min_height,second_max_height,dribbling_frequency,bending_angle,duration
0,1.3366883993148804,1.0620148181915283,1.3317269086837769,2.0,4.460848797113674,15
