hand,first_max_height,min_height,second_max_height,dribbling_frequency,bending_angle,duration
0,1.2587454319000244,1.0059205293655396,1.2655900716781616,2.307692307692308,10.609870992069368,13
