hand,first_max_height,min_height,second_max_height,dribbling_frequency,bending_angle,duration
0,1.1452280282974243,0.8097776174545288,1.131149172782898,1.6666666666666665,23.027106088406498,18
