hand,first_max_height,min_height,second_max_height,dribbling_frequency,bending_angle,duration
0,1.3582230806350708,0.9848999977111816,1.3353391885757446,1.5789473684210527,19.226068959243072,19
