hand,first_max_height,min_height,second_max_height,dribbling_frequency,bending_angle,duration
0,1.2217590808868408,1.000439167022705,1.23293137550354,2.142857142857143,21.353020126647714,14
