hand,first_max_height,min_height,second_max_height,dribbling_frequency,bending_angle,duration
0,1.341017484664917,1.090415596961975,1.3131846189498901,2.5,6.245911654838016,12
