hand,first_max_height,min_height,second_max_height,dribbling_frequency,bending_angle,duration
0,1.3625632524490356,0.9878642559051514,1.3481539487838745,1.875,10.31447721041974,16
