hand,first_max_height,min_height,second_max_height,dribbling_frequency,bending_angle,duration
0,1.3590179681777954,1.0006781816482544,1.3625632524490356,1.875,11.294656499225345,16
