hand,first_max_height,min_height,second_max_height,dribbling_frequency,bending_angle,duration
0,1.3449974060058594,1.0848864316940308,1.3837194442749023,2.142857142857143,4.383130777673813,14
