hand,first_max_height,min_height,second_max_height,dribbling_frequency,bending_angle,duration
0,0.7882639765739441,0.6849508285522461,0.8275879621505737,2.0,57.35117710850878,15
