hand,first_max_height,min_height,second_max_height,dribbling_frequency,bending_angle,duration
0,1.1321407556533813,0.7846632599830627,1.1325215101242065,1.7647058823529411,23.375411630955146,17
