hand,first_max_height,min_height,second_max_height,dribbling_frequency,bending_angle,duration
0,1.3351598978042603,1.0202865600585938,1.3272757530212402,1.875,6.571110934820752,16
