hand,first_max_height,min_height,second_max_height,dribbling_frequency,bending_angle,duration
0,1.1896787881851196,0.9929413795471191,1.2908068895339966,2.307692307692308,12.852026363529339,13
