hand,first_max_height,min_height,second_max_height,dribbling_frequency,bending_angle,duration
0,1.2736971378326416,0.9335035681724548,1.2392970323562622,2.142857142857143,19.122884934406702,14
