hand,first_max_height,min_height,second_max_height,dribbling_frequency,bending_angle,duration
0,1.2420343160629272,0.9380771517753601,1.234507441520691,2.142857142857143,26.206280401445646,14
