hand,first_max_height,min_height,second_max_height,dribbling_frequency,bending_angle,duration
0,0.8483025431632996,0.7177001237869263,0.9149882793426514,2.5,60.07718031094833,12
