hand,first_max_height,min_height,second_max_height,dribbling_frequency,bending_angle,duration
0,1.321542739868164,1.0132994651794434,1.3351598978042603,1.875,6.666515860600224,16
