hand,first_max_height,min_height,second_max_height,dribbling_frequency,bending_angle,duration
0,1.249935507774353,0.9681190252304077,1.2378312349319458,2.307692307692308,28.93231585806807,13
