hand,first_max_height,min_height,second_max_height,dribbling_frequency,bending_angle,duration
0,1.2650948762893677,0.9886075258255005,1.2314705848693848,2.142857142857143,9.229379706528425,14
