hand,first_max_height,min_height,second_max_height,dribbling_frequency,bending_angle,duration
0,1.3793073892593384,1.0113251209259033,1.393466591835022,1.7647058823529411,9.96567459381213,17
