hand,first_max_height,min_height,second_max_height,dribbling_frequency,bending_angle,duration
0,1.361184000968933,1.0247210264205933,1.3239178657531738,2.0,10.465881301028551,15
