hand,first_max_height,min_height,second_max_height,dribbling_frequency,bending_angle,duration
0,1.2325776815414429,0.9443634152412415,1.2229077816009521,2.307692307692308,30.983973716619804,13
