hand,first_max_height,min_height,second_max_height,dribbling_frequency,bending_angle,duration
0,1.3792448043823242,0.9968971014022827,1.3528807163238525,1.5789473684210527,16.543919786827413,19
