hand,first_max_height,min_height,second_max_height,dribbling_frequency,bending_angle,duration
0,0.8329833745956421,0.5956489443778992,0.7392794489860535,3.0,62.509880117721174,10
