hand,first_max_height,min_height,second_max_height,dribbling_frequency,bending_angle,duration
0,1.2808300256729126,1.0416237115859985,1.2748574018478394,2.307692307692308,5.844695136545536,13
