hand,first_max_height,min_height,second_max_height,dribbling_frequency,bending_angle,duration
0,1.3809789419174194,1.1105695962905884,1.3914780616760254,2.0,17.83277796219666,15
