hand,first_max_height,min_height,second_max_height,dribbling_frequency,bending_angle,duration
0,1.3649910688400269,0.985146701335907,1.3685582876205444,1.7647058823529411,6.390832634535334,17
