hand,first_max_height,min_height,second_max_height,dribbling_frequency,bending_angle,duration
0,1.3963309526443481,0.9740554690361023,1.4204707145690918,1.5,5.360769126273848,20
