hand,first_max_height,min_height,second_max_height,dribbling_frequency,bending_angle,duration
0,1.3800431489944458,0.7805535197257996,1.416236400604248,1.6666666666666665,26.330468811029963,18
