hand,first_max_height,min_height,second_max_height,dribbling_frequency,bending_angle,duration
0,0.9146344065666199,0.7514887452125549,0.8920812606811523,2.7272727272727275,57.19996728363235,11
