hand,first_max_height,min_height,second_max_height,dribbling_frequency,bending_angle,duration
0,1.4146628379821777,1.0649068355560303,1.3442810773849487,2.0,6.806047793004643,15
