hand,first_max_height,min_height,second_max_height,dribbling_frequency,bending_angle,duration
0,1.1179875135421753,0.8379796147346497,1.1413588523864746,1.7647058823529411,23.918928776505773,17
