hand,first_max_height,min_height,second_max_height,dribbling_frequency,bending_angle,duration
0,1.3740167617797852,1.0694385766983032,1.3472832441329956,2.0,9.586571872317576,15
