hand,first_max_height,min_height,second_max_height,dribbling_frequency,bending_angle,duration
0,1.3515143394470215,1.029682993888855,1.3093191385269165,2.0,7.068519395555206,15
