hand,first_max_height,min_height,second_max_height,dribbling_frequency,bending_angle,duration
0,1.0950567722320557,0.9571433663368225,1.1809707880020142,2.307692307692308,11.128514689646748,13
