hand,first_max_height,min_height,second_max_height,dribbling_frequency,bending_angle,duration
0,1.2527490854263306,1.0399030447006226,1.2616989612579346,2.307692307692308,4.642597128136996,13
