hand,first_max_height,min_height,second_max_height,dribbling_frequency,bending_angle,duration
0,0.836590051651001,0.635402262210846,0.8262136578559875,2.142857142857143,59.300190759156855,14
