hand,first_max_height,min_height,second_max_height,dribbling_frequency,bending_angle,duration
0,1.2481900453567505,1.0731831789016724,1.24039626121521,2.7272727272727275,6.042943553849873,11
