hand,first_max_height,min_height,second_max_height,dribbling_frequency,bending_angle,duration
0,1.333207607269287,1.0227305889129639,1.378687858581543,1.5789473684210527,4.183521127378971,19
