hand,first_max_height,min_height,second_max_height,dribbling_frequency,bending_angle,duration
0,1.1804300546646118,0.8175193071365356,1.162886142730713,1.875,23.506755338897374,16
