hand,first_max_height,min_height,second_max_height,dribbling_frequency,bending_angle,duration
0,1.4139140844345093,1.1021839380264282,1.478003740310669,1.4285714285714284,1.9224046794668657,21
