hand,first_max_height,min_height,second_max_height,dribbling_frequency,bending_angle,duration
0,1.2091866731643677,0.9279718995094299,1.2205283641815186,2.307692307692308,33.50184408404762,13
