hand,first_max_height,min_height,second_max_height,dribbling_frequency,bending_angle,duration
0,1.2247098684310913,1.034925937652588,1.2152032852172852,2.307692307692308,19.91295815324,13
