hand,first_max_height,min_height,second_max_height,dribbling_frequency,bending_angle,duration
0,0.9196217060089111,0.7428733706474304,0.9372861981391907,2.7272727272727275,62.07468918802134,11
