hand,first_max_height,min_height,second_max_height,dribbling_frequency,bending_angle,duration
0,1.4189218282699585,1.1023114919662476,1.4533194303512573,1.3636363636363638,1.2516610470098553,22
