hand,first_max_height,min_height,second_max_height,dribbling_frequency,bending_angle,duration
0,1.3213443756103516,1.0093801021575928,1.3182640075683594,1.6666666666666665,12.046972088283916,18
