hand,first_max_height,min_height,second_max_height,dribbling_frequency,bending_angle,duration
0,0.8467376828193665,0.6869816780090332,0.9076526761054993,3.0,66.97096042556335,10
