hand,first_max_height,min_height,second_max_height,dribbling_frequency,bending_angle,duration
0,1.5072016716003418,1.0952353477478027,1.4808275699615479,1.3636363636363638,1.3768201389807493,22
