hand,first_max_height,min_height,second_max_height,dribbling_frequency,bending_angle,duration
0,1.3650318384170532,1.1095460653305054,1.340554118156433,2.307692307692308,7.758383770150298,13
