hand,first_max_height,min_height,second_max_height,dribbling_frequency,bending_angle,duration
0,1.3458499908447266,1.017175316810608,1.3429040908813477,2.142857142857143,13.522230409529937,14
