hand,first_max_height,min_height,second_max_height,dribbling_frequency,bending_angle,duration
0,1.438567042350769,1.0720374584197998,1.3790382146835327,2.0,15.472119864451907,15
