hand,first_max_height,min_height,second_max_height,dribbling_frequency,bending_angle,duration
0,1.209765911102295,0.9587974548339844,1.193456768989563,2.307692307692308,25.91355057268208,13
