hand,first_max_height,min_height,second_max_height,dribbling_frequency,bending_angle,duration
0,0.8426491022109985,0.7307369112968445,0.8594105839729309,3.0,61.697221681521896,10
