hand,first_max_height,min_height,second_max_height,dribbling_frequency,bending_angle,duration
0,0.8584324717521667,0.7494031190872192,1.107319712638855,2.5,53.33692264549857,12
