hand,first_max_height,min_height,second_max_height,dribbling_frequency,bending_angle,duration
0,1.2298939228057861,0.9501624703407288,1.249935507774353,2.307692307692308,29.910368255399845,13
