hand,first_max_height,min_height,second_max_height,dribbling_frequency,bending_angle,duration
0,1.3233683109283447,1.0213193893432617,1.331774115562439,2.0,7.919134389202593,15
