hand,first_max_height,min_height,second_max_height,dribbling_frequency,bending_angle,duration
0,1.3639883995056152,1.0817941427230835,1.376308560371399,2.142857142857143,9.373290847117008,14
