hand,first_max_height,min_height,second_max_height,dribbling_frequency,bending_angle,duration
0,1.3413039445877075,1.0409893989562988,1.3241896629333496,2.142857142857143,18.39730858122311,14
