hand,first_max_height,min_height,second_max_height,dribbling_frequency,bending_angle,duration
0,1.301745891571045,1.0869057178497314,1.2848583459854126,2.307692307692308,11.907939494323118,13
