hand,first_max_height,min_height,second_max_height,dribbling_frequency,bending_angle,duration
0,1.345833659172058,0.977428674697876,1.3786917924880981,2.0,23.43201160505014,15
