hand,first_max_height,min_height,second_max_height,dribbling_frequency,bending_angle,duration
0,1.4321702718734741,1.092330813407898,1.4586718082427979,1.4285714285714284,3.3981476955167955,21
