hand,first_max_height,min_height,second_max_height,dribbling_frequency,bending_angle,duration
0,1.3247243165969849,1.0193792581558228,1.3318697214126587,2.0,7.4680771294799975,15
