hand,first_max_height,min_height,second_max_height,dribbling_frequency,bending_angle,duration
0,1.3240330219268799,1.0404356718063354,1.3276599645614624,2.0,7.892309334773999,15
