hand,first_max_height,min_height,second_max_height,dribbling_frequency,bending_angle,duration
0,1.4604600667953491,1.0483297109603882,1.5235790014266968,1.3636363636363638,1.1514249694092817,22
