hand,first_max_height,min_height,second_max_height,dribbling_frequency,bending_angle,duration
0,1.2851426601409912,0.9305176138877869,1.2517611980438232,1.5789473684210527,18.377558664091403,19
