hand,first_max_height,min_height,second_max_height,dribbling_frequency,bending_angle,duration
0,1.344572901725769,1.1535699367523193,1.3119876384735107,2.7272727272727275,5.985924142669472,11
