hand,first_max_height,min_height,second_max_height,dribbling_frequency,bending_angle,duration
0,1.3353391885757446,1.0363996028900146,1.3105441331863403,1.6666666666666665,17.163353332410377,18
