hand,first_max_height,min_height,second_max_height,dribbling_frequency,bending_angle,duration
0,1.1219556331634521,0.8376646637916565,1.1804300546646118,1.875,24.602889146381195,16
