hand,first_max_height,min_height,second_max_height,dribbling_frequency,bending_angle,duration
0,1.334815263748169,1.062764286994934,1.335233211517334,2.142857142857143,6.692559403791142,14
