hand,first_max_height,min_height,second_max_height,dribbling_frequency,bending_angle,duration
0,1.3366918563842773,0.9998300075531006,1.383293867111206,2.0,13.159900756242877,15
