hand,first_max_height,min_height,second_max_height,dribbling_frequency,bending_angle,duration
0,1.5306109189987183,1.069120168685913,1.5283076763153076,1.875,4.746783318525324,16
