hand,first_max_height,min_height,second_max_height,dribbling_frequency,bending_angle,duration
0,1.30422842502594,0.7385214567184448,1.2500731945037842,1.875,52.374031671200264,16
