hand,first_max_height,min_height,second_max_height,dribbling_frequency,bending_angle,duration
0,1.3372682332992554,1.0081671476364136,1.304849624633789,1.875,7.598784625772943,16
