hand,first_max_height,min_height,second_max_height,dribbling_frequency,bending_angle,duration
0,1.349948763847351,0.9997589588165283,1.34296715259552,1.875,9.522196675773984,16
