hand,first_max_height,min_height,second_max_height,dribbling_frequency,bending_angle,duration
0,1.3152598142623901,1.0119857788085938,1.2688970565795898,2.307692307692308,12.477448211360445,13
