hand,first_max_height,min_height,second_max_height,dribbling_frequency,bending_angle,duration
0,0.7392794489860535,0.6035471558570862,0.7817475199699402,3.0,67.99235272703841,10
