hand,first_max_height,min_height,second_max_height,dribbling_frequency,bending_angle,duration
0,1.2357057332992554,1.0513745546340942,1.1995095014572144,2.5,15.309629218886009,12
