hand,first_max_height,min_height,second_max_height,dribbling_frequency,bending_angle,duration
0,1.1435394287109375,0.7942891120910645,1.2076878547668457,1.875,42.32948122439728,16
