hand,first_max_height,min_height,second_max_height,dribbling_frequency,bending_angle,duration
0,1.1584244966506958,0.8675650954246521,1.1534323692321777,1.7647058823529411,21.357050915485743,17
