hand,first_max_height,min_height,second_max_height,dribbling_frequency,bending_angle,duration
0,1.424106240272522,0.9869118332862854,1.3509310483932495,1.4285714285714284,6.203313015815984,21
