hand,first_max_height,min_height,second_max_height,dribbling_frequency,bending_angle,duration
0,1.240051507949829,0.9926884770393372,1.3024598360061646,2.142857142857143,16.57707545057699,14
