hand,first_max_height,min_height,second_max_height,dribbling_frequency,bending_angle,duration
0,0.6816580295562744,0.5938283205032349,0.7023881673812866,2.7272727272727275,68.13993998137333,11
