hand,first_max_height,min_height,second_max_height,dribbling_frequency,bending_angle,duration
0,1.1069355010986328,0.7507994174957275,1.1117408275604248,2.0,32.34833710692337,15
