hand,first_max_height,min_height,second_max_height,dribbling_frequency,bending_angle,duration
0,1.3385854959487915,0.980678141117096,1.3479596376419067,1.6666666666666665,18.484490046226913,18
