hand,first_max_height,min_height,second_max_height,dribbling_frequency,bending_angle,duration
0,1.3330587148666382,1.0560028553009033,1.3160512447357178,2.307692307692308,10.938775494748684,13
