hand,first_max_height,min_height,second_max_height,dribbling_frequency,bending_angle,duration
0,1.2102729082107544,0.9226101636886597,1.2109394073486328,2.307692307692308,26.50029508255247,13
