hand,first_max_height,min_height,second_max_height,dribbling_frequency,bending_angle,duration
0,1.2367266416549683,0.9544834494590759,1.1937410831451416,2.307692307692308,16.282137971853917,13
