hand,first_max_height,min_height,second_max_height,dribbling_frequency,bending_angle,duration
0,1.3580936193466187,1.0194118022918701,1.4062105417251587,1.5,7.011264174979073,20
