hand,first_max_height,min_height,second_max_height,dribbling_frequency,bending_angle,duration
0,1.257225513458252,0.9247909784317017,1.2234430313110352,2.142857142857143,23.822181574285988,14
