hand,first_max_height,min_height,second_max_height,dribbling_frequency,bending_angle,duration
0,1.268626093864441,0.9804171919822693,1.2772873640060425,2.0,9.403910116635327,15
