hand,first_max_height,min_height,second_max_height,dribbling_frequency,bending_angle,duration
0,1.2245054244995117,0.9162756204605103,1.2314716577529907,2.307692307692308,25.9111045454712,13
