hand,first_max_height,min_height,second_max_height,dribbling_frequency,bending_angle,duration
0,1.2794032096862793,1.0036157369613647,1.2329999208450317,2.142857142857143,15.947491515383689,14
