hand,first_max_height,min_height,second_max_height,dribbling_frequency,bending_angle,duration
0,1.28986656665802,0.9992997646331787,1.3165898323059082,1.875,7.608335467446693,16
