hand,first_max_height,min_height,second_max_height,dribbling_frequency,bending_angle,duration
0,1.3479596376419067,0.9519986510276794,1.3704142570495605,1.7647058823529411,19.167815273042425,17
