hand,first_max_height,min_height,second_max_height,dribbling_frequency,bending_angle,duration
0,0.8302023410797119,0.5862436294555664,1.4663081169128418,1.6666666666666665,70.10649817662112,18
