hand,first_max_height,min_height,second_max_height,dribbling_frequency,bending_angle,duration
0,1.210498571395874,0.9342252016067505,1.3328211307525635,2.142857142857143,18.385551116910463,14
