hand,first_max_height,min_height,second_max_height,dribbling_frequency,bending_angle,duration
0,1.3527181148529053,1.0085784196853638,1.3274917602539062,2.0,12.208462939427758,15
