hand,first_max_height,min_height,second_max_height,dribbling_frequency,bending_angle,duration
0,1.285064697265625,1.0749257802963257,1.2701873779296875,2.5,7.835550969950912,12
