hand,first_max_height,min_height,second_max_height,dribbling_frequency,bending_angle,duration
0,1.2688970565795898,1.0224922895431519,1.262163519859314,2.307692307692308,14.814769115138878,13
