hand,first_max_height,min_height,second_max_height,dribbling_frequency,bending_angle,duration
0,1.4452197551727295,1.0175440311431885,1.4278271198272705,1.5789473684210527,13.375839637933376,19
