hand,first_max_height,min_height,second_max_height,dribbling_frequency,bending_angle,duration
0,1.1300019025802612,0.8409833908081055,1.175411581993103,1.875,27.083130596456606,16
