hand,first_max_height,min_height,second_max_height,dribbling_frequency,bending_angle,duration
0,1.2205283641815186,0.9574247002601624,1.2098175287246704,2.7272727272727275,33.144222062609565,11
