hand,first_max_height,min_height,second_max_height,dribbling_frequency,bending_angle,duration
0,1.2773199081420898,1.0041459798812866,1.2609226703643799,1.6666666666666665,11.62443981168038,18
