hand,first_max_height,min_height,second_max_height,dribbling_frequency,bending_angle,duration
0,1.3472832441329956,1.0581374168395996,1.3693658113479614,2.0,7.6387819587094405,15
