hand,first_max_height,min_height,second_max_height,dribbling_frequency,bending_angle,duration
0,1.3828210830688477,1.0906291007995605,1.3123321533203125,2.142857142857143,7.728285372523023,14
