hand,first_max_height,min_height,second_max_height,dribbling_frequency,bending_angle,duration
0,1.296669363975525,1.0559488534927368,1.378649115562439,2.0,7.418339523886788,15
