hand,first_max_height,min_height,second_max_height,dribbling_frequency,bending_angle,duration
0,1.281378149986267,0.9633556604385376,1.2623172998428345,1.5,13.021951051070634,20
