hand,first_max_height,min_height,second_max_height,dribbling_frequency,bending_angle,duration
0,1.4533194303512573,1.0847755670547485,1.4483147859573364,1.3636363636363638,2.133217309812788,22
