hand,first_max_height,min_height,second_max_height,dribbling_frequency,bending_angle,duration
0,1.3840628862380981,0.9001405835151672,1.3194828033447266,1.875,21.45858994319801,16
