hand,first_max_height,min_height,second_max_height,dribbling_frequency,bending_angle,duration
0,1.3627091646194458,1.0225404500961304,1.3307006359100342,2.0,6.085703959386044,15
