hand,first_max_height,min_height,second_max_height,dribbling_frequency,bending_angle,duration
0,1.2976502180099487,1.0107299089431763,1.321542739868164,2.0,7.266085215752721,15
