hand,first_max_height,min_height,second_max_height,dribbling_frequency,bending_angle,duration
0,1.301292061805725,1.0977264642715454,1.267365574836731,2.5,6.0701986848409675,12
