hand,first_max_height,min_height,second_max_height,dribbling_frequency,bending_angle,duration
0,0.6926246881484985,0.6029256582260132,0.7730492353439331,2.307692307692308,58.85345470546594,13
