hand,first_max_height,min_height,second_max_height,dribbling_frequency,bending_angle,duration
0,0.7244483828544617,0.5327758193016052,0.7779369950294495,2.7272727272727275,71.02664358504828,11
