hand,first_max_height,min_height,second_max_height,dribbling_frequency,bending_angle,duration
0,1.2229077816009521,0.9406656622886658,1.2457560300827026,2.307692307692308,29.353945857366295,13
