hand,first_max_height,min_height,second_max_height,dribbling_frequency,bending_angle,duration
0,1.4166845083236694,1.0221915245056152,1.407905101776123,1.7647058823529411,3.4514164428483443,17
