hand,first_max_height,min_height,second_max_height,dribbling_frequency,bending_angle,duration
0,1.2258806228637695,0.8751069903373718,1.1594622135162354,2.5,30.32698380356896,12
