hand,first_max_height,min_height,second_max_height,dribbling_frequency,bending_angle,duration
0,1.188962697982788,1.0533397197723389,1.2481900453567505,2.7272727272727275,13.044827302364768,11
