hand,first_max_height,min_height,second_max_height,dribbling_frequency,bending_angle,duration
0,1.3477345705032349,0.9760991334915161,1.3385854959487915,1.7647058823529411,14.006489618599252,17
