hand,first_max_height,min_height,second_max_height,dribbling_frequency,bending_angle,duration
0,1.3165898323059082,1.0598782300949097,1.3342094421386719,2.142857142857143,6.736513836642138,14
