hand,first_max_height,min_height,second_max_height,dribbling_frequency,bending_angle,duration
0,1.468979001045227,1.0859301090240479,1.4843578338623047,1.3043478260869565,1.48923561492775,23
