hand,first_max_height,min_height,second_max_height,dribbling_frequency,bending_angle,duration
0,1.2782840728759766,0.9357725381851196,1.2589401006698608,2.307692307692308,23.222048716909843,13
