hand,first_max_height,min_height,second_max_height,dribbling_frequency,bending_angle,duration
0,1.4021118879318237,1.0492149591445923,1.3531949520111084,1.875,6.004651924971922,16
