hand,first_max_height,min_height,second_max_height,dribbling_frequency,bending_angle,duration
0,1.251826286315918,1.0670835971832275,1.2533093690872192,2.7272727272727275,7.623133278333921,11
