hand,first_max_height,min_height,second_max_height,dribbling_frequency,bending_angle,duration
0,1.3062657117843628,1.109926700592041,1.284962773323059,2.5,10.717444370412512,12
