hand,first_max_height,min_height,second_max_height,dribbling_frequency,bending_angle,duration
0,1.1034727096557617,0.8231345415115356,1.1789054870605469,1.875,26.631146568773865,16
