hand,first_max_height,min_height,second_max_height,dribbling_frequency,bending_angle,duration
0,1.4936658143997192,0.9025444388389587,1.3193916082382202,1.6666666666666665,10.352308600008133,18
