hand,first_max_height,min_height,second_max_height,dribbling_frequency,bending_angle,duration
0,1.3837194442749023,1.0213466882705688,1.3573375940322876,2.0,5.441125826281724,15
