hand,first_max_height,min_height,second_max_height,dribbling_frequency,bending_angle,duration
0,1.3528807163238525,1.0374937057495117,1.3444644212722778,1.5789473684210527,13.624969534032914,19
