hand,first_max_height,min_height,second_max_height,dribbling_frequency,bending_angle,duration
0,0.947891354560852,0.7403258681297302,0.8436747193336487,3.0,59.30747229183549,10
