hand,first_max_height,min_height,second_max_height,dribbling_frequency,bending_angle,duration
0,1.127563238143921,0.6462962627410889,0.9925575852394104,2.0,43.297632932042056,15
