hand,first_max_height,min_height,second_max_height,dribbling_frequency,bending_angle,duration
0,1.3934581279754639,0.9708588719367981,1.1943858861923218,1.875,12.854020472142553,16
