hand,first_max_height,min_height,second_max_height,dribbling_frequency,bending_angle,duration
0,1.3832582235336304,1.1304806470870972,1.4142117500305176,2.307692307692308,9.019583574486772,13
