hand,first_max_height,min_height,second_max_height,dribbling_frequency,bending_angle,duration
0,1.3404872417449951,1.0557596683502197,1.3381494283676147,2.307692307692308,8.68754252577391,13
