hand,first_max_height,min_height,second_max_height,dribbling_frequency,bending_angle,duration
0,1.1434271335601807,0.677426278591156,0.7795573472976685,1.7647058823529411,28.15057963869012,17
