hand,first_max_height,min_height,second_max_height,dribbling_frequency,bending_angle,duration
0,1.0755183696746826,0.7860973477363586,0.9245237708091736,2.307692307692308,44.20173875858297,13
