hand,first_max_height,min_height,second_max_height,dribbling_frequency,bending_angle,duration
0,0.7642709612846375,0.6390963792800903,0.7476220726966858,2.5,62.761015676528594,12
