hand,first_max_height,min_height,second_max_height,dribbling_frequency,bending_angle,duration
0,1.148613452911377,0.7829205989837646,1.0919420719146729,1.875,18.01354749841509,16
