hand,first_max_height,min_height,second_max_height,dribbling_frequency,bending_angle,duration
0,0.8336413502693176,0.6671784520149231,0.8097831010818481,2.142857142857143,60.24084824446453,14
