hand,first_max_height,min_height,second_max_height,dribbling_frequency,bending_angle,duration
0,1.3699452877044678,1.068906545639038,1.3507007360458374,2.142857142857143,9.226023743009145,14
