hand,first_max_height,min_height,second_max_height,dribbling_frequency,bending_angle,duration
0,1.2399877309799194,0.9614312052726746,1.2420343160629272,2.5,27.208871073773537,12
