hand,first_max_height,min_height,second_max_height,dribbling_frequency,bending_angle,duration
0,1.3539422750473022,1.026230812072754,1.332800269126892,1.5789473684210527,4.356137260846898,19
