hand,first_max_height,min_height,second_max_height,dribbling_frequency,bending_angle,duration
0,1.4449326992034912,0.7489049434661865,1.3418813943862915,1.875,48.056866844961334,16
