hand,first_max_height,min_height,second_max_height,dribbling_frequency,bending_angle,duration
0,1.2378312349319458,0.979330837726593,1.2380797863006592,2.5,29.117509875158532,12
