hand,first_max_height,min_height,second_max_height,dribbling_frequency,bending_angle,duration
0,1.3678195476531982,0.7808599472045898,1.3192918300628662,1.6666666666666665,23.728464924780564,18
