hand,first_max_height,min_height,second_max_height,dribbling_frequency,bending_angle,duration
0,1.2419408559799194,1.013824224472046,1.2231329679489136,2.5,15.88575943828573,12
