hand,first_max_height,min_height,second_max_height,dribbling_frequency,bending_angle,duration
0,1.383293867111206,1.0107550621032715,1.4208564758300781,1.875,11.685497208198322,16
