hand,first_max_height,min_height,second_max_height,dribbling_frequency,bending_angle,duration
0,1.3242217302322388,1.0337355136871338,1.2993810176849365,2.0,6.042321508914372,15
