hand,first_max_height,min_height,second_max_height,dribbling_frequency,bending_angle,duration
0,1.248166799545288,0.9253841042518616,1.2308554649353027,2.307692307692308,25.714361348870955,13
