hand,first_max_height,min_height,second_max_height,dribbling_frequency,bending_angle,duration
0,0.7640393376350403,0.7065179944038391,1.0216273069381714,2.7272727272727275,66.95764362740348,11
