hand,first_max_height,min_height,second_max_height,dribbling_frequency,bending_angle,duration
0,1.1780550479888916,1.0032799243927002,1.2020741701126099,2.307692307692308,23.58321763649484,13
