hand,first_max_height,min_height,second_max_height,dribbling_frequency,bending_angle,duration
0,1.300978422164917,1.0386614799499512,1.3240330219268799,2.0,7.365338166244068,15
