hand,first_max_height,min_height,second_max_height,dribbling_frequency,bending_angle,duration
0,1.3555681705474854,1.0134239196777344,1.4021118879318237,1.7647058823529411,6.473459084735304,17
