hand,first_max_height,min_height,second_max_height,dribbling_frequency,bending_angle,duration
0,1.1909648180007935,0.8903310894966125,1.1761012077331543,2.307692307692308,31.572277335800557,13
