hand,first_max_height,min_height,second_max_height,dribbling_frequency,bending_angle,duration
0,1.132187008857727,0.9225747585296631,0.9733653664588928,3.0,31.304026613845416,10
