hand,first_max_height,min_height,second_max_height,dribbling_frequency,bending_angle,duration
0,1.3284215927124023,0.9789561629295349,1.3183424472808838,1.5,14.43721880478392,20
