hand,first_max_height,min_height,second_max_height,dribbling_frequency,bending_angle,duration
0,1.3124505281448364,0.9527563452720642,1.3032619953155518,1.5789473684210527,17.26224498883285,19
