hand,first_max_height,min_height,second_max_height,dribbling_frequency,bending_angle,duration
0,1.1244357824325562,0.9618554711341858,1.0872442722320557,3.0,36.17405990093455,10
