hand,first_max_height,min_height,second_max_height,dribbling_frequency,bending_angle,duration
0,1.432759165763855,1.0682560205459595,1.445650339126587,1.4285714285714284,2.1002524583948112,21
