hand,first_max_height,min_height,second_max_height,dribbling_frequency,bending_angle,duration
0,1.3382240533828735,1.0328396558761597,1.3255295753479004,2.0,8.120233685680414,15
