hand,first_max_height,min_height,second_max_height,dribbling_frequency,bending_angle,duration
0,1.3276599645614624,1.0495630502700806,1.3001765012741089,2.0,8.320445920741939,15
