hand,first_max_height,min_height,second_max_height,dribbling_frequency,bending_angle,duration
0,1.2279305458068848,0.6865327954292297,1.092899203300476,1.7647058823529411,39.89856409050802,17
