hand,first_max_height,min_height,second_max_height,dribbling_frequency,bending_angle,duration
0,1.3318697214126587,1.0334587097167969,1.321497917175293,1.875,6.451445474820055,16
