hand,first_max_height,min_height,second_max_height,dribbling_frequency,bending_angle,duration
0,1.2506937980651855,0.9756566882133484,1.2100811004638672,2.307692307692308,16.408592299366596,13
