hand,first_max_height,min_height,second_max_height,dribbling_frequency,bending_angle,duration
0,1.4015107154846191,1.0604315996170044,1.355512261390686,2.0,9.782343277998415,15
