hand,first_max_height,min_height,second_max_height,dribbling_frequency,bending_angle,duration
0,1.2942193746566772,1.0339504480361938,1.2625865936279297,2.142857142857143,8.427746592410829,14
