hand,first_max_height,min_height,second_max_height,dribbling_frequency,bending_angle,duration
0,1.3015273809432983,1.0441229343414307,1.46429443359375,1.5789473684210527,6.175021465057385,19
