hand,first_max_height,min_height,second_max_height,dribbling_frequency,bending_angle,duration
0,1.3071717023849487,1.010707974433899,1.29742431640625,1.6666666666666665,16.311342175895078,18
