hand,first_max_height,min_height,second_max_height,dribbling_frequency,bending_angle,duration
0,1.3704142570495605,0.9576146006584167,1.3556709289550781,1.7647058823529411,13.542788461910344,17
