hand,first_max_height,min_height,second_max_height,dribbling_frequency,bending_angle,duration
0,0.8275879621505737,0.7389012575149536,0.8133163452148438,2.5,57.84344597849078,12
