hand,first_max_height,min_height,second_max_height,dribbling_frequency,bending_angle,duration
0,1.162886142730713,0.8165706992149353,1.1530624628067017,1.875,19.75419515861477,16
