hand,first_max_height,min_height,second_max_height,dribbling_frequency,bending_angle,duration
0,1.2857789993286133,1.0389446020126343,1.2905058860778809,2.307692307692308,6.767159954528957,13
