hand,first_max_height,min_height,second_max_height,dribbling_frequency,bending_angle,duration
0,1.4531670808792114,0.8306924104690552,1.0580872297286987,1.875,12.056397354836498,16
