hand,first_max_height,min_height,second_max_height,dribbling_frequency,bending_angle,duration
0,1.2308554649353027,0.9124120473861694,1.2004791498184204,2.142857142857143,25.087008287265515,14
