hand,first_max_height,min_height,second_max_height,dribbling_frequency,bending_angle,duration
0,1.1783605813980103,0.9937242269515991,1.195810317993164,2.5,13.825005413905263,12
