hand,first_max_height,min_height,second_max_height,dribbling_frequency,bending_angle,duration
0,1.3695646524429321,1.031746745109558,1.3502508401870728,1.5789473684210527,11.144077148525156,19
