hand,first_max_height,min_height,second_max_height,dribbling_frequency,bending_angle,duration
0,1.1601500511169434,0.8695080280303955,1.1584244966506958,1.875,20.23349617303194,16
