hand,first_max_height,min_height,second_max_height,dribbling_frequency,bending_angle,duration
0,1.2987617254257202,1.0355117321014404,1.28013277053833,2.142857142857143,6.223640176365898,14
