hand,first_max_height,min_height,second_max_height,dribbling_frequency,bending_angle,duration
0,1.405534267425537,0.9847530722618103,1.3983330726623535,1.5789473684210527,5.540138465321277,19
