hand,first_max_height,min_height,second_max_height,dribbling_frequency,bending_angle,duration
0,1.4378199577331543,0.8327195644378662,1.3519871234893799,1.6666666666666665,22.209869777186658,18
