hand,first_max_height,min_height,second_max_height,dribbling_frequency,bending_angle,duration
0,1.3423783779144287,1.0593169927597046,1.3642884492874146,2.0,7.98921423718997,15
