hand,first_max_height,min_height,second_max_height,dribbling_frequency,bending_angle,duration
0,1.2877697944641113,1.0040664672851562,1.5172752141952515,1.7647058823529411,8.647125857191407,17
