hand,first_max_height,min_height,second_max_height,dribbling_frequency,bending_angle,duration
0,1.4097843170166016,0.9885988235473633,1.3983910083770752,1.7647058823529411,7.484262571666619,17
