hand,first_max_height,min_height,second_max_height,dribbling_frequency,bending_angle,duration
0,1.2773876190185547,1.0254340171813965,1.1780550479888916,2.5,22.624370493993208,12
