hand,first_max_height,min_height,second_max_height,dribbling_frequency,bending_angle,duration
0,1.3599063158035278,1.0247344970703125,1.342023253440857,2.0,12.81783627367495,15
