hand,first_max_height,min_height,second_max_height,dribbling_frequency,bending_angle,duration
0,0.7251064777374268,0.6497645974159241,0.8593224883079529,2.5,60.52248489245848,12
