hand,first_max_height,min_height,second_max_height,dribbling_frequency,bending_angle,duration
0,1.2993521690368652,0.9659487009048462,1.2896844148635864,1.875,8.007818741589526,16
