hand,first_max_height,min_height,second_max_height,dribbling_frequency,bending_angle,duration
0,1.3116512298583984,0.9895407557487488,1.3510639667510986,1.5789473684210527,15.713844649307088,19
