hand,first_max_height,min_height,second_max_height,dribbling_frequency,bending_angle,duration
0,1.2661511898040771,1.0326120853424072,1.2599684000015259,2.307692307692308,10.328581263763382,13
