hand,first_max_height,min_height,second_max_height,dribbling_frequency,bending_angle,duration
0,1.4183870553970337,1.0405042171478271,1.4941622018814087,1.7647058823529411,7.745068229964291,17
