hand,first_max_height,min_height,second_max_height,dribbling_frequency,bending_angle,duration
0,0.8345780372619629,0.6834189295768738,0.8111449480056763,2.7272727272727275,60.54287773339977,11
