hand,first_max_height,min_height,second_max_height,dribbling_frequency,bending_angle,duration
0,1.3528950214385986,0.9683046936988831,1.3508812189102173,1.5,9.34308447705943,20
