hand,first_max_height,min_height,second_max_height,dribbling_frequency,bending_angle,duration
0,1.288445234298706,0.9956977963447571,1.2656606435775757,2.307692307692308,6.719133760641353,13
