hand,first_max_height,min_height,second_max_height,dribbling_frequency,bending_angle,duration
0,1.2061971426010132,0.91497802734375,1.257225513458252,2.142857142857143,26.14347469271219,14
