hand,first_max_height,min_height,second_max_height,dribbling_frequency,bending_angle,duration
0,1.3602238893508911,0.8371841311454773,1.3236823081970215,1.6666666666666665,19.86478110241515,18
