hand,first_max_height,min_height,second_max_height,dribbling_frequency,bending_angle,duration
0,1.3806920051574707,1.034968614578247,1.352843999862671,2.142857142857143,6.417503543503408,14
