hand,first_max_height,min_height,second_max_height,dribbling_frequency,bending_angle,duration
0,1.1984901428222656,0.9672690033912659,1.2506937980651855,2.307692307692308,15.985016843624026,13
