hand,first_max_height,min_height,second_max_height,dribbling_frequency,bending_angle,duration
0,0.9095566272735596,0.577093243598938,0.8099510669708252,2.307692307692308,65.51844868049734,13
