hand,first_max_height,min_height,second_max_height,dribbling_frequency,bending_angle,duration
0,1.3449264764785767,0.9991409778594971,1.3366918563842773,2.0,12.007086059002265,15
