hand,first_max_height,min_height,second_max_height,dribbling_frequency,bending_angle,duration
0,1.2948956489562988,1.011121153831482,1.3098276853561401,2.0,6.741712961846748,15
