hand,first_max_height,min_height,second_max_height,dribbling_frequency,bending_angle,duration
0,1.2086724042892456,1.057744026184082,1.2197844982147217,2.7272727272727275,10.800947867081492,11
