hand,first_max_height,min_height,second_max_height,dribbling_frequency,bending_angle,duration
0,1.4494738578796387,1.1071341037750244,1.468979001045227,1.4285714285714284,1.5986400671735712,21
