hand,first_max_height,min_height,second_max_height,dribbling_frequency,bending_angle,duration
0,1.2179723978042603,0.9143137335777283,1.2202056646347046,2.142857142857143,26.69911908480801,14
