hand,first_max_height,min_height,second_max_height,dribbling_frequency,bending_angle,duration
0,1.4402142763137817,0.852354884147644,1.201145887374878,1.5,11.721099518969307,20
