hand,first_max_height,min_height,second_max_height,dribbling_frequency,bending_angle,duration
0,1.43726646900177,1.081350326538086,1.4515154361724854,1.3636363636363638,0.6995520748691683,22
