hand,first_max_height,min_height,second_max_height,dribbling_frequency,bending_angle,duration
0,1.3050284385681152,0.9610360860824585,1.3303239345550537,1.875,12.782722375698624,16
