hand,first_max_height,min_height,second_max_height,dribbling_frequency,bending_angle,duration
0,1.3781342506408691,1.00711989402771,1.3682831525802612,1.7647058823529411,13.769110596858956,17
