hand,first_max_height,min_height,second_max_height,dribbling_frequency,bending_angle,duration
0,1.2324496507644653,0.9702790379524231,1.2298939228057861,2.5,30.098355869277814,12
