hand,first_max_height,min_height,second_max_height,dribbling_frequency,bending_angle,duration
0,1.3693658113479614,1.0537832975387573,1.3523716926574707,1.875,6.386512151123976,16
