hand,first_max_height,min_height,second_max_height,dribbling_frequency,bending_angle,duration
0,1.209471344947815,0.9689610004425049,1.1909046173095703,2.307692307692308,6.437432693301184,13
