hand,first_max_height,min_height,second_max_height,dribbling_frequency,bending_angle,duration
0,1.209071159362793,0.8638247847557068,1.1821142435073853,2.307692307692308,34.69791332251151,13
