hand,first_max_height,min_height,second_max_height,dribbling_frequency,bending_angle,duration
0,1.3840802907943726,1.067492127418518,1.3100172281265259,2.307692307692308,6.372402917178308,13
