hand,first_max_height,min_height,second_max_height,dribbling_frequency,bending_angle,duration
0,1.2272671461105347,1.0245925188064575,1.2409354448318481,2.5,4.778541606880704,12
