hand,first_max_height,min_height,second_max_height,dribbling_frequency,bending_angle,duration
0,1.0962799787521362,0.7087554335594177,0.8039458394050598,2.307692307692308,28.654154034263236,13
