hand,first_max_height,min_height,second_max_height,dribbling_frequency,bending_angle,duration
0,1.2293704748153687,0.9463201761245728,1.216280460357666,2.307692307692308,23.34631135988631,13
