hand,first_max_height,min_height,second_max_height,dribbling_frequency,bending_angle,duration
0,1.2517611980438232,0.9088987708091736,1.2595244646072388,1.5,18.07139321936918,20
