hand,first_max_height,min_height,second_max_height,dribbling_frequency,bending_angle,duration
0,1.2362676858901978,0.9546118974685669,1.212646245956421,2.307692307692308,15.956714332931908,13
