hand,first_max_height,min_height,second_max_height,dribbling_frequency,bending_angle,duration
0,1.3739317655563354,0.7853395938873291,1.3800431489944458,1.7647058823529411,24.78805594283947,17
