hand,first_max_height,min_height,second_max_height,dribbling_frequency,bending_angle,duration
0,1.317108392715454,1.0299772024154663,1.2936726808547974,2.307692307692308,16.558830916500078,13
