hand,first_max_height,min_height,second_max_height,dribbling_frequency,bending_angle,duration
0,1.2951850891113281,0.9765384793281555,1.2797743082046509,1.5789473684210527,11.126054858055756,19
