hand,first_max_height,min_height,second_max_height,dribbling_frequency,bending_angle,duration
0,1.473418116569519,1.0102508068084717,1.4542922973632812,1.7647058823529411,10.565332128812083,17
