hand,first_max_height,min_height,second_max_height,dribbling_frequency,bending_angle,duration
0,1.326696753501892,1.018800973892212,1.2655253410339355,2.307692307692308,10.140699882599788,13
