hand,first_max_height,min_height,second_max_height,dribbling_frequency,bending_angle,duration
0,1.261129379272461,0.9664568901062012,1.249606728553772,1.3636363636363638,14.336056391345547,22
