hand,first_max_height,min_height,second_max_height,dribbling_frequency,bending_angle,duration
0,1.3789536952972412,0.7996425628662109,1.3312914371490479,1.6666666666666665,21.341709628484214,18
