hand,first_max_height,min_height,second_max_height,dribbling_frequency,bending_angle,duration
0,1.2353805303573608,0.920517086982727,1.2091866731643677,2.5,34.19164190328203,12
