hand,first_max_height,min_height,second_max_height,dribbling_frequency,bending_angle,duration
0,1.2867224216461182,0.9712236523628235,1.2736971378326416,2.142857142857143,20.739865574192287,14
