hand,first_max_height,min_height,second_max_height,dribbling_frequency,bending_angle,duration
0,1.4206621646881104,1.0138983726501465,1.3636555671691895,1.6666666666666665,3.1546550913594844,18
