hand,first_max_height,min_height,second_max_height,dribbling_frequency,bending_angle,duration
0,1.3244690895080566,0.9362829923629761,1.3702057600021362,1.7647058823529411,21.517141333881433,17
