hand,first_max_height,min_height,second_max_height,dribbling_frequency,bending_angle,duration
0,1.3100172281265259,1.0561752319335938,1.3217029571533203,2.5,7.1506538046676855,12
