hand,first_max_height,min_height,second_max_height,dribbling_frequency,bending_angle,duration
0,1.234507441520691,0.9267076849937439,1.1891003847122192,2.142857142857143,26.68592004678845,14
