hand,first_max_height,min_height,second_max_height,dribbling_frequency,bending_angle,duration
0,1.1855218410491943,0.8565958738327026,1.1777076721191406,2.5,37.78900900852323,12
