hand,first_max_height,min_height,second_max_height,dribbling_frequency,bending_angle,duration
0,1.3740763664245605,0.9488267302513123,1.2851426601409912,1.5,17.472226560501255,20
