hand,first_max_height,min_height,second_max_height,dribbling_frequency,bending_angle,duration
0,1.1280299425125122,0.8451618552207947,1.161326289176941,1.6666666666666665,24.973656106669228,18
