hand,first_max_height,min_height,second_max_height,dribbling_frequency,bending_angle,duration
0,1.334990382194519,1.0152167081832886,1.3809789419174194,2.142857142857143,23.008266523128206,14
