hand,first_max_height,min_height,second_max_height,dribbling_frequency,bending_angle,duration
0,1.149979829788208,0.8750784993171692,1.1600093841552734,1.7647058823529411,22.890489697402412,17
