hand,first_max_height,min_height,second_max_height,dribbling_frequency,bending_angle,duration
0,1.4320615530014038,1.0103031396865845,1.4142730236053467,1.3636363636363638,7.51511537466885,22
