hand,first_max_height,min_height,second_max_height,dribbling_frequency,bending_angle,duration
0,1.2937114238739014,0.9481226205825806,1.2989767789840698,1.5789473684210527,18.342543896470005,19
