hand,first_max_height,min_height,second_max_height,dribbling_frequency,bending_angle,duration
0,0.8286994695663452,0.7047193050384521,0.8202232718467712,3.0,62.75100406593012,10
