hand,first_max_height,min_height,second_max_height,dribbling_frequency,bending_angle,duration
0,1.3330612182617188,1.1311136484146118,1.344572901725769,2.5,6.62448662178632,12
