hand,first_max_height,min_height,second_max_height,dribbling_frequency,bending_angle,duration
0,1.2567455768585205,0.9509652256965637,1.2056732177734375,2.0,8.38223177641525,15
