hand,first_max_height,min_height,second_max_height,dribbling_frequency,bending_angle,duration
0,0.9531629085540771,0.7912362813949585,0.9188057780265808,3.0,58.47409080542048,10
