hand,first_max_height,min_height,second_max_height,dribbling_frequency,bending_angle,duration
0,0.9245237708091736,0.6894762516021729,0.8736564517021179,2.5,59.29360761897858,12
