hand,first_max_height,min_height,second_max_height,dribbling_frequency,bending_angle,duration
0,1.433434009552002,0.9801963567733765,1.4097843170166016,1.7647058823529411,7.047728150396111,17
