hand,first_max_height,min_height,second_max_height,dribbling_frequency,bending_angle,duration
0,1.3192918300628662,0.7826773524284363,1.4153673648834229,1.5789473684210527,23.016519949858612,19
