hand,first_max_height,min_height,second_max_height,dribbling_frequency,bending_angle,duration
0,0.7987906336784363,0.699142575263977,0.8097700476646423,2.142857142857143,58.06219121651132,14
