hand,first_max_height,min_height,second_max_height,dribbling_frequency,bending_angle,duration
0,0.9843460321426392,0.7331801652908325,1.2507970333099365,1.875,52.28840197768951,16
