hand,first_max_height,min_height,second_max_height,dribbling_frequency,bending_angle,duration
0,1.1325215101242065,0.8035370707511902,1.1017450094223022,1.875,26.78624417169983,16
