hand,first_max_height,min_height,second_max_height,dribbling_frequency,bending_angle,duration
0,1.3247264623641968,1.048905372619629,1.2826130390167236,2.0,7.868637453985055,15
