hand,first_max_height,min_height,second_max_height,dribbling_frequency,bending_angle,duration
0,1.3370683193206787,1.0325322151184082,1.3242217302322388,2.0,2.3200220117262655,15
