hand,first_max_height,min_height,second_max_height,dribbling_frequency,bending_angle,duration
0,1.2907562255859375,1.0438562631607056,1.24227774143219,2.5,8.657586428860473,12
