hand,first_max_height,min_height,second_max_height,dribbling_frequency,bending_angle,duration
0,0.9159725308418274,0.7933054566383362,0.9146344065666199,3.0,56.48128874590562,10
