hand,first_max_height,min_height,second_max_height,dribbling_frequency,bending_angle,duration
0,0.8464382886886597,0.7015053033828735,0.8712074160575867,3.0,68.1521351589262,10
