hand,first_max_height,min_height,second_max_height,dribbling_frequency,bending_angle,duration
0,1.111636996269226,0.6834492683410645,1.2929565906524658,1.6666666666666665,58.52484225874037,18
