hand,first_max_height,min_height,second_max_height,dribbling_frequency,bending_angle,duration
0,1.1128990650177002,1.0238813161849976,1.2800849676132202,2.7272727272727275,31.408613581948938,11
