hand,first_max_height,min_height,second_max_height,dribbling_frequency,bending_angle,duration
0,1.2607170343399048,1.0195960998535156,1.2494267225265503,2.142857142857143,14.841802508505896,14
