hand,first_max_height,min_height,second_max_height,dribbling_frequency,bending_angle,duration
0,1.3184449672698975,0.9926947355270386,1.3483734130859375,1.875,10.494179413821035,16
