hand,first_max_height,min_height,second_max_height,dribbling_frequency,bending_angle,duration
0,0.8577908277511597,0.7111691832542419,0.8345780372619629,2.7272727272727275,60.794739708403924,11
