hand,first_max_height,min_height,second_max_height,dribbling_frequency,bending_angle,duration
0,1.2626993656158447,1.0241403579711914,1.2054067850112915,2.307692307692308,16.7290400961103,13
