hand,first_max_height,min_height,second_max_height,dribbling_frequency,bending_angle,duration
0,1.3785254955291748,1.038203239440918,1.4936658143997192,1.6666666666666665,8.021470584565316,18
