hand,first_max_height,min_height,second_max_height,dribbling_frequency,bending_angle,duration
0,1.2492954730987549,0.9473731517791748,1.2454700469970703,2.307692307692308,26.6710045723878,13
