hand,first_max_height,min_height,second_max_height,dribbling_frequency,bending_angle,duration
0,1.378649115562439,1.008895754814148,1.3629302978515625,1.7647058823529411,7.096200312650153,17
