hand,first_max_height,min_height,second_max_height,dribbling_frequency,bending_angle,duration
0,1.245526671409607,1.037068247795105,1.2897855043411255,2.142857142857143,18.03324649294075,14
