hand,first_max_height,min_height,second_max_height,dribbling_frequency,bending_angle,duration
0,1.3642888069152832,0.8634635210037231,1.4921622276306152,1.3043478260869565,17.566874220606497,23
