hand,first_max_height,min_height,second_max_height,dribbling_frequency,bending_angle,duration
0,1.304733157157898,1.0410221815109253,1.247316837310791,2.5,14.157915422101881,12
