hand,first_max_height,min_height,second_max_height,dribbling_frequency,bending_angle,duration
0,1.2098175287246704,0.9156612157821655,1.2084224224090576,2.5,32.71932996088671,12
