hand,first_max_height,min_height,second_max_height,dribbling_frequency,bending_angle,duration
0,1.24227774143219,1.0319087505340576,1.2455942630767822,2.307692307692308,9.875800326067703,13
