hand,first_max_height,min_height,second_max_height,dribbling_frequency,bending_angle,duration
0,1.247316837310791,0.9668955206871033,1.2422593832015991,2.142857142857143,12.73840019876119,14
