hand,first_max_height,min_height,second_max_height,dribbling_frequency,bending_angle,duration
0,1.3237195014953613,0.9927806258201599,1.3470789194107056,2.0,5.837368434982134,15
