hand,first_max_height,min_height,second_max_height,dribbling_frequency,bending_angle,duration
0,1.3914780616760254,1.1000392436981201,1.3480778932571411,2.307692307692308,7.61009623149898,13
