hand,first_max_height,min_height,second_max_height,dribbling_frequency,bending_angle,duration
0,1.184521198272705,0.9631551504135132,1.1994200944900513,2.5,29.369112599024643,12
