hand,first_max_height,min_height,second_max_height,dribbling_frequency,bending_angle,duration
0,1.3307006359100342,1.0365720987319946,1.3380050659179688,2.0,7.500934404844525,15
