hand,first_max_height,min_height,second_max_height,dribbling_frequency,bending_angle,duration
0,1.346821665763855,1.0657674074172974,1.4265148639678955,1.6666666666666665,11.297788687297174,18
