hand,first_max_height,min_height,second_max_height,dribbling_frequency,bending_angle,duration
0,1.262163519859314,1.0127309560775757,1.2738556861877441,2.307692307692308,15.83052981288341,13
