hand,first_max_height,min_height,second_max_height,dribbling_frequency,bending_angle,duration
0,1.2987868785858154,1.036618947982788,1.3966253995895386,1.875,7.057708657941352,16
