hand,first_max_height,min_height,second_max_height,dribbling_frequency,bending_angle,duration
0,0.8221274018287659,0.6982012987136841,0.8281716108322144,3.0,62.84959226671762,10
