hand,first_max_height,min_height,second_max_height,dribbling_frequency,bending_angle,duration
0,1.254428505897522,0.9928157329559326,1.2570760250091553,2.142857142857143,15.780062553422313,14
