hand,first_max_height,min_height,second_max_height,dribbling_frequency,bending_angle,duration
0,1.2927857637405396,1.0075455904006958,1.2814332246780396,2.0,6.462704734219864,15
