hand,first_max_height,min_height,second_max_height,dribbling_frequency,bending_angle,duration
0,1.24970281124115,1.028888463973999,1.2365959882736206,2.307692307692308,19.45410354370002,13
