hand,first_max_height,min_height,second_max_height,dribbling_frequency,bending_angle,duration
0,1.3589692115783691,0.8963172435760498,1.399865746498108,1.6666666666666665,16.20833339583763,18
