hand,first_max_height,min_height,second_max_height,dribbling_frequency,bending_angle,duration
0,1.312834620475769,0.9923334717750549,1.2976502180099487,1.875,6.410061416585136,16
