hand,first_max_height,min_height,second_max_height,dribbling_frequency,bending_angle,duration
0,1.3598119020462036,1.0182386636734009,1.3506401777267456,2.0,11.872012585763033,15
