hand,first_max_height,min_height,second_max_height,dribbling_frequency,bending_angle,duration
0,1.1322104930877686,1.1074292659759521,1.156443476676941,1.6666666666666665,15.576531068277797,18
