hand,first_max_height,min_height,second_max_height,dribbling_frequency,bending_angle,duration
1,0.955340564250946,0.9544021487236023,0.9639796614646912,1.3636363636363638,3.401293547380762,22
