hand,first_max_height,min_height,second_max_height,dribbling_frequency,bending_angle,duration
0,0.9213056564331055,0.9071964025497437,0.9255777597427368,2.142857142857143,8.157081901763792,14
