hand,first_max_height,min_height,second_max_height,dribbling_frequency,bending_angle,duration
0,0.9502673745155334,0.9466429352760315,0.9512559771537781,1.875,5.860472766905368,16
