hand,first_max_height,min_height,second_max_height,dribbling_frequency,bending_angle,duration
0,0.9085995554924011,0.894817054271698,0.9025509357452393,1.5789473684210527,14.60868137105525,19
