hand,first_max_height,min_height,second_max_height,dribbling_frequency,bending_angle,duration
1,1.0691033601760864,0.9937008023262024,1.0525178909301758,1.875,17.02266473225809,16
