hand,first_max_height,min_height,second_max_height,dribbling_frequency,bending_angle,duration
0,0.8801694512367249,0.8738911151885986,0.9073477387428284,1.875,37.781646915250185,16
