hand,first_max_height,min_height,second_max_height,dribbling_frequency,bending_angle,duration
0,0.9829189777374268,0.9682008624076843,0.980542778968811,1.6666666666666665,13.397190428415577,18
