hand,first_max_height,min_height,second_max_height,dribbling_frequency,bending_angle,duration
0,0.9420202374458313,0.9396681189537048,0.9598707556724548,1.6666666666666665,5.365257043045307,18
