hand,first_max_height,min_height,second_max_height,dribbling_frequency,bending_angle,duration
1,0.9048942923545837,0.8727505207061768,0.9114918112754822,2.307692307692308,35.98055688837343,13
