hand,first_max_height,min_height,second_max_height,dribbling_frequency,bending_angle,duration
0,0.9096422791481018,0.9048871397972107,0.9191145300865173,1.3636363636363638,10.730515503776529,22
