hand,first_max_height,min_height,second_max_height,dribbling_frequency,bending_angle,duration
0,1.0910687446594238,1.0882949829101562,1.0907766819000244,3.0,4.627662168853082,10
