hand,first_max_height,min_height,second_max_height,dribbling_frequency,bending_angle,duration
0,1.0117629766464233,1.0016398429870605,1.0187273025512695,2.0,28.07221495318505,15
