hand,first_max_height,min_height,second_max_height,dribbling_frequency,bending_angle,duration
1,1.0345458984375,0.9925057888031006,1.0247774124145508,2.142857142857143,18.791377662028427,14
