hand,first_max_height,min_height,second_max_height,dribbling_frequency,bending_angle,duration
1,1.0220069885253906,1.005706548690796,1.0258945226669312,1.7647058823529411,7.517353012028833,17
