hand,first_max_height,min_height,second_max_height,dribbling_frequency,bending_angle,duration
0,0.746464192867279,0.7383505702018738,0.7551958560943604,2.142857142857143,62.301914162712194,14
