hand,first_max_height,min_height,second_max_height,dribbling_frequency,bending_angle,duration
0,1.0201433897018433,0.9999319314956665,1.020758032798767,1.5,19.21433832610352,20
