hand,first_max_height,min_height,second_max_height,dribbling_frequency,bending_angle,duration
0,0.9110915064811707,0.8788231611251831,0.8891878128051758,1.5,17.21749948525636,20
