hand,first_max_height,min_height,second_max_height,dribbling_frequency,bending_angle,duration
1,0.9257566928863525,0.9219438433647156,0.9273439645767212,1.5,11.47863952438007,20
