hand,first_max_height,min_height,second_max_height,dribbling_frequency,bending_angle,duration
0,1.021003246307373,1.0066806077957153,1.0270782709121704,2.307692307692308,8.272930683863471,13
