hand,first_max_height,min_height,second_max_height,dribbling_frequency,bending_angle,duration
0,0.8824336528778076,0.873059868812561,0.8815119862556458,1.5789473684210527,32.98167692906536,19
