hand,first_max_height,min_height,second_max_height,dribbling_frequency,bending_angle,duration
1,0.9477506875991821,0.9373825788497925,0.9384692311286926,1.875,5.321162298315509,16
