hand,first_max_height,min_height,second_max_height,dribbling_frequency,bending_angle,duration
1,1.013461709022522,0.9943562150001526,1.0251405239105225,2.0,21.802324897683285,15
