hand,first_max_height,min_height,second_max_height,dribbling_frequency,bending_angle,duration
0,0.8197833299636841,0.8014575839042664,0.8106306791305542,1.7647058823529411,54.14022233019593,17
