hand,first_max_height,min_height,second_max_height,dribbling_frequency,bending_angle,duration
1,0.7387808561325073,0.7244461178779602,0.7819430828094482,2.142857142857143,57.80468248799212,14
