hand,first_max_height,min_height,second_max_height,dribbling_frequency,bending_angle,duration
0,0.9532506465911865,0.9511222243309021,0.9606959223747253,1.7647058823529411,5.523248630585108,17
