hand,first_max_height,min_height,second_max_height,dribbling_frequency,bending_angle,duration
0,0.8651617169380188,0.834834635257721,0.8588512539863586,1.6666666666666665,25.64641916766645,18
