hand,first_max_height,min_height,second_max_height,dribbling_frequency,bending_angle,duration
0,0.902990460395813,0.9023644924163818,0.9058318138122559,1.4285714285714284,10.733116859414729,21
