hand,first_max_height,min_height,second_max_height,dribbling_frequency,bending_angle,duration
0,0.7271466255187988,0.7093087434768677,0.7208977341651917,1.3043478260869565,60.5526340526282,23
