hand,first_max_height,min_height,second_max_height,dribbling_frequency,bending_angle,duration
0,0.6481649279594421,0.6427410840988159,0.6641677618026733,1.6666666666666665,65.77892838105518,18
