hand,first_max_height,min_height,second_max_height,dribbling_frequency,bending_angle,duration
0,0.9384138584136963,0.9233186841011047,0.9250416159629822,1.6666666666666665,14.750684651688104,18
