hand,first_max_height,min_height,second_max_height,dribbling_frequency,bending_angle,duration
1,1.0470905303955078,1.0447893142700195,1.0578182935714722,2.307692307692308,12.421105580541365,13
