hand,first_max_height,min_height,second_max_height,dribbling_frequency,bending_angle,duration
0,0.8967682719230652,0.8952298760414124,0.9502969980239868,1.7647058823529411,16.76724709181805,17
