hand,first_max_height,min_height,second_max_height,dribbling_frequency,bending_angle,duration
1,1.0549168586730957,1.04314386844635,1.050601601600647,2.0,11.915420124434036,15
