hand,first_max_height,min_height,second_max_height,dribbling_frequency,bending_angle,duration
1,1.071898341178894,1.056094765663147,1.0660697221755981,2.0,11.095391566347113,15
