hand,first_max_height,min_height,second_max_height,dribbling_frequency,bending_angle,duration
1,0.9144107103347778,0.8753982186317444,0.8996803760528564,1.6666666666666665,25.96870452966313,18
