hand,first_max_height,min_height,second_max_height,dribbling_frequency,bending_angle,duration
0,0.7713888883590698,0.7582376599311829,0.7725502848625183,2.5,57.16758223438834,12
