hand,first_max_height,min_height,second_max_height,dribbling_frequency,bending_angle,duration
0,0.8639368414878845,0.8378006815910339,0.8512560725212097,2.307692307692308,28.491098427139278,13
