hand,first_max_height,min_height,second_max_height,dribbling_frequency,bending_angle,duration
0,0.8903142809867859,0.8693361878395081,0.8872764706611633,1.6666666666666665,22.263551904885286,18
