hand,first_max_height,min_height,second_max_height,dribbling_frequency,bending_angle,duration
0,0.9381460547447205,0.9351630806922913,0.9407675266265869,3.0,9.185183357579179,10
