hand,first_max_height,min_height,second_max_height,dribbling_frequency,bending_angle,duration
0,0.9433610439300537,0.9368991255760193,0.9408004879951477,2.5,4.675964402317486,12
