hand,first_max_height,min_height,second_max_height,dribbling_frequency,bending_angle,duration
0,0.9412896037101746,0.9375279545783997,0.9389064908027649,2.0,7.501563170517002,15
