hand,first_max_height,min_height,second_max_height,dribbling_frequency,bending_angle,duration
1,0.890190064907074,0.8833296298980713,0.9149062633514404,1.875,18.075691472861056,16
