hand,first_max_height,min_height,second_max_height,dribbling_frequency,bending_angle,duration
1,0.9932899475097656,0.9742416739463806,1.0426466464996338,1.5789473684210527,21.05749319739322,19
