hand,first_max_height,min_height,second_max_height,dribbling_frequency,bending_angle,duration
0,0.9873932600021362,0.9615944623947144,1.023830533027649,1.875,31.684583565656638,16
