hand,first_max_height,min_height,second_max_height,dribbling_frequency,bending_angle,duration
1,0.9509944319725037,0.9227955937385559,0.9485611319541931,2.5,23.387718043781916,12
