hand,first_max_height,min_height,second_max_height,dribbling_frequency,bending_angle,duration
1,1.0821878910064697,1.0138646364212036,1.0682942867279053,1.5789473684210527,22.489478530815525,19
