hand,first_max_height,min_height,second_max_height,dribbling_frequency,bending_angle,duration
0,0.920903742313385,0.9183048605918884,0.9336658120155334,1.6666666666666665,2.3397241152505046,18
