hand,first_max_height,min_height,second_max_height,dribbling_frequency,bending_angle,duration
0,0.6348370909690857,0.6288731694221497,0.720054566860199,1.6666666666666665,67.51613525838758,18
