hand,first_max_height,min_height,second_max_height,dribbling_frequency,bending_angle,duration
1,1.071681261062622,1.0492082834243774,1.0826282501220703,2.307692307692308,26.206280401445646,13
