hand,first_max_height,min_height,second_max_height,dribbling_frequency,bending_angle,duration
1,0.9105316996574402,0.8839114904403687,0.9057127237319946,2.307692307692308,21.353020126647714,13
