hand,first_max_height,min_height,second_max_height,dribbling_frequency,bending_angle,duration
0,0.9304044842720032,0.9197710156440735,0.9251123666763306,1.7647058823529411,5.124467678037763,17
