hand,first_max_height,min_height,second_max_height,dribbling_frequency,bending_angle,duration
0,0.878646194934845,0.8614529371261597,0.8909303545951843,1.5789473684210527,25.352387661867017,19
