hand,first_max_height,min_height,second_max_height,dribbling_frequency,bending_angle,duration
0,0.7027435898780823,0.6920363306999207,0.7172862887382507,1.875,66.76989808159358,16
