hand,first_max_height,min_height,second_max_height,dribbling_frequency,bending_angle,duration
1,1.064156174659729,0.986372709274292,1.0551204681396484,1.6666666666666665,27.709490202100138,18
