hand,first_max_height,min_height,second_max_height,dribbling_frequency,bending_angle,duration
0,0.9404618740081787,0.9160640835762024,0.9342690110206604,2.5,10.373843993927442,12
