hand,first_max_height,min_height,second_max_height,dribbling_frequency,bending_angle,duration
0,0.9148892760276794,0.9025707244873047,0.9118697643280029,1.875,25.094983160061375,16
