hand,first_max_height,min_height,second_max_height,dribbling_frequency,bending_angle,duration
0,0.9225515723228455,0.8943263292312622,0.91371750831604,1.3636363636363638,12.921632788095748,22
