hand,first_max_height,min_height,second_max_height,dribbling_frequency,bending_angle,duration
1,0.6935504674911499,0.6928204894065857,0.7162116169929504,2.7272727272727275,62.57787025803502,11
