hand,first_max_height,min_height,second_max_height,dribbling_frequency,bending_angle,duration
1,0.6907238364219666,0.6725146174430847,0.6944833993911743,2.7272727272727275,60.515785435590594,11
