hand,first_max_height,min_height,second_max_height,dribbling_frequency,bending_angle,duration
0,0.7335923314094543,0.7190837860107422,0.7277977466583252,2.307692307692308,53.49498148319928,13
