hand,first_max_height,min_height,second_max_height,dribbling_frequency,bending_angle,duration
0,0.7082052826881409,0.6796662211418152,0.6844145059585571,2.0,59.38972352016269,15
