hand,first_max_height,min_height,second_max_height,dribbling_frequency,bending_angle,duration
1,1.10999596118927,1.0582821369171143,1.1026734113693237,2.7272727272727275,7.941819018706407,11
