hand,first_max_height,min_height,second_max_height,dribbling_frequency,bending_angle,duration
0,1.0934473276138306,1.0843522548675537,1.0856616497039795,3.0,3.4784221415432865,10
