hand,first_max_height,min_height,second_max_height,dribbling_frequency,bending_angle,duration
0,0.8978672027587891,0.8877621293067932,0.8895804286003113,2.307692307692308,26.30277204884748,13
