hand,first_max_height,min_height,second_max_height,dribbling_frequency,bending_angle,duration
1,1.156563401222229,1.1460473537445068,1.1621482372283936,1.6666666666666665,4.401989165638415,18
