hand,first_max_height,min_height,second_max_height,dribbling_frequency,bending_angle,duration
0,0.9312838912010193,0.9242896437644958,0.9302288889884949,2.7272727272727275,11.230292117165808,11
