hand,first_max_height,min_height,second_max_height,dribbling_frequency,bending_angle,duration
1,1.0696171522140503,1.0463085174560547,1.0808459520339966,2.307692307692308,28.903104023534457,13
