hand,first_max_height,min_height,second_max_height,dribbling_frequency,bending_angle,duration
0,0.9251932501792908,0.9243655204772949,0.9422953724861145,3.0,8.675822911757116,10
