hand,first_max_height,min_height,second_max_height,dribbling_frequency,bending_angle,duration
1,0.7469838857650757,0.6982693672180176,0.7134600877761841,2.5,57.483947111661614,12
