hand,first_max_height,min_height,second_max_height,dribbling_frequency,bending_angle,duration
0,0.6274681687355042,0.6052612066268921,0.6387297511100769,1.875,63.77163795645595,16
