hand,first_max_height,min_height,second_max_height,dribbling_frequency,bending_angle,duration
0,0.9764321446418762,0.9720734357833862,0.9902282953262329,2.7272727272727275,8.936705893129375,11
