hand,first_max_height,min_height,second_max_height,dribbling_frequency,bending_angle,duration
0,0.9432677626609802,0.9402062296867371,0.9430288076400757,3.0,4.134736813085683,10
