hand,first_max_height,min_height,second_max_height,dribbling_frequency,bending_angle,duration
1,0.9356516003608704,0.935552179813385,0.9421679973602295,2.7272727272727275,4.455998756792792,11
