hand,first_max_height,min_height,second_max_height,dribbling_frequency,bending_angle,duration
0,0.9167923927307129,0.913743257522583,0.9144564270973206,2.5,10.273208302272137,12
