hand,first_max_height,min_height,second_max_height,dribbling_frequency,bending_angle,duration
0,0.9280524849891663,0.9122222065925598,0.9161668419837952,1.7647058823529411,6.233860243940805,17
