hand,first_max_height,min_height,second_max_height,dribbling_frequency,bending_angle,duration
0,0.9607962965965271,0.9606541991233826,0.9696570038795471,2.7272727272727275,8.71712041590488,11
