hand,first_max_height,min_height,second_max_height,dribbling_frequency,bending_angle,duration
0,0.8726620674133301,0.8615169525146484,0.8724077343940735,1.7647058823529411,33.48720615225073,17
