hand,first_max_height,min_height,second_max_height,dribbling_frequency,bending_angle,duration
0,1.0836824178695679,1.0758174657821655,1.0844507217407227,2.307692307692308,5.488620027982131,13
