hand,first_max_height,min_height,second_max_height,dribbling_frequency,bending_angle,duration
1,1.0417858362197876,1.0215095281600952,1.0415915250778198,2.5,29.036366089150267,12
