hand,first_max_height,min_height,second_max_height,dribbling_frequency,bending_angle,duration
1,0.9391337633132935,0.9225351810455322,0.9318829774856567,1.4285714285714284,8.961116847706865,21
