hand,first_max_height,min_height,second_max_height,dribbling_frequency,bending_angle,duration
1,1.0982214212417603,1.084524154663086,1.0913722515106201,2.5,11.692226298219952,12
