hand,first_max_height,min_height,second_max_height,dribbling_frequency,bending_angle,duration
0,0.9345508217811584,0.9317954778671265,0.938376784324646,2.0,7.317570100618353,15
