hand,first_max_height,min_height,second_max_height,dribbling_frequency,bending_angle,duration
1,1.031440258026123,0.8955473303794861,0.9219626188278198,1.6666666666666665,25.84508825774508,18
