hand,first_max_height,min_height,second_max_height,dribbling_frequency,bending_angle,duration
0,0.935720682144165,0.9200322031974792,0.9426835775375366,1.4285714285714284,7.90031220784216,21
