hand,first_max_height,min_height,second_max_height,dribbling_frequency,bending_angle,duration
1,0.6883882880210876,0.6774993538856506,0.7622073292732239,1.875,68.25361648409026,16
