hand,first_max_height,min_height,second_max_height,dribbling_frequency,bending_angle,duration
0,1.032845139503479,0.9505113363265991,0.9509024024009705,2.142857142857143,11.38860175992983,14
