hand,first_max_height,min_height,second_max_height,dribbling_frequency,bending_angle,duration
1,1.0820813179016113,1.0259829759597778,1.061414122581482,1.875,16.94662395659085,16
