hand,first_max_height,min_height,second_max_height,dribbling_frequency,bending_angle,duration
0,1.1296417713165283,1.0482374429702759,1.10426664352417,1.875,13.512229125403403,16
