hand,first_max_height,min_height,second_max_height,dribbling_frequency,bending_angle,duration
0,0.9302806854248047,0.9284736514091492,0.9320478439331055,3.0,9.162797796871036,10
