hand,first_max_height,min_height,second_max_height,dribbling_frequency,bending_angle,duration
1,0.9091909527778625,0.8153225779533386,0.8289276957511902,1.25,9.953260435834434,24
