hand,first_max_height,min_height,second_max_height,dribbling_frequency,bending_angle,duration
0,1.09822416305542,1.0883578062057495,1.0964184999465942,2.5,9.040033753482238,12
