hand,first_max_height,min_height,second_max_height,dribbling_frequency,bending_angle,duration
0,0.9226499199867249,0.8997451066970825,0.9051936864852905,1.25,9.606545858925903,24
