hand,first_max_height,min_height,second_max_height,dribbling_frequency,bending_angle,duration
0,0.6283835768699646,0.6034355759620667,0.6180763840675354,1.6666666666666665,64.6875562825405,18
