hand,first_max_height,min_height,second_max_height,dribbling_frequency,bending_angle,duration
0,0.9323383569717407,0.921855628490448,0.9280695915222168,1.875,6.498541004856118,16
