hand,first_max_height,min_height,second_max_height,dribbling_frequency,bending_angle,duration
1,0.6827985644340515,0.6536679267883301,0.6601359844207764,2.0,66.83916071373157,15
