hand,first_max_height,min_height,second_max_height,dribbling_frequency,bending_angle,duration
1,0.6543454527854919,0.5881559252738953,0.6147651672363281,2.142857142857143,65.64782959786343,14
