hand,first_max_height,min_height,second_max_height,dribbling_frequency,bending_angle,duration
0,0.92923903465271,0.9247126579284668,0.9274675846099854,3.0,8.459251261577167,10
