hand,first_max_height,min_height,second_max_height,dribbling_frequency,bending_angle,duration
0,0.949457049369812,0.8951765298843384,0.8967143297195435,2.142857142857143,10.875225442622577,14
