hand,first_max_height,min_height,second_max_height,dribbling_frequency,bending_angle,duration
0,1.1635607481002808,1.1046720743179321,1.1530348062515259,1.7647058823529411,14.193533364064262,17
