hand,first_max_height,min_height,second_max_height,dribbling_frequency,bending_angle,duration
0,0.919359028339386,0.906123697757721,0.909103512763977,2.307692307692308,10.7492970916199,13
