hand,first_max_height,min_height,second_max_height,dribbling_frequency,bending_angle,duration
1,1.0129268169403076,0.9851031303405762,1.0223366022109985,2.0,22.286505036809842,15
