hand,first_max_height,min_height,second_max_height,dribbling_frequency,bending_angle,duration
1,1.0462098121643066,1.0361279249191284,1.038907527923584,3.0,11.645916853984327,10
