hand,first_max_height,min_height,second_max_height,dribbling_frequency,bending_angle,duration
0,0.922950804233551,0.9206959009170532,0.962709367275238,1.875,6.528881548060851,16
