hand,first_max_height,min_height,second_max_height,dribbling_frequency,bending_angle,duration
0,0.740922212600708,0.7202140092849731,0.7375176548957825,2.307692307692308,52.05885375264863,13
