hand,first_max_height,min_height,second_max_height,dribbling_frequency,bending_angle,duration
1,0.9266518950462341,0.92537522315979,0.9354850053787231,2.0,6.487522754478431,15
