hand,first_max_height,min_height,second_max_height,dribbling_frequency,bending_angle,duration
0,0.7634159922599792,0.755144476890564,0.7856125235557556,2.142857142857143,52.25151507895191,14
