hand,first_max_height,min_height,second_max_height,dribbling_frequency,bending_angle,duration
0,0.7650684118270874,0.7317155599594116,0.7696849703788757,2.142857142857143,56.75668079830382,14
