hand,first_max_height,min_height,second_max_height,dribbling_frequency,bending_angle,duration
0,0.937127411365509,0.9265041351318359,0.9285894632339478,2.5,7.605520639618348,12
