hand,first_max_height,min_height,second_max_height,dribbling_frequency,bending_angle,duration
0,0.9276513457298279,0.9157608151435852,0.9197636246681213,1.875,11.180438675910334,16
