hand,first_max_height,min_height,second_max_height,dribbling_frequency,bending_angle,duration
0,0.9669449329376221,0.9430140256881714,0.9459294080734253,3.0,23.728746948271866,10
