hand,first_max_height,min_height,second_max_height,dribbling_frequency,bending_angle,duration
0,1.067604422569275,1.0462918281555176,1.0525097846984863,2.7272727272727275,20.217717232993827,11
