hand,first_max_height,min_height,second_max_height,dribbling_frequency,bending_angle,duration
1,1.0424691438674927,1.0273983478546143,1.0487204790115356,2.0,12.926634664767937,15
