hand,first_max_height,min_height,second_max_height,dribbling_frequency,bending_angle,duration
1,0.9339427351951599,0.9254289269447327,0.9442248940467834,1.7647058823529411,11.779035140574914,17
