hand,first_max_height,min_height,second_max_height,dribbling_frequency,bending_angle,duration
0,0.9197285175323486,0.9156779646873474,0.9170094728469849,3.0,13.3639343846492,10
