hand,first_max_height,min_height,second_max_height,dribbling_frequency,bending_angle,duration
1,0.940984845161438,0.9353655576705933,0.936111330986023,2.7272727272727275,8.325440253274019,11
