hand,first_max_height,min_height,second_max_height,dribbling_frequency,bending_angle,duration
0,1.0376302003860474,1.0372706651687622,1.0650922060012817,2.0,27.422857852359655,15
