hand,first_max_height,min_height,second_max_height,dribbling_frequency,bending_angle,duration
0,0.9274868965148926,0.9256016612052917,0.9296270608901978,3.0,6.022404297853114,10
