hand,first_max_height,min_height,second_max_height,dribbling_frequency,bending_angle,duration
0,1.0389972925186157,1.011465311050415,1.0192530155181885,2.307692307692308,12.839598242073526,13
