hand,first_max_height,min_height,second_max_height,dribbling_frequency,bending_angle,duration
1,0.9820237159729004,0.961694061756134,0.9932899475097656,2.0,22.931738070862924,15
