hand,first_max_height,min_height,second_max_height,dribbling_frequency,bending_angle,duration
1,0.9078680872917175,0.9009470343589783,0.9043002724647522,2.142857142857143,19.370450017311075,14
