hand,first_max_height,min_height,second_max_height,dribbling_frequency,bending_angle,duration
1,0.7639172673225403,0.7504019737243652,0.7999032735824585,2.5,60.62314099306585,12
