hand,first_max_height,min_height,second_max_height,dribbling_frequency,bending_angle,duration
0,1.0952203273773193,1.0230565071105957,1.0442900657653809,1.6666666666666665,18.78668816142086,18
