hand,first_max_height,min_height,second_max_height,dribbling_frequency,bending_angle,duration
0,0.9489163160324097,0.9359675049781799,0.9370393753051758,1.875,4.844814170851226,16
