hand,first_max_height,min_height,second_max_height,dribbling_frequency,bending_angle,duration
0,0.9167339205741882,0.9106183052062988,0.9132465124130249,1.5789473684210527,9.526664904520082,19
