hand,first_max_height,min_height,second_max_height,dribbling_frequency,bending_angle,duration
1,1.0525178909301758,0.9923620820045471,1.0419002771377563,2.0,18.731793955132463,15
