hand,first_max_height,min_height,second_max_height,dribbling_frequency,bending_angle,duration
0,1.0162423849105835,0.9522905945777893,1.0432014465332031,1.5789473684210527,27.28552293644399,19
