hand,first_max_height,min_height,second_max_height,dribbling_frequency,bending_angle,duration
1,0.8720656037330627,0.835193932056427,0.8827854990959167,2.307692307692308,37.600266114502965,13
