hand,first_max_height,min_height,second_max_height,dribbling_frequency,bending_angle,duration
0,1.0045934915542603,0.990077555179596,1.0376302003860474,1.6666666666666665,28.7376918936353,18
