hand,first_max_height,min_height,second_max_height,dribbling_frequency,bending_angle,duration
0,0.9452010989189148,0.9418304562568665,0.9595409035682678,1.875,5.837400218866683,16
