hand,first_max_height,min_height,second_max_height,dribbling_frequency,bending_angle,duration
0,0.9487978219985962,0.9391806721687317,0.9426684379577637,1.5,3.6695892478806895,20
