hand,first_max_height,min_height,second_max_height,dribbling_frequency,bending_angle,duration
0,1.0149810314178467,0.9814421534538269,1.0214968919754028,1.875,25.893633067826265,16
