hand,first_max_height,min_height,second_max_height,dribbling_frequency,bending_angle,duration
0,0.9344894289970398,0.9120367169380188,0.9307175874710083,1.25,7.382200441658633,24
