hand,first_max_height,min_height,second_max_height,dribbling_frequency,bending_angle,duration
1,0.9517530798912048,0.9479092359542847,0.9509055018424988,2.7272727272727275,6.6571450675967,11
