hand,first_max_height,min_height,second_max_height,dribbling_frequency,bending_angle,duration
0,0.8829545378684998,0.8739644885063171,0.8864386081695557,2.307692307692308,47.64424240436331,13
