hand,first_max_height,min_height,second_max_height,dribbling_frequency,bending_angle,duration
0,1.0548189878463745,1.0476787090301514,1.0624722242355347,2.142857142857143,8.917459566687949,14
