hand,first_max_height,min_height,second_max_height,dribbling_frequency,bending_angle,duration
0,1.0650922060012817,1.041965126991272,1.0613900423049927,2.0,20.15344682069264,15
