hand,first_max_height,min_height,second_max_height,dribbling_frequency,bending_angle,duration
1,1.0491418838500977,1.0164488554000854,1.0220763683319092,2.7272727272727275,10.413214342691266,11
