hand,first_max_height,min_height,second_max_height,dribbling_frequency,bending_angle,duration
1,1.1671702861785889,1.1557613611221313,1.1562927961349487,2.7272727272727275,6.481976491009753,11
