hand,first_max_height,min_height,second_max_height,dribbling_frequency,bending_angle,duration
0,1.1284550428390503,1.0778093338012695,1.1317647695541382,1.7647058823529411,14.578220156448273,17
