hand,first_max_height,min_height,second_max_height,dribbling_frequency,bending_angle,duration
0,0.8252111673355103,0.7570505142211914,0.760300874710083,1.25,50.58926087591102,24
