hand,first_max_height,min_height,second_max_height,dribbling_frequency,bending_angle,duration
0,0.873053789138794,0.8370444774627686,0.8639491200447083,1.6666666666666665,22.408892432327537,18
