hand,first_max_height,min_height,second_max_height,dribbling_frequency,bending_angle,duration
0,0.9219276309013367,0.910539984703064,0.9268332123756409,1.7647058823529411,7.554714389240188,17
