hand,first_max_height,min_height,second_max_height,dribbling_frequency,bending_angle,duration
0,0.9265720844268799,0.9234695434570312,0.9280710816383362,2.307692307692308,10.415514604148386,13
