hand,first_max_height,min_height,second_max_height,dribbling_frequency,bending_angle,duration
1,0.9250433444976807,0.9061278700828552,0.909127950668335,1.875,8.383038582606034,16
