hand,first_max_height,min_height,second_max_height,dribbling_frequency,bending_angle,duration
0,1.1530348062515259,1.0895357131958008,1.130624532699585,1.6666666666666665,13.428611350724939,18
