hand,first_max_height,min_height,second_max_height,dribbling_frequency,bending_angle,duration
1,1.127524733543396,1.0939185619354248,1.1170810461044312,2.7272727272727275,22.64379990222999,11
