hand,first_max_height,min_height,second_max_height,dribbling_frequency,bending_angle,duration
0,0.7600312829017639,0.7523095607757568,0.8011308312416077,3.0,63.23009163288186,10
