hand,first_max_height,min_height,second_max_height,dribbling_frequency,bending_angle,duration
0,0.9251584410667419,0.9131647348403931,0.9194071888923645,1.5789473684210527,9.059816038615622,19
