hand,first_max_height,min_height,second_max_height,dribbling_frequency,bending_angle,duration
0,0.9563209414482117,0.9529727697372437,0.9553598165512085,3.0,3.664740477337374,10
