hand,first_max_height,min_height,second_max_height,dribbling_frequency,bending_angle,duration
0,0.9303271174430847,0.7093499898910522,0.7116482257843018,1.25,12.184510958948778,24
