hand,first_max_height,min_height,second_max_height,dribbling_frequency,bending_angle,duration
0,0.9746115803718567,0.9720266461372375,0.9731534123420715,3.0,7.348273445395421,10
