hand,first_max_height,min_height,second_max_height,dribbling_frequency,bending_angle,duration
1,0.9740739464759827,0.9655105471611023,0.9689706563949585,1.5789473684210527,1.1824482704249903,19
