hand,first_max_height,min_height,second_max_height,dribbling_frequency,bending_angle,duration
1,0.9387576580047607,0.9291542768478394,0.9501836895942688,1.6666666666666665,12.73840019876119,18
