hand,first_max_height,min_height,second_max_height,dribbling_frequency,bending_angle,duration
1,0.9008581042289734,0.8945762515068054,0.8991302251815796,2.5,16.5919044440917,12
