hand,first_max_height,min_height,second_max_height,dribbling_frequency,bending_angle,duration
1,0.9210290908813477,0.9081239700317383,0.9172356724739075,1.875,15.930092777261954,16
