hand,first_max_height,min_height,second_max_height,dribbling_frequency,bending_angle,duration
0,0.9257758855819702,0.900676429271698,0.9123286008834839,2.142857142857143,11.384362284173012,14
