hand,first_max_height,min_height,second_max_height,dribbling_frequency,bending_angle,duration
0,0.8870413303375244,0.8273689150810242,0.8289268016815186,1.6666666666666665,27.945181961524497,18
