hand,first_max_height,min_height,second_max_height,dribbling_frequency,bending_angle,duration
0,0.9329850077629089,0.9302844405174255,0.9359750747680664,2.307692307692308,7.77396168959882,13
