hand,first_max_height,min_height,second_max_height,dribbling_frequency,bending_angle,duration
0,1.0602940320968628,1.024094820022583,1.0821741819381714,1.4285714285714284,15.854536397779325,21
