hand,first_max_height,min_height,second_max_height,dribbling_frequency,bending_angle,duration
0,0.6306552290916443,0.6275239586830139,0.6343674659729004,2.7272727272727275,67.01100033704816,11
