hand,first_max_height,min_height,second_max_height,dribbling_frequency,bending_angle,duration
0,0.9472142457962036,0.9185609817504883,0.9437479376792908,1.7647058823529411,32.053744035435614,17
