hand,first_max_height,min_height,second_max_height,dribbling_frequency,bending_angle,duration
0,1.024816870689392,0.9752623438835144,1.0403494834899902,1.875,29.20032332073833,16
