hand,first_max_height,min_height,second_max_height,dribbling_frequency,bending_angle,duration
1,0.8623800873756409,0.8395510911941528,0.873522937297821,1.6666666666666665,22.637824655913608,18
