hand,first_max_height,min_height,second_max_height,dribbling_frequency,bending_angle,duration
0,0.9408667683601379,0.913616418838501,0.9221388101577759,2.7272727272727275,8.5444259632303,11
