hand,first_max_height,min_height,second_max_height,dribbling_frequency,bending_angle,duration
0,1.0693985223770142,1.068938970565796,1.1093320846557617,2.7272727272727275,16.080399394177505,11
