hand,first_max_height,min_height,second_max_height,dribbling_frequency,bending_angle,duration
1,0.8254472613334656,0.8006476163864136,0.8285815119743347,2.0,42.22011834363505,15
