hand,first_max_height,min_height,second_max_height,dribbling_frequency,bending_angle,duration
1,0.9697653651237488,0.9147915244102478,0.9537167549133301,1.5789473684210527,17.759129085701154,19
