hand,first_max_height,min_height,second_max_height,dribbling_frequency,bending_angle,duration
0,0.91414874792099,0.9118897914886475,0.9196869730949402,2.7272727272727275,13.45184710797663,11
