hand,first_max_height,min_height,second_max_height,dribbling_frequency,bending_angle,duration
0,0.9595001339912415,0.95157790184021,0.9599224328994751,1.25,6.345083136715197,24
