hand,first_max_height,min_height,second_max_height,dribbling_frequency,bending_angle,duration
0,1.1275126934051514,1.0294970273971558,1.1169461011886597,1.6666666666666665,17.50221334167807,18
