hand,first_max_height,min_height,second_max_height,dribbling_frequency,bending_angle,duration
1,0.6998804807662964,0.6746007204055786,0.6907238364219666,3.0,60.46557097662091,10
