hand,first_max_height,min_height,second_max_height,dribbling_frequency,bending_angle,duration
0,0.8802692890167236,0.852622926235199,0.8598178625106812,2.7272727272727275,34.600786627873944,11
