hand,first_max_height,min_height,second_max_height,dribbling_frequency,bending_angle,duration
1,0.9393256306648254,0.9173378944396973,0.9243631362915039,1.25,6.286236425021049,24
