hand,first_max_height,min_height,second_max_height,dribbling_frequency,bending_angle,duration
0,1.0115878582000732,0.9948098063468933,1.0117629766464233,2.0,28.347670597899697,15
