hand,first_max_height,min_height,second_max_height,dribbling_frequency,bending_angle,duration
0,0.885582685470581,0.871866762638092,0.8903142809867859,1.875,21.92864040094858,16
