hand,first_max_height,min_height,second_max_height,dribbling_frequency,bending_angle,duration
0,1.0572375059127808,1.048021912574768,1.0586044788360596,3.0,15.182773257474828,10
