hand,first_max_height,min_height,second_max_height,dribbling_frequency,bending_angle,duration
0,0.9215824007987976,0.9103295803070068,0.913987934589386,3.0,8.635490686454602,10
