hand,first_max_height,min_height,second_max_height,dribbling_frequency,bending_angle,duration
1,0.746297299861908,0.716650128364563,0.7387808561325073,2.142857142857143,57.35117710850878,14
