hand,first_max_height,min_height,second_max_height,dribbling_frequency,bending_angle,duration
0,0.9590813517570496,0.955201268196106,0.9580439329147339,2.142857142857143,10.83612774472571,14
