hand,first_max_height,min_height,second_max_height,dribbling_frequency,bending_angle,duration
0,1.1133238077163696,1.1115127801895142,1.1265724897384644,3.0,7.200193391777851,10
