hand,first_max_height,min_height,second_max_height,dribbling_frequency,bending_angle,duration
0,0.6813492774963379,0.6608943343162537,0.6719123721122742,2.307692307692308,58.484835792708736,13
