hand,first_max_height,min_height,second_max_height,dribbling_frequency,bending_angle,duration
1,1.0292145013809204,1.0122720003128052,1.051522970199585,2.7272727272727275,29.456296796366857,11
