hand,first_max_height,min_height,second_max_height,dribbling_frequency,bending_angle,duration
0,0.6899364590644836,0.6554054617881775,0.6717867255210876,2.142857142857143,56.68534197712487,14
