hand,first_max_height,min_height,second_max_height,dribbling_frequency,bending_angle,duration
1,0.8984483480453491,0.8770822286605835,0.8816803097724915,1.7647058823529411,18.658672406567966,17
