hand,first_max_height,min_height,second_max_height,dribbling_frequency,bending_angle,duration
0,0.9020671248435974,0.8968499302864075,0.920486569404602,1.5,13.375454394450964,20
