hand,first_max_height,min_height,second_max_height,dribbling_frequency,bending_angle,duration
1,1.149375557899475,1.1493586301803589,1.1658984422683716,2.7272727272727275,11.834969815930105,11
