hand,first_max_height,min_height,second_max_height,dribbling_frequency,bending_angle,duration
0,0.9169448614120483,0.9002935886383057,0.9193912148475647,2.0,16.682681017134037,15
