hand,first_max_height,min_height,second_max_height,dribbling_frequency,bending_angle,duration
0,0.709630012512207,0.7055200338363647,0.7320604920387268,2.0,67.86212014246719,15
