hand,first_max_height,min_height,second_max_height,dribbling_frequency,bending_angle,duration
0,1.1630498170852661,1.1126708984375,1.1520415544509888,1.3636363636363638,9.783783541305,22
