hand,first_max_height,min_height,second_max_height,dribbling_frequency,bending_angle,duration
1,0.789190411567688,0.7059979438781738,0.7349028587341309,1.875,43.297632932042056,16
