hand,first_max_height,min_height,second_max_height,dribbling_frequency,bending_angle,duration
0,0.9490440487861633,0.9467917680740356,0.9490914940834045,2.7272727272727275,2.5677011299540133,11
