hand,first_max_height,min_height,second_max_height,dribbling_frequency,bending_angle,duration
0,0.9233607053756714,0.9198116064071655,0.9224551916122437,3.0,9.454715650507865,10
