hand,first_max_height,min_height,second_max_height,dribbling_frequency,bending_angle,duration
0,0.895763635635376,0.8938921093940735,0.9032323956489563,2.5,21.065168667376454,12
