hand,first_max_height,min_height,second_max_height,dribbling_frequency,bending_angle,duration
0,0.9505013227462769,0.9428533911705017,0.9449095129966736,2.5,8.152010467917943,12
