hand,first_max_height,min_height,second_max_height,dribbling_frequency,bending_angle,duration
1,1.1443336009979248,1.143596887588501,1.1562577486038208,2.7272727272727275,6.143622143436513,11
