hand,first_max_height,min_height,second_max_height,dribbling_frequency,bending_angle,duration
1,1.066404104232788,1.0397433042526245,1.0731604099273682,2.307692307692308,27.743141348226896,13
