hand,first_max_height,min_height,second_max_height,dribbling_frequency,bending_angle,duration
0,0.9604979753494263,0.9329404830932617,0.952533483505249,1.875,37.195134855113324,16
