hand,first_max_height,min_height,second_max_height,dribbling_frequency,bending_angle,duration
1,1.0571471452713013,0.995421290397644,1.0342762470245361,1.7647058823529411,23.944397298172994,17
