hand,first_max_height,min_height,second_max_height,dribbling_frequency,bending_angle,duration
0,0.9231348633766174,0.9169894456863403,0.9399394989013672,1.4285714285714284,9.478310541225182,21
