hand,first_max_height,min_height,second_max_height,dribbling_frequency,bending_angle,duration
0,1.1330618858337402,1.09946870803833,1.1351834535598755,1.4285714285714284,16.054261556158135,21
