hand,first_max_height,min_height,second_max_height,dribbling_frequency,bending_angle,duration
0,0.9317469596862793,0.9214181303977966,0.9321495294570923,1.5,5.712838900385771,20
