hand,first_max_height,min_height,second_max_height,dribbling_frequency,bending_angle,duration
1,0.9045652747154236,0.8844597935676575,0.9060869812965393,2.142857142857143,19.45410354370002,14
