hand,first_max_height,min_height,second_max_height,dribbling_frequency,bending_angle,duration
0,0.9436665177345276,0.9263947010040283,0.9270521998405457,1.875,1.8675960927853066,16
