hand,first_max_height,min_height,second_max_height,dribbling_frequency,bending_angle,duration
0,0.7940694093704224,0.7751473784446716,0.7782296538352966,2.307692307692308,56.62426634832835,13
