hand,first_max_height,min_height,second_max_height,dribbling_frequency,bending_angle,duration
0,0.9432495832443237,0.9371558427810669,0.9384795427322388,2.307692307692308,8.523770774760141,13
