hand,first_max_height,min_height,second_max_height,dribbling_frequency,bending_angle,duration
0,0.7343329191207886,0.733856737613678,0.7569456100463867,2.7272727272727275,55.18239390154485,11
