hand,first_max_height,min_height,second_max_height,dribbling_frequency,bending_angle,duration
0,0.9196401834487915,0.8975456953048706,0.8986096978187561,2.142857142857143,7.023754448891521,14
