hand,first_max_height,min_height,second_max_height,dribbling_frequency,bending_angle,duration
1,1.036983847618103,1.0153415203094482,1.044594168663025,2.7272727272727275,30.276671375656022,11
