hand,first_max_height,min_height,second_max_height,dribbling_frequency,bending_angle,duration
0,0.7086672782897949,0.6872763633728027,0.7136161923408508,2.142857142857143,61.711898575281815,14
