hand,first_max_height,min_height,second_max_height,dribbling_frequency,bending_angle,duration
1,1.0694328546524048,1.0348924398422241,1.0599956512451172,2.307692307692308,23.626773667933033,13
