hand,first_max_height,min_height,second_max_height,dribbling_frequency,bending_angle,duration
1,1.0716922283172607,0.9959840774536133,1.0403107404708862,3.0,15.847780851670787,10
