hand,first_max_height,min_height,second_max_height,dribbling_frequency,bending_angle,duration
1,0.6922131776809692,0.6890995502471924,0.7237005233764648,2.5,70.17840873899321,12
