hand,first_max_height,min_height,second_max_height,dribbling_frequency,bending_angle,duration
0,0.9347711801528931,0.92876797914505,0.9315842390060425,2.7272727272727275,8.94159808180418,11
