hand,first_max_height,min_height,second_max_height,dribbling_frequency,bending_angle,duration
0,0.8947385549545288,0.8764581680297852,0.8837915062904358,2.0,30.904428700513876,15
