hand,first_max_height,min_height,second_max_height,dribbling_frequency,bending_angle,duration
0,1.000057339668274,0.9832842946052551,0.9973434805870056,2.307692307692308,24.45334128055182,13
