hand,first_max_height,min_height,second_max_height,dribbling_frequency,bending_angle,duration
0,1.0524564981460571,1.044288992881775,1.05433988571167,1.6666666666666665,11.870878777331567,18
