hand,first_max_height,min_height,second_max_height,dribbling_frequency,bending_angle,duration
0,0.9725888967514038,0.9528746008872986,0.9692173600196838,1.3043478260869565,5.5128872041700525,23
