hand,first_max_height,min_height,second_max_height,dribbling_frequency,bending_angle,duration
0,0.8982732892036438,0.8975517153739929,0.9040493965148926,3.0,13.891107204247751,10
