hand,first_max_height,min_height,second_max_height,dribbling_frequency,bending_angle,duration
0,1.0775171518325806,1.0613006353378296,1.0639246702194214,1.7647058823529411,7.683046564081494,17
