hand,first_max_height,min_height,second_max_height,dribbling_frequency,bending_angle,duration
1,1.1678192615509033,1.1576067209243774,1.158138632774353,3.0,14.314053369125059,10
