hand,first_max_height,min_height,second_max_height,dribbling_frequency,bending_angle,duration
1,1.0524801015853882,1.01320481300354,1.0460554361343384,3.0,14.964192535591916,10
