hand,first_max_height,min_height,second_max_height,dribbling_frequency,bending_angle,duration
1,0.9405505061149597,0.932662844657898,0.934180498123169,2.5,6.7594647259039995,12
