hand,first_max_height,min_height,second_max_height,dribbling_frequency,bending_angle,duration
0,0.9425820112228394,0.9378373622894287,0.9392464756965637,1.6666666666666665,4.09077902100788,18
