hand,first_max_height,min_height,second_max_height,dribbling_frequency,bending_angle,duration
0,0.6732045412063599,0.6723554134368896,0.6813973188400269,3.0,66.11698809679291,10
