hand,first_max_height,min_height,second_max_height,dribbling_frequency,bending_angle,duration
0,0.7065247893333435,0.6951266527175903,0.699101984500885,2.5,65.97047050625811,12
