hand,first_max_height,min_height,second_max_height,dribbling_frequency,bending_angle,duration
0,1.0714449882507324,1.0618654489517212,1.0735914707183838,1.5,4.333544907787896,20
