hand,first_max_height,min_height,second_max_height,dribbling_frequency,bending_angle,duration
0,0.8431246280670166,0.8386123180389404,0.8472711443901062,3.0,53.01138273958633,10
