hand,first_max_height,min_height,second_max_height,dribbling_frequency,bending_angle,duration
0,0.6320751905441284,0.6239592432975769,0.6377418637275696,2.5,71.46024896222546,12
