hand,first_max_height,min_height,second_max_height,dribbling_frequency,bending_angle,duration
1,1.0441309213638306,1.0034308433532715,1.0527458190917969,2.5,34.19164190328203,12
