hand,first_max_height,min_height,second_max_height,dribbling_frequency,bending_angle,duration
1,0.950715184211731,0.9482772350311279,0.9565589427947998,3.0,6.077475448047022,10
