hand,first_max_height,min_height,second_max_height,dribbling_frequency,bending_angle,duration
1,1.1826074123382568,1.1771564483642578,1.2026267051696777,2.142857142857143,11.936372453823317,14
