hand,first_max_height,min_height,second_max_height,dribbling_frequency,bending_angle,duration
1,0.985548198223114,0.9433924555778503,1.0334835052490234,2.142857142857143,32.39271241221429,14
