hand,first_max_height,min_height,second_max_height,dribbling_frequency,bending_angle,duration
1,0.9345555305480957,0.9313341975212097,0.9334555864334106,2.5,8.800604248616848,12
