hand,first_max_height,min_height,second_max_height,dribbling_frequency,bending_angle,duration
1,1.004844069480896,0.9823263883590698,1.0116684436798096,2.0,17.65357879534026,15
