hand,first_max_height,min_height,second_max_height,dribbling_frequency,bending_angle,duration
1,0.9782679080963135,0.95229172706604,0.9556179642677307,3.0,17.564175360256296,10
