hand,first_max_height,min_height,second_max_height,dribbling_frequency,bending_angle,duration
0,1.1300456523895264,1.1211847066879272,1.122145652770996,2.5,2.5024724986829234,12
