hand,first_max_height,min_height,second_max_height,dribbling_frequency,bending_angle,duration
1,0.873715341091156,0.8513045907020569,0.8762977719306946,1.7647058823529411,20.848405758677668,17
