hand,first_max_height,min_height,second_max_height,dribbling_frequency,bending_angle,duration
0,0.9345636367797852,0.9345210790634155,0.9430790543556213,2.307692307692308,3.897609402837271,13
