hand,first_max_height,min_height,second_max_height,dribbling_frequency,bending_angle,duration
1,0.9036716818809509,0.8807714581489563,0.8959362506866455,2.0,21.341709628484214,15
