hand,first_max_height,min_height,second_max_height,dribbling_frequency,bending_angle,duration
0,0.9232790470123291,0.8981824517250061,0.9093316197395325,2.0,32.55233387100593,15
