hand,first_max_height,min_height,second_max_height,dribbling_frequency,bending_angle,duration
1,0.9356002807617188,0.8799541592597961,0.9117093086242676,2.307692307692308,56.26494348984304,13
