hand,first_max_height,min_height,second_max_height,dribbling_frequency,bending_angle,duration
1,0.9536128044128418,0.9320634007453918,0.9552752375602722,1.7647058823529411,9.94976692292654,17
