hand,first_max_height,min_height,second_max_height,dribbling_frequency,bending_angle,duration
0,0.9961454272270203,0.9839422106742859,0.9936789274215698,2.0,3.8725554792989367,15
