hand,first_max_height,min_height,second_max_height,dribbling_frequency,bending_angle,duration
0,0.9383351802825928,0.9098011255264282,0.9301975965499878,1.4285714285714284,10.320155883485493,21
