hand,first_max_height,min_height,second_max_height,dribbling_frequency,bending_angle,duration
0,1.1643065214157104,1.1309682130813599,1.1535618305206299,1.4285714285714284,11.831427174419577,21
