hand,first_max_height,min_height,second_max_height,dribbling_frequency,bending_angle,duration
0,0.9197078347206116,0.9187881946563721,0.922571063041687,2.142857142857143,3.63044091615993,14
