hand,first_max_height,min_height,second_max_height,dribbling_frequency,bending_angle,duration
0,1.0058645009994507,0.9547977447509766,1.004506230354309,1.4285714285714284,31.18347084987098,21
