hand,first_max_height,min_height,second_max_height,dribbling_frequency,bending_angle,duration
0,0.7608317732810974,0.7379511594772339,0.7647286653518677,1.5,58.96051959167679,20
