hand,first_max_height,min_height,second_max_height,dribbling_frequency,bending_angle,duration
0,0.8639491200447083,0.8375726938247681,0.8724662661552429,1.875,25.900275875205025,16
