hand,first_max_height,min_height,second_max_height,dribbling_frequency,bending_angle,duration
0,0.7200003266334534,0.7022510170936584,0.7308589220046997,1.875,52.225647412098944,16
