hand,first_max_height,min_height,second_max_height,dribbling_frequency,bending_angle,duration
1,0.6520041227340698,0.6340093612670898,0.6535704135894775,2.5,64.10632368832968,12
