hand,first_max_height,min_height,second_max_height,dribbling_frequency,bending_angle,duration
1,1.0928040742874146,1.0688059329986572,1.1155307292938232,2.307692307692308,25.26628526182532,13
