hand,first_max_height,min_height,second_max_height,dribbling_frequency,bending_angle,duration
0,0.950283944606781,0.950213611125946,0.9590837359428406,3.0,8.914858000304019,10
