hand,first_max_height,min_height,second_max_height,dribbling_frequency,bending_angle,duration
0,0.6247203350067139,0.6113827228546143,0.6340169906616211,2.142857142857143,66.13747524042395,14
