hand,first_max_height,min_height,second_max_height,dribbling_frequency,bending_angle,duration
0,0.9326946139335632,0.9286508560180664,0.9338933229446411,1.7647058823529411,5.683818209765428,17
