hand,first_max_height,min_height,second_max_height,dribbling_frequency,bending_angle,duration
0,0.7647286653518677,0.7275084853172302,0.7439655661582947,2.142857142857143,59.922503726620945,14
