hand,first_max_height,min_height,second_max_height,dribbling_frequency,bending_angle,duration
0,0.6905770897865295,0.6761755347251892,0.6847480535507202,2.142857142857143,57.88258197105034,14
