hand,first_max_height,min_height,second_max_height,dribbling_frequency,bending_angle,duration
1,0.9101583361625671,0.9040772914886475,0.938522458076477,1.4285714285714284,11.776651939006607,21
