hand,first_max_height,min_height,second_max_height,dribbling_frequency,bending_angle,duration
0,0.9713773131370544,0.9528889656066895,0.9575511813163757,1.5789473684210527,9.874829960410153,19
