hand,first_max_height,min_height,second_max_height,dribbling_frequency,bending_angle,duration
0,0.9480683207511902,0.9164071083068848,0.9386419057846069,1.25,6.764046458069659,24
