hand,first_max_height,min_height,second_max_height,dribbling_frequency,bending_angle,duration
0,0.6478327512741089,0.6397238969802856,0.6444388628005981,2.142857142857143,66.74226802724279,14
