hand,first_max_height,min_height,second_max_height,dribbling_frequency,bending_angle,duration
0,0.6468021869659424,0.626787006855011,0.6365460753440857,1.875,62.541864878925736,16
