hand,first_max_height,min_height,second_max_height,dribbling_frequency,bending_angle,duration
1,0.6775724291801453,0.661044180393219,0.6760708689689636,3.0,61.99027082151362,10
