hand,first_max_height,min_height,second_max_height,dribbling_frequency,bending_angle,duration
0,1.0800676345825195,1.0322052240371704,1.077017068862915,1.7647058823529411,19.72827432592002,17
