hand,first_max_height,min_height,second_max_height,dribbling_frequency,bending_angle,duration
0,1.130624532699585,1.0885506868362427,1.1722843647003174,1.7647058823529411,15.175038921605678,17
