hand,first_max_height,min_height,second_max_height,dribbling_frequency,bending_angle,duration
1,1.175172209739685,1.1564456224441528,1.1632033586502075,1.6666666666666665,5.191696243620691,18
