hand,first_max_height,min_height,second_max_height,dribbling_frequency,bending_angle,duration
1,0.9717797636985779,0.9658325910568237,0.9659299254417419,2.142857142857143,4.460739269865386,14
