hand,first_max_height,min_height,second_max_height,dribbling_frequency,bending_angle,duration
0,0.8011308312416077,0.764242947101593,0.7703381776809692,2.142857142857143,61.037262060336225,14
