hand,first_max_height,min_height,second_max_height,dribbling_frequency,bending_angle,duration
1,0.6636494398117065,0.6339296102523804,0.6620805263519287,2.142857142857143,64.93421373569164,14
