hand,first_max_height,min_height,second_max_height,dribbling_frequency,bending_angle,duration
0,0.9466222524642944,0.9399647116661072,0.9516291618347168,1.875,11.493109042294652,16
