hand,first_max_height,min_height,second_max_height,dribbling_frequency,bending_angle,duration
0,0.9214539527893066,0.9106900691986084,0.9123959541320801,2.7272727272727275,10.151228039967421,11
