hand,first_max_height,min_height,second_max_height,dribbling_frequency,bending_angle,duration
1,1.0221493244171143,0.980160653591156,1.004844069480896,2.0,19.640154597220747,15
