hand,first_max_height,min_height,second_max_height,dribbling_frequency,bending_angle,duration
0,0.9113458395004272,0.9109163284301758,0.9162741899490356,3.0,24.512543512345818,10
