hand,first_max_height,min_height,second_max_height,dribbling_frequency,bending_angle,duration
0,1.0604640245437622,1.0602599382400513,1.1083203554153442,1.3636363636363638,13.315290969405957,22
