hand,first_max_height,min_height,second_max_height,dribbling_frequency,bending_angle,duration
0,0.9979657530784607,0.9923343658447266,1.0143729448318481,2.0,33.451329525935876,15
