hand,first_max_height,min_height,second_max_height,dribbling_frequency,bending_angle,duration
1,0.9274330139160156,0.9186176061630249,0.9287446737289429,1.4285714285714284,12.824884203828693,21
