hand,first_max_height,min_height,second_max_height,dribbling_frequency,bending_angle,duration
0,1.055095911026001,1.0453087091445923,1.0642567873001099,2.307692307692308,13.31656196531442,13
