hand,first_max_height,min_height,second_max_height,dribbling_frequency,bending_angle,duration
0,0.8872764706611633,0.8711351752281189,0.8882051110267639,2.0,23.339934956594945,15
