hand,first_max_height,min_height,second_max_height,dribbling_frequency,bending_angle,duration
1,0.9228036999702454,0.9225316643714905,0.9470997452735901,1.7647058823529411,8.742561803290194,17
