hand,first_max_height,min_height,second_max_height,dribbling_frequency,bending_angle,duration
1,1.0869805812835693,1.048369288444519,1.0750278234481812,2.0,8.368835247307029,15
