hand,first_max_height,min_height,second_max_height,dribbling_frequency,bending_angle,duration
1,0.9490024447441101,0.9463208913803101,0.9670249223709106,2.142857142857143,5.063519700727263,14
