hand,first_max_height,min_height,second_max_height,dribbling_frequency,bending_angle,duration
0,0.9549179673194885,0.9473943114280701,0.9486672878265381,2.7272727272727275,7.362410613936347,11
