hand,first_max_height,min_height,second_max_height,dribbling_frequency,bending_angle,duration
1,0.9421679973602295,0.933256208896637,0.9357849359512329,2.7272727272727275,4.280873778856353,11
