hand,first_max_height,min_height,second_max_height,dribbling_frequency,bending_angle,duration
0,0.9186016321182251,0.9145205020904541,0.9239427447319031,1.875,11.199676352181877,16
