hand,first_max_height,min_height,second_max_height,dribbling_frequency,bending_angle,duration
0,0.7071191072463989,0.7030311226844788,0.7126782536506653,2.307692307692308,59.70428813138809,13
