hand,first_max_height,min_height,second_max_height,dribbling_frequency,bending_angle,duration
0,0.9485957622528076,0.9416152834892273,0.9475945830345154,2.0,9.224211113916288,15
