hand,first_max_height,min_height,second_max_height,dribbling_frequency,bending_angle,duration
0,0.7320545315742493,0.7140811681747437,0.7495221495628357,1.5,57.295064884489875,20
