hand,first_max_height,min_height,second_max_height,dribbling_frequency,bending_angle,duration
0,0.9412009119987488,0.9389904141426086,0.9442813992500305,3.0,7.723466762481602,10
