hand,first_max_height,min_height,second_max_height,dribbling_frequency,bending_angle,duration
0,0.9567543864250183,0.9429296255111694,0.9495263695716858,1.3043478260869565,5.296342789428604,23
