hand,first_max_height,min_height,second_max_height,dribbling_frequency,bending_angle,duration
1,0.924818754196167,0.9136861562728882,0.9285547733306885,1.4285714285714284,6.073677371862301,21
