hand,first_max_height,min_height,second_max_height,dribbling_frequency,bending_angle,duration
0,0.8667306303977966,0.8092235922813416,0.8552851676940918,1.3043478260869565,27.477700557626612,23
