hand,first_max_height,min_height,second_max_height,dribbling_frequency,bending_angle,duration
0,0.9790587425231934,0.9342885613441467,0.9352962374687195,2.307692307692308,25.139470157578216,13
