hand,first_max_height,min_height,second_max_height,dribbling_frequency,bending_angle,duration
1,0.9610316157341003,0.9550397396087646,0.9606859087944031,1.6666666666666665,3.052606484331961,18
