hand,first_max_height,min_height,second_max_height,dribbling_frequency,bending_angle,duration
0,0.9342173337936401,0.9301407933235168,0.9302599430084229,2.7272727272727275,5.114447156605392,11
