hand,first_max_height,min_height,second_max_height,dribbling_frequency,bending_angle,duration
0,1.0425257682800293,0.982458770275116,1.030361533164978,1.5789473684210527,20.97568092773072,19
