hand,first_max_height,min_height,second_max_height,dribbling_frequency,bending_angle,duration
1,1.0612595081329346,1.0328588485717773,1.0783240795135498,2.5,29.98134176404549,12
