hand,first_max_height,min_height,second_max_height,dribbling_frequency,bending_angle,duration
0,0.9182384610176086,0.9144031405448914,0.9173904061317444,2.0,10.596075350312583,15
