hand,first_max_height,min_height,second_max_height,dribbling_frequency,bending_angle,duration
0,0.9403949975967407,0.9401054978370667,0.9491819739341736,2.7272727272727275,6.991788076011963,11
