hand,first_max_height,min_height,second_max_height,dribbling_frequency,bending_angle,duration
0,0.642782986164093,0.6392351388931274,0.6432581543922424,1.875,64.31008134330793,16
