hand,first_max_height,min_height,second_max_height,dribbling_frequency,bending_angle,duration
0,0.9696570038795471,0.9533783793449402,0.9691466689109802,1.4285714285714284,4.492725382438367,21
