hand,first_max_height,min_height,second_max_height,dribbling_frequency,bending_angle,duration
0,0.9206938743591309,0.904814600944519,0.9065490961074829,1.4285714285714284,12.606221926034715,21
