hand,first_max_height,min_height,second_max_height,dribbling_frequency,bending_angle,duration
0,1.0770535469055176,1.0359212160110474,1.071945309638977,1.875,17.83216170128913,16
