hand,first_max_height,min_height,second_max_height,dribbling_frequency,bending_angle,duration
1,1.0443593263626099,1.0243818759918213,1.071541428565979,2.142857142857143,19.450458582063263,14
