hand,first_max_height,min_height,second_max_height,dribbling_frequency,bending_angle,duration
0,1.0084458589553833,0.9887986183166504,0.9999174475669861,1.6666666666666665,6.132644973425199,18
