hand,first_max_height,min_height,second_max_height,dribbling_frequency,bending_angle,duration
0,1.1778290271759033,1.119391679763794,1.1545312404632568,1.7647058823529411,11.679797383972058,17
