hand,first_max_height,min_height,second_max_height,dribbling_frequency,bending_angle,duration
0,1.0471916198730469,0.9615733027458191,1.0270789861679077,1.875,24.66736487429248,16
