hand,first_max_height,min_height,second_max_height,dribbling_frequency,bending_angle,duration
1,1.02688467502594,0.990831196308136,1.0708411931991577,1.875,20.51635391894542,16
