hand,first_max_height,min_height,second_max_height,dribbling_frequency,bending_angle,duration
1,0.9375030994415283,0.9249216318130493,0.9269825220108032,2.142857142857143,8.484338164822814,14
