hand,first_max_height,min_height,second_max_height,dribbling_frequency,bending_angle,duration
0,0.9100149273872375,0.8885067701339722,0.8993920683860779,1.25,9.317442385717387,24
