hand,first_max_height,min_height,second_max_height,dribbling_frequency,bending_angle,duration
0,1.0648393630981445,1.0610196590423584,1.0698739290237427,3.0,9.184311732441545,10
