hand,first_max_height,min_height,second_max_height,dribbling_frequency,bending_angle,duration
0,0.9982204437255859,0.9870297908782959,0.9877405762672424,3.0,8.450150574614058,10
