hand,first_max_height,min_height,second_max_height,dribbling_frequency,bending_angle,duration
1,0.9496780633926392,0.9458900690078735,0.9776230454444885,2.0,16.40774250757152,15
