hand,first_max_height,min_height,second_max_height,dribbling_frequency,bending_angle,duration
0,1.1648211479187012,1.1076290607452393,1.1630498170852661,1.4285714285714284,9.335419762632787,21
