hand,first_max_height,min_height,second_max_height,dribbling_frequency,bending_angle,duration
1,0.9613617658615112,0.9521370530128479,0.9563414454460144,1.5789473684210527,1.7519985992803455,19
