hand,first_max_height,min_height,second_max_height,dribbling_frequency,bending_angle,duration
1,0.979136049747467,0.9239888191223145,0.9308155179023743,1.7647058823529411,11.747232750261515,17
