hand,first_max_height,min_height,second_max_height,dribbling_frequency,bending_angle,duration
0,0.9080055952072144,0.8756845593452454,0.9029472470283508,1.6666666666666665,18.097717724428296,18
