hand,first_max_height,min_height,second_max_height,dribbling_frequency,bending_angle,duration
0,0.9599224328994751,0.9515986442565918,0.9548481106758118,1.875,7.555651054909362,16
