hand,first_max_height,min_height,second_max_height,dribbling_frequency,bending_angle,duration
0,0.9976690411567688,0.9460904598236084,0.9902120232582092,1.6666666666666665,30.579010802074816,18
