hand,first_max_height,min_height,second_max_height,dribbling_frequency,bending_angle,duration
0,0.9574375748634338,0.954857587814331,0.9579064846038818,2.142857142857143,5.928829782827245,14
