hand,first_max_height,min_height,second_max_height,dribbling_frequency,bending_angle,duration
0,0.8677940964698792,0.8578071594238281,0.8823099732398987,1.875,24.70009061149218,16
