hand,first_max_height,min_height,second_max_height,dribbling_frequency,bending_angle,duration
1,1.0057017803192139,0.996116042137146,1.0047520399093628,1.7647058823529411,6.0758475104863345,17
