hand,first_max_height,min_height,second_max_height,dribbling_frequency,bending_angle,duration
1,1.0360187292099,1.0123599767684937,1.0283914804458618,2.307692307692308,29.594410941895124,13
