hand,first_max_height,min_height,second_max_height,dribbling_frequency,bending_angle,duration
0,1.0066126585006714,0.9453359246253967,0.9781526923179626,1.875,31.308692633627082,16
