hand,first_max_height,min_height,second_max_height,dribbling_frequency,bending_angle,duration
0,0.930368185043335,0.9244558811187744,0.9322969317436218,2.142857142857143,6.7916000756941415,14
