hand,first_max_height,min_height,second_max_height,dribbling_frequency,bending_angle,duration
0,1.1344630718231201,1.1020511388778687,1.169193983078003,1.875,14.293613188777643,16
