hand,first_max_height,min_height,second_max_height,dribbling_frequency,bending_angle,duration
1,0.9339188933372498,0.9256641864776611,0.933489203453064,2.0,4.898136811530335,15
