hand,first_max_height,min_height,second_max_height,dribbling_frequency,bending_angle,duration
0,0.9514682292938232,0.9079989194869995,0.9106833338737488,2.7272727272727275,12.441425070535312,11
