hand,first_max_height,min_height,second_max_height,dribbling_frequency,bending_angle,duration
1,1.0048257112503052,0.9947484731674194,1.010025978088379,2.142857142857143,7.774132020723419,14
