hand,first_max_height,min_height,second_max_height,dribbling_frequency,bending_angle,duration
0,0.9346583485603333,0.9336785674095154,0.94423508644104,1.875,3.986314417862815,16
