hand,first_max_height,min_height,second_max_height,dribbling_frequency,bending_angle,duration
1,1.0578240156173706,1.0138479471206665,1.0736229419708252,2.0,21.466975648161142,15
