hand,first_max_height,min_height,second_max_height,dribbling_frequency,bending_angle,duration
1,0.9407379627227783,0.9359375238418579,0.9452812075614929,2.307692307692308,11.308171042229839,13
