hand,first_max_height,min_height,second_max_height,dribbling_frequency,bending_angle,duration
1,0.7237005233764648,0.6915812492370605,0.7239380478858948,2.5,69.57067889678139,12
