hand,first_max_height,min_height,second_max_height,dribbling_frequency,bending_angle,duration
1,0.9407849907875061,0.9211841225624084,0.9225783944129944,1.875,5.441125826281724,16
