hand,first_max_height,min_height,second_max_height,dribbling_frequency,bending_angle,duration
0,0.9340441226959229,0.9291229844093323,0.9331047534942627,3.0,3.700624620034696,10
