hand,first_max_height,min_height,second_max_height,dribbling_frequency,bending_angle,duration
0,0.8786182403564453,0.8587222695350647,0.8724119663238525,2.142857142857143,31.492215113856172,14
