hand,first_max_height,min_height,second_max_height,dribbling_frequency,bending_angle,duration
0,0.9521002173423767,0.9310553073883057,0.9606519341468811,2.0,25.958650876805844,15
