hand,first_max_height,min_height,second_max_height,dribbling_frequency,bending_angle,duration
0,0.8918293118476868,0.8808950781822205,0.8829545378684998,2.7272727272727275,47.18692353884095,11
