hand,first_max_height,min_height,second_max_height,dribbling_frequency,bending_angle,duration
0,0.9384795427322388,0.9324447512626648,0.9464020729064941,1.5,6.387622936868487,20
