hand,first_max_height,min_height,second_max_height,dribbling_frequency,bending_angle,duration
1,0.9569241404533386,0.9442694187164307,0.963600218296051,2.142857142857143,5.795176848640297,14
