hand,first_max_height,min_height,second_max_height,dribbling_frequency,bending_angle,duration
0,0.8635034561157227,0.8564860820770264,0.8831331729888916,1.5,50.99676324733653,20
