hand,first_max_height,min_height,second_max_height,dribbling_frequency,bending_angle,duration
1,1.0507451295852661,1.0154157876968384,1.0506501197814941,2.307692307692308,26.337121606215224,13
