hand,first_max_height,min_height,second_max_height,dribbling_frequency,bending_angle,duration
0,0.8858702778816223,0.8749024868011475,0.9634653329849243,1.7647058823529411,20.948241545475234,17
