hand,first_max_height,min_height,second_max_height,dribbling_frequency,bending_angle,duration
1,0.9287446737289429,0.9244353175163269,0.9339427351951599,1.875,10.112370292034894,16
