hand,first_max_height,min_height,second_max_height,dribbling_frequency,bending_angle,duration
0,0.9405241012573242,0.9221484065055847,0.9237086772918701,1.25,22.47011238964646,24
