hand,first_max_height,min_height,second_max_height,dribbling_frequency,bending_angle,duration
0,0.879166305065155,0.8591576218605042,0.8616252541542053,1.875,30.7774370767759,16
