hand,first_max_height,min_height,second_max_height,dribbling_frequency,bending_angle,duration
1,0.9070574641227722,0.8983159065246582,0.9018341302871704,2.142857142857143,10.861363673587743,14
