hand,first_max_height,min_height,second_max_height,dribbling_frequency,bending_angle,duration
1,1.0101135969161987,0.997268795967102,1.0524801015853882,3.0,22.742622279418228,10
