hand,first_max_height,min_height,second_max_height,dribbling_frequency,bending_angle,duration
1,0.9670249223709106,0.9450480937957764,0.9641726016998291,2.307692307692308,2.382175581663733,13
