hand,first_max_height,min_height,second_max_height,dribbling_frequency,bending_angle,duration
1,0.9375017285346985,0.9303334355354309,0.9815464019775391,2.0,19.416706373679897,15
