hand,first_max_height,min_height,second_max_height,dribbling_frequency,bending_angle,duration
0,0.6444388628005981,0.6417323350906372,0.6451269388198853,2.7272727272727275,67.8297067238345,11
