hand,first_max_height,min_height,second_max_height,dribbling_frequency,bending_angle,duration
0,0.9324408173561096,0.9268015027046204,0.9401769638061523,1.3636363636363638,8.595058377693501,22
