hand,first_max_height,min_height,second_max_height,dribbling_frequency,bending_angle,duration
0,0.6847609877586365,0.6686261296272278,0.6757611036300659,1.6666666666666665,60.0555701953969,18
