hand,first_max_height,min_height,second_max_height,dribbling_frequency,bending_angle,duration
0,0.7842040061950684,0.7776241302490234,0.8054651021957397,2.307692307692308,42.75002048472376,13
