hand,first_max_height,min_height,second_max_height,dribbling_frequency,bending_angle,duration
0,0.9048363566398621,0.8991924524307251,0.9084933400154114,2.7272727272727275,46.285135248200945,11
