hand,first_max_height,min_height,second_max_height,dribbling_frequency,bending_angle,duration
1,0.9603304862976074,0.9587345123291016,0.9595438241958618,2.7272727272727275,2.263979124230733,11
