hand,first_max_height,min_height,second_max_height,dribbling_frequency,bending_angle,duration
0,1.1267873048782349,1.1031508445739746,1.1235369443893433,1.6666666666666665,10.252869784133864,18
