hand,first_max_height,min_height,second_max_height,dribbling_frequency,bending_angle,duration
0,1.117493987083435,1.1062589883804321,1.1307523250579834,2.307692307692308,5.543461460589647,13
