hand,first_max_height,min_height,second_max_height,dribbling_frequency,bending_angle,duration
0,0.8442789912223816,0.7819110155105591,0.846065104007721,1.5789473684210527,27.993273825608803,19
