hand,first_max_height,min_height,second_max_height,dribbling_frequency,bending_angle,duration
1,1.1594324111938477,1.1454920768737793,1.1499871015548706,2.0,8.199450157987835,15
