hand,first_max_height,min_height,second_max_height,dribbling_frequency,bending_angle,duration
0,0.7610567808151245,0.7384811639785767,0.7855424284934998,1.5789473684210527,53.47459752943567,19
