hand,first_max_height,min_height,second_max_height,dribbling_frequency,bending_angle,duration
0,0.9196792244911194,0.9130536317825317,0.9185127019882202,3.0,11.959540947286698,10
