hand,first_max_height,min_height,second_max_height,dribbling_frequency,bending_angle,duration
1,0.7859246730804443,0.7516003847122192,0.7848454117774963,1.5,45.708740402957204,20
