hand,first_max_height,min_height,second_max_height,dribbling_frequency,bending_angle,duration
0,1.017764925956726,0.9994137287139893,1.0115878582000732,2.142857142857143,27.833753751873505,14
