hand,first_max_height,min_height,second_max_height,dribbling_frequency,bending_angle,duration
0,0.9954121112823486,0.9172607064247131,0.9219276309013367,1.5789473684210527,5.695843932411328,19
