hand,first_max_height,min_height,second_max_height,dribbling_frequency,bending_angle,duration
0,0.7517727017402649,0.7376474142074585,0.7577789425849915,1.7647058823529411,55.95794521332004,17
