hand,first_max_height,min_height,second_max_height,dribbling_frequency,bending_angle,duration
0,0.9781526923179626,0.9414885640144348,1.0014429092407227,1.7647058823529411,32.85480568944878,17
