hand,first_max_height,min_height,second_max_height,dribbling_frequency,bending_angle,duration
0,0.9595409035682678,0.9415411949157715,0.9431310892105103,1.3636363636363638,8.082979411046614,22
