hand,first_max_height,min_height,second_max_height,dribbling_frequency,bending_angle,duration
0,1.1925462484359741,1.091795563697815,1.141594648361206,1.7647058823529411,10.866988716427981,17
