hand,first_max_height,min_height,second_max_height,dribbling_frequency,bending_angle,duration
0,0.7758809328079224,0.7349991202354431,0.7486286163330078,1.875,48.161931199827876,16
