hand,first_max_height,min_height,second_max_height,dribbling_frequency,bending_angle,duration
0,0.8626098036766052,0.8483147025108337,0.8839510679244995,1.6666666666666665,29.911931331032008,18
