hand,first_max_height,min_height,second_max_height,dribbling_frequency,bending_angle,duration
0,1.0152854919433594,0.978408932685852,1.0051213502883911,1.5,28.319799493326336,20
