hand,first_max_height,min_height,second_max_height,dribbling_frequency,bending_angle,duration
1,0.7329663038253784,0.701134443283081,0.7681716680526733,2.142857142857143,61.32908720393659,14
