hand,first_max_height,min_height,second_max_height,dribbling_frequency,bending_angle,duration
0,1.032629132270813,1.0246495008468628,1.0431348085403442,2.307692307692308,14.743962461709012,13
