hand,first_max_height,min_height,second_max_height,dribbling_frequency,bending_angle,duration
0,1.022118091583252,1.0079398155212402,1.0150671005249023,1.875,11.002858353606378,16
