hand,first_max_height,min_height,second_max_height,dribbling_frequency,bending_angle,duration
0,0.6160953640937805,0.6089845895767212,0.6491666436195374,2.0,68.18155341551535,15
