hand,first_max_height,min_height,second_max_height,dribbling_frequency,bending_angle,duration
0,0.9324714541435242,0.9324690699577332,0.941057026386261,2.307692307692308,1.9695918351625448,13
