hand,first_max_height,min_height,second_max_height,dribbling_frequency,bending_angle,duration
0,0.9350624680519104,0.9265328645706177,0.9298454523086548,2.7272727272727275,9.955413890138376,11
