hand,first_max_height,min_height,second_max_height,dribbling_frequency,bending_angle,duration
0,0.7700787782669067,0.7479983568191528,0.7581271529197693,1.7647058823529411,56.33033956596851,17
