hand,first_max_height,min_height,second_max_height,dribbling_frequency,bending_angle,duration
0,1.0794051885604858,1.070208191871643,1.0810565948486328,2.7272727272727275,7.841853949157399,11
