hand,first_max_height,min_height,second_max_height,dribbling_frequency,bending_angle,duration
0,0.9336838722229004,0.9248800277709961,0.9255664348602295,3.0,10.520583934359625,10
