hand,first_max_height,min_height,second_max_height,dribbling_frequency,bending_angle,duration
0,0.9442937970161438,0.9334734082221985,0.9479840397834778,1.7647058823529411,7.896903965106332,17
