hand,first_max_height,min_height,second_max_height,dribbling_frequency,bending_angle,duration
0,0.9259478449821472,0.9204705357551575,0.9226484298706055,1.6666666666666665,5.991730107334507,18
