hand,first_max_height,min_height,second_max_height,dribbling_frequency,bending_angle,duration
0,1.0695732831954956,1.0626437664031982,1.0687364339828491,2.0,10.65626696436634,15
