hand,first_max_height,min_height,second_max_height,dribbling_frequency,bending_angle,duration
0,0.8878325819969177,0.8565134406089783,0.885582685470581,1.5789473684210527,21.45510746202227,19
