hand,first_max_height,min_height,second_max_height,dribbling_frequency,bending_angle,duration
0,1.017379641532898,1.0008195638656616,1.0279030799865723,1.875,30.323656410276637,16
