hand,first_max_height,min_height,second_max_height,dribbling_frequency,bending_angle,duration
0,0.9577208757400513,0.9508360624313354,0.9671484231948853,1.5,8.408168161984328,20
