hand,first_max_height,min_height,second_max_height,dribbling_frequency,bending_angle,duration
0,0.8425071835517883,0.8309199810028076,0.8410642743110657,2.142857142857143,52.150745265849345,14
