hand,first_max_height,min_height,second_max_height,dribbling_frequency,bending_angle,duration
0,0.9648938179016113,0.9489133358001709,0.9632609486579895,1.3636363636363638,4.750897565794883,22
