hand,first_max_height,min_height,second_max_height,dribbling_frequency,bending_angle,duration
1,1.1710864305496216,1.1533421277999878,1.1588796377182007,2.0,17.850990665682417,15
