hand,first_max_height,min_height,second_max_height,dribbling_frequency,bending_angle,duration
1,1.0599956512451172,1.0321903228759766,1.051753044128418,2.307692307692308,22.774500163701,13
