hand,first_max_height,min_height,second_max_height,dribbling_frequency,bending_angle,duration
1,1.0490617752075195,1.040655255317688,1.046783685684204,2.142857142857143,10.791032946596752,14
