hand,first_max_height,min_height,second_max_height,dribbling_frequency,bending_angle,duration
0,0.9693437814712524,0.9686989784240723,1.0693985223770142,1.5789473684210527,35.75086886114939,19
