hand,first_max_height,min_height,second_max_height,dribbling_frequency,bending_angle,duration
0,0.9268141984939575,0.9208136200904846,0.9246424436569214,2.307692307692308,10.970396052449809,13
