hand,first_max_height,min_height,second_max_height,dribbling_frequency,bending_angle,duration
0,0.7619791626930237,0.7523651719093323,0.7788538336753845,2.142857142857143,52.563720295443794,14
