hand,first_max_height,min_height,second_max_height,dribbling_frequency,bending_angle,duration
0,1.067274570465088,1.036725401878357,1.0408518314361572,1.7647058823529411,13.134732492485904,17
