hand,first_max_height,min_height,second_max_height,dribbling_frequency,bending_angle,duration
0,0.9349202513694763,0.9130325317382812,0.9262456297874451,1.7647058823529411,13.003745514984676,17
