hand,first_max_height,min_height,second_max_height,dribbling_frequency,bending_angle,duration
0,0.9422225952148438,0.9379584193229675,0.9412896037101746,1.875,7.480157412351357,16
