hand,first_max_height,min_height,second_max_height,dribbling_frequency,bending_angle,duration
0,0.9441686272621155,0.9114126563072205,0.9122780561447144,2.142857142857143,1.959295934286962,14
