hand,first_max_height,min_height,second_max_height,dribbling_frequency,bending_angle,duration
0,1.0307706594467163,0.9475011825561523,1.015897274017334,1.4285714285714284,25.04388051769908,21
