hand,first_max_height,min_height,second_max_height,dribbling_frequency,bending_angle,duration
0,0.9340222477912903,0.9227905869483948,0.9236297607421875,3.0,14.019182963961358,10
