hand,first_max_height,min_height,second_max_height,dribbling_frequency,bending_angle,duration
0,0.9080145359039307,0.907620370388031,0.9151102900505066,3.0,10.39030296958748,10
