hand,first_max_height,min_height,second_max_height,dribbling_frequency,bending_angle,duration
0,0.6876545548439026,0.6718225479125977,0.7034807205200195,2.142857142857143,70.15637463240769,14
