hand,first_max_height,min_height,second_max_height,dribbling_frequency,bending_angle,duration
0,0.9566785097122192,0.9416027665138245,1.0021361112594604,2.0,34.53416936375002,15
