hand,first_max_height,min_height,second_max_height,dribbling_frequency,bending_angle,duration
0,0.8761680722236633,0.8702573776245117,0.9291223883628845,1.6666666666666665,37.67022963237019,18
