hand,first_max_height,min_height,second_max_height,dribbling_frequency,bending_angle,duration
1,0.9388283491134644,0.9211152195930481,0.9213363528251648,2.7272727272727275,13.456848431182319,11
