hand,first_max_height,min_height,second_max_height,dribbling_frequency,bending_angle,duration
0,0.9070842266082764,0.9067930579185486,0.9278496503829956,2.7272727272727275,9.271879327619347,11
