hand,first_max_height,min_height,second_max_height,dribbling_frequency,bending_angle,duration
0,0.7633855938911438,0.7490904331207275,0.771780252456665,1.7647058823529411,46.06242310412562,17
