hand,first_max_height,min_height,second_max_height,dribbling_frequency,bending_angle,duration
0,0.8657121062278748,0.8409457802772522,0.8767491579055786,1.4285714285714284,26.70299580238313,21
