hand,first_max_height,min_height,second_max_height,dribbling_frequency,bending_angle,duration
1,1.165527105331421,1.146514892578125,1.1539545059204102,1.5,16.40909104351041,20
