hand,first_max_height,min_height,second_max_height,dribbling_frequency,bending_angle,duration
0,0.9503164887428284,0.927335798740387,0.9376935362815857,1.3043478260869565,5.734998033113397,23
