hand,first_max_height,min_height,second_max_height,dribbling_frequency,bending_angle,duration
0,0.9491592049598694,0.9348592162132263,0.93684983253479,2.0,6.212090447226828,15
