hand,first_max_height,min_height,second_max_height,dribbling_frequency,bending_angle,duration
0,0.920486569404602,0.9148803353309631,0.9218544363975525,2.307692307692308,9.868936164535151,13
