hand,first_max_height,min_height,second_max_height,dribbling_frequency,bending_angle,duration
1,0.918428361415863,0.916154682636261,0.922180712223053,3.0,10.892308193591768,10
