hand,first_max_height,min_height,second_max_height,dribbling_frequency,bending_angle,duration
0,0.9902120232582092,0.9517090916633606,0.98453289270401,1.7647058823529411,31.43979308068688,17
