hand,first_max_height,min_height,second_max_height,dribbling_frequency,bending_angle,duration
0,0.6386277079582214,0.6268507838249207,0.6428987979888916,1.7647058823529411,64.12628488670802,17
