hand,first_max_height,min_height,second_max_height,dribbling_frequency,bending_angle,duration
0,0.97236168384552,0.9368923902511597,0.9392160773277283,1.6666666666666665,5.485638147371974,18
