hand,first_max_height,min_height,second_max_height,dribbling_frequency,bending_angle,duration
0,0.9301425218582153,0.9190599322319031,0.9261282682418823,2.7272727272727275,9.863192803255268,11
