hand,first_max_height,min_height,second_max_height,dribbling_frequency,bending_angle,duration
0,0.9283232688903809,0.9282645583152771,0.9461694955825806,1.5,7.045470048979725,20
