hand,first_max_height,min_height,second_max_height,dribbling_frequency,bending_angle,duration
1,0.9267452359199524,0.9153444766998291,0.9187029600143433,2.0,9.08867540220399,15
