hand,first_max_height,min_height,second_max_height,dribbling_frequency,bending_angle,duration
0,0.7228171229362488,0.7141249775886536,0.7272369861602783,2.5,60.38307337998683,12
