hand,first_max_height,min_height,second_max_height,dribbling_frequency,bending_angle,duration
0,1.008322834968567,1.0040786266326904,1.0229299068450928,2.142857142857143,28.545870256183015,14
