hand,first_max_height,min_height,second_max_height,dribbling_frequency,bending_angle,duration
0,0.9385939240455627,0.9379869103431702,0.9450646638870239,1.6666666666666665,1.5148946745122913,18
