hand,first_max_height,min_height,second_max_height,dribbling_frequency,bending_angle,duration
0,1.070143222808838,1.0501960515975952,1.0627809762954712,2.0,7.617722823483457,15
