hand,first_max_height,min_height,second_max_height,dribbling_frequency,bending_angle,duration
0,0.6365460753440857,0.6173133850097656,0.6258543133735657,1.875,63.42936831007588,16
