hand,first_max_height,min_height,second_max_height,dribbling_frequency,bending_angle,duration
0,0.9918684363365173,0.9822118282318115,0.995172381401062,2.5,24.522957230073747,12
