hand,first_max_height,min_height,second_max_height,dribbling_frequency,bending_angle,duration
0,0.9439678192138672,0.9375936985015869,0.9420589804649353,3.0,3.007770186153842,10
