hand,first_max_height,min_height,second_max_height,dribbling_frequency,bending_angle,duration
1,0.918918788433075,0.9144693613052368,0.924749493598938,1.6666666666666665,5.294804963229652,18
