hand,first_max_height,min_height,second_max_height,dribbling_frequency,bending_angle,duration
0,0.9475772380828857,0.937358558177948,0.9516754150390625,1.5,18.874420960758247,20
