hand,first_max_height,min_height,second_max_height,dribbling_frequency,bending_angle,duration
1,0.9580563306808472,0.9080033302307129,0.9509944319725037,2.307692307692308,24.75809502422745,13
