hand,first_max_height,min_height,second_max_height,dribbling_frequency,bending_angle,duration
1,1.1686604022979736,1.1651536226272583,1.1710610389709473,2.5,13.450617457801032,12
