hand,first_max_height,min_height,second_max_height,dribbling_frequency,bending_angle,duration
0,0.9295828342437744,0.9241135120391846,0.931757390499115,2.142857142857143,8.378945619014052,14
