hand,first_max_height,min_height,second_max_height,dribbling_frequency,bending_angle,duration
0,0.7430906891822815,0.730309784412384,0.7326672077178955,2.7272727272727275,58.306772297434314,11
