hand,first_max_height,min_height,second_max_height,dribbling_frequency,bending_angle,duration
0,0.8609728217124939,0.8439030051231384,0.8584492802619934,2.142857142857143,30.626467610520844,14
