hand,first_max_height,min_height,second_max_height,dribbling_frequency,bending_angle,duration
0,0.9168973565101624,0.9133039712905884,0.9163215160369873,2.7272727272727275,10.727196613432952,11
