hand,first_max_height,min_height,second_max_height,dribbling_frequency,bending_angle,duration
1,0.8629805445671082,0.8519295454025269,1.0161404609680176,3.0,50.72720631892221,10
