hand,first_max_height,min_height,second_max_height,dribbling_frequency,bending_angle,duration
0,0.9241683483123779,0.9096547365188599,0.9383929371833801,2.142857142857143,41.20853379288674,14
