hand,first_max_height,min_height,second_max_height,dribbling_frequency,bending_angle,duration
0,0.8289867639541626,0.8217142820358276,0.8313114047050476,2.7272727272727275,55.429451697727345,11
