hand,first_max_height,min_height,second_max_height,dribbling_frequency,bending_angle,duration
0,1.0567699670791626,1.0516250133514404,1.055095911026001,2.5,11.182107165203552,12
