hand,first_max_height,min_height,second_max_height,dribbling_frequency,bending_angle,duration
1,1.0405387878417969,1.0174216032028198,1.0222976207733154,2.7272727272727275,5.092046273010002,11
