hand,first_max_height,min_height,second_max_height,dribbling_frequency,bending_angle,duration
0,1.0075602531433105,0.9654711484909058,1.0071479082107544,1.6666666666666665,17.83168706242792,18
