hand,first_max_height,min_height,second_max_height,dribbling_frequency,bending_angle,duration
0,0.9341657757759094,0.9158577919006348,0.926480233669281,2.7272727272727275,34.09691830992453,11
