hand,first_max_height,min_height,second_max_height,dribbling_frequency,bending_angle,duration
0,0.9324183464050293,0.8587426543235779,0.86497563123703,1.25,6.670038322384954,24
