hand,first_max_height,min_height,second_max_height,dribbling_frequency,bending_angle,duration
0,0.9962098002433777,0.9825711250305176,0.995815098285675,1.5789473684210527,7.287584372939641,19
