hand,first_max_height,min_height,second_max_height,dribbling_frequency,bending_angle,duration
0,0.9372666478157043,0.9200072884559631,0.9277498722076416,1.6666666666666665,10.373266201130791,18
