hand,first_max_height,min_height,second_max_height,dribbling_frequency,bending_angle,duration
0,0.9173861145973206,0.9171329736709595,0.9303466081619263,2.142857142857143,3.728129835487537,14
