hand,first_max_height,min_height,second_max_height,dribbling_frequency,bending_angle,duration
0,0.940985381603241,0.922805905342102,0.9237576723098755,1.7647058823529411,8.517045816567446,17
