hand,first_max_height,min_height,second_max_height,dribbling_frequency,bending_angle,duration
0,0.7290820479393005,0.7074828147888184,0.735861599445343,2.307692307692308,54.055413189276834,13
