hand,first_max_height,min_height,second_max_height,dribbling_frequency,bending_angle,duration
0,0.9484279751777649,0.9361717700958252,0.9367865920066833,1.7647058823529411,4.47494116374929,17
