hand,first_max_height,min_height,second_max_height,dribbling_frequency,bending_angle,duration
0,0.9262062311172485,0.9225282669067383,0.9427387714385986,1.875,5.369485374352522,16
