hand,first_max_height,min_height,second_max_height,dribbling_frequency,bending_angle,duration
0,0.9118697643280029,0.906330406665802,0.9152817130088806,2.307692307692308,23.083570184815024,13
