hand,first_max_height,min_height,second_max_height,dribbling_frequency,bending_angle,duration
0,0.9227786064147949,0.9151971936225891,0.9169142246246338,3.0,9.271920097445216,10
