hand,first_max_height,min_height,second_max_height,dribbling_frequency,bending_angle,duration
0,0.9189242720603943,0.9043896794319153,0.9169448614120483,1.875,17.80221851615559,16
