hand,first_max_height,min_height,second_max_height,dribbling_frequency,bending_angle,duration
0,0.8403789401054382,0.8197644352912903,0.8289867639541626,2.5,55.27648713705929,12
