hand,first_max_height,min_height,second_max_height,dribbling_frequency,bending_angle,duration
1,0.9563414454460144,0.948493480682373,0.9486284852027893,2.5,1.0690473929166622,12
