hand,first_max_height,min_height,second_max_height,dribbling_frequency,bending_angle,duration
0,1.0586044788360596,1.0458223819732666,1.051951289176941,1.875,12.61464147879078,16
