hand,first_max_height,min_height,second_max_height,dribbling_frequency,bending_angle,duration
0,0.9183270931243896,0.9120115041732788,0.9137635827064514,2.5,8.354879138624783,12
