hand,first_max_height,min_height,second_max_height,dribbling_frequency,bending_angle,duration
0,0.8756633400917053,0.8439756631851196,0.8677940964698792,1.7647058823529411,24.08402794656377,17
