hand,first_max_height,min_height,second_max_height,dribbling_frequency,bending_angle,duration
0,1.14498770236969,1.124306321144104,1.1482211351394653,2.142857142857143,6.585017768391669,14
