hand,first_max_height,min_height,second_max_height,dribbling_frequency,bending_angle,duration
0,1.0670522451400757,1.0047096014022827,1.12600576877594,1.5789473684210527,21.94914644566342,19
