hand,first_max_height,min_height,second_max_height,dribbling_frequency,bending_angle,duration
1,1.0551204681396484,1.0370211601257324,1.0872368812561035,2.142857142857143,26.527451025413665,14
