hand,first_max_height,min_height,second_max_height,dribbling_frequency,bending_angle,duration
0,1.0981770753860474,1.0391322374343872,1.0513010025024414,2.142857142857143,15.10792064836347,14
