hand,first_max_height,min_height,second_max_height,dribbling_frequency,bending_angle,duration
0,0.9392523765563965,0.9003099799156189,0.9028789401054382,2.0,6.7574971526334995,15
