hand,first_max_height,min_height,second_max_height,dribbling_frequency,bending_angle,duration
1,0.9097882509231567,0.8880103826522827,0.8975870013237,2.142857142857143,14.138687053373802,14
