hand,first_max_height,min_height,second_max_height,dribbling_frequency,bending_angle,duration
0,0.9200114607810974,0.9073620438575745,0.9160280823707581,1.875,10.619592293210943,16
