hand,first_max_height,min_height,second_max_height,dribbling_frequency,bending_angle,duration
1,0.8816803097724915,0.8745591640472412,0.9027165174484253,2.0,16.97729702761571,15
