hand,first_max_height,min_height,second_max_height,dribbling_frequency,bending_angle,duration
0,1.0941163301467896,1.0717417001724243,1.1019511222839355,1.875,7.000925226304289,16
