hand,first_max_height,min_height,second_max_height,dribbling_frequency,bending_angle,duration
1,0.9273403882980347,0.9242382645606995,0.9272687435150146,2.7272727272727275,5.54417261342106,11
