hand,first_max_height,min_height,second_max_height,dribbling_frequency,bending_angle,duration
0,0.7954648733139038,0.792428731918335,0.9325559139251709,2.142857142857143,46.544948191521726,14
