hand,first_max_height,min_height,second_max_height,dribbling_frequency,bending_angle,duration
0,1.1024818420410156,1.0258076190948486,1.1275126934051514,1.7647058823529411,19.17456196313839,17
