hand,first_max_height,min_height,second_max_height,dribbling_frequency,bending_angle,duration
0,0.9948697686195374,0.9748019576072693,0.9865753650665283,1.5,16.1004512794524,20
