hand,first_max_height,min_height,second_max_height,dribbling_frequency,bending_angle,duration
0,0.8783105611801147,0.8544952869415283,0.873053789138794,1.875,23.47897362425284,16
