hand,first_max_height,min_height,second_max_height,dribbling_frequency,bending_angle,duration
0,0.9249162077903748,0.9226164817810059,0.9244193434715271,2.142857142857143,10.46152984795248,14
