hand,first_max_height,min_height,second_max_height,dribbling_frequency,bending_angle,duration
1,0.9730825424194336,0.9426701068878174,0.9851357936859131,1.7647058823529411,5.670119054976854,17
