hand,first_max_height,min_height,second_max_height,dribbling_frequency,bending_angle,duration
0,0.9335445761680603,0.9207311868667603,0.9324377775192261,2.307692307692308,32.917796135180936,13
