hand,first_max_height,min_height,second_max_height,dribbling_frequency,bending_angle,duration
0,0.9245626926422119,0.9220612645149231,0.9246408343315125,3.0,4.4635800907456025,10
