hand,first_max_height,min_height,second_max_height,dribbling_frequency,bending_angle,duration
0,0.9394854307174683,0.9326889514923096,0.9347111582756042,3.0,3.2789809367016582,10
