hand,first_max_height,min_height,second_max_height,dribbling_frequency,bending_angle,duration
0,0.6316725611686707,0.6300532221794128,0.6778503656387329,2.0,64.09450812638586,15
