hand,first_max_height,min_height,second_max_height,dribbling_frequency,bending_angle,duration
0,0.86497563123703,0.7656190395355225,0.7785005569458008,1.7647058823529411,27.26357643640076,17
