hand,first_max_height,min_height,second_max_height,dribbling_frequency,bending_angle,duration
0,1.0226207971572876,1.0135129690170288,1.0282657146453857,2.307692307692308,24.32859670609854,13
