hand,first_max_height,min_height,second_max_height,dribbling_frequency,bending_angle,duration
1,0.9658063054084778,0.9528207778930664,0.9558613896369934,1.875,8.88366605272801,16
