hand,first_max_height,min_height,second_max_height,dribbling_frequency,bending_angle,duration
1,1.1571104526519775,1.1468594074249268,1.1519873142242432,1.7647058823529411,11.163802405622244,17
