hand,first_max_height,min_height,second_max_height,dribbling_frequency,bending_angle,duration
1,0.9225783944129944,0.920282781124115,0.943693995475769,2.0,5.5702319857661164,15
