hand,first_max_height,min_height,second_max_height,dribbling_frequency,bending_angle,duration
0,0.8612409234046936,0.8383383750915527,0.8563514947891235,1.7647058823529411,28.08890476786448,17
