hand,first_max_height,min_height,second_max_height,dribbling_frequency,bending_angle,duration
1,0.9472587704658508,0.9371541142463684,0.9376702308654785,2.5,7.408016837393666,12
