hand,first_max_height,min_height,second_max_height,dribbling_frequency,bending_angle,duration
1,1.1170810461044312,1.0836066007614136,1.0928040742874146,2.307692307692308,25.550656878900444,13
