hand,first_max_height,min_height,second_max_height,dribbling_frequency,bending_angle,duration
0,1.0190151929855347,1.0045424699783325,1.0054248571395874,2.142857142857143,28.740201938832016,14
