hand,first_max_height,min_height,second_max_height,dribbling_frequency,bending_angle,duration
1,0.9452812075614929,0.944342851638794,0.9503882527351379,2.5,10.293876275638963,12
