hand,first_max_height,min_height,second_max_height,dribbling_frequency,bending_angle,duration
0,0.9036455750465393,0.8948636651039124,0.8988058567047119,1.4285714285714284,10.588979888905028,21
