hand,first_max_height,min_height,second_max_height,dribbling_frequency,bending_angle,duration
1,0.9618743062019348,0.9597569108009338,0.9633782505989075,3.0,1.7587446819857353,10
