hand,first_max_height,min_height,second_max_height,dribbling_frequency,bending_angle,duration
0,0.7486286163330078,0.7161044478416443,0.7179197669029236,1.875,52.25421357630145,16
