hand,first_max_height,min_height,second_max_height,dribbling_frequency,bending_angle,duration
1,1.029500961303711,1.0081788301467896,1.0202383995056152,2.142857142857143,27.356758708762033,14
