hand,first_max_height,min_height,second_max_height,dribbling_frequency,bending_angle,duration
1,1.0458043813705444,1.0308917760849,1.039086103439331,2.142857142857143,4.096901284718716,14
