hand,first_max_height,min_height,second_max_height,dribbling_frequency,bending_angle,duration
0,0.9357140064239502,0.9318950176239014,0.9358373880386353,1.875,3.1847397509171924,16
