hand,first_max_height,min_height,second_max_height,dribbling_frequency,bending_angle,duration
1,1.039086103439331,1.0175279378890991,1.0199228525161743,3.0,6.95675066278378,10
