hand,first_max_height,min_height,second_max_height,dribbling_frequency,bending_angle,duration
1,0.8060352206230164,0.7842952609062195,0.8164482712745667,2.0,42.359821341449454,15
