hand,first_max_height,min_height,second_max_height,dribbling_frequency,bending_angle,duration
0,0.6928925514221191,0.6751956939697266,0.6849686503410339,1.875,64.4360526420991,16
