hand,first_max_height,min_height,second_max_height,dribbling_frequency,bending_angle,duration
0,0.9041199684143066,0.8991219997406006,0.9020987153053284,2.5,20.78302824407895,12
