hand,first_max_height,min_height,second_max_height,dribbling_frequency,bending_angle,duration
0,0.9093316197395325,0.8835911154747009,0.9221423268318176,1.7647058823529411,32.882073510064366,17
