hand,first_max_height,min_height,second_max_height,dribbling_frequency,bending_angle,duration
1,0.88633793592453,0.8648029565811157,0.911867618560791,1.875,27.545702878970097,16
