hand,first_max_height,min_height,second_max_height,dribbling_frequency,bending_angle,duration
0,0.7013053297996521,0.6822872161865234,0.6991209387779236,2.5,70.18381402061999,12
