hand,first_max_height,min_height,second_max_height,dribbling_frequency,bending_angle,duration
0,0.9509249329566956,0.9506849050521851,0.9613243937492371,2.142857142857143,7.425796576236886,14
