hand,first_max_height,min_height,second_max_height,dribbling_frequency,bending_angle,duration
0,1.0807639360427856,1.0447030067443848,1.068894863128662,1.5789473684210527,7.327059824913169,19
