hand,first_max_height,min_height,second_max_height,dribbling_frequency,bending_angle,duration
0,1.0187273025512695,1.0071760416030884,1.024780035018921,2.142857142857143,27.796559851962638,14
