hand,first_max_height,min_height,second_max_height,dribbling_frequency,bending_angle,duration
0,0.9504058957099915,0.9393222332000732,0.9417417049407959,1.875,2.576709248031285,16
