hand,first_max_height,min_height,second_max_height,dribbling_frequency,bending_angle,duration
0,0.8431684374809265,0.820816159248352,0.8403869867324829,2.307692307692308,54.609360218421365,13
