hand,first_max_height,min_height,second_max_height,dribbling_frequency,bending_angle,duration
1,0.9546686410903931,0.9494391679763794,0.961098313331604,3.0,17.643753206520348,10
