hand,first_max_height,min_height,second_max_height,dribbling_frequency,bending_angle,duration
0,0.9312429428100586,0.9122584462165833,0.9127193689346313,1.7647058823529411,14.410795501272684,17
