hand,first_max_height,min_height,second_max_height,dribbling_frequency,bending_angle,duration
0,0.950093150138855,0.9406431913375854,0.9443003535270691,2.7272727272727275,8.126459528949981,11
