hand,first_max_height,min_height,second_max_height,dribbling_frequency,bending_angle,duration
1,0.6672749519348145,0.6539897918701172,0.6822850108146667,2.7272727272727275,74.03010107083273,11
