hand,first_max_height,min_height,second_max_height,dribbling_frequency,bending_angle,duration
0,0.9788033366203308,0.9752523899078369,0.9929859042167664,2.307692307692308,34.381026965178414,13
