hand,first_max_height,min_height,second_max_height,dribbling_frequency,bending_angle,duration
0,0.9550360441207886,0.9539754986763,0.9588616490364075,2.7272727272727275,1.848309529546866,11
