hand,first_max_height,min_height,second_max_height,dribbling_frequency,bending_angle,duration
0,0.93730229139328,0.9236478805541992,0.9249761700630188,2.142857142857143,8.76827445535451,14
