hand,first_max_height,min_height,second_max_height,dribbling_frequency,bending_angle,duration
0,1.0451606512069702,1.0316736698150635,1.0509196519851685,2.142857142857143,25.25157651619854,14
