hand,first_max_height,min_height,second_max_height,dribbling_frequency,bending_angle,duration
0,1.062328815460205,1.0506322383880615,1.0598316192626953,2.0,8.11378248527001,15
