hand,first_max_height,min_height,second_max_height,dribbling_frequency,bending_angle,duration
0,0.7021214365959167,0.6939928531646729,0.6974371671676636,3.0,59.29701458060875,10
