hand,first_max_height,min_height,second_max_height,dribbling_frequency,bending_angle,duration
1,0.6803498268127441,0.6656216382980347,0.6712660789489746,2.5,65.70585900615767,12
