hand,first_max_height,min_height,second_max_height,dribbling_frequency,bending_angle,duration
1,1.0950597524642944,1.0502269268035889,1.080318570137024,2.307692307692308,24.218631493350976,13
