hand,first_max_height,min_height,second_max_height,dribbling_frequency,bending_angle,duration
1,0.9590312838554382,0.9542288184165955,0.9578808546066284,1.25,1.341073950663956,24
