hand,first_max_height,min_height,second_max_height,dribbling_frequency,bending_angle,duration
1,1.1516016721725464,1.1483674049377441,1.1913127899169922,1.5789473684210527,19.258126655654625,19
