hand,first_max_height,min_height,second_max_height,dribbling_frequency,bending_angle,duration
0,0.9389033913612366,0.914434015750885,0.9162392020225525,1.5,9.266657349834905,20
