hand,first_max_height,min_height,second_max_height,dribbling_frequency,bending_angle,duration
1,1.0116684436798096,0.973086416721344,1.013461709022522,2.0,17.48480056860073,15
