hand,first_max_height,min_height,second_max_height,dribbling_frequency,bending_angle,duration
0,1.0192530155181885,0.9247370362281799,0.9272018074989319,2.0,15.386587249444037,15
