hand,first_max_height,min_height,second_max_height,dribbling_frequency,bending_angle,duration
0,0.9638210535049438,0.9356938004493713,0.9391909241676331,1.6666666666666665,5.333703318206748,18
