hand,first_max_height,min_height,second_max_height,dribbling_frequency,bending_angle,duration
0,0.8363090753555298,0.8145642876625061,0.8358016014099121,1.7647058823529411,26.45269851840404,17
