hand,first_max_height,min_height,second_max_height,dribbling_frequency,bending_angle,duration
0,0.9487338662147522,0.9459812045097351,0.9497961401939392,3.0,5.135819964403284,10
