hand,first_max_height,min_height,second_max_height,dribbling_frequency,bending_angle,duration
0,0.9476860761642456,0.938025712966919,0.9447570443153381,1.25,7.874293439100789,24
