hand,first_max_height,min_height,second_max_height,dribbling_frequency,bending_angle,duration
0,0.9545502662658691,0.9430168867111206,0.9441601037979126,2.142857142857143,5.705959634507233,14
