hand,first_max_height,min_height,second_max_height,dribbling_frequency,bending_angle,duration
0,0.9614554047584534,0.9402725696563721,0.9838065505027771,1.875,29.016771791541853,16
