hand,first_max_height,min_height,second_max_height,dribbling_frequency,bending_angle,duration
1,0.9166646599769592,0.9138146638870239,0.9178854823112488,3.0,7.1568155411293874,10
