hand,first_max_height,min_height,second_max_height,dribbling_frequency,bending_angle,duration
0,0.9275907278060913,0.9214603304862976,0.9280734062194824,1.6666666666666665,13.345808479959704,18
