hand,first_max_height,min_height,second_max_height,dribbling_frequency,bending_angle,duration
1,0.8233364820480347,0.7996979355812073,0.8198103904724121,2.0,37.341493674741535,15
