hand,first_max_height,min_height,second_max_height,dribbling_frequency,bending_angle,duration
0,1.0051213502883911,0.9811924695968628,1.0253618955612183,1.6666666666666665,29.34108602282493,18
