hand,first_max_height,min_height,second_max_height,dribbling_frequency,bending_angle,duration
0,0.9319652915000916,0.9217140674591064,0.9342495203018188,1.7647058823529411,10.63960466184934,17
