hand,first_max_height,min_height,second_max_height,dribbling_frequency,bending_angle,duration
0,0.9358967542648315,0.9358918070793152,0.9420045614242554,3.0,3.7061414800298706,10
