hand,first_max_height,min_height,second_max_height,dribbling_frequency,bending_angle,duration
1,0.6534457802772522,0.6412082314491272,0.6668564677238464,3.0,63.764015752711344,10
