hand,first_max_height,min_height,second_max_height,dribbling_frequency,bending_angle,duration
0,0.9326978325843811,0.9273849725723267,0.9293301701545715,2.7272727272727275,8.144436237684358,11
