hand,first_max_height,min_height,second_max_height,dribbling_frequency,bending_angle,duration
0,0.9341568350791931,0.9271736741065979,0.9363572001457214,2.7272727272727275,13.013298038544367,11
