hand,first_max_height,min_height,second_max_height,dribbling_frequency,bending_angle,duration
0,0.843174397945404,0.8322330713272095,0.8457387685775757,2.5,52.93451600824935,12
