hand,first_max_height,min_height,second_max_height,dribbling_frequency,bending_angle,duration
1,1.0100897550582886,0.9363335371017456,1.0240169763565063,1.7647058823529411,25.028628821289555,17
