hand,first_max_height,min_height,second_max_height,dribbling_frequency,bending_angle,duration
1,0.9017414450645447,0.8481857180595398,0.8489128351211548,2.307692307692308,25.81923038896696,13
