hand,first_max_height,min_height,second_max_height,dribbling_frequency,bending_angle,duration
0,1.0111188888549805,0.9949709177017212,1.0068696737289429,1.875,29.573742781911456,16
