hand,first_max_height,min_height,second_max_height,dribbling_frequency,bending_angle,duration
0,0.6861315369606018,0.65712970495224,0.6619510650634766,2.7272727272727275,70.0862814986737,11
