hand,first_max_height,min_height,second_max_height,dribbling_frequency,bending_angle,duration
0,1.0558044910430908,1.0147067308425903,1.0652098655700684,1.875,18.228793719820352,16
