hand,first_max_height,min_height,second_max_height,dribbling_frequency,bending_angle,duration
0,0.9396548271179199,0.939497709274292,0.9450971484184265,2.5,16.178539090239568,12
