hand,first_max_height,min_height,second_max_height,dribbling_frequency,bending_angle,duration
1,0.9334555864334106,0.9327228665351868,0.9429489374160767,2.7272727272727275,8.534270700713963,11
