hand,first_max_height,min_height,second_max_height,dribbling_frequency,bending_angle,duration
0,0.9420578479766846,0.9229146242141724,0.9305973649024963,1.6666666666666665,6.870366880037028,18
