hand,first_max_height,min_height,second_max_height,dribbling_frequency,bending_angle,duration
0,1.0234224796295166,0.9994164705276489,1.0041347742080688,2.7272727272727275,20.513246669151457,11
