hand,first_max_height,min_height,second_max_height,dribbling_frequency,bending_angle,duration
0,0.7494310736656189,0.7380944490432739,0.747299313545227,2.5,62.17175161492645,12
