hand,first_max_height,min_height,second_max_height,dribbling_frequency,bending_angle,duration
1,0.9506273865699768,0.918229341506958,0.9596570730209351,1.5,22.443139737824783,20
