hand,first_max_height,min_height,second_max_height,dribbling_frequency,bending_angle,duration
0,0.7551958560943604,0.7441323399543762,0.7807564735412598,1.875,62.001352397805015,16
