hand,first_max_height,min_height,second_max_height,dribbling_frequency,bending_angle,duration
0,0.8763956427574158,0.8674254417419434,0.8986247181892395,2.307692307692308,48.02027971778809,13
