hand,first_max_height,min_height,second_max_height,dribbling_frequency,bending_angle,duration
0,0.9204146862030029,0.907841682434082,0.9113458395004272,1.5789473684210527,21.02055570793886,19
