hand,first_max_height,min_height,second_max_height,dribbling_frequency,bending_angle,duration
0,1.0969525575637817,1.057990550994873,1.0755223035812378,1.3636363636363638,14.775476056693927,22
