hand,first_max_height,min_height,second_max_height,dribbling_frequency,bending_angle,duration
1,0.9395996332168579,0.9325146675109863,0.9495912194252014,1.875,5.221896023979594,16
