hand,first_max_height,min_height,second_max_height,dribbling_frequency,bending_angle,duration
0,0.9022063612937927,0.8836079835891724,0.8957048058509827,1.6666666666666665,47.43915612075718,18
