hand,first_max_height,min_height,second_max_height,dribbling_frequency,bending_angle,duration
0,0.9244422912597656,0.9124333262443542,0.9134222865104675,2.0,14.928143731270186,15
