hand,first_max_height,min_height,second_max_height,dribbling_frequency,bending_angle,duration
0,0.9336218237876892,0.9302085638046265,0.9410654902458191,1.5,5.7380837071054,20
