hand,first_max_height,min_height,second_max_height,dribbling_frequency,bending_angle,duration
0,0.9055812954902649,0.8988417983055115,0.901853621006012,2.7272727272727275,12.572569525345417,11
