hand,first_max_height,min_height,second_max_height,dribbling_frequency,bending_angle,duration
0,0.958236575126648,0.958021879196167,0.9682513475418091,3.0,5.907714436704162,10
