hand,first_max_height,min_height,second_max_height,dribbling_frequency,bending_angle,duration
0,0.9430288076400757,0.9210504293441772,0.9211385250091553,1.875,3.695944822697858,16
