hand,first_max_height,min_height,second_max_height,dribbling_frequency,bending_angle,duration
1,1.0215545892715454,0.9778770804405212,1.0130267143249512,1.7647058823529411,16.43211406950016,17
