hand,first_max_height,min_height,second_max_height,dribbling_frequency,bending_angle,duration
0,0.8934410214424133,0.8847945332527161,0.9033287763595581,1.7647058823529411,13.02792979437289,17
