hand,first_max_height,min_height,second_max_height,dribbling_frequency,bending_angle,duration
1,0.663931131362915,0.6380107998847961,0.6888913512229919,2.142857142857143,60.012867363762595,14
