hand,first_max_height,min_height,second_max_height,dribbling_frequency,bending_angle,duration
0,0.8823763728141785,0.8745219111442566,0.8851163983345032,2.0,30.938494047826257,15
