hand,first_max_height,min_height,second_max_height,dribbling_frequency,bending_angle,duration
0,1.012858510017395,0.9904056787490845,1.0060697793960571,2.142857142857143,30.57696874096494,14
