hand,first_max_height,min_height,second_max_height,dribbling_frequency,bending_angle,duration
0,1.1518373489379883,1.1147087812423706,1.1172467470169067,1.5789473684210527,10.490072190716734,19
