hand,first_max_height,min_height,second_max_height,dribbling_frequency,bending_angle,duration
0,0.7549092173576355,0.7435349822044373,0.7648807764053345,2.142857142857143,44.92509040819914,14
