hand,first_max_height,min_height,second_max_height,dribbling_frequency,bending_angle,duration
0,1.1317647695541382,1.1076151132583618,1.1322104930877686,1.875,15.161521410248726,16
