hand,first_max_height,min_height,second_max_height,dribbling_frequency,bending_angle,duration
1,0.8852627277374268,0.8677576184272766,0.8818695545196533,2.0,17.91833657303693,15
