hand,first_max_height,min_height,second_max_height,dribbling_frequency,bending_angle,duration
1,0.9460482597351074,0.9329951405525208,0.9529864192008972,1.7647058823529411,8.483750728545088,17
