hand,first_max_height,min_height,second_max_height,dribbling_frequency,bending_angle,duration
0,0.9267978072166443,0.9187180995941162,0.9247124195098877,2.7272727272727275,11.200122938766846,11
