hand,first_max_height,min_height,second_max_height,dribbling_frequency,bending_angle,duration
0,0.9367865920066833,0.932945191860199,0.9345636367797852,2.5,4.451454597193509,12
