hand,first_max_height,min_height,second_max_height,dribbling_frequency,bending_angle,duration
0,0.8598077297210693,0.8319194912910461,0.8534578084945679,1.875,31.61586087138057,16
