hand,first_max_height,min_height,second_max_height,dribbling_frequency,bending_angle,duration
0,1.0687956809997559,1.014951229095459,1.0563627481460571,2.0,17.843396786320803,15
