hand,first_max_height,min_height,second_max_height,dribbling_frequency,bending_angle,duration
0,0.9253200888633728,0.9231881499290466,0.9767252802848816,1.3043478260869565,11.948119437499134,23
