hand,first_max_height,min_height,second_max_height,dribbling_frequency,bending_angle,duration
0,0.7839297652244568,0.7610296010971069,0.8099350929260254,2.0,51.79320924406522,15
