hand,first_max_height,min_height,second_max_height,dribbling_frequency,bending_angle,duration
1,0.9402643442153931,0.9232718348503113,0.9257379770278931,2.5,6.738045056477246,12
