hand,first_max_height,min_height,second_max_height,dribbling_frequency,bending_angle,duration
0,0.9319547414779663,0.8890431523323059,0.891718327999115,1.6666666666666665,5.641394244529112,18
