hand,first_max_height,min_height,second_max_height,dribbling_frequency,bending_angle,duration
0,0.9401799440383911,0.9250487089157104,0.9428654313087463,1.5,5.232668349916537,20
