hand,first_max_height,min_height,second_max_height,dribbling_frequency,bending_angle,duration
0,0.8195105791091919,0.7937445640563965,0.8308586478233337,2.0,37.49269372004128,15
