hand,first_max_height,min_height,second_max_height,dribbling_frequency,bending_angle,duration
0,1.156443476676941,1.0990005731582642,1.1503310203552246,1.6666666666666665,14.20754834548799,18
