hand,first_max_height,min_height,second_max_height,dribbling_frequency,bending_angle,duration
1,1.1641020774841309,1.1418734788894653,1.1491146087646484,1.3636363636363638,12.243252405458318,22
