hand,first_max_height,min_height,second_max_height,dribbling_frequency,bending_angle,duration
1,0.7430546283721924,0.6826043725013733,0.7100086212158203,1.5789473684210527,50.97990258915862,19
