hand,first_max_height,min_height,second_max_height,dribbling_frequency,bending_angle,duration
0,1.064430832862854,1.0324000120162964,1.0451606512069702,2.142857142857143,23.636525141242156,14
