hand,first_max_height,min_height,second_max_height,dribbling_frequency,bending_angle,duration
0,0.9313017129898071,0.926169216632843,0.9367536306381226,2.142857142857143,8.799277010659791,14
