hand,first_max_height,min_height,second_max_height,dribbling_frequency,bending_angle,duration
0,0.8746944069862366,0.8687161803245544,0.8812809586524963,2.142857142857143,36.45310698592271,14
