hand,first_max_height,min_height,second_max_height,dribbling_frequency,bending_angle,duration
0,0.9365535974502563,0.931933581829071,0.9349383115768433,2.7272727272727275,6.396172915627112,11
