hand,first_max_height,min_height,second_max_height,dribbling_frequency,bending_angle,duration
0,1.1096100807189941,1.1015856266021729,1.1170316934585571,2.0,6.080007470428158,15
