hand,first_max_height,min_height,second_max_height,dribbling_frequency,bending_angle,duration
0,0.7827341556549072,0.7640894055366516,0.8053138852119446,2.307692307692308,43.441476982695924,13
