hand,first_max_height,min_height,second_max_height,dribbling_frequency,bending_angle,duration
0,1.0289394855499268,1.0202080011367798,1.024072289466858,2.7272727272727275,5.125074428549165,11
