hand,first_max_height,min_height,second_max_height,dribbling_frequency,bending_angle,duration
0,0.9047712683677673,0.8877383470535278,0.8895441889762878,1.3043478260869565,11.8902672084675,23
