hand,first_max_height,min_height,second_max_height,dribbling_frequency,bending_angle,duration
0,1.1623899936676025,1.1223540306091309,1.1648211479187012,1.5789473684210527,9.763231284475044,19
