hand,first_max_height,min_height,second_max_height,dribbling_frequency,bending_angle,duration
1,0.9254761338233948,0.9166519641876221,0.9333024621009827,2.307692307692308,17.918103489648754,13
