hand,first_max_height,min_height,second_max_height,dribbling_frequency,bending_angle,duration
1,1.0479519367218018,1.027504563331604,1.0470905303955078,1.5789473684210527,11.116301621944107,19
