hand,first_max_height,min_height,second_max_height,dribbling_frequency,bending_angle,duration
0,1.030684471130371,1.0183677673339844,1.0250394344329834,3.0,14.281313932610654,10
