hand,first_max_height,min_height,second_max_height,dribbling_frequency,bending_angle,duration
0,0.6539105772972107,0.6371619701385498,0.6533162593841553,2.5,72.9080078918362,12
