hand,first_max_height,min_height,second_max_height,dribbling_frequency,bending_angle,duration
0,0.932509183883667,0.9276560544967651,0.9319851994514465,2.5,8.610243077544686,12
