hand,first_max_height,min_height,second_max_height,dribbling_frequency,bending_angle,duration
1,0.9696648716926575,0.9592174887657166,0.9669634699821472,1.3636363636363638,0.9455433208496004,22
