hand,first_max_height,min_height,second_max_height,dribbling_frequency,bending_angle,duration
0,0.9438658952713013,0.9376927614212036,0.945841908454895,2.307692307692308,8.407820630953314,13
