hand,first_max_height,min_height,second_max_height,dribbling_frequency,bending_angle,duration
0,0.9176254272460938,0.9141762852668762,0.9247506856918335,2.5,8.194009586324286,12
