hand,first_max_height,min_height,second_max_height,dribbling_frequency,bending_angle,duration
0,0.8586811423301697,0.8427481055259705,0.8651617169380188,1.7647058823529411,27.78588040977989,17
