hand,first_max_height,min_height,second_max_height,dribbling_frequency,bending_angle,duration
1,1.0345457792282104,1.0132200717926025,1.0285061597824097,2.5,24.80268094086948,12
