hand,first_max_height,min_height,second_max_height,dribbling_frequency,bending_angle,duration
0,0.9303745627403259,0.9024532437324524,0.9257758855819702,2.307692307692308,11.34227976409458,13
