hand,first_max_height,min_height,second_max_height,dribbling_frequency,bending_angle,duration
0,0.9149264097213745,0.8965664505958557,0.9226744174957275,1.6666666666666665,14.16388709147968,18
