hand,first_max_height,min_height,second_max_height,dribbling_frequency,bending_angle,duration
0,0.7962407469749451,0.7398176193237305,0.7472565770149231,1.6666666666666665,43.69447793298996,18
