hand,first_max_height,min_height,second_max_height,dribbling_frequency,bending_angle,duration
0,0.6706560850143433,0.6532934308052063,0.6833615303039551,1.7647058823529411,71.64533784402825,17
