hand,first_max_height,min_height,second_max_height,dribbling_frequency,bending_angle,duration
1,1.1673778295516968,1.1357470750808716,1.156554102897644,1.5,6.157813350774782,20
