hand,first_max_height,min_height,second_max_height,dribbling_frequency,bending_angle,duration
0,1.0754477977752686,1.062195062637329,1.0725864171981812,2.0,1.5269749783182607,15
