hand,first_max_height,min_height,second_max_height,dribbling_frequency,bending_angle,duration
0,0.9271820783615112,0.9130315780639648,0.9149750471115112,1.7647058823529411,12.29065336484338,17
