hand,first_max_height,min_height,second_max_height,dribbling_frequency,bending_angle,duration
0,0.921952486038208,0.921177864074707,0.9273210763931274,2.5,7.817985222404357,12
