hand,first_max_height,min_height,second_max_height,dribbling_frequency,bending_angle,duration
1,0.9318627119064331,0.9242416024208069,0.9405505061149597,1.5789473684210527,6.02361173904104,19
