hand,first_max_height,min_height,second_max_height,dribbling_frequency,bending_angle,duration
1,1.0649276971817017,1.0249650478363037,1.0310975313186646,3.0,5.8446354194706585,10
