hand,first_max_height,min_height,second_max_height,dribbling_frequency,bending_angle,duration
0,0.9557296633720398,0.9455938935279846,0.9470754861831665,2.307692307692308,8.719119008357339,13
