hand,first_max_height,min_height,second_max_height,dribbling_frequency,bending_angle,duration
0,0.9424331188201904,0.932637095451355,0.9377317428588867,2.0,7.705639941773251,15
