hand,first_max_height,min_height,second_max_height,dribbling_frequency,bending_angle,duration
0,0.8779029846191406,0.8754128813743591,0.8897056579589844,2.0,34.34520540998254,15
