hand,first_max_height,min_height,second_max_height,dribbling_frequency,bending_angle,duration
1,0.9376702308654785,0.9279939532279968,0.9283316135406494,2.307692307692308,7.177165289572356,13
