hand,first_max_height,min_height,second_max_height,dribbling_frequency,bending_angle,duration
0,0.8473016619682312,0.8261579871177673,0.8810540437698364,1.875,31.791330619627754,16
