hand,first_max_height,min_height,second_max_height,dribbling_frequency,bending_angle,duration
1,0.9437427520751953,0.9414063692092896,0.9591900110244751,2.5,14.207326455618329,12
