hand,first_max_height,min_height,second_max_height,dribbling_frequency,bending_angle,duration
0,1.0014101266860962,1.0006940364837646,1.0236936807632446,2.0,30.156956183370028,15
