hand,first_max_height,min_height,second_max_height,dribbling_frequency,bending_angle,duration
0,0.9390541911125183,0.9175501465797424,0.9428093433380127,2.307692307692308,8.9716262814364,13
