hand,first_max_height,min_height,second_max_height,dribbling_frequency,bending_angle,duration
0,0.9517502784729004,0.9343803524971008,0.9410785436630249,1.5789473684210527,3.697669977761118,19
