hand,first_max_height,min_height,second_max_height,dribbling_frequency,bending_angle,duration
0,0.997187077999115,0.9941838383674622,1.0022555589675903,3.0,30.100244255881044,10
