hand,first_max_height,min_height,second_max_height,dribbling_frequency,bending_angle,duration
0,1.0447614192962646,1.0276522636413574,1.0604640245437622,2.5,14.102469158841172,12
