hand,first_max_height,min_height,second_max_height,dribbling_frequency,bending_angle,duration
0,0.6931319236755371,0.6872319579124451,0.7074143886566162,1.875,62.76606118384592,16
