hand,first_max_height,min_height,second_max_height,dribbling_frequency,bending_angle,duration
0,0.9512559771537781,0.9402209520339966,0.9425820112228394,2.0,5.797872878557644,15
