hand,first_max_height,min_height,second_max_height,dribbling_frequency,bending_angle,duration
1,0.8900854587554932,0.8655231595039368,0.8994381427764893,1.5789473684210527,22.209869777186658,19
