hand,first_max_height,min_height,second_max_height,dribbling_frequency,bending_angle,duration
1,1.033621072769165,0.9891265034675598,1.088226079940796,1.6666666666666665,23.506755338897374,18
