hand,first_max_height,min_height,second_max_height,dribbling_frequency,bending_angle,duration
0,0.8670739531517029,0.8381617069244385,0.8522980213165283,2.0,50.365370066657114,15
