hand,first_max_height,min_height,second_max_height,dribbling_frequency,bending_angle,duration
0,0.9262247681617737,0.9257668852806091,0.9469428658485413,2.307692307692308,2.5409127738574195,13
