hand,first_max_height,min_height,second_max_height,dribbling_frequency,bending_angle,duration
0,0.7357258796691895,0.7263509631156921,0.7371240854263306,3.0,66.64512231733202,10
