hand,first_max_height,min_height,second_max_height,dribbling_frequency,bending_angle,duration
0,0.9304894804954529,0.9258221983909607,0.9375723004341125,2.0,3.644411290551604,15
