hand,first_max_height,min_height,second_max_height,dribbling_frequency,bending_angle,duration
0,0.928518533706665,0.9253157377243042,0.9328508377075195,2.7272727272727275,12.683305755940205,11
