hand,first_max_height,min_height,second_max_height,dribbling_frequency,bending_angle,duration
0,0.9067602157592773,0.8961575031280518,0.9427928924560547,1.5789473684210527,28.3301365189269,19
