hand,first_max_height,min_height,second_max_height,dribbling_frequency,bending_angle,duration
1,0.7562909126281738,0.7073554396629333,0.7188103199005127,2.7272727272727275,59.047942013348475,11
