hand,first_max_height,min_height,second_max_height,dribbling_frequency,bending_angle,duration
1,0.868325412273407,0.8493856191635132,0.8623800873756409,2.0,19.46465369788045,15
