hand,first_max_height,min_height,second_max_height,dribbling_frequency,bending_angle,duration
1,0.9399263858795166,0.9006515145301819,0.9020719528198242,1.7647058823529411,8.958267359372824,17
