hand,first_max_height,min_height,second_max_height,dribbling_frequency,bending_angle,duration
0,0.9457778334617615,0.9337038993835449,0.9388931393623352,1.875,8.69705957676443,16
