hand,first_max_height,min_height,second_max_height,dribbling_frequency,bending_angle,duration
1,0.9060869812965393,0.902629017829895,1.0015537738800049,1.25,18.586313462008903,24
