hand,first_max_height,min_height,second_max_height,dribbling_frequency,bending_angle,duration
0,1.069862723350525,1.036269187927246,1.0640820264816284,1.3636363636363638,8.697737474549875,22
