hand,first_max_height,min_height,second_max_height,dribbling_frequency,bending_angle,duration
1,0.9446855187416077,0.9269512295722961,0.9595133662223816,1.3636363636363638,7.0409877248789945,22
