hand,first_max_height,min_height,second_max_height,dribbling_frequency,bending_angle,duration
0,0.925876259803772,0.9257498979568481,0.9340455532073975,2.0,2.5888717980175637,15
