hand,first_max_height,min_height,second_max_height,dribbling_frequency,bending_angle,duration
0,0.9703570604324341,0.9574712514877319,0.9611914753913879,1.4285714285714284,7.5895497118419915,21
