hand,first_max_height,min_height,second_max_height,dribbling_frequency,bending_angle,duration
0,1.0403926372528076,1.025630235671997,1.0312669277191162,2.5,15.776977165360725,12
