hand,first_max_height,min_height,second_max_height,dribbling_frequency,bending_angle,duration
0,0.9649940729141235,0.9140920639038086,0.9152565002441406,1.4285714285714284,14.046370120525156,21
