hand,first_max_height,min_height,second_max_height,dribbling_frequency,bending_angle,duration
0,0.8434662818908691,0.8321170806884766,0.8551766872406006,3.0,29.297600921395098,10
