hand,first_max_height,min_height,second_max_height,dribbling_frequency,bending_angle,duration
0,0.8625410199165344,0.8359752297401428,0.882269561290741,1.6666666666666665,26.251495381009757,18
