hand,first_max_height,min_height,second_max_height,dribbling_frequency,bending_angle,duration
0,0.934546172618866,0.9248218536376953,0.9273093342781067,2.5,20.592455032535394,12
