hand,first_max_height,min_height,second_max_height,dribbling_frequency,bending_angle,duration
0,0.7830671668052673,0.7712780237197876,0.7782880067825317,2.7272727272727275,52.530650055263,11
