hand,first_max_height,min_height,second_max_height,dribbling_frequency,bending_angle,duration
0,0.9203569889068604,0.9190678000450134,0.9308366179466248,2.142857142857143,9.871336547210047,14
