hand,first_max_height,min_height,second_max_height,dribbling_frequency,bending_angle,duration
1,1.0676050186157227,1.030498743057251,1.045546531677246,2.307692307692308,25.365664355238422,13
