hand,first_max_height,min_height,second_max_height,dribbling_frequency,bending_angle,duration
1,0.9389727711677551,0.9309378266334534,0.9375963807106018,1.7647058823529411,8.017618129670533,17
