hand,first_max_height,min_height,second_max_height,dribbling_frequency,bending_angle,duration
0,1.0600494146347046,1.054223895072937,1.0651174783706665,2.0,7.231791765182828,15
