hand,first_max_height,min_height,second_max_height,dribbling_frequency,bending_angle,duration
0,0.6847480535507202,0.6741974949836731,0.6841596364974976,2.142857142857143,59.37499293387425,14
