hand,first_max_height,min_height,second_max_height,dribbling_frequency,bending_angle,duration
0,0.9447100758552551,0.9307429790496826,0.9384442567825317,1.875,6.935701801582194,16
