hand,first_max_height,min_height,second_max_height,dribbling_frequency,bending_angle,duration
1,1.0130267143249512,0.9820847511291504,1.0221493244171143,2.307692307692308,20.462945693115056,13
