hand,first_max_height,min_height,second_max_height,dribbling_frequency,bending_angle,duration
0,0.6652524471282959,0.6452261209487915,0.6477881073951721,1.875,61.34012260050653,16
