hand,first_max_height,min_height,second_max_height,dribbling_frequency,bending_angle,duration
0,0.8410642743110657,0.8174367547035217,0.8361213207244873,1.3636363636363638,54.78827974389107,22
