hand,first_max_height,min_height,second_max_height,dribbling_frequency,bending_angle,duration
1,1.1516966819763184,1.1506658792495728,1.157841444015503,2.5,16.167190864732703,12
