hand,first_max_height,min_height,second_max_height,dribbling_frequency,bending_angle,duration
0,0.963214099407196,0.9600731134414673,0.9620208144187927,2.7272727272727275,12.254738810178406,11
