hand,first_max_height,min_height,second_max_height,dribbling_frequency,bending_angle,duration
0,1.0021361112594604,0.9610182642936707,0.9914216995239258,2.142857142857143,28.85246586328036,14
