hand,first_max_height,min_height,second_max_height,dribbling_frequency,bending_angle,duration
0,0.6639568209648132,0.6463084816932678,0.6578454375267029,2.5,70.26703425154678,12
