hand,first_max_height,min_height,second_max_height,dribbling_frequency,bending_angle,duration
0,0.9041817784309387,0.8990734815597534,0.9097727537155151,2.5,19.147089999996656,12
