hand,first_max_height,min_height,second_max_height,dribbling_frequency,bending_angle,duration
0,0.9274675846099854,0.9210301041603088,0.9287066459655762,1.3043478260869565,2.5526454340121165,23
