hand,first_max_height,min_height,second_max_height,dribbling_frequency,bending_angle,duration
1,0.9461123943328857,0.9220792651176453,0.9338449835777283,1.7647058823529411,5.983015091560213,17
