hand,first_max_height,min_height,second_max_height,dribbling_frequency,bending_angle,duration
1,1.0592983961105347,1.0022469758987427,1.0571471452713013,1.875,21.996650873849696,16
