hand,first_max_height,min_height,second_max_height,dribbling_frequency,bending_angle,duration
0,1.0938833951950073,1.0413227081298828,1.0981770753860474,1.875,17.206534322315868,16
