hand,first_max_height,min_height,second_max_height,dribbling_frequency,bending_angle,duration
0,0.9301280379295349,0.9273627400398254,0.9463427066802979,1.7647058823529411,4.122692912245847,17
