hand,first_max_height,min_height,second_max_height,dribbling_frequency,bending_angle,duration
0,0.9523144960403442,0.9247797727584839,0.9327894449234009,2.142857142857143,12.497428069585121,14
