hand,first_max_height,min_height,second_max_height,dribbling_frequency,bending_angle,duration
0,0.9124221205711365,0.9097278714179993,0.9198690056800842,3.0,20.43814560843765,10
