hand,first_max_height,min_height,second_max_height,dribbling_frequency,bending_angle,duration
1,0.8918731212615967,0.863385796546936,0.9048942923545837,2.5,35.51604976635504,12
