hand,first_max_height,min_height,second_max_height,dribbling_frequency,bending_angle,duration
1,1.042492151260376,1.015048623085022,1.0360187292099,2.307692307692308,29.19146674702876,13
