hand,first_max_height,min_height,second_max_height,dribbling_frequency,bending_angle,duration
0,0.9152817130088806,0.9102206230163574,0.9170177578926086,2.5,22.381719572590704,12
