hand,first_max_height,min_height,second_max_height,dribbling_frequency,bending_angle,duration
0,0.9115691781044006,0.9048032164573669,0.9174774289131165,1.7647058823529411,12.933372758529048,17
