hand,first_max_height,min_height,second_max_height,dribbling_frequency,bending_angle,duration
0,0.9272018074989319,0.9091145992279053,0.9157813787460327,2.307692307692308,16.248766845402915,13
