hand,first_max_height,min_height,second_max_height,dribbling_frequency,bending_angle,duration
0,0.939569890499115,0.9288225769996643,0.9328144788742065,1.6666666666666665,7.357456730444722,18
