hand,first_max_height,min_height,second_max_height,dribbling_frequency,bending_angle,duration
1,1.0682942867279053,1.0162099599838257,1.0486674308776855,2.0,22.744350197582246,15
