hand,first_max_height,min_height,second_max_height,dribbling_frequency,bending_angle,duration
1,1.0058704614639282,0.9926900863647461,0.9994996786117554,1.6666666666666665,6.683376218524614,18
