hand,first_max_height,min_height,second_max_height,dribbling_frequency,bending_angle,duration
0,0.784787118434906,0.7613126039505005,0.7768775820732117,2.307692307692308,46.01757579880015,13
