hand,first_max_height,min_height,second_max_height,dribbling_frequency,bending_angle,duration
0,1.0313351154327393,1.025387167930603,1.0399655103683472,2.0,13.258802613576005,15
