hand,first_max_height,min_height,second_max_height,dribbling_frequency,bending_angle,duration
0,1.0673891305923462,1.0437942743301392,1.1283241510391235,2.0,21.407923467680135,15
