hand,first_max_height,min_height,second_max_height,dribbling_frequency,bending_angle,duration
1,0.7708547711372375,0.7474626302719116,0.9974838495254517,1.3636363636363638,57.8741137915993,22
