hand,first_max_height,min_height,second_max_height,dribbling_frequency,bending_angle,duration
0,0.6719123721122742,0.6352870464324951,0.6544154286384583,1.5789473684210527,60.03655361522087,19
