hand,first_max_height,min_height,second_max_height,dribbling_frequency,bending_angle,duration
1,0.9198119044303894,0.8827947378158569,0.9256734251976013,1.875,24.481444608973586,16
