hand,first_max_height,min_height,second_max_height,dribbling_frequency,bending_angle,duration
0,0.9122780561447144,0.9114366769790649,0.9159541726112366,3.0,7.126495053788376,10
