hand,first_max_height,min_height,second_max_height,dribbling_frequency,bending_angle,duration
0,0.8791747093200684,0.854387104511261,0.8771223425865173,2.0,36.75444524809204,15
