hand,first_max_height,min_height,second_max_height,dribbling_frequency,bending_angle,duration
1,0.9616250991821289,0.9549153447151184,0.9554492235183716,3.0,1.0489044068168902,10
