hand,first_max_height,min_height,second_max_height,dribbling_frequency,bending_angle,duration
0,1.1272475719451904,1.1177585124969482,1.1247384548187256,3.0,2.2952501077877416,10
