hand,first_max_height,min_height,second_max_height,dribbling_frequency,bending_angle,duration
1,1.1687699556350708,1.1541833877563477,1.1634596586227417,1.6666666666666665,16.988356334824424,18
