hand,first_max_height,min_height,second_max_height,dribbling_frequency,bending_angle,duration
0,0.9254081845283508,0.9168893694877625,0.9176254272460938,2.7272727272727275,14.117611334041237,11
