hand,first_max_height,min_height,second_max_height,dribbling_frequency,bending_angle,duration
0,0.9175415635108948,0.9172858595848083,0.925876259803772,2.5,3.2000051852800806,12
