hand,first_max_height,min_height,second_max_height,dribbling_frequency,bending_angle,duration
0,0.9346461296081543,0.9273059964179993,0.9465962052345276,1.7647058823529411,9.44943517444452,17
