hand,first_max_height,min_height,second_max_height,dribbling_frequency,bending_angle,duration
0,0.7386354207992554,0.7329534292221069,0.7586145401000977,2.5,55.344401423641905,12
