hand,first_max_height,min_height,second_max_height,dribbling_frequency,bending_angle,duration
1,1.0247774124145508,0.9994819164276123,1.0364329814910889,2.0,19.18280072871449,15
