hand,first_max_height,min_height,second_max_height,dribbling_frequency,bending_angle,duration
0,0.886594295501709,0.8431111574172974,0.8847272992134094,1.7647058823529411,20.818091822735607,17
