hand,first_max_height,min_height,second_max_height,dribbling_frequency,bending_angle,duration
0,0.9462552666664124,0.9288610816001892,0.9295758605003357,1.875,7.640911999486553,16
