hand,first_max_height,min_height,second_max_height,dribbling_frequency,bending_angle,duration
0,0.8680785298347473,0.8507108688354492,0.8593235015869141,2.7272727272727275,50.27268436585795,11
