hand,first_max_height,min_height,second_max_height,dribbling_frequency,bending_angle,duration
0,0.9322406649589539,0.9282243251800537,0.9337489008903503,1.875,5.817995124723939,16
