hand,first_max_height,min_height,second_max_height,dribbling_frequency,bending_angle,duration
1,1.0808459520339966,1.0460774898529053,1.1082912683486938,2.307692307692308,28.58764347348174,13
