hand,first_max_height,min_height,second_max_height,dribbling_frequency,bending_angle,duration
1,1.0665867328643799,1.0490041971206665,1.0715482234954834,3.0,8.956928413101986,10
