hand,first_max_height,min_height,second_max_height,dribbling_frequency,bending_angle,duration
0,1.1030751466751099,1.079830288887024,1.0911500453948975,1.5,3.2228788692886914,20
