hand,first_max_height,min_height,second_max_height,dribbling_frequency,bending_angle,duration
1,0.7185565829277039,0.6946753263473511,0.752210259437561,2.142857142857143,60.585077691964536,14
