hand,first_max_height,min_height,second_max_height,dribbling_frequency,bending_angle,duration
0,0.9132465124130249,0.9104198813438416,0.9349254369735718,1.3043478260869565,11.317479226771113,23
