hand,first_max_height,min_height,second_max_height,dribbling_frequency,bending_angle,duration
0,0.9691466689109802,0.9482633471488953,0.9648938179016113,1.4285714285714284,4.485452147245862,21
