hand,first_max_height,min_height,second_max_height,dribbling_frequency,bending_angle,duration
1,0.7952662706375122,0.7698394656181335,0.7909103631973267,3.0,58.27556816069917,10
