hand,first_max_height,min_height,second_max_height,dribbling_frequency,bending_angle,duration
0,0.9255777597427368,0.9115415215492249,0.9248815774917603,2.307692307692308,11.978600805397392,13
