hand,first_max_height,min_height,second_max_height,dribbling_frequency,bending_angle,duration
0,1.169193983078003,1.1160879135131836,1.1670163869857788,2.142857142857143,12.742229690968754,14
