hand,first_max_height,min_height,second_max_height,dribbling_frequency,bending_angle,duration
1,1.0872368812561035,0.9917052388191223,1.0478017330169678,1.7647058823529411,23.017477891826108,17
