hand,first_max_height,min_height,second_max_height,dribbling_frequency,bending_angle,duration
0,0.9297376275062561,0.9224275946617126,0.925174355506897,2.7272727272727275,9.72477080356289,11
