hand,first_max_height,min_height,second_max_height,dribbling_frequency,bending_angle,duration
0,1.0156610012054443,0.9766201972961426,0.9976388216018677,1.7647058823529411,29.33880796806295,17
