hand,first_max_height,min_height,second_max_height,dribbling_frequency,bending_angle,duration
0,0.9121198654174805,0.9072527885437012,0.9350888133049011,1.4285714285714284,4.352849861063644,21
