hand,first_max_height,min_height,second_max_height,dribbling_frequency,bending_angle,duration
1,0.6768513917922974,0.671701192855835,0.6905012726783752,2.5,63.72313292954397,12
