hand,first_max_height,min_height,second_max_height,dribbling_frequency,bending_angle,duration
1,1.0731604099273682,1.039257526397705,1.0563980340957642,2.5,28.845716610002043,12
