hand,first_max_height,min_height,second_max_height,dribbling_frequency,bending_angle,duration
0,0.699398934841156,0.687478244304657,0.6880190372467041,2.7272727272727275,57.68092440013869,11
