hand,first_max_height,min_height,second_max_height,dribbling_frequency,bending_angle,duration
0,1.0373425483703613,1.0034931898117065,1.04508638381958,2.0,23.89888605037164,15
