hand,first_max_height,min_height,second_max_height,dribbling_frequency,bending_angle,duration
0,1.1340123414993286,1.120275855064392,1.1309239864349365,1.6666666666666665,9.656733579289783,18
