hand,first_max_height,min_height,second_max_height,dribbling_frequency,bending_angle,duration
1,0.9159380793571472,0.9144642949104309,0.9208232164382935,2.142857142857143,8.832256679489081,14
