hand,first_max_height,min_height,second_max_height,dribbling_frequency,bending_angle,duration
0,0.6714401245117188,0.6639270782470703,0.6657854318618774,3.0,63.54639961020468,10
