hand,first_max_height,min_height,second_max_height,dribbling_frequency,bending_angle,duration
0,0.9588776230812073,0.9436253309249878,0.9459705948829651,1.25,4.257505598964489,24
