hand,first_max_height,min_height,second_max_height,dribbling_frequency,bending_angle,duration
0,0.7454017400741577,0.7343409061431885,0.7491430640220642,2.307692307692308,58.83616292950069,13
