hand,first_max_height,min_height,second_max_height,dribbling_frequency,bending_angle,duration
0,0.9231990575790405,0.9061412215232849,0.9070842266082764,2.307692307692308,11.476330323856617,13
