hand,first_max_height,min_height,second_max_height,dribbling_frequency,bending_angle,duration
0,0.67618328332901,0.6657895445823669,0.7281631231307983,2.0,64.90149082448508,15
