hand,first_max_height,min_height,second_max_height,dribbling_frequency,bending_angle,duration
1,0.6819754242897034,0.6635795831680298,0.6827985644340515,2.0,67.99105675794566,15
