hand,first_max_height,min_height,second_max_height,dribbling_frequency,bending_angle,duration
0,0.9327014088630676,0.9124273657798767,0.9232790470123291,2.142857142857143,32.646315929353165,14
