hand,first_max_height,min_height,second_max_height,dribbling_frequency,bending_angle,duration
0,0.9078074097633362,0.8918024301528931,0.8996646404266357,2.142857142857143,16.738186555920777,14
