hand,first_max_height,min_height,second_max_height,dribbling_frequency,bending_angle,duration
0,0.9554609060287476,0.9445289969444275,0.9474807977676392,1.875,4.639293161897371,16
