hand,first_max_height,min_height,second_max_height,dribbling_frequency,bending_angle,duration
0,0.9377292990684509,0.9372363686561584,0.9462645053863525,2.5,1.251817831671722,12
