hand,first_max_height,min_height,second_max_height,dribbling_frequency,bending_angle,duration
0,0.930767297744751,0.9210491180419922,0.9262062311172485,1.875,5.617121668443952,16
