hand,first_max_height,min_height,second_max_height,dribbling_frequency,bending_angle,duration
0,0.8054651021957397,0.7896137237548828,0.8107277154922485,2.307692307692308,40.38541519516843,13
