hand,first_max_height,min_height,second_max_height,dribbling_frequency,bending_angle,duration
0,0.8457387685775757,0.8352787494659424,0.8478624820709229,2.5,52.497159592124056,12
