hand,first_max_height,min_height,second_max_height,dribbling_frequency,bending_angle,duration
0,1.1140881776809692,1.0964252948760986,1.0980321168899536,3.0,5.661349565998227,10
