hand,first_max_height,min_height,second_max_height,dribbling_frequency,bending_angle,duration
0,0.9665064215660095,0.9502007961273193,0.9566231369972229,1.6666666666666665,10.600057368279776,18
