hand,first_max_height,min_height,second_max_height,dribbling_frequency,bending_angle,duration
0,1.0477776527404785,0.9730330109596252,1.0274256467819214,1.7647058823529411,22.611577358451363,17
