hand,first_max_height,min_height,second_max_height,dribbling_frequency,bending_angle,duration
1,0.9132513999938965,0.9049304127693176,0.9260075688362122,2.7272727272727275,17.895086448888247,11
