hand,first_max_height,min_height,second_max_height,dribbling_frequency,bending_angle,duration
0,0.9085881114006042,0.9085881114006042,0.9451270699501038,2.7272727272727275,14.659937928315555,11
