hand,first_max_height,min_height,second_max_height,dribbling_frequency,bending_angle,duration
0,1.1581714153289795,1.0870598554611206,1.1471672058105469,1.875,13.9186499526945,16
