hand,first_max_height,min_height,second_max_height,dribbling_frequency,bending_angle,duration
0,0.913412868976593,0.9036784172058105,0.9228935837745667,1.5789473684210527,13.361113818987894,19
