hand,first_max_height,min_height,second_max_height,dribbling_frequency,bending_angle,duration
0,1.074865698814392,1.0560115575790405,1.0639872550964355,2.0,1.3907250363074855,15
