hand,first_max_height,min_height,second_max_height,dribbling_frequency,bending_angle,duration
0,0.9178904294967651,0.9152563810348511,0.9266408085823059,1.875,6.443002542609412,16
