hand,first_max_height,min_height,second_max_height,dribbling_frequency,bending_angle,duration
0,0.9496804475784302,0.9461191892623901,0.9508023262023926,1.875,1.4828576382599465,16
