hand,first_max_height,min_height,second_max_height,dribbling_frequency,bending_angle,duration
0,0.9003843069076538,0.8785945177078247,0.8954749703407288,1.6666666666666665,20.64840994850563,18
