hand,first_max_height,min_height,second_max_height,dribbling_frequency,bending_angle,duration
0,1.0094889402389526,0.9944422841072083,1.0085289478302002,2.0,30.641441793069063,15
