hand,first_max_height,min_height,second_max_height,dribbling_frequency,bending_angle,duration
0,0.940561056137085,0.9306783676147461,0.9324714541435242,2.5,1.3792429755609044,12
