hand,first_max_height,min_height,second_max_height,dribbling_frequency,bending_angle,duration
1,0.9468499422073364,0.937053382396698,0.9389727711677551,2.7272727272727275,7.6513100264216884,11
