hand,first_max_height,min_height,second_max_height,dribbling_frequency,bending_angle,duration
0,0.9628754258155823,0.9587383270263672,0.962282121181488,2.142857142857143,6.927141688110625,14
