hand,first_max_height,min_height,second_max_height,dribbling_frequency,bending_angle,duration
0,0.9237552881240845,0.9121977686882019,0.9131338000297546,2.7272727272727275,11.67743545352318,11
