hand,first_max_height,min_height,second_max_height,dribbling_frequency,bending_angle,duration
0,0.9838065505027771,0.9522818326950073,0.9634335041046143,1.875,26.94918197077175,16
