hand,first_max_height,min_height,second_max_height,dribbling_frequency,bending_angle,duration
1,0.9851357936859131,0.9525642395019531,0.9750396609306335,2.0,7.52083089726463,15
