hand,first_max_height,min_height,second_max_height,dribbling_frequency,bending_angle,duration
1,1.1100115776062012,1.0939230918884277,1.1101317405700684,2.5,7.384013623457445,12
