hand,first_max_height,min_height,second_max_height,dribbling_frequency,bending_angle,duration
0,0.9189801812171936,0.9140631556510925,0.9254747033119202,1.875,6.652363688365301,16
