hand,first_max_height,min_height,second_max_height,dribbling_frequency,bending_angle,duration
0,0.7335709929466248,0.7159563302993774,0.7346271872520447,2.142857142857143,61.072675163884576,14
