hand,first_max_height,min_height,second_max_height,dribbling_frequency,bending_angle,duration
0,0.9536352157592773,0.9477663040161133,0.9517502784729004,3.0,3.417328633900654,10
