hand,first_max_height,min_height,second_max_height,dribbling_frequency,bending_angle,duration
0,0.9341351985931396,0.9246615171432495,0.931022584438324,1.7647058823529411,5.311746537745155,17
