hand,first_max_height,min_height,second_max_height,dribbling_frequency,bending_angle,duration
0,0.8504428863525391,0.8055059909820557,0.8546786308288574,2.307692307692308,46.297562174637804,13
