hand,first_max_height,min_height,second_max_height,dribbling_frequency,bending_angle,duration
0,0.9182278513908386,0.9140360355377197,0.9282256364822388,1.5789473684210527,7.082130645587053,19
