hand,first_max_height,min_height,second_max_height,dribbling_frequency,bending_angle,duration
0,0.9598619341850281,0.9417175650596619,0.9423549175262451,2.142857142857143,5.951085853081709,14
