hand,first_max_height,min_height,second_max_height,dribbling_frequency,bending_angle,duration
0,1.0624722242355347,1.0555171966552734,1.0611743927001953,2.7272727272727275,7.595026636703865,11
