hand,first_max_height,min_height,second_max_height,dribbling_frequency,bending_angle,duration
0,0.9389455318450928,0.930126428604126,0.9390509724617004,2.307692307692308,32.546108153498096,13
