hand,first_max_height,min_height,second_max_height,dribbling_frequency,bending_angle,duration
1,1.165690541267395,1.163559079170227,1.1691269874572754,2.5,11.62443981168038,12
