hand,first_max_height,min_height,second_max_height,dribbling_frequency,bending_angle,duration
1,0.9232012033462524,0.9077189564704895,0.9524898529052734,1.5789473684210527,17.46505425331896,19
