hand,first_max_height,min_height,second_max_height,dribbling_frequency,bending_angle,duration
0,0.93174147605896,0.9285596013069153,0.9320271611213684,2.307692307692308,4.214564442950604,13
