hand,first_max_height,min_height,second_max_height,dribbling_frequency,bending_angle,duration
1,0.9659299254417419,0.9626108407974243,0.9717859029769897,1.4285714285714284,1.4354317743661191,21
