hand,first_max_height,min_height,second_max_height,dribbling_frequency,bending_angle,duration
0,0.9013804793357849,0.8998671174049377,0.9060356616973877,3.0,11.498574028651863,10
