hand,first_max_height,min_height,second_max_height,dribbling_frequency,bending_angle,duration
0,0.7562739253044128,0.742466151714325,0.7517737150192261,2.5,62.447706219204655,12
