hand,first_max_height,min_height,second_max_height,dribbling_frequency,bending_angle,duration
0,0.9358869194984436,0.8912254571914673,0.8982732892036438,1.25,9.90236057711566,24
