hand,first_max_height,min_height,second_max_height,dribbling_frequency,bending_angle,duration
0,0.9446479082107544,0.9441425204277039,0.9573725461959839,1.7647058823529411,4.116915707962949,17
