hand,first_max_height,min_height,second_max_height,dribbling_frequency,bending_angle,duration
0,1.1517446041107178,1.117060661315918,1.1593713760375977,1.6666666666666665,11.34465914451356,18
