hand,first_max_height,min_height,second_max_height,dribbling_frequency,bending_angle,duration
0,0.9313641786575317,0.9279889464378357,0.9314548969268799,3.0,8.066793156432931,10
