hand,first_max_height,min_height,second_max_height,dribbling_frequency,bending_angle,duration
0,0.9226744174957275,0.8233609199523926,0.8294702172279358,2.0,13.004204240279769,15
