hand,first_max_height,min_height,second_max_height,dribbling_frequency,bending_angle,duration
1,0.9354850053787231,0.9294236898422241,0.9452923536300659,1.875,8.688738729759828,16
