hand,first_max_height,min_height,second_max_height,dribbling_frequency,bending_angle,duration
0,0.9087793827056885,0.6540017127990723,0.6574331521987915,1.25,14.32402557957212,24
