hand,first_max_height,min_height,second_max_height,dribbling_frequency,bending_angle,duration
1,1.1155307292938232,1.076239824295044,1.0950597524642944,2.307692307692308,23.553484316559558,13
