hand,first_max_height,min_height,second_max_height,dribbling_frequency,bending_angle,duration
0,0.9614903330802917,0.9362192153930664,0.9397038221359253,1.6666666666666665,16.91509549270774,18
