hand,first_max_height,min_height,second_max_height,dribbling_frequency,bending_angle,duration
0,0.7235491275787354,0.70595383644104,0.7172231078147888,2.5,58.943725426974375,12
