hand,first_max_height,min_height,second_max_height,dribbling_frequency,bending_angle,duration
1,0.9398598074913025,0.9384881854057312,0.9514825940132141,2.0,9.762391938725044,15
