hand,first_max_height,min_height,second_max_height,dribbling_frequency,bending_angle,duration
1,0.9669477939605713,0.956993818283081,0.9624063372612,1.7647058823529411,18.484490046226913,17
