hand,first_max_height,min_height,second_max_height,dribbling_frequency,bending_angle,duration
0,0.9526125192642212,0.9435084462165833,0.9496888518333435,1.7647058823529411,7.480295230645481,17
