hand,first_max_height,min_height,second_max_height,dribbling_frequency,bending_angle,duration
1,0.9574610590934753,0.9562839865684509,0.9591963291168213,2.5,2.0395097068697945,12
