hand,first_max_height,min_height,second_max_height,dribbling_frequency,bending_angle,duration
0,0.9248221516609192,0.9243727326393127,0.951163649559021,1.5,8.879160856869523,20
