hand,first_max_height,min_height,second_max_height,dribbling_frequency,bending_angle,duration
0,0.9622469544410706,0.9507395029067993,0.9540569186210632,2.0,20.008588270044655,15
