hand,first_max_height,min_height,second_max_height,dribbling_frequency,bending_angle,duration
0,0.8750922083854675,0.8332328200340271,0.886594295501709,1.5789473684210527,24.599216640056486,19
