hand,first_max_height,min_height,second_max_height,dribbling_frequency,bending_angle,duration
1,1.0732710361480713,1.0195326805114746,1.0403498411178589,2.5,23.6439257697723,12
