hand,first_max_height,min_height,second_max_height,dribbling_frequency,bending_angle,duration
0,1.020749807357788,1.0146797895431519,1.0323731899261475,2.0,26.91515163345641,15
