hand,first_max_height,min_height,second_max_height,dribbling_frequency,bending_angle,duration
1,1.0464991331100464,0.9484878778457642,1.0224409103393555,1.7647058823529411,19.108396947958042,17
