hand,first_max_height,min_height,second_max_height,dribbling_frequency,bending_angle,duration
0,0.8188872933387756,0.8029987215995789,0.815628170967102,2.0,52.513566225998915,15
