hand,first_max_height,min_height,second_max_height,dribbling_frequency,bending_angle,duration
0,1.1471672058105469,1.080796241760254,1.138136386871338,1.7647058823529411,15.080248570785598,17
