hand,first_max_height,min_height,second_max_height,dribbling_frequency,bending_angle,duration
0,0.9530180096626282,0.9397251605987549,0.9427223801612854,1.5,3.942914715456671,20
