hand,first_max_height,min_height,second_max_height,dribbling_frequency,bending_angle,duration
1,0.7208535075187683,0.7113592028617859,0.7469838857650757,2.7272727272727275,57.9603913138731,11
