hand,first_max_height,min_height,second_max_height,dribbling_frequency,bending_angle,duration
0,0.9236297607421875,0.9226869940757751,0.933712363243103,3.0,9.721294297279927,10
