hand,first_max_height,min_height,second_max_height,dribbling_frequency,bending_angle,duration
0,0.9568862915039062,0.9472772479057312,0.9503787755966187,1.3636363636363638,4.0339935497916315,22
