hand,first_max_height,min_height,second_max_height,dribbling_frequency,bending_angle,duration
0,0.9401769638061523,0.9262627959251404,0.9499201774597168,1.7647058823529411,8.628709022191817,17
