hand,first_max_height,min_height,second_max_height,dribbling_frequency,bending_angle,duration
0,0.6574331521987915,0.652718186378479,0.6765088438987732,2.5,68.85342088338308,12
