hand,first_max_height,min_height,second_max_height,dribbling_frequency,bending_angle,duration
0,0.9595349431037903,0.9128730893135071,0.9843064546585083,2.0,7.919400720909159,15
