hand,first_max_height,min_height,second_max_height,dribbling_frequency,bending_angle,duration
0,0.8894035220146179,0.8858231902122498,0.912205159664154,2.0,23.504332057398116,15
