hand,first_max_height,min_height,second_max_height,dribbling_frequency,bending_angle,duration
0,0.9152565002441406,0.9075981378555298,0.9232526421546936,2.0,8.518642378252485,15
