hand,first_max_height,min_height,second_max_height,dribbling_frequency,bending_angle,duration
0,0.7116482257843018,0.669619083404541,0.6784918904304504,1.7647058823529411,62.92793218918462,17
