hand,first_max_height,min_height,second_max_height,dribbling_frequency,bending_angle,duration
1,1.1814258098602295,1.17481529712677,1.1788753271102905,3.0,9.587387458400896,10
