hand,first_max_height,min_height,second_max_height,dribbling_frequency,bending_angle,duration
0,0.9220191836357117,0.9089674353599548,0.9137740731239319,1.7647058823529411,7.312272878401758,17
