hand,first_max_height,min_height,second_max_height,dribbling_frequency,bending_angle,duration
0,0.9559807181358337,0.9558155536651611,0.9716446995735168,2.307692307692308,4.9941649029551245,13
