hand,first_max_height,min_height,second_max_height,dribbling_frequency,bending_angle,duration
0,1.0703198909759521,1.0255173444747925,1.0825225114822388,1.875,19.571704325508808,16
