hand,first_max_height,min_height,second_max_height,dribbling_frequency,bending_angle,duration
1,1.1860352754592896,1.1731841564178467,1.1894785165786743,1.3636363636363638,9.434064162706253,22
