hand,first_max_height,min_height,second_max_height,dribbling_frequency,bending_angle,duration
0,0.9175273776054382,0.9168760776519775,0.9320396184921265,1.6666666666666665,4.712243012430617,18
