hand,first_max_height,min_height,second_max_height,dribbling_frequency,bending_angle,duration
0,1.0576655864715576,1.0410652160644531,1.096860647201538,1.7647058823529411,17.77247163291099,17
