hand,first_max_height,min_height,second_max_height,dribbling_frequency,bending_angle,duration
0,0.9488746523857117,0.9282796382904053,0.9300370812416077,2.142857142857143,8.960209838442218,14
