hand,first_max_height,min_height,second_max_height,dribbling_frequency,bending_angle,duration
0,0.9588711261749268,0.9568129181861877,0.9651430249214172,2.307692307692308,13.592961708718603,13
