hand,first_max_height,min_height,second_max_height,dribbling_frequency,bending_angle,duration
0,0.9336001873016357,0.9333745241165161,0.9733978509902954,1.6666666666666665,7.6750428537852775,18
