hand,first_max_height,min_height,second_max_height,dribbling_frequency,bending_angle,duration
0,1.0323731899261475,1.015237808227539,1.0423696041107178,1.875,25.942673654628873,16
