hand,first_max_height,min_height,second_max_height,dribbling_frequency,bending_angle,duration
0,0.9193691611289978,0.9153428673744202,0.9170447587966919,3.0,9.913783097038102,10
