hand,first_max_height,min_height,second_max_height,dribbling_frequency,bending_angle,duration
1,0.91440749168396,0.8565369844436646,0.8764514923095703,2.307692307692308,19.27488665728111,13
