hand,first_max_height,min_height,second_max_height,dribbling_frequency,bending_angle,duration
0,0.699101984500885,0.6916694641113281,0.6935331225395203,3.0,67.89459634204937,10
