hand,first_max_height,min_height,second_max_height,dribbling_frequency,bending_angle,duration
0,0.935114324092865,0.9214954376220703,0.9341657757759094,2.5,33.24076314458152,12
