hand,first_max_height,min_height,second_max_height,dribbling_frequency,bending_angle,duration
0,0.9330787062644958,0.9011808633804321,0.9170716404914856,2.142857142857143,40.80121874448155,14
