hand,first_max_height,min_height,second_max_height,dribbling_frequency,bending_angle,duration
1,1.0502785444259644,1.0189496278762817,1.0473029613494873,2.307692307692308,28.131904634010223,13
