hand,first_max_height,min_height,second_max_height,dribbling_frequency,bending_angle,duration
0,0.9066051840782166,0.8798589706420898,0.8978672027587891,1.5789473684210527,17.90316798897052,19
