hand,first_max_height,min_height,second_max_height,dribbling_frequency,bending_angle,duration
1,0.6903017163276672,0.6831122636795044,0.6998804807662964,3.0,61.13967643312108,10
