hand,first_max_height,min_height,second_max_height,dribbling_frequency,bending_angle,duration
0,0.9116739630699158,0.9073336720466614,0.9302424788475037,1.6666666666666665,9.547293294995898,18
