hand,first_max_height,min_height,second_max_height,dribbling_frequency,bending_angle,duration
1,0.9537203311920166,0.9529759287834167,0.955340564250946,3.0,1.0833105291628804,10
