hand,first_max_height,min_height,second_max_height,dribbling_frequency,bending_angle,duration
1,1.0643305778503418,1.0486360788345337,1.064916968345642,2.307692307692308,24.80363078254433,13
