hand,first_max_height,min_height,second_max_height,dribbling_frequency,bending_angle,duration
0,0.9462010860443115,0.93168044090271,0.9328920841217041,1.5789473684210527,5.265922156397543,19
