hand,first_max_height,min_height,second_max_height,dribbling_frequency,bending_angle,duration
0,0.9065490961074829,0.898075520992279,0.9149057269096375,1.6666666666666665,14.124025029729184,18
