hand,first_max_height,min_height,second_max_height,dribbling_frequency,bending_angle,duration
0,0.9722935557365417,0.9696384072303772,0.986175537109375,2.307692307692308,5.206962508917437,13
