hand,first_max_height,min_height,second_max_height,dribbling_frequency,bending_angle,duration
0,1.1659914255142212,1.1112407445907593,1.1585042476654053,1.3636363636363638,11.12587237062961,22
