hand,first_max_height,min_height,second_max_height,dribbling_frequency,bending_angle,duration
0,0.7198057770729065,0.7153856754302979,0.720527172088623,2.307692307692308,57.84350483545804,13
