hand,first_max_height,min_height,second_max_height,dribbling_frequency,bending_angle,duration
0,1.071945309638977,1.0396828651428223,1.0800676345825195,1.875,18.855032606970074,16
