hand,first_max_height,min_height,second_max_height,dribbling_frequency,bending_angle,duration
1,1.0750278234481812,1.0430452823638916,1.0871894359588623,2.5,11.265483741920207,12
