hand,first_max_height,min_height,second_max_height,dribbling_frequency,bending_angle,duration
0,0.8896069526672363,0.8733270168304443,0.8825852870941162,1.875,31.11068536190225,16
