hand,first_max_height,min_height,second_max_height,dribbling_frequency,bending_angle,duration
1,0.7350078225135803,0.7046394944190979,0.736424446105957,2.307692307692308,57.652721462560976,13
