hand,first_max_height,min_height,second_max_height,dribbling_frequency,bending_angle,duration
0,0.8593416810035706,0.8388095498085022,0.8528931736946106,1.5,28.07720438802111,20
