hand,first_max_height,min_height,second_max_height,dribbling_frequency,bending_angle,duration
0,0.927498459815979,0.9228469729423523,0.9274843335151672,2.0,3.0374976789973855,15
