hand,first_max_height,min_height,second_max_height,dribbling_frequency,bending_angle,duration
1,1.0644583702087402,1.0314769744873047,1.0502785444259644,2.307692307692308,28.480707099170157,13
