hand,first_max_height,min_height,second_max_height,dribbling_frequency,bending_angle,duration
0,0.9146381616592407,0.9136666655540466,0.9167180061340332,3.0,11.00073667310778,10
