hand,first_max_height,min_height,second_max_height,dribbling_frequency,bending_angle,duration
0,1.0071479082107544,0.9916976094245911,1.0234224796295166,2.0,22.432867546394345,15
