hand,first_max_height,min_height,second_max_height,dribbling_frequency,bending_angle,duration
0,0.9716446995735168,0.9538062810897827,0.9595847725868225,1.3043478260869565,5.210603053380678,23
