hand,first_max_height,min_height,second_max_height,dribbling_frequency,bending_angle,duration
0,0.9187045097351074,0.9094053506851196,0.9182022213935852,1.5789473684210527,6.720848587576619,19
