hand,first_max_height,min_height,second_max_height,dribbling_frequency,bending_angle,duration
0,0.7747130393981934,0.756338357925415,0.786932647228241,2.142857142857143,55.238860871456566,14
