hand,first_max_height,min_height,second_max_height,dribbling_frequency,bending_angle,duration
0,0.8730002641677856,0.8552252650260925,0.8705792427062988,1.5,24.751503326923242,20
