hand,first_max_height,min_height,second_max_height,dribbling_frequency,bending_angle,duration
1,1.1098641157150269,1.099307656288147,1.1221892833709717,3.0,6.042943553849873,10
