hand,first_max_height,min_height,second_max_height,dribbling_frequency,bending_angle,duration
0,0.8365441560745239,0.7767244577407837,0.8435178995132446,1.3636363636363638,31.10045614978735,22
