hand,first_max_height,min_height,second_max_height,dribbling_frequency,bending_angle,duration
0,1.1482211351394653,1.1143395900726318,1.1518373489379883,1.6666666666666665,9.820484719387764,18
