hand,first_max_height,min_height,second_max_height,dribbling_frequency,bending_angle,duration
0,0.925174355506897,0.921370804309845,0.9329160451889038,3.0,15.046772306771874,10
