hand,first_max_height,min_height,second_max_height,dribbling_frequency,bending_angle,duration
0,0.7782443165779114,0.747412383556366,0.7754982113838196,2.0,52.65917719688474,15
