hand,first_max_height,min_height,second_max_height,dribbling_frequency,bending_angle,duration
1,1.1625090837478638,1.1423991918563843,1.1527583599090576,1.5,3.1451061446868667,20
