hand,first_max_height,min_height,second_max_height,dribbling_frequency,bending_angle,duration
0,0.9385045766830444,0.9182965755462646,0.9183270931243896,1.875,3.2695520133172127,16
