hand,first_max_height,min_height,second_max_height,dribbling_frequency,bending_angle,duration
0,0.9550482034683228,0.9509417414665222,0.9614903330802917,2.5,19.321506823196977,12
