hand,first_max_height,min_height,second_max_height,dribbling_frequency,bending_angle,duration
0,0.6762728095054626,0.6580817103385925,0.695198118686676,1.7647058823529411,60.7524975689349,17
