hand,first_max_height,min_height,second_max_height,dribbling_frequency,bending_angle,duration
0,0.8621704578399658,0.8503527045249939,0.8706841468811035,1.7647058823529411,27.347256573935333,17
