hand,first_max_height,min_height,second_max_height,dribbling_frequency,bending_angle,duration
0,0.7175199389457703,0.6768251061439514,0.6851828098297119,2.0,53.042672267962296,15
