hand,first_max_height,min_height,second_max_height,dribbling_frequency,bending_angle,duration
0,0.9585047364234924,0.9104019403457642,0.9118285179138184,1.3043478260869565,10.212292372484821,23
