hand,first_max_height,min_height,second_max_height,dribbling_frequency,bending_angle,duration
0,1.0598033666610718,1.043259620666504,1.0505082607269287,1.875,7.37619516638041,16
