hand,first_max_height,min_height,second_max_height,dribbling_frequency,bending_angle,duration
0,0.9272637963294983,0.9185281991958618,0.9194074273109436,1.5789473684210527,10.898638904594726,19
