hand,first_max_height,min_height,second_max_height,dribbling_frequency,bending_angle,duration
0,0.9258328676223755,0.9184640049934387,0.9231320023536682,1.3043478260869565,1.8325189078203947,23
