hand,first_max_height,min_height,second_max_height,dribbling_frequency,bending_angle,duration
0,0.9286969304084778,0.9225051403045654,0.9244090914726257,3.0,10.903103288351183,10
