hand,first_max_height,min_height,second_max_height,dribbling_frequency,bending_angle,duration
0,0.9041527509689331,0.8939318060874939,0.9085995554924011,2.5,14.35369225194369,12
