hand,first_max_height,min_height,second_max_height,dribbling_frequency,bending_angle,duration
0,0.9280199408531189,0.9253010749816895,0.9297732710838318,3.0,1.5041923416308869,10
