hand,first_max_height,min_height,second_max_height,dribbling_frequency,bending_angle,duration
0,0.9118618369102478,0.8914387226104736,0.9137635827064514,2.307692307692308,13.982886657335923,13
