hand,first_max_height,min_height,second_max_height,dribbling_frequency,bending_angle,duration
0,0.9989175796508789,0.9974334836006165,1.0103422403335571,2.5,9.211454721753999,12
