hand,first_max_height,min_height,second_max_height,dribbling_frequency,bending_angle,duration
0,0.9315842390060425,0.9303632974624634,0.9333510994911194,3.0,7.24974121897739,10
