hand,first_max_height,min_height,second_max_height,dribbling_frequency,bending_angle,duration
0,0.9034144878387451,0.9013296365737915,0.9145958423614502,1.7647058823529411,10.976470756927803,17
