hand,first_max_height,min_height,second_max_height,dribbling_frequency,bending_angle,duration
1,1.1705739498138428,1.1649575233459473,1.1753416061401367,1.6666666666666665,11.922555648241838,18
