hand,first_max_height,min_height,second_max_height,dribbling_frequency,bending_angle,duration
1,0.9561654329299927,0.9464277029037476,0.9541004300117493,2.7272727272727275,11.21894425108095,11
