hand,first_max_height,min_height,second_max_height,dribbling_frequency,bending_angle,duration
0,0.704669177532196,0.6923194527626038,0.7021214365959167,1.875,60.616220764408276,16
