hand,first_max_height,min_height,second_max_height,dribbling_frequency,bending_angle,duration
1,0.9175901412963867,0.9175369739532471,0.9378886222839355,1.4285714285714284,7.425359579383415,21
