hand,first_max_height,min_height,second_max_height,dribbling_frequency,bending_angle,duration
0,0.9161924719810486,0.9156090617179871,0.9380598068237305,1.5,18.485769283951804,20
