hand,first_max_height,min_height,second_max_height,dribbling_frequency,bending_angle,duration
0,0.6407695412635803,0.6388404369354248,0.6512558460235596,2.142857142857143,66.08867728046853,14
