hand,first_max_height,min_height,second_max_height,dribbling_frequency,bending_angle,duration
0,0.9344068169593811,0.919952929019928,0.9209367632865906,1.6666666666666665,6.961835124440757,18
