hand,first_max_height,min_height,second_max_height,dribbling_frequency,bending_angle,duration
0,0.9128492474555969,0.905510425567627,0.9236205220222473,1.4285714285714284,6.849263256386895,21
