hand,first_max_height,min_height,second_max_height,dribbling_frequency,bending_angle,duration
0,0.9177072644233704,0.8897972106933594,0.9240759611129761,1.6666666666666665,6.756921587895722,18
