hand,first_max_height,min_height,second_max_height,dribbling_frequency,bending_angle,duration
0,0.9134291410446167,0.9096348285675049,0.9203044772148132,1.3636363636363638,9.382455210847928,22
