hand,first_max_height,min_height,second_max_height,dribbling_frequency,bending_angle,duration
0,0.9229229688644409,0.9121535420417786,0.9141793847084045,3.0,9.21121949589897,10
