hand,first_max_height,min_height,second_max_height,dribbling_frequency,bending_angle,duration
1,0.9182544946670532,0.904992938041687,0.9089284539222717,2.307692307692308,13.787408169090837,13
