hand,first_max_height,min_height,second_max_height,dribbling_frequency,bending_angle,duration
0,1.133377194404602,1.0954338312149048,1.151440978050232,1.7647058823529411,15.642113623917746,17
