hand,first_max_height,min_height,second_max_height,dribbling_frequency,bending_angle,duration
0,0.9362791776657104,0.9260250926017761,0.9282791018486023,3.0,6.527411700240305,10
