hand,first_max_height,min_height,second_max_height,dribbling_frequency,bending_angle,duration
1,0.7134600877761841,0.6899684071540833,0.7541511058807373,2.142857142857143,62.01323357419278,14
