hand,first_max_height,min_height,second_max_height,dribbling_frequency,bending_angle,duration
0,0.930322527885437,0.927831768989563,0.9320181012153625,2.7272727272727275,8.078454752632343,11
