hand,first_max_height,min_height,second_max_height,dribbling_frequency,bending_angle,duration
1,0.7247911691665649,0.6884472966194153,0.7562909126281738,2.142857142857143,59.701769933040026,14
