hand,first_max_height,min_height,second_max_height,dribbling_frequency,bending_angle,duration
0,0.9590888023376465,0.9212790131568909,0.924008309841156,1.25,8.263695203103035,24
