hand,first_max_height,min_height,second_max_height,dribbling_frequency,bending_angle,duration
0,0.9446629881858826,0.9360504746437073,0.9431694746017456,2.0,4.586249965122083,15
