hand,first_max_height,min_height,second_max_height,dribbling_frequency,bending_angle,duration
0,0.9646489024162292,0.9514358639717102,0.9711414575576782,1.3636363636363638,1.9565417515118189,22
