hand,first_max_height,min_height,second_max_height,dribbling_frequency,bending_angle,duration
0,0.9341000318527222,0.9290934801101685,0.9310980439186096,2.7272727272727275,3.6424400850437006,11
