hand,first_max_height,min_height,second_max_height,dribbling_frequency,bending_angle,duration
1,1.0342762470245361,1.0141745805740356,1.078503966331482,2.0,25.550248128429057,15
