hand,first_max_height,min_height,second_max_height,dribbling_frequency,bending_angle,duration
0,0.7350642681121826,0.7108194828033447,0.7327998876571655,2.142857142857143,57.922787310143775,14
