hand,first_max_height,min_height,second_max_height,dribbling_frequency,bending_angle,duration
1,1.1745119094848633,1.17142915725708,1.1722040176391602,2.7272727272727275,10.361819961414785,11
