hand,first_max_height,min_height,second_max_height,dribbling_frequency,bending_angle,duration
1,1.1221892833709717,1.0983096361160278,1.1252175569534302,2.5,3.8560104004623716,12
