hand,first_max_height,min_height,second_max_height,dribbling_frequency,bending_angle,duration
0,0.9254747033119202,0.9142237305641174,0.9175097346305847,3.0,8.253980828363671,10
