hand,first_max_height,min_height,second_max_height,dribbling_frequency,bending_angle,duration
0,1.052912712097168,1.043025255203247,1.0455939769744873,1.875,11.398113230454642,16
