hand,first_max_height,min_height,second_max_height,dribbling_frequency,bending_angle,duration
1,0.9637549519538879,0.9567590951919556,0.9582151770591736,2.5,1.3305843227667158,12
