hand,first_max_height,min_height,second_max_height,dribbling_frequency,bending_angle,duration
1,0.8228408098220825,0.7202348709106445,0.8606544137001038,3.0,70.59348900398533,10
