hand,first_max_height,min_height,second_max_height,dribbling_frequency,bending_angle,duration
1,1.0364220142364502,0.7169080376625061,1.167141318321228,1.875,60.28129616522121,16
