hand,first_max_height,min_height,second_max_height,dribbling_frequency,bending_angle,duration
1,1.5099490880966187,1.0217771530151367,1.4551210403442383,1.875,18.442793909693506,16
