hand,first_max_height,min_height,second_max_height,dribbling_frequency,bending_angle,duration
1,1.4576878547668457,1.0005289316177368,1.4702688455581665,1.7647058823529411,18.460686940532582,17
