hand,first_max_height,min_height,second_max_height,dribbling_frequency,bending_angle,duration
1,1.075195550918579,0.8521163463592529,1.0772550106048584,2.5,48.00468395057679,12
