hand,first_max_height,min_height,second_max_height,dribbling_frequency,bending_angle,duration
1,1.431476354598999,0.9763002991676331,1.405827522277832,1.6666666666666665,7.073715051512135,18
