hand,first_max_height,min_height,second_max_height,dribbling_frequency,bending_angle,duration
1,1.5817890167236328,0.9175163507461548,1.2337167263031006,1.7647058823529411,10.587059384600709,17
