hand,first_max_height,min_height,second_max_height,dribbling_frequency,bending_angle,duration
1,1.5269027948379517,1.0233789682388306,1.4683830738067627,1.7647058823529411,7.174679389194736,17
