hand,first_max_height,min_height,second_max_height,dribbling_frequency,bending_angle,duration
1,1.4015170335769653,1.0058975219726562,1.4659992456436157,1.7647058823529411,15.944077261283024,17
