hand,first_max_height,min_height,second_max_height,dribbling_frequency,bending_angle,duration
1,1.4493083953857422,0.9994006752967834,1.52948796749115,1.5789473684210527,8.437763099699174,19
