hand,first_max_height,min_height,second_max_height,dribbling_frequency,bending_angle,duration
1,1.2481223344802856,0.8808143734931946,1.4049136638641357,2.0,42.19520750955042,15
