hand,first_max_height,min_height,second_max_height,dribbling_frequency,bending_angle,duration
1,1.502516746520996,0.9894265532493591,1.4102059602737427,1.6666666666666665,8.477306782804941,18
