hand,first_max_height,min_height,second_max_height,dribbling_frequency,bending_angle,duration
1,1.2395352125167847,0.9351407885551453,1.2325929403305054,2.0,31.504471653689276,15
