hand,first_max_height,min_height,second_max_height,dribbling_frequency,bending_angle,duration
1,1.0008639097213745,0.7844262719154358,1.0085757970809937,2.5,53.78164764707629,12
