hand,first_max_height,min_height,second_max_height,dribbling_frequency,bending_angle,duration
1,1.4693970680236816,0.9977051615715027,1.4750487804412842,1.6666666666666665,4.322422291683683,18
