hand,first_max_height,min_height,second_max_height,dribbling_frequency,bending_angle,duration
1,0.848928689956665,0.6070842742919922,0.8385422229766846,3.0,74.06242934949846,10
