hand,first_max_height,min_height,second_max_height,dribbling_frequency,bending_angle,duration
1,1.4666084051132202,1.021036148071289,1.537696123123169,1.6666666666666665,8.450150574614058,18
