hand,first_max_height,min_height,second_max_height,dribbling_frequency,bending_angle,duration
1,1.2721015214920044,1.0151962041854858,1.409693956375122,2.0,25.41504971113514,15
