hand,first_max_height,min_height,second_max_height,dribbling_frequency,bending_angle,duration
1,1.4260586500167847,0.9975020289421082,1.404486894607544,1.7647058823529411,2.327434898046735,17
