hand,first_max_height,min_height,second_max_height,dribbling_frequency,bending_angle,duration
1,1.3926148414611816,1.007836937904358,1.360650897026062,1.875,3.5205068210249255,16
