hand,first_max_height,min_height,second_max_height,dribbling_frequency,bending_angle,duration
1,1.311276912689209,0.98546302318573,1.2811636924743652,2.0,25.305999635444156,15
