hand,first_max_height,min_height,second_max_height,dribbling_frequency,bending_angle,duration
1,1.011671781539917,0.6814975738525391,1.0505945682525635,2.0,53.28438524128815,15
