hand,first_max_height,min_height,second_max_height,dribbling_frequency,bending_angle,duration
1,1.3742845058441162,1.072752594947815,1.3986953496932983,1.7647058823529411,3.666908550006849,17
