hand,first_max_height,min_height,second_max_height,dribbling_frequency,bending_angle,duration
1,1.1170774698257446,0.8470926284790039,1.1224241256713867,2.0,34.65494226185397,15
