hand,first_max_height,min_height,second_max_height,dribbling_frequency,bending_angle,duration
1,1.2839949131011963,0.9599944949150085,1.2993745803833008,1.7647058823529411,10.789637295750538,17
