hand,first_max_height,min_height,second_max_height,dribbling_frequency,bending_angle,duration
1,1.4203819036483765,1.1138190031051636,1.3870095014572144,1.5789473684210527,10.705209474464345,19
