hand,first_max_height,min_height,second_max_height,dribbling_frequency,bending_angle,duration
1,1.4553602933883667,0.9951655268669128,1.4215102195739746,1.6666666666666665,6.971190925488646,18
