hand,first_max_height,min_height,second_max_height,dribbling_frequency,bending_angle,duration
1,1.435542345046997,1.0014644861221313,1.4335874319076538,1.875,6.043494941603001,16
