hand,first_max_height,min_height,second_max_height,dribbling_frequency,bending_angle,duration
1,1.567888855934143,0.979426383972168,1.437757968902588,1.7647058823529411,8.814188130547402,17
