hand,first_max_height,min_height,second_max_height,dribbling_frequency,bending_angle,duration
1,0.9728175401687622,0.6331124305725098,0.9879753589630127,1.875,58.25271011509359,16
