hand,first_max_height,min_height,second_max_height,dribbling_frequency,bending_angle,duration
1,0.8940554857254028,0.7455996870994568,0.9532769322395325,2.5,57.658816793230926,12
