hand,first_max_height,min_height,second_max_height,dribbling_frequency,bending_angle,duration
1,1.2606086730957031,0.8892326951026917,1.0891152620315552,2.307692307692308,36.87734718986086,13
