hand,first_max_height,min_height,second_max_height,dribbling_frequency,bending_angle,duration
1,1.3784396648406982,1.0416080951690674,1.2091182470321655,2.5,5.245759613312591,12
