hand,first_max_height,min_height,second_max_height,dribbling_frequency,bending_angle,duration
1,1.345550298690796,0.8723494410514832,1.2162305116653442,1.875,29.19215764664449,16
