hand,first_max_height,min_height,second_max_height,dribbling_frequency,bending_angle,duration
1,1.3343689441680908,0.965250551700592,1.502516746520996,1.5789473684210527,30.503651275016438,19
