hand,first_max_height,min_height,second_max_height,dribbling_frequency,bending_angle,duration
1,1.5386649370193481,1.0333991050720215,1.5239017009735107,1.4285714285714284,11.742814280323964,21
