hand,first_max_height,min_height,second_max_height,dribbling_frequency,bending_angle,duration
1,1.4830175638198853,1.0035901069641113,1.5151257514953613,1.875,11.616659918180574,16
