hand,first_max_height,min_height,second_max_height,dribbling_frequency,bending_angle,duration
1,1.4208228588104248,1.0461446046829224,1.3568283319473267,1.875,2.741597224812215,16
