hand,first_max_height,min_height,second_max_height,dribbling_frequency,bending_angle,duration
1,1.57085382938385,1.0575445890426636,1.5544553995132446,1.3043478260869565,7.5895497118419915,23
