hand,first_max_height,min_height,second_max_height,dribbling_frequency,bending_angle,duration
1,1.0068248510360718,0.5858669281005859,0.9087302684783936,2.142857142857143,67.43339265105759,14
