hand,first_max_height,min_height,second_max_height,dribbling_frequency,bending_angle,duration
1,1.5690422058105469,1.0530084371566772,1.5727695226669312,1.3636363636363638,5.105599270081325,22
