hand,first_max_height,min_height,second_max_height,dribbling_frequency,bending_angle,duration
1,1.138407826423645,0.8842007517814636,1.1209653615951538,2.7272727272727275,32.994048025612095,11
