hand,first_max_height,min_height,second_max_height,dribbling_frequency,bending_angle,duration
1,1.4471051692962646,1.0154178142547607,1.4517549276351929,1.5789473684210527,6.252147610527091,19
