hand,first_max_height,min_height,second_max_height,dribbling_frequency,bending_angle,duration
1,0.9681839942932129,0.7570025324821472,0.9534121751785278,2.307692307692308,50.45433179937365,13
