hand,first_max_height,min_height,second_max_height,dribbling_frequency,bending_angle,duration
1,1.4280927181243896,0.8361729383468628,1.1726940870285034,1.875,15.790357060759908,16
