hand,first_max_height,min_height,second_max_height,dribbling_frequency,bending_angle,duration
1,1.3623944520950317,1.0012797117233276,1.339091181755066,2.0,6.648853620505376,15
