hand,first_max_height,min_height,second_max_height,dribbling_frequency,bending_angle,duration
1,1.3260563611984253,0.832287073135376,0.9079269170761108,2.7272727272727275,20.020748327125617,11
