hand,first_max_height,min_height,second_max_height,dribbling_frequency,bending_angle,duration
1,1.344097375869751,0.9985808730125427,1.3121426105499268,1.875,11.130141197369174,16
