hand,first_max_height,min_height,second_max_height,dribbling_frequency,bending_angle,duration
1,1.4597454071044922,1.0711811780929565,1.512089729309082,1.5,3.664740477337374,20
