hand,first_max_height,min_height,second_max_height,dribbling_frequency,bending_angle,duration
1,1.2290105819702148,0.7688327431678772,1.1665935516357422,1.6666666666666665,30.297354263567147,18
