hand,first_max_height,min_height,second_max_height,dribbling_frequency,bending_angle,duration
1,1.5310494899749756,1.021744728088379,1.510572910308838,1.875,14.419790151785362,16
