hand,first_max_height,min_height,second_max_height,dribbling_frequency,bending_angle,duration
1,1.0065284967422485,0.8221315145492554,1.0201507806777954,2.307692307692308,45.79220172146095,13
