hand,first_max_height,min_height,second_max_height,dribbling_frequency,bending_angle,duration
1,1.403347134590149,1.0373393297195435,1.4169493913650513,2.0,18.952703576686048,15
