hand,first_max_height,min_height,second_max_height,dribbling_frequency,bending_angle,duration
1,1.3816641569137573,0.9261738657951355,1.3796298503875732,1.7647058823529411,23.47897362425284,17
