hand,first_max_height,min_height,second_max_height,dribbling_frequency,bending_angle,duration
1,1.3857840299606323,1.003942608833313,1.3676472902297974,1.7647058823529411,9.154650424326432,17
