hand,first_max_height,min_height,second_max_height,dribbling_frequency,bending_angle,duration
1,1.5650039911270142,1.0351536273956299,1.5362330675125122,1.4285714285714284,11.891877310755975,21
