hand,first_max_height,min_height,second_max_height,dribbling_frequency,bending_angle,duration
1,1.3500326871871948,0.9742003083229065,1.3761261701583862,1.5789473684210527,4.75786634574396,19
