hand,first_max_height,min_height,second_max_height,dribbling_frequency,bending_angle,duration
1,1.5614107847213745,0.975811243057251,1.5752460956573486,1.3043478260869565,14.902202661646038,23
