hand,first_max_height,min_height,second_max_height,dribbling_frequency,bending_angle,duration
1,1.443804144859314,0.8596933484077454,0.9068734049797058,2.307692307692308,19.166657965792457,13
