hand,first_max_height,min_height,second_max_height,dribbling_frequency,bending_angle,duration
1,1.342943787574768,1.0378066301345825,1.3334258794784546,2.142857142857143,12.149936343527852,14
