hand,first_max_height,min_height,second_max_height,dribbling_frequency,bending_angle,duration
1,1.4852876663208008,1.0566065311431885,1.499833345413208,1.7647058823529411,6.876796708725385,17
