hand,first_max_height,min_height,second_max_height,dribbling_frequency,bending_angle,duration
1,1.3319129943847656,1.0322773456573486,1.3311506509780884,2.0,9.251141663371364,15
