hand,first_max_height,min_height,second_max_height,dribbling_frequency,bending_angle,duration
1,0.8994792699813843,0.748782753944397,0.8346937894821167,2.7272727272727275,54.782112441597796,11
