hand,first_max_height,min_height,second_max_height,dribbling_frequency,bending_angle,duration
1,1.3042720556259155,0.9853870868682861,1.3169692754745483,1.875,14.1787420082051,16
