hand,first_max_height,min_height,second_max_height,dribbling_frequency,bending_angle,duration
1,1.1100553274154663,0.7465440034866333,0.8964042067527771,2.5,35.37085713288772,12
