hand,first_max_height,min_height,second_max_height,dribbling_frequency,bending_angle,duration
1,0.8151944875717163,0.734561026096344,0.8614184260368347,2.307692307692308,56.41102116451005,13
