hand,first_max_height,min_height,second_max_height,dribbling_frequency,bending_angle,duration
1,1.5639898777008057,1.0201025009155273,1.5561398267745972,1.3636363636363638,11.105717078760676,22
