hand,first_max_height,min_height,second_max_height,dribbling_frequency,bending_angle,duration
1,1.3174651861190796,0.9984894394874573,1.3376333713531494,2.307692307692308,11.413952367592145,13
