hand,first_max_height,min_height,second_max_height,dribbling_frequency,bending_angle,duration
1,0.9667807817459106,0.7134796380996704,0.9552707076072693,2.307692307692308,46.020471264674455,13
