hand,first_max_height,min_height,second_max_height,dribbling_frequency,bending_angle,duration
1,1.4014109373092651,0.9939631819725037,1.4390243291854858,1.7647058823529411,7.485942918566038,17
