hand,first_max_height,min_height,second_max_height,dribbling_frequency,bending_angle,duration
1,1.3777788877487183,0.9930403232574463,1.358559012413025,2.0,8.645970824544023,15
