hand,first_max_height,min_height,second_max_height,dribbling_frequency,bending_angle,duration
1,1.4089170694351196,0.9819187521934509,1.426387071609497,1.7647058823529411,8.15618939472148,17
