hand,first_max_height,min_height,second_max_height,dribbling_frequency,bending_angle,duration
1,1.3552286624908447,1.0447871685028076,1.3870465755462646,2.0,8.237243737785866,15
