hand,first_max_height,min_height,second_max_height,dribbling_frequency,bending_angle,duration
1,1.4856622219085693,1.0610641241073608,1.520737886428833,1.7647058823529411,4.187996924455779,17
