hand,first_max_height,min_height,second_max_height,dribbling_frequency,bending_angle,duration
1,1.419102668762207,0.9435067772865295,1.433448076248169,1.6666666666666665,11.921819155195905,18
