hand,first_max_height,min_height,second_max_height,dribbling_frequency,bending_angle,duration
1,1.4265795946121216,1.021401047706604,1.4873055219650269,1.875,6.447299250891197,16
