hand,first_max_height,min_height,second_max_height,dribbling_frequency,bending_angle,duration
1,1.357708215713501,1.0051730871200562,1.3693873882293701,2.142857142857143,8.355443753031487,14
