hand,first_max_height,min_height,second_max_height,dribbling_frequency,bending_angle,duration
1,1.4123114347457886,1.0738630294799805,1.4625842571258545,2.142857142857143,2.7087872755923605,14
