hand,first_max_height,min_height,second_max_height,dribbling_frequency,bending_angle,duration
1,1.4647854566574097,1.0427216291427612,1.4659264087677002,1.7647058823529411,10.016294033045606,17
