hand,first_max_height,min_height,second_max_height,dribbling_frequency,bending_angle,duration
1,1.2038382291793823,0.8970920443534851,1.1635245084762573,2.307692307692308,23.70380150257535,13
