hand,first_max_height,min_height,second_max_height,dribbling_frequency,bending_angle,duration
1,1.4692184925079346,0.9944689273834229,1.419102668762207,1.7647058823529411,6.461288685642244,17
