hand,first_max_height,min_height,second_max_height,dribbling_frequency,bending_angle,duration
1,1.0125693082809448,0.8098863959312439,1.025244116783142,2.5,48.53074622498022,12
