hand,first_max_height,min_height,second_max_height,dribbling_frequency,bending_angle,duration
1,1.393174648284912,0.793346643447876,1.086443305015564,2.0,15.005639465049475,15
