hand,first_max_height,min_height,second_max_height,dribbling_frequency,bending_angle,duration
1,1.3694617748260498,0.9784196615219116,1.429295539855957,1.875,10.868424108617328,16
