hand,first_max_height,min_height,second_max_height,dribbling_frequency,bending_angle,duration
1,1.5266903638839722,0.9572300314903259,1.5168157815933228,1.6666666666666665,15.598339743993652,18
