hand,first_max_height,min_height,second_max_height,dribbling_frequency,bending_angle,duration
1,1.4696528911590576,0.9603252410888672,1.4561817646026611,1.5,11.892840217724503,20
