hand,first_max_height,min_height,second_max_height,dribbling_frequency,bending_angle,duration
1,1.282479166984558,0.9481328129768372,1.4772597551345825,1.5789473684210527,33.9809016044557,19
