hand,first_max_height,min_height,second_max_height,dribbling_frequency,bending_angle,duration
1,1.3598735332489014,1.032394528388977,1.408732295036316,2.0,9.696404660526724,15
