hand,first_max_height,min_height,second_max_height,dribbling_frequency,bending_angle,duration
1,1.296203851699829,0.9442992806434631,1.288277268409729,1.875,11.56351532446303,16
