hand,first_max_height,min_height,second_max_height,dribbling_frequency,bending_angle,duration
1,1.028185248374939,0.6652768850326538,1.0588265657424927,1.875,43.53528965778072,16
