hand,first_max_height,min_height,second_max_height,dribbling_frequency,bending_angle,duration
1,1.4346199035644531,0.9791399836540222,1.531648874282837,1.6666666666666665,7.593958035882441,18
