hand,first_max_height,min_height,second_max_height,dribbling_frequency,bending_angle,duration
1,1.1056102514266968,0.8643542528152466,1.0732781887054443,2.5,46.8145090562989,12
