hand,first_max_height,min_height,second_max_height,dribbling_frequency,bending_angle,duration
1,1.420146107673645,1.0262563228607178,1.4098165035247803,1.7647058823529411,3.106961429848108,17
