hand,first_max_height,min_height,second_max_height,dribbling_frequency,bending_angle,duration
1,0.9927962422370911,0.7167311310768127,1.0562716722488403,2.142857142857143,51.780753707970376,14
