hand,first_max_height,min_height,second_max_height,dribbling_frequency,bending_angle,duration
1,1.5665712356567383,1.0440870523452759,1.560133695602417,1.6666666666666665,5.883658693801466,18
