hand,first_max_height,min_height,second_max_height,dribbling_frequency,bending_angle,duration
1,1.1407713890075684,0.9133779406547546,1.1598492860794067,2.142857142857143,32.083598814230776,14
