hand,first_max_height,min_height,second_max_height,dribbling_frequency,bending_angle,duration
1,1.2458457946777344,0.9788178205490112,1.2259626388549805,2.0,31.660688590990087,15
