hand,first_max_height,min_height,second_max_height,dribbling_frequency,bending_angle,duration
1,1.5177241563796997,0.9788278937339783,1.4335172176361084,1.5789473684210527,16.880675570900898,19
