hand,first_max_height,min_height,second_max_height,dribbling_frequency,bending_angle,duration
1,1.3086081743240356,0.813317060470581,1.1852340698242188,1.875,28.90736535044263,16
