hand,first_max_height,min_height,second_max_height,dribbling_frequency,bending_angle,duration
1,1.2058675289154053,0.9591095447540283,1.1848416328430176,2.0,30.156956183370028,15
