hand,first_max_height,min_height,second_max_height,dribbling_frequency,bending_angle,duration
1,1.4606406688690186,1.0150043964385986,1.4882783889770508,1.6666666666666665,6.768622679879013,18
