hand,first_max_height,min_height,second_max_height,dribbling_frequency,bending_angle,duration
1,1.3292313814163208,0.9582396745681763,1.2926301956176758,2.0,10.035150779251872,15
