hand,first_max_height,min_height,second_max_height,dribbling_frequency,bending_angle,duration
1,1.165940523147583,0.9230166077613831,1.1893727779388428,2.0,33.96632446390805,15
