hand,first_max_height,min_height,second_max_height,dribbling_frequency,bending_angle,duration
1,0.9592993259429932,0.6924629211425781,1.2838629484176636,2.0,60.833813061742866,15
