hand,first_max_height,min_height,second_max_height,dribbling_frequency,bending_angle,duration
1,1.3135014772415161,1.0511232614517212,1.2919261455535889,2.142857142857143,10.982336668896716,14
