hand,first_max_height,min_height,second_max_height,dribbling_frequency,bending_angle,duration
1,1.0505945682525635,0.798720121383667,1.050915241241455,2.142857142857143,54.298491143926675,14
