hand,first_max_height,min_height,second_max_height,dribbling_frequency,bending_angle,duration
1,1.4162836074829102,1.0157411098480225,1.386296272277832,1.875,9.96364823067928,16
