hand,first_max_height,min_height,second_max_height,dribbling_frequency,bending_angle,duration
1,1.3468245267868042,1.021422028541565,1.3193421363830566,2.142857142857143,6.253381227626586,14
