hand,first_max_height,min_height,second_max_height,dribbling_frequency,bending_angle,duration
1,1.163150429725647,0.8888035416603088,1.3310257196426392,2.0,37.19903743806074,15
