hand,first_max_height,min_height,second_max_height,dribbling_frequency,bending_angle,duration
1,1.3931829929351807,1.0105020999908447,1.393174648284912,2.142857142857143,8.929637377284564,14
