hand,first_max_height,min_height,second_max_height,dribbling_frequency,bending_angle,duration
1,1.4683552980422974,1.0389655828475952,1.443811297416687,2.0,4.265796824691156,15
