hand,first_max_height,min_height,second_max_height,dribbling_frequency,bending_angle,duration
1,0.9988400340080261,0.6804853081703186,0.9729457497596741,2.307692307692308,64.61971255136852,13
