hand,first_max_height,min_height,second_max_height,dribbling_frequency,bending_angle,duration
1,1.1170024871826172,0.8476732969284058,1.165739893913269,2.307692307692308,42.82435174603421,13
