hand,first_max_height,min_height,second_max_height,dribbling_frequency,bending_angle,duration
1,1.4957406520843506,0.9898295402526855,1.4356293678283691,1.875,13.673540555893009,16
