hand,first_max_height,min_height,second_max_height,dribbling_frequency,bending_angle,duration
1,1.4376130104064941,0.9834632873535156,1.4011296033859253,1.7647058823529411,3.081510234494956,17
