hand,first_max_height,min_height,second_max_height,dribbling_frequency,bending_angle,duration
1,1.3996151685714722,0.9707890152931213,1.4103171825408936,1.875,20.022901157239776,16
