hand,first_max_height,min_height,second_max_height,dribbling_frequency,bending_angle,duration
1,1.500651240348816,1.0423537492752075,1.4855551719665527,1.7647058823529411,2.9135336490633565,17
