hand,first_max_height,min_height,second_max_height,dribbling_frequency,bending_angle,duration
1,1.560133695602417,1.0106993913650513,1.5623621940612793,1.5789473684210527,5.481968556699711,19
