hand,first_max_height,min_height,second_max_height,dribbling_frequency,bending_angle,duration
1,1.3274775743484497,0.9895164966583252,1.3718637228012085,1.875,9.349494575571933,16
