hand,first_max_height,min_height,second_max_height,dribbling_frequency,bending_angle,duration
1,1.1412546634674072,0.8499369025230408,1.221457600593567,1.6666666666666665,27.057797422801904,18
