hand,first_max_height,min_height,second_max_height,dribbling_frequency,bending_angle,duration
1,1.1043063402175903,0.9083009958267212,1.4017871618270874,1.875,41.69012950233754,16
