hand,first_max_height,min_height,second_max_height,dribbling_frequency,bending_angle,duration
1,1.40264093875885,0.9745294451713562,1.416796088218689,1.6666666666666665,4.840392249861719,18
