hand,first_max_height,min_height,second_max_height,dribbling_frequency,bending_angle,duration
1,1.468918800354004,0.9702116847038269,1.4836798906326294,1.5789473684210527,7.356698747983327,19
