hand,first_max_height,min_height,second_max_height,dribbling_frequency,bending_angle,duration
1,1.0020798444747925,0.7890691161155701,1.0085382461547852,2.7272727272727275,50.58697606535818,11
