hand,first_max_height,min_height,second_max_height,dribbling_frequency,bending_angle,duration
1,1.1731321811676025,0.6808304786682129,1.2198117971420288,1.875,56.234510336570594,16
