hand,first_max_height,min_height,second_max_height,dribbling_frequency,bending_angle,duration
1,1.4522727727890015,1.0568170547485352,1.4345543384552002,1.7647058823529411,8.144436237684358,17
