hand,first_max_height,min_height,second_max_height,dribbling_frequency,bending_angle,duration
1,1.3957990407943726,1.0643850564956665,1.381286859512329,2.0,14.79893050305742,15
