hand,first_max_height,min_height,second_max_height,dribbling_frequency,bending_angle,duration
1,1.4070426225662231,1.0431157350540161,1.3464000225067139,1.875,3.6710620875446547,16
