hand,first_max_height,min_height,second_max_height,dribbling_frequency,bending_angle,duration
1,1.2811636924743652,0.9720602631568909,1.2785433530807495,2.307692307692308,29.374968054691436,13
