hand,first_max_height,min_height,second_max_height,dribbling_frequency,bending_angle,duration
1,0.9224347472190857,0.6571128368377686,0.9635049700737,2.307692307692308,59.133789417431295,13
