hand,first_max_height,min_height,second_max_height,dribbling_frequency,bending_angle,duration
1,1.0576002597808838,0.6787692308425903,1.1212886571884155,1.875,59.95005308264102,16
