hand,first_max_height,min_height,second_max_height,dribbling_frequency,bending_angle,duration
1,0.9532583355903625,0.7801858186721802,0.9572162628173828,2.7272727272727275,53.68218499795037,11
