hand,first_max_height,min_height,second_max_height,dribbling_frequency,bending_angle,duration
1,1.5172173976898193,1.040997862815857,1.5108009576797485,1.4285714285714284,10.985891808005828,21
