hand,first_max_height,min_height,second_max_height,dribbling_frequency,bending_angle,duration
1,1.1484756469726562,0.7710952162742615,1.20088529586792,1.6666666666666665,27.24184209412829,18
