hand,first_max_height,min_height,second_max_height,dribbling_frequency,bending_angle,duration
1,1.4357662200927734,0.7229149341583252,0.9891935586929321,1.7647058823529411,15.76849862998697,17
