hand,first_max_height,min_height,second_max_height,dribbling_frequency,bending_angle,duration
1,1.1177674531936646,0.9335336089134216,1.1777236461639404,2.0,10.57692374355615,15
