hand,first_max_height,min_height,second_max_height,dribbling_frequency,bending_angle,duration
1,0.7922541499137878,0.6762910485267639,0.7872567176818848,2.7272727272727275,73.3192236163691,11
