hand,first_max_height,min_height,second_max_height,dribbling_frequency,bending_angle,duration
1,1.4525007009506226,1.0267919301986694,1.4328230619430542,1.6666666666666665,6.2968241226919055,18
