hand,first_max_height,min_height,second_max_height,dribbling_frequency,bending_angle,duration
1,1.1491786241531372,0.8972938060760498,1.161564826965332,2.142857142857143,32.65937340822689,14
