hand,first_max_height,min_height,second_max_height,dribbling_frequency,bending_angle,duration
1,1.477359414100647,0.9909306764602661,1.4853729009628296,1.875,13.452198317285843,16
