hand,first_max_height,min_height,second_max_height,dribbling_frequency,bending_angle,duration
1,1.288277268409729,0.9465884566307068,1.2857447862625122,1.875,11.398113230454642,16
