hand,first_max_height,min_height,second_max_height,dribbling_frequency,bending_angle,duration
1,1.3733938932418823,0.9424859881401062,1.3673111200332642,1.5789473684210527,8.44636314655733,19
