hand,first_max_height,min_height,second_max_height,dribbling_frequency,bending_angle,duration
1,1.2883483171463013,1.009747862815857,1.2656949758529663,2.142857142857143,6.217833040598471,14
