hand,first_max_height,min_height,second_max_height,dribbling_frequency,bending_angle,duration
1,1.4240936040878296,1.0486531257629395,1.446030616760254,2.0,2.7917749433729893,15
