hand,first_max_height,min_height,second_max_height,dribbling_frequency,bending_angle,duration
1,1.320788025856018,0.9644619822502136,1.3298418521881104,1.875,9.340767166182006,16
