hand,first_max_height,min_height,second_max_height,dribbling_frequency,bending_angle,duration
1,1.2317256927490234,0.6807274222373962,1.1441359519958496,1.6666666666666665,50.30637686131208,18
