hand,first_max_height,min_height,second_max_height,dribbling_frequency,bending_angle,duration
1,1.513031244277954,1.0874993801116943,1.4814506769180298,1.875,3.146779437637778,16
