hand,first_max_height,min_height,second_max_height,dribbling_frequency,bending_angle,duration
1,1.0717616081237793,0.6822943091392517,0.848928689956665,2.5,43.63973778516981,12
