hand,first_max_height,min_height,second_max_height,dribbling_frequency,bending_angle,duration
1,1.4902230501174927,0.9686603546142578,1.4694629907608032,1.875,12.269294711281503,16
