hand,first_max_height,min_height,second_max_height,dribbling_frequency,bending_angle,duration
1,1.0246171951293945,0.6652912497520447,1.041123390197754,2.0,59.4995939585312,15
