hand,first_max_height,min_height,second_max_height,dribbling_frequency,bending_angle,duration
1,1.2963345050811768,1.0347967147827148,1.3742845058441162,1.875,9.343709384042521,16
