hand,first_max_height,min_height,second_max_height,dribbling_frequency,bending_angle,duration
1,1.4416099786758423,0.9758012890815735,1.44605553150177,1.7647058823529411,7.867882296325316,17
