hand,first_max_height,min_height,second_max_height,dribbling_frequency,bending_angle,duration
1,0.9534121751785278,0.7549698948860168,1.001752257347107,2.142857142857143,51.91516848418538,14
