hand,first_max_height,min_height,second_max_height,dribbling_frequency,bending_angle,duration
1,0.9762683510780334,0.6773743629455566,1.0038604736328125,2.307692307692308,63.00153022796246,13
