hand,first_max_height,min_height,second_max_height,dribbling_frequency,bending_angle,duration
1,1.429519772529602,1.0155267715454102,1.4196900129318237,1.7647058823529411,1.6136325059940166,17
