hand,first_max_height,min_height,second_max_height,dribbling_frequency,bending_angle,duration
1,1.0033949613571167,0.7298808693885803,1.0420851707458496,2.307692307692308,63.328913262990646,13
