hand,first_max_height,min_height,second_max_height,dribbling_frequency,bending_angle,duration
1,1.1855385303497314,0.9440500736236572,1.2604291439056396,2.142857142857143,24.306922129805706,14
