hand,first_max_height,min_height,second_max_height,dribbling_frequency,bending_angle,duration
1,1.403909683227539,0.9999396800994873,1.4188112020492554,1.875,8.291440411376195,16
