hand,first_max_height,min_height,second_max_height,dribbling_frequency,bending_angle,duration
1,0.9473061561584473,0.6542308330535889,0.8423066139221191,2.0,60.099276637019024,15
