hand,first_max_height,min_height,second_max_height,dribbling_frequency,bending_angle,duration
1,1.4196885824203491,1.019203782081604,1.5036027431488037,1.875,8.085459722932795,16
