hand,first_max_height,min_height,second_max_height,dribbling_frequency,bending_angle,duration
1,1.4098607301712036,0.9819477200508118,1.450296401977539,1.7647058823529411,12.004080910566358,17
