hand,first_max_height,min_height,second_max_height,dribbling_frequency,bending_angle,duration
1,1.37948739528656,0.9064880609512329,1.3701224327087402,1.6666666666666665,25.63865740396175,18
