hand,first_max_height,min_height,second_max_height,dribbling_frequency,bending_angle,duration
1,1.3122345209121704,0.9730399250984192,1.3352298736572266,2.0,10.632465061119879,15
