hand,first_max_height,min_height,second_max_height,dribbling_frequency,bending_angle,duration
1,1.2300654649734497,0.9497459530830383,1.4250270128250122,2.142857142857143,36.06128145740483,14
