hand,first_max_height,min_height,second_max_height,dribbling_frequency,bending_angle,duration
1,1.444947361946106,0.9722817540168762,1.4719574451446533,2.0,22.50143897366906,15
