hand,first_max_height,min_height,second_max_height,dribbling_frequency,bending_angle,duration
1,1.379399061203003,1.0546358823776245,1.385387897491455,2.0,2.650534586939387,15
