hand,first_max_height,min_height,second_max_height,dribbling_frequency,bending_angle,duration
1,1.5068950653076172,1.0216654539108276,1.5186243057250977,1.7647058823529411,14.443634950604604,17
