hand,first_max_height,min_height,second_max_height,dribbling_frequency,bending_angle,duration
1,1.3620156049728394,0.9703525900840759,1.2295775413513184,2.307692307692308,10.821003953121947,13
