hand,first_max_height,min_height,second_max_height,dribbling_frequency,bending_angle,duration
1,1.479274034500122,1.0383802652359009,1.4349735975265503,1.6666666666666665,8.95060577684935,18
