hand,first_max_height,min_height,second_max_height,dribbling_frequency,bending_angle,duration
1,0.9905291795730591,0.8673756122589111,1.132232427597046,2.7272727272727275,54.18780188326441,11
