hand,first_max_height,min_height,second_max_height,dribbling_frequency,bending_angle,duration
1,1.2162858247756958,0.9376425743103027,1.1810011863708496,1.875,32.22779835472264,16
