hand,first_max_height,min_height,second_max_height,dribbling_frequency,bending_angle,duration
1,1.3593757152557373,0.8020924925804138,1.0588300228118896,2.0,13.188793856427985,15
