hand,first_max_height,min_height,second_max_height,dribbling_frequency,bending_angle,duration
1,1.449318289756775,1.048543930053711,1.4852876663208008,1.7647058823529411,4.580021213901689,17
