hand,first_max_height,min_height,second_max_height,dribbling_frequency,bending_angle,duration
1,0.9449191093444824,0.6642577648162842,0.8857428431510925,2.142857142857143,53.80965619974416,14
