hand,first_max_height,min_height,second_max_height,dribbling_frequency,bending_angle,duration
1,1.1563594341278076,0.6500018239021301,0.9953959584236145,1.7647058823529411,44.48060192535708,17
