hand,first_max_height,min_height,second_max_height,dribbling_frequency,bending_angle,duration
1,1.4636733531951904,0.9948555827140808,1.3385969400405884,2.0,7.140311814727153,15
