hand,first_max_height,min_height,second_max_height,dribbling_frequency,bending_angle,duration
1,1.3456987142562866,1.0294133424758911,1.3871773481369019,1.875,12.823748156523031,16
