hand,first_max_height,min_height,second_max_height,dribbling_frequency,bending_angle,duration
1,1.3416478633880615,0.9480379819869995,1.2751364707946777,1.875,5.784607045943403,16
