hand,first_max_height,min_height,second_max_height,dribbling_frequency,bending_angle,duration
1,1.0024998188018799,0.7089512944221497,1.0222679376602173,2.307692307692308,56.60977363439576,13
