hand,first_max_height,min_height,second_max_height,dribbling_frequency,bending_angle,duration
1,0.8982350826263428,0.6445010900497437,0.9293569922447205,2.307692307692308,66.97924998515921,13
