hand,first_max_height,min_height,second_max_height,dribbling_frequency,bending_angle,duration
1,1.434156894683838,1.0500156879425049,1.3167091608047485,2.142857142857143,2.4685840113251674,14
