hand,first_max_height,min_height,second_max_height,dribbling_frequency,bending_angle,duration
1,1.4751572608947754,1.0804755687713623,1.4560362100601196,1.7647058823529411,2.6776201332384386,17
