hand,first_max_height,min_height,second_max_height,dribbling_frequency,bending_angle,duration
1,1.3224337100982666,0.8892589211463928,1.2762356996536255,1.5,18.33478431640117,20
