hand,first_max_height,min_height,second_max_height,dribbling_frequency,bending_angle,duration
1,1.4126899242401123,0.9142365455627441,1.443804144859314,1.6666666666666665,15.998341804917326,18
