hand,first_max_height,min_height,second_max_height,dribbling_frequency,bending_angle,duration
1,0.9046462774276733,0.7163201570510864,0.9246894717216492,2.5,59.185342000501485,12
