hand,first_max_height,min_height,second_max_height,dribbling_frequency,bending_angle,duration
1,1.005417823791504,0.9217059016227722,1.5395877361297607,2.307692307692308,16.388614129936258,13
