hand,first_max_height,min_height,second_max_height,dribbling_frequency,bending_angle,duration
1,1.3986841440200806,1.055738925933838,1.3474242687225342,2.0,6.011812102162837,15
