hand,first_max_height,min_height,second_max_height,dribbling_frequency,bending_angle,duration
1,1.0257223844528198,0.7874671816825867,1.0259422063827515,3.0,48.72803607877698,10
