hand,first_max_height,min_height,second_max_height,dribbling_frequency,bending_angle,duration
1,1.4326832294464111,0.953276515007019,1.2052702903747559,2.0,12.044670073121248,15
