hand,first_max_height,min_height,second_max_height,dribbling_frequency,bending_angle,duration
1,1.4602655172348022,0.9152608513832092,1.414298176765442,2.142857142857143,25.497470532407487,14
