hand,first_max_height,min_height,second_max_height,dribbling_frequency,bending_angle,duration
1,1.4232007265090942,1.1051099300384521,1.328161358833313,2.142857142857143,11.185332812478185,14
