hand,first_max_height,min_height,second_max_height,dribbling_frequency,bending_angle,duration
1,1.5623621940612793,1.0474666357040405,1.5310938358306885,1.6666666666666665,4.763725822774708,18
