hand,first_max_height,min_height,second_max_height,dribbling_frequency,bending_angle,duration
1,1.2785433530807495,0.974571168422699,1.2589279413223267,2.142857142857143,31.51378419639212,14
