hand,first_max_height,min_height,second_max_height,dribbling_frequency,bending_angle,duration
1,1.3630810976028442,1.018921971321106,1.381550669670105,1.875,7.839089548105133,16
