hand,first_max_height,min_height,second_max_height,dribbling_frequency,bending_angle,duration
1,1.490254521369934,1.0703989267349243,1.522011637687683,1.7647058823529411,10.851366190808116,17
