hand,first_max_height,min_height,second_max_height,dribbling_frequency,bending_angle,duration
1,1.039638638496399,0.8994841575622559,1.2069082260131836,2.5,43.18325229620685,12
