hand,first_max_height,min_height,second_max_height,dribbling_frequency,bending_angle,duration
1,1.4651340246200562,0.9705788493156433,1.4212024211883545,1.875,14.289203495389442,16
