hand,first_max_height,min_height,second_max_height,dribbling_frequency,bending_angle,duration
1,1.5266526937484741,1.0355440378189087,1.4999079704284668,1.5789473684210527,11.893227137275492,19
