hand,first_max_height,min_height,second_max_height,dribbling_frequency,bending_angle,duration
1,1.4149004220962524,1.0395296812057495,1.4505640268325806,1.7647058823529411,7.711767419266514,17
