hand,first_max_height,min_height,second_max_height,dribbling_frequency,bending_angle,duration
1,1.2904353141784668,0.9527267217636108,1.380257248878479,2.0,27.747407845857694,15
