hand,first_max_height,min_height,second_max_height,dribbling_frequency,bending_angle,duration
1,1.0402191877365112,0.6828130483627319,1.066874384880066,1.875,64.54226418783627,16
