hand,first_max_height,min_height,second_max_height,dribbling_frequency,bending_angle,duration
1,1.4359970092773438,0.9220870137214661,1.452919602394104,1.7647058823529411,28.24406241046195,17
