hand,first_max_height,min_height,second_max_height,dribbling_frequency,bending_angle,duration
1,1.3933908939361572,0.9844141602516174,1.358253836631775,1.7647058823529411,4.359573518248135,17
