hand,first_max_height,min_height,second_max_height,dribbling_frequency,bending_angle,duration
1,1.0209343433380127,0.8041462302207947,0.9908373951911926,2.7272727272727275,46.054862389810076,11
