hand,first_max_height,min_height,second_max_height,dribbling_frequency,bending_angle,duration
1,1.4712414741516113,1.0110821723937988,1.508528470993042,1.6666666666666665,2.215446615814481,18
