hand,first_max_height,min_height,second_max_height,dribbling_frequency,bending_angle,duration
1,1.1351321935653687,0.7029106616973877,0.9820497632026672,2.142857142857143,52.019726830715996,14
