hand,first_max_height,min_height,second_max_height,dribbling_frequency,bending_angle,duration
1,1.2970290184020996,0.6889181137084961,0.9012002348899841,2.142857142857143,20.017200885177473,14
