hand,first_max_height,min_height,second_max_height,dribbling_frequency,bending_angle,duration
1,1.0384596586227417,0.6420550346374512,1.0459215641021729,2.0,55.875567361513795,15
