hand,first_max_height,min_height,second_max_height,dribbling_frequency,bending_angle,duration
1,0.9649987816810608,0.7611530423164368,0.9625921845436096,2.307692307692308,48.00385427330587,13
