hand,first_max_height,min_height,second_max_height,dribbling_frequency,bending_angle,duration
1,1.2721744775772095,0.988926887512207,1.389676570892334,1.875,23.800592612783703,16
