hand,first_max_height,min_height,second_max_height,dribbling_frequency,bending_angle,duration
1,1.1212886571884155,0.6927357912063599,1.231889009475708,1.875,60.266618862154395,16
