hand,first_max_height,min_height,second_max_height,dribbling_frequency,bending_angle,duration
1,1.3559035062789917,0.9448169469833374,1.2737449407577515,1.7647058823529411,6.157783568453018,17
