hand,first_max_height,min_height,second_max_height,dribbling_frequency,bending_angle,duration
1,1.0765308141708374,0.6702194809913635,1.0397621393203735,2.0,53.59523126021237,15
