hand,first_max_height,min_height,second_max_height,dribbling_frequency,bending_angle,duration
1,1.2320959568023682,1.0100494623184204,1.1519795656204224,3.0,23.428605644331363,10
