hand,first_max_height,min_height,second_max_height,dribbling_frequency,bending_angle,duration
1,1.4066369533538818,1.0295159816741943,1.4025894403457642,1.5789473684210527,3.7481323988952817,19
