hand,first_max_height,min_height,second_max_height,dribbling_frequency,bending_angle,duration
1,1.2859803438186646,0.9660536050796509,1.3021334409713745,2.0,13.14341211554278,15
