hand,first_max_height,min_height,second_max_height,dribbling_frequency,bending_angle,duration
1,1.3496108055114746,1.0388000011444092,1.3900835514068604,2.0,11.657029000228274,15
