hand,first_max_height,min_height,second_max_height,dribbling_frequency,bending_angle,duration
1,1.5379793643951416,1.0248688459396362,1.560785174369812,1.3636363636363638,9.228281462699627,22
