hand,first_max_height,min_height,second_max_height,dribbling_frequency,bending_angle,duration
1,1.2207441329956055,0.7740651965141296,1.3043314218521118,1.7647058823529411,49.41327665688744,17
