hand,first_max_height,min_height,second_max_height,dribbling_frequency,bending_angle,duration
1,1.3577994108200073,0.939932644367218,1.238254189491272,1.7647058823529411,20.763882332161636,17
