hand,first_max_height,min_height,second_max_height,dribbling_frequency,bending_angle,duration
1,1.2955384254455566,0.9423019886016846,1.3354815244674683,2.0,28.123091115940138,15
