hand,first_max_height,min_height,second_max_height,dribbling_frequency,bending_angle,duration
1,1.374856948852539,0.9357869029045105,1.3797399997711182,1.7647058823529411,24.0558143546409,17
