hand,first_max_height,min_height,second_max_height,dribbling_frequency,bending_angle,duration
1,1.105379343032837,0.8444823622703552,1.102698564529419,2.307692307692308,36.47862276222203,13
