hand,first_max_height,min_height,second_max_height,dribbling_frequency,bending_angle,duration
1,1.3469187021255493,0.9679147601127625,1.359621286392212,1.7647058823529411,5.918630596997708,17
