hand,first_max_height,min_height,second_max_height,dribbling_frequency,bending_angle,duration
1,1.3820340633392334,1.0624303817749023,1.4250508546829224,1.3636363636363638,5.328349463299345,22
