hand,first_max_height,min_height,second_max_height,dribbling_frequency,bending_angle,duration
1,1.413718819618225,0.9808231592178345,1.3810908794403076,2.0,8.373409341100828,15
