hand,first_max_height,min_height,second_max_height,dribbling_frequency,bending_angle,duration
1,1.1852340698242188,0.7640512585639954,1.1216269731521606,1.7647058823529411,41.88219801218918,17
