hand,first_max_height,min_height,second_max_height,dribbling_frequency,bending_angle,duration
1,1.2500941753387451,1.0215024948120117,1.227501392364502,2.0,22.62633535360034,15
