hand,first_max_height,min_height,second_max_height,dribbling_frequency,bending_angle,duration
1,0.8707934617996216,0.6319546103477478,0.8373815417289734,2.0,66.14902426536007,15
