hand,first_max_height,min_height,second_max_height,dribbling_frequency,bending_angle,duration
1,1.0013664960861206,0.7254800200462341,1.0219959020614624,2.142857142857143,47.3667242533044,14
