hand,first_max_height,min_height,second_max_height,dribbling_frequency,bending_angle,duration
1,1.1598492860794067,0.8492703437805176,1.1516609191894531,2.0,32.467861471302804,15
