hand,first_max_height,min_height,second_max_height,dribbling_frequency,bending_angle,duration
1,1.3779191970825195,0.9450815320014954,1.4696528911590576,1.5,11.567448966319919,20
