hand,first_max_height,min_height,second_max_height,dribbling_frequency,bending_angle,duration
1,1.1444729566574097,0.7839314937591553,1.1025892496109009,1.875,32.97004698077091,16
