hand,first_max_height,min_height,second_max_height,dribbling_frequency,bending_angle,duration
1,1.4620373249053955,1.0477092266082764,1.5077394247055054,1.6666666666666665,3.301858336783695,18
