hand,first_max_height,min_height,second_max_height,dribbling_frequency,bending_angle,duration
1,1.445766568183899,1.008911371231079,1.3554840087890625,1.875,6.1695439258925004,16
