hand,first_max_height,min_height,second_max_height,dribbling_frequency,bending_angle,duration
1,1.3873862028121948,0.9987925291061401,1.439771056175232,1.875,8.854273147543685,16
