hand,first_max_height,min_height,second_max_height,dribbling_frequency,bending_angle,duration
1,1.039237141609192,0.8688879609107971,1.0323840379714966,3.0,50.45740459926113,10
