hand,first_max_height,min_height,second_max_height,dribbling_frequency,bending_angle,duration
1,1.4632359743118286,1.0566127300262451,1.4554617404937744,2.0,2.4772694690998516,15
