hand,first_max_height,min_height,second_max_height,dribbling_frequency,bending_angle,duration
1,1.210506796836853,0.8933237195014954,1.2386068105697632,1.875,35.356129176530956,16
