hand,first_max_height,min_height,second_max_height,dribbling_frequency,bending_angle,duration
1,1.3979246616363525,1.0044679641723633,1.4168587923049927,1.875,3.0687574593267644,16
