hand,first_max_height,min_height,second_max_height,dribbling_frequency,bending_angle,duration
1,1.0592080354690552,0.699262797832489,1.0364220142364502,2.0,59.696933634664624,15
