hand,first_max_height,min_height,second_max_height,dribbling_frequency,bending_angle,duration
1,1.306069016456604,1.0179800987243652,1.4169998168945312,1.875,8.457331091568332,16
