hand,first_max_height,min_height,second_max_height,dribbling_frequency,bending_angle,duration
1,1.377877116203308,0.9975548386573792,1.4366344213485718,1.875,10.72220151141374,16
