hand,first_max_height,min_height,second_max_height,dribbling_frequency,bending_angle,duration
1,1.4998129606246948,0.9910323023796082,1.4416099786758423,1.7647058823529411,6.564586682549377,17
