hand,first_max_height,min_height,second_max_height,dribbling_frequency,bending_angle,duration
1,1.3333702087402344,0.948549211025238,1.2928520441055298,1.875,27.67786835410884,16
