hand,first_max_height,min_height,second_max_height,dribbling_frequency,bending_angle,duration
1,1.0604586601257324,0.744600772857666,1.004806399345398,2.0,48.964363597597824,15
