hand,first_max_height,min_height,second_max_height,dribbling_frequency,bending_angle,duration
1,1.5952293872833252,0.6581567525863647,1.0619468688964844,1.5789473684210527,14.565041470997153,19
