hand,first_max_height,min_height,second_max_height,dribbling_frequency,bending_angle,duration
1,1.4793895483016968,0.9844604730606079,1.4760671854019165,1.7647058823529411,18.335061783294844,17
