hand,first_max_height,min_height,second_max_height,dribbling_frequency,bending_angle,duration
1,1.2755422592163086,0.8166900277137756,1.0394700765609741,2.142857142857143,30.514971410807817,14
