hand,first_max_height,min_height,second_max_height,dribbling_frequency,bending_angle,duration
1,0.9018518924713135,0.6845636367797852,0.9443132281303406,2.142857142857143,68.75786903524642,14
