hand,first_max_height,min_height,second_max_height,dribbling_frequency,bending_angle,duration
1,1.2679122686386108,0.9779846668243408,1.2401866912841797,2.0,32.993151857830384,15
