hand,first_max_height,min_height,second_max_height,dribbling_frequency,bending_angle,duration
1,1.052653431892395,0.6581162214279175,1.068948745727539,1.6666666666666665,60.39133807426768,18
