hand,first_max_height,min_height,second_max_height,dribbling_frequency,bending_angle,duration
1,1.3237156867980957,1.004929780960083,1.3088628053665161,2.0,6.795352425202129,15
