hand,first_max_height,min_height,second_max_height,dribbling_frequency,bending_angle,duration
1,1.388777256011963,1.0039126873016357,1.4246176481246948,1.7647058823529411,0.3398347487462833,17
