hand,first_max_height,min_height,second_max_height,dribbling_frequency,bending_angle,duration
1,1.5911508798599243,1.0485477447509766,1.5871179103851318,1.4285714285714284,5.929337988779334,21
