hand,first_max_height,min_height,second_max_height,dribbling_frequency,bending_angle,duration
1,1.4117218255996704,0.9569464325904846,1.1016017198562622,2.307692307692308,11.839442009869837,13
