hand,first_max_height,min_height,second_max_height,dribbling_frequency,bending_angle,duration
1,1.5484882593154907,0.9906983971595764,1.5065125226974487,1.5,2.1164830205350733,20
