hand,first_max_height,min_height,second_max_height,dribbling_frequency,bending_angle,duration
1,0.9869458675384521,0.7142183184623718,0.9194518327713013,2.142857142857143,60.94481671081179,14
