hand,first_max_height,min_height,second_max_height,dribbling_frequency,bending_angle,duration
1,0.9677067399024963,0.7017168402671814,1.0517253875732422,2.7272727272727275,57.68092440013869,11
