hand,first_max_height,min_height,second_max_height,dribbling_frequency,bending_angle,duration
1,0.9124463200569153,0.5733792185783386,0.7191416621208191,2.7272727272727275,74.24382707814019,11
