hand,first_max_height,min_height,second_max_height,dribbling_frequency,bending_angle,duration
1,0.9267450571060181,0.7165045142173767,0.9850586652755737,2.307692307692308,52.797107932752596,13
