hand,first_max_height,min_height,second_max_height,dribbling_frequency,bending_angle,duration
1,1.4507582187652588,1.0475270748138428,1.4062860012054443,2.307692307692308,16.293454785201153,13
