hand,first_max_height,min_height,second_max_height,dribbling_frequency,bending_angle,duration
1,1.2901722192764282,0.9837846755981445,1.3639349937438965,2.142857142857143,13.299131265809773,14
