hand,first_max_height,min_height,second_max_height,dribbling_frequency,bending_angle,duration
1,1.2126123905181885,1.0044413805007935,1.25856614112854,2.0,24.170421331904322,15
