hand,first_max_height,min_height,second_max_height,dribbling_frequency,bending_angle,duration
1,1.0397621393203735,0.6551494002342224,1.0782767534255981,1.875,62.986401752163175,16
