hand,first_max_height,min_height,second_max_height,dribbling_frequency,bending_angle,duration
1,1.4092439413070679,1.0209863185882568,1.4483197927474976,2.0,5.828496244377321,15
