hand,first_max_height,min_height,second_max_height,dribbling_frequency,bending_angle,duration
1,1.3247050046920776,0.9482895731925964,1.3746671676635742,2.0,11.322657626360664,15
