hand,first_max_height,min_height,second_max_height,dribbling_frequency,bending_angle,duration
1,1.1793005466461182,0.9327409863471985,1.4510366916656494,1.875,42.64413995274784,16
