hand,first_max_height,min_height,second_max_height,dribbling_frequency,bending_angle,duration
1,1.434698224067688,0.9824237823486328,1.336291790008545,1.7647058823529411,9.891624468630539,17
