hand,first_max_height,min_height,second_max_height,dribbling_frequency,bending_angle,duration
1,0.9832296371459961,0.7142113447189331,0.9474794268608093,2.307692307692308,55.09882458387669,13
