hand,first_max_height,min_height,second_max_height,dribbling_frequency,bending_angle,duration
1,0.8977875709533691,0.7155663967132568,0.9042930006980896,2.307692307692308,68.17615359434562,13
