hand,first_max_height,min_height,second_max_height,dribbling_frequency,bending_angle,duration
1,1.4490331411361694,0.9915058016777039,1.394057273864746,1.7647058823529411,11.556541246504672,17
