hand,first_max_height,min_height,second_max_height,dribbling_frequency,bending_angle,duration
1,1.506510853767395,1.0486117601394653,1.4620038270950317,1.875,2.7255321530889227,16
