hand,first_max_height,min_height,second_max_height,dribbling_frequency,bending_angle,duration
1,0.9969893097877502,0.5990914702415466,0.9915579557418823,1.7647058823529411,63.76931379391365,17
