hand,first_max_height,min_height,second_max_height,dribbling_frequency,bending_angle,duration
1,1.2848782539367676,1.004046082496643,1.2883483171463013,2.142857142857143,20.29186161553089,14
