hand,first_max_height,min_height,second_max_height,dribbling_frequency,bending_angle,duration
1,1.5462437868118286,1.0583761930465698,1.4741008281707764,1.875,17.057314699081136,16
