hand,first_max_height,min_height,second_max_height,dribbling_frequency,bending_angle,duration
1,1.5105907917022705,1.0228205919265747,1.5527915954589844,1.7647058823529411,1.2723082887694352,17
