hand,first_max_height,min_height,second_max_height,dribbling_frequency,bending_angle,duration
1,1.2054892778396606,0.9610413908958435,1.2135415077209473,2.142857142857143,35.379880509393814,14
