hand,first_max_height,min_height,second_max_height,dribbling_frequency,bending_angle,duration
1,0.8837840557098389,0.6196727752685547,1.0004972219467163,2.0,63.155935736288114,15
