hand,first_max_height,min_height,second_max_height,dribbling_frequency,bending_angle,duration
1,0.8424827456474304,0.6976433992385864,1.411912441253662,2.142857142857143,68.48077956981975,14
