hand,first_max_height,min_height,second_max_height,dribbling_frequency,bending_angle,duration
1,1.4489450454711914,1.003515601158142,1.434698224067688,1.5,5.858607356651189,20
