hand,first_max_height,min_height,second_max_height,dribbling_frequency,bending_angle,duration
1,1.2143124341964722,0.8067006468772888,1.1619378328323364,1.5,24.53570186645421,20
