hand,first_max_height,min_height,second_max_height,dribbling_frequency,bending_angle,duration
1,1.119985818862915,0.7000590562820435,1.2177067995071411,1.875,57.95702588389894,16
