hand,first_max_height,min_height,second_max_height,dribbling_frequency,bending_angle,duration
1,1.1972144842147827,1.012768030166626,1.1527669429779053,2.7272727272727275,13.271978067996185,11
