hand,first_max_height,min_height,second_max_height,dribbling_frequency,bending_angle,duration
1,1.1862342357635498,0.8546749353408813,1.3190735578536987,1.875,47.01430951003381,16
