hand,first_max_height,min_height,second_max_height,dribbling_frequency,bending_angle,duration
1,1.517874002456665,1.038840651512146,1.4925733804702759,1.6666666666666665,9.397868274821723,18
