hand,first_max_height,min_height,second_max_height,dribbling_frequency,bending_angle,duration
1,0.7594261169433594,0.6187506914138794,0.7805895805358887,2.7272727272727275,73.34543798817121,11
