hand,first_max_height,min_height,second_max_height,dribbling_frequency,bending_angle,duration
1,1.26701819896698,0.9544673562049866,1.216614842414856,2.0,16.578004581171736,15
