hand,first_max_height,min_height,second_max_height,dribbling_frequency,bending_angle,duration
1,0.9292967915534973,0.6475169658660889,0.9988400340080261,2.307692307692308,66.28173198583045,13
