hand,first_max_height,min_height,second_max_height,dribbling_frequency,bending_angle,duration
1,0.9631985425949097,0.7372152805328369,0.9018264412879944,2.5,56.166425296928246,12
