hand,first_max_height,min_height,second_max_height,dribbling_frequency,bending_angle,duration
1,1.2746905088424683,0.9811976552009583,1.2679122686386108,2.142857142857143,32.95744863629332,14
