hand,first_max_height,min_height,second_max_height,dribbling_frequency,bending_angle,duration
1,1.3858193159103394,1.022877812385559,1.4206424951553345,1.875,10.545086038054192,16
