hand,first_max_height,min_height,second_max_height,dribbling_frequency,bending_angle,duration
1,1.4321746826171875,1.050201654434204,1.5218764543533325,1.875,1.909438082288811,16
