hand,first_max_height,min_height,second_max_height,dribbling_frequency,bending_angle,duration
1,1.4170857667922974,0.9565386176109314,1.3871365785598755,2.142857142857143,19.583539489030453,14
