hand,first_max_height,min_height,second_max_height,dribbling_frequency,bending_angle,duration
1,1.3355135917663574,0.9776568412780762,1.2981609106063843,1.875,13.724033357389509,16
