hand,first_max_height,min_height,second_max_height,dribbling_frequency,bending_angle,duration
1,1.446030616760254,1.0387437343597412,1.4420573711395264,1.875,5.694883527511134,16
