hand,first_max_height,min_height,second_max_height,dribbling_frequency,bending_angle,duration
1,1.4497109651565552,1.0032786130905151,1.4026298522949219,2.0,8.76119989920989,15
