hand,first_max_height,min_height,second_max_height,dribbling_frequency,bending_angle,duration
1,1.4360284805297852,1.015697956085205,1.4717711210250854,1.7647058823529411,13.552291079585912,17
