hand,first_max_height,min_height,second_max_height,dribbling_frequency,bending_angle,duration
1,1.4522199630737305,1.0262128114700317,1.4178663492202759,1.7647058823529411,6.32342169117707,17
