hand,first_max_height,min_height,second_max_height,dribbling_frequency,bending_angle,duration
1,1.4740251302719116,0.9856277108192444,1.4088951349258423,1.7647058823529411,14.203368907719614,17
