hand,first_max_height,min_height,second_max_height,dribbling_frequency,bending_angle,duration
1,1.4659264087677002,1.024306297302246,1.5016162395477295,1.6666666666666665,9.588252630827611,18
