hand,first_max_height,min_height,second_max_height,dribbling_frequency,bending_angle,duration
1,0.9371551275253296,0.7049670219421387,0.9448546767234802,2.307692307692308,61.18411895044627,13
