hand,first_max_height,min_height,second_max_height,dribbling_frequency,bending_angle,duration
1,0.9852352142333984,0.6942952275276184,1.0074080228805542,2.142857142857143,59.30386086016885,14
