hand,first_max_height,min_height,second_max_height,dribbling_frequency,bending_angle,duration
1,1.006667971611023,0.8094386458396912,0.976161003112793,2.5,55.12561021002751,12
