hand,first_max_height,min_height,second_max_height,dribbling_frequency,bending_angle,duration
1,1.2364102602005005,0.9695215225219727,1.2038382291793823,2.5,18.260389507052615,12
