hand,first_max_height,min_height,second_max_height,dribbling_frequency,bending_angle,duration
1,1.3569538593292236,0.8521014451980591,1.3960601091384888,1.7647058823529411,27.400485136825193,17
