hand,first_max_height,min_height,second_max_height,dribbling_frequency,bending_angle,duration
1,1.2201846837997437,0.9959236979484558,1.2623498439788818,2.142857142857143,28.61161413126453,14
