hand,first_max_height,min_height,second_max_height,dribbling_frequency,bending_angle,duration
1,1.4981664419174194,0.9666845202445984,1.4668548107147217,1.875,29.822309922965935,16
