hand,first_max_height,min_height,second_max_height,dribbling_frequency,bending_angle,duration
1,0.9342427253723145,0.6949418187141418,0.9286975264549255,2.0,54.328618033538916,15
