hand,first_max_height,min_height,second_max_height,dribbling_frequency,bending_angle,duration
1,1.1038836240768433,0.8660026788711548,1.1621499061584473,2.5,43.606413505405264,12
