hand,first_max_height,min_height,second_max_height,dribbling_frequency,bending_angle,duration
1,1.520737886428833,1.038619875907898,1.4452012777328491,1.7647058823529411,4.126599407232782,17
