hand,first_max_height,min_height,second_max_height,dribbling_frequency,bending_angle,duration
1,1.4392263889312744,1.0519871711730957,1.3882684707641602,1.875,1.9465315416174558,16
