hand,first_max_height,min_height,second_max_height,dribbling_frequency,bending_angle,duration
1,1.4982678890228271,0.9641648530960083,1.4494407176971436,1.6666666666666665,11.088403316508852,18
