hand,first_max_height,min_height,second_max_height,dribbling_frequency,bending_angle,duration
1,1.3594504594802856,0.9797146320343018,1.564479947090149,1.6666666666666665,9.555505971297743,18
