hand,first_max_height,min_height,second_max_height,dribbling_frequency,bending_angle,duration
1,0.9295308589935303,0.7731057405471802,0.8600996732711792,2.307692307692308,62.40488340426838,13
