hand,first_max_height,min_height,second_max_height,dribbling_frequency,bending_angle,duration
1,1.0085757970809937,0.7314748167991638,0.9843851923942566,2.0,55.56771627074637,15
