hand,first_max_height,min_height,second_max_height,dribbling_frequency,bending_angle,duration
1,1.3783888816833496,1.0091376304626465,1.3476200103759766,2.0,7.8470385327046825,15
