hand,first_max_height,min_height,second_max_height,dribbling_frequency,bending_angle,duration
1,1.450900673866272,0.9779674410820007,1.3900917768478394,1.875,8.908435175276018,16
