hand,first_max_height,min_height,second_max_height,dribbling_frequency,bending_angle,duration
1,1.4243687391281128,0.9942111372947693,1.4326832294464111,1.7647058823529411,9.351575059578265,17
