hand,first_max_height,min_height,second_max_height,dribbling_frequency,bending_angle,duration
1,1.4777172803878784,0.9694338440895081,1.3939696550369263,1.7647058823529411,5.769559806320418,17
