hand,first_max_height,min_height,second_max_height,dribbling_frequency,bending_angle,duration
1,1.4501935243606567,1.053239107131958,1.4111518859863281,1.875,10.016565337208394,16
