hand,first_max_height,min_height,second_max_height,dribbling_frequency,bending_angle,duration
1,1.031903624534607,0.8173778057098389,1.0075138807296753,2.7272727272727275,53.28098578740223,11
