hand,first_max_height,min_height,second_max_height,dribbling_frequency,bending_angle,duration
1,1.011772871017456,0.7567339539527893,0.865265429019928,2.142857142857143,55.29293131465286,14
