hand,first_max_height,min_height,second_max_height,dribbling_frequency,bending_angle,duration
1,1.1716612577438354,0.7511084079742432,1.0106372833251953,2.142857142857143,40.31155551642218,14
