hand,first_max_height,min_height,second_max_height,dribbling_frequency,bending_angle,duration
1,1.323750376701355,1.0132089853286743,1.3542009592056274,2.142857142857143,8.760277767864386,14
