hand,first_max_height,min_height,second_max_height,dribbling_frequency,bending_angle,duration
1,1.4882594347000122,1.086563229560852,1.5000557899475098,1.7647058823529411,3.700624620034696,17
