hand,first_max_height,min_height,second_max_height,dribbling_frequency,bending_angle,duration
1,1.3336774110794067,1.000744104385376,1.2545729875564575,1.875,8.261048207320284,16
