hand,first_max_height,min_height,second_max_height,dribbling_frequency,bending_angle,duration
1,1.501878261566162,1.0476915836334229,1.4856841564178467,1.7647058823529411,4.925046075223621,17
