hand,first_max_height,min_height,second_max_height,dribbling_frequency,bending_angle,duration
1,1.3972690105438232,1.0161328315734863,1.3349882364273071,2.0,10.222107416218673,15
