hand,first_max_height,min_height,second_max_height,dribbling_frequency,bending_angle,duration
1,1.443808913230896,0.9936814308166504,1.4553602933883667,1.5789473684210527,8.042961626238114,19
