hand,first_max_height,min_height,second_max_height,dribbling_frequency,bending_angle,duration
1,1.1198123693466187,0.8994303345680237,1.0743705034255981,2.5,35.29924110671327,12
