hand,first_max_height,min_height,second_max_height,dribbling_frequency,bending_angle,duration
1,1.4534119367599487,1.037637710571289,1.3961474895477295,1.7647058823529411,3.2789809367016582,17
