hand,first_max_height,min_height,second_max_height,dribbling_frequency,bending_angle,duration
1,1.4096734523773193,0.9734251499176025,1.4226083755493164,1.7647058823529411,6.87586119319757,17
