hand,first_max_height,min_height,second_max_height,dribbling_frequency,bending_angle,duration
1,1.1060336828231812,0.9006577730178833,1.1227664947509766,2.307692307692308,40.80121874448155,13
