hand,first_max_height,min_height,second_max_height,dribbling_frequency,bending_angle,duration
1,1.4742437601089478,1.0343972444534302,1.4329079389572144,1.875,14.737344431026699,16
