hand,first_max_height,min_height,second_max_height,dribbling_frequency,bending_angle,duration
1,1.0094280242919922,0.7374283075332642,1.4567097425460815,1.6666666666666665,61.3862908834815,18
