hand,first_max_height,min_height,second_max_height,dribbling_frequency,bending_angle,duration
1,0.8707961440086365,0.7189599275588989,1.0307060480117798,2.7272727272727275,58.4742369603397,11
