hand,first_max_height,min_height,second_max_height,dribbling_frequency,bending_angle,duration
1,1.4902021884918213,0.987188458442688,1.496073603630066,1.875,15.618256763431951,16
