hand,first_max_height,min_height,second_max_height,dribbling_frequency,bending_angle,duration
1,1.4973535537719727,1.0009042024612427,1.269149899482727,2.0,7.757066473990285,15
