hand,first_max_height,min_height,second_max_height,dribbling_frequency,bending_angle,duration
1,1.3920247554779053,0.9662104249000549,1.3739856481552124,1.6666666666666665,20.973834645216446,18
