hand,first_max_height,min_height,second_max_height,dribbling_frequency,bending_angle,duration
1,1.568746566772461,0.9520283937454224,1.594740629196167,1.6666666666666665,20.408043664525035,18
