hand,first_max_height,min_height,second_max_height,dribbling_frequency,bending_angle,duration
1,1.4246891736984253,1.0561432838439941,1.41886568069458,1.7647058823529411,3.6695892478806895,17
