hand,first_max_height,min_height,second_max_height,dribbling_frequency,bending_angle,duration
1,1.1280088424682617,0.8499082326889038,0.9737902879714966,3.0,38.64622402024502,10
