hand,first_max_height,min_height,second_max_height,dribbling_frequency,bending_angle,duration
1,1.4855551719665527,1.0322328805923462,1.4421149492263794,1.7647058823529411,5.585865216501943,17
