hand,first_max_height,min_height,second_max_height,dribbling_frequency,bending_angle,duration
1,1.40408194065094,1.101778507232666,1.434156894683838,2.142857142857143,3.640619189075422,14
