hand,first_max_height,min_height,second_max_height,dribbling_frequency,bending_angle,duration
1,0.9509215950965881,0.7565908432006836,0.9269065856933594,2.5,56.24758753700924,12
