hand,first_max_height,min_height,second_max_height,dribbling_frequency,bending_angle,duration
1,1.0529147386550903,0.7023746371269226,1.0592080354690552,2.0,57.98776885399613,15
