hand,first_max_height,min_height,second_max_height,dribbling_frequency,bending_angle,duration
1,1.5192242860794067,1.0369641780853271,1.526157259941101,1.875,15.002519871927658,16
