hand,first_max_height,min_height,second_max_height,dribbling_frequency,bending_angle,duration
1,1.3295177221298218,1.0111533403396606,1.2485949993133545,2.307692307692308,9.11414773553477,13
