hand,first_max_height,min_height,second_max_height,dribbling_frequency,bending_angle,duration
1,1.1516609191894531,0.8761764168739319,1.1466575860977173,2.142857142857143,32.45134170993541,14
