hand,first_max_height,min_height,second_max_height,dribbling_frequency,bending_angle,duration
1,1.2181557416915894,0.9520407915115356,1.2162858247756958,1.875,30.427285486926834,16
