hand,first_max_height,min_height,second_max_height,dribbling_frequency,bending_angle,duration
1,1.455931305885315,0.963769793510437,1.4902230501174927,1.7647058823529411,14.385925597320318,17
