hand,first_max_height,min_height,second_max_height,dribbling_frequency,bending_angle,duration
1,1.456330418586731,0.9808043837547302,1.4639546871185303,1.7647058823529411,2.243269476582229,17
