hand,first_max_height,min_height,second_max_height,dribbling_frequency,bending_angle,duration
1,0.9177155494689941,0.649186909198761,0.9271002411842346,2.0,62.36832374281625,15
