hand,first_max_height,min_height,second_max_height,dribbling_frequency,bending_angle,duration
1,1.546884536743164,0.9496472477912903,1.174018144607544,2.0,6.344823664440425,15
