hand,first_max_height,min_height,second_max_height,dribbling_frequency,bending_angle,duration
1,1.35165536403656,1.0302163362503052,1.3051648139953613,2.0,12.586154299812913,15
