hand,first_max_height,min_height,second_max_height,dribbling_frequency,bending_angle,duration
1,1.4196900129318237,1.0310477018356323,1.420081615447998,1.875,6.267088195732941,16
