hand,first_max_height,min_height,second_max_height,dribbling_frequency,bending_angle,duration
1,1.2638026475906372,1.0996477603912354,1.2556501626968384,2.307692307692308,10.167342334001644,13
