hand,first_max_height,min_height,second_max_height,dribbling_frequency,bending_angle,duration
1,1.430504560470581,1.0215520858764648,1.4464040994644165,1.7647058823529411,4.862256967736974,17
