hand,first_max_height,min_height,second_max_height,dribbling_frequency,bending_angle,duration
1,0.9635183811187744,0.6730005145072937,1.0694350004196167,2.0,65.00509007190666,15
