hand,first_max_height,min_height,second_max_height,dribbling_frequency,bending_angle,duration
1,1.4265477657318115,1.0187309980392456,1.4066369533538818,1.7647058823529411,4.932237650552311,17
