hand,first_max_height,min_height,second_max_height,dribbling_frequency,bending_angle,duration
1,1.1751903295516968,0.840595006942749,1.1910115480422974,1.7647058823529411,30.357549668792856,17
