hand,first_max_height,min_height,second_max_height,dribbling_frequency,bending_angle,duration
1,1.419527292251587,0.9730015993118286,1.4111478328704834,1.6666666666666665,9.71339142245715,18
