hand,first_max_height,min_height,second_max_height,dribbling_frequency,bending_angle,duration
1,1.0466052293777466,0.8259922862052917,1.097523808479309,2.7272727272727275,37.33225571585471,11
