hand,first_max_height,min_height,second_max_height,dribbling_frequency,bending_angle,duration
1,1.0660126209259033,0.6893553137779236,1.0854260921478271,2.0,58.40016475334732,15
