hand,first_max_height,min_height,second_max_height,dribbling_frequency,bending_angle,duration
1,1.1187317371368408,0.9281408190727234,1.1060336828231812,2.307692307692308,42.399944722717755,13
