hand,first_max_height,min_height,second_max_height,dribbling_frequency,bending_angle,duration
1,1.4222804307937622,0.8531203269958496,1.1563594341278076,1.6666666666666665,17.281574457274576,18
