hand,first_max_height,min_height,second_max_height,dribbling_frequency,bending_angle,duration
1,1.5373756885528564,0.9639341831207275,1.5614107847213745,1.3043478260869565,15.96811908425744,23
