hand,first_max_height,min_height,second_max_height,dribbling_frequency,bending_angle,duration
1,1.5436245203018188,1.042174220085144,1.4990389347076416,1.7647058823529411,13.44254258570059,17
