hand,first_max_height,min_height,second_max_height,dribbling_frequency,bending_angle,duration
1,1.3553123474121094,1.0537644624710083,1.360787272453308,2.307692307692308,10.724255835895637,13
