hand,first_max_height,min_height,second_max_height,dribbling_frequency,bending_angle,duration
1,1.4356293678283691,0.9704831838607788,1.417572259902954,2.0,10.304965986641754,15
