hand,first_max_height,min_height,second_max_height,dribbling_frequency,bending_angle,duration
1,1.3964768648147583,1.0862940549850464,1.4103816747665405,2.142857142857143,5.840282245601268,14
