hand,first_max_height,min_height,second_max_height,dribbling_frequency,bending_angle,duration
1,0.9876558780670166,0.7078670859336853,0.9046462774276733,2.307692307692308,58.780226411548924,13
