hand,first_max_height,min_height,second_max_height,dribbling_frequency,bending_angle,duration
1,1.4468213319778442,0.9978770017623901,1.4307843446731567,1.6666666666666665,7.215789294456711,18
