hand,first_max_height,min_height,second_max_height,dribbling_frequency,bending_angle,duration
1,1.3403563499450684,0.9654906392097473,1.3122007846832275,2.142857142857143,16.266503824529728,14
