hand,first_max_height,min_height,second_max_height,dribbling_frequency,bending_angle,duration
1,1.402755618095398,1.0491610765457153,1.3951107263565063,1.7647058823529411,10.994800483501699,17
