hand,first_max_height,min_height,second_max_height,dribbling_frequency,bending_angle,duration
1,1.3855903148651123,1.0854800939559937,1.38169527053833,2.142857142857143,6.768930764385934,14
