hand,first_max_height,min_height,second_max_height,dribbling_frequency,bending_angle,duration
1,1.3401894569396973,1.0224982500076294,1.3399697542190552,2.142857142857143,7.697736598917033,14
