hand,first_max_height,min_height,second_max_height,dribbling_frequency,bending_angle,duration
1,1.331467866897583,1.0012905597686768,1.3305587768554688,2.0,11.849058725488375,15
