hand,first_max_height,min_height,second_max_height,dribbling_frequency,bending_angle,duration
1,1.2460991144180298,1.0836478471755981,1.1976983547210693,2.7272727272727275,11.339178435624666,11
