hand,first_max_height,min_height,second_max_height,dribbling_frequency,bending_angle,duration
1,0.8672314286231995,0.7148427367210388,0.834752082824707,2.5,64.31461593012355,12
