hand,first_max_height,min_height,second_max_height,dribbling_frequency,bending_angle,duration
1,1.4987937211990356,1.034547209739685,1.3926656246185303,1.875,6.001008781754827,16
