hand,first_max_height,min_height,second_max_height,dribbling_frequency,bending_angle,duration
1,1.365937352180481,0.9145283699035645,1.43308424949646,1.875,14.865839629267253,16
