hand,first_max_height,min_height,second_max_height,dribbling_frequency,bending_angle,duration
1,1.2812649011611938,0.9651445746421814,1.3247050046920776,2.0,12.481771764652724,15
