hand,first_max_height,min_height,second_max_height,dribbling_frequency,bending_angle,duration
1,1.289201021194458,0.9783897399902344,1.3016388416290283,2.5,13.298695400308638,12
