hand,first_max_height,min_height,second_max_height,dribbling_frequency,bending_angle,duration
1,1.3425589799880981,0.9903632402420044,1.34771728515625,2.0,8.333112808928195,15
