hand,first_max_height,min_height,second_max_height,dribbling_frequency,bending_angle,duration
1,1.3214123249053955,1.0341804027557373,1.3319342136383057,1.875,10.087680397787985,16
