hand,first_max_height,min_height,second_max_height,dribbling_frequency,bending_angle,duration
1,1.247300148010254,0.923387885093689,1.0000414848327637,3.0,25.08986992438644,10
