hand,first_max_height,min_height,second_max_height,dribbling_frequency,bending_angle,duration
1,1.0301313400268555,0.8917729258537292,1.2838331460952759,2.7272727272727275,25.421256873274196,11
