hand,first_max_height,min_height,second_max_height,dribbling_frequency,bending_angle,duration
1,1.1091243028640747,0.8348024487495422,1.1170024871826172,2.307692307692308,42.32343447659697,13
