hand,first_max_height,min_height,second_max_height,dribbling_frequency,bending_angle,duration
1,1.4440950155258179,1.042470932006836,1.4522199630737305,2.0,5.908270799655016,15
