hand,first_max_height,min_height,second_max_height,dribbling_frequency,bending_angle,duration
1,1.2087795734405518,0.9322646260261536,1.3909461498260498,2.142857142857143,38.45138680944755,14
