hand,first_max_height,min_height,second_max_height,dribbling_frequency,bending_angle,duration
1,0.9189749956130981,0.6219319701194763,0.9405156970024109,2.142857142857143,67.21347203070336,14
