hand,first_max_height,min_height,second_max_height,dribbling_frequency,bending_angle,duration
1,1.426387071609497,0.9805262684822083,1.4243687391281128,1.7647058823529411,9.892809716743665,17
