hand,first_max_height,min_height,second_max_height,dribbling_frequency,bending_angle,duration
1,1.3362770080566406,0.9860954284667969,1.306176781654358,2.0,10.637878647918772,15
