hand,first_max_height,min_height,second_max_height,dribbling_frequency,bending_angle,duration
1,1.4299782514572144,0.928443431854248,1.4572304487228394,1.6666666666666665,12.9683288047449,18
