hand,first_max_height,min_height,second_max_height,dribbling_frequency,bending_angle,duration
1,1.4494473934173584,1.0016634464263916,1.4669281244277954,1.875,16.67700590207401,16
