hand,first_max_height,min_height,second_max_height,dribbling_frequency,bending_angle,duration
1,1.4130922555923462,1.029041051864624,1.3892525434494019,2.0,11.732592138364671,15
