hand,first_max_height,min_height,second_max_height,dribbling_frequency,bending_angle,duration
1,1.4989687204360962,0.9640685319900513,1.516423225402832,1.5789473684210527,7.08425352324568,19
