hand,first_max_height,min_height,second_max_height,dribbling_frequency,bending_angle,duration
1,1.4443334341049194,0.927541196346283,1.449304223060608,1.875,24.438198797478435,16
