hand,first_max_height,min_height,second_max_height,dribbling_frequency,bending_angle,duration
1,1.5152279138565063,0.9955226182937622,1.4825615882873535,1.7647058823529411,19.292688438506204,17
