hand,first_max_height,min_height,second_max_height,dribbling_frequency,bending_angle,duration
1,1.1945745944976807,0.7803356647491455,1.1744240522384644,1.875,44.92509040819914,16
