hand,first_max_height,min_height,second_max_height,dribbling_frequency,bending_angle,duration
1,1.3676472902297974,1.029956340789795,1.3064149618148804,2.142857142857143,7.092549150271273,14
