hand,first_max_height,min_height,second_max_height,dribbling_frequency,bending_angle,duration
1,1.0565834045410156,0.875688374042511,1.1882996559143066,2.7272727272727275,46.07883101467052,11
