hand,first_max_height,min_height,second_max_height,dribbling_frequency,bending_angle,duration
1,1.437757968902588,0.9186110496520996,1.170915961265564,2.142857142857143,11.616095321938783,14
