hand,first_max_height,min_height,second_max_height,dribbling_frequency,bending_angle,duration
1,1.4169087409973145,1.0098258256912231,1.3917604684829712,2.142857142857143,7.35075004207611,14
