hand,first_max_height,min_height,second_max_height,dribbling_frequency,bending_angle,duration
1,1.3474458456039429,0.972806453704834,1.32024347782135,2.142857142857143,11.571183415645246,14
