hand,first_max_height,min_height,second_max_height,dribbling_frequency,bending_angle,duration
1,0.9587347507476807,0.6719053387641907,0.9026860594749451,2.7272727272727275,61.087813000068444,11
