hand,first_max_height,min_height,second_max_height,dribbling_frequency,bending_angle,duration
1,1.0111463069915771,0.7235197424888611,1.079701542854309,2.0,53.657074032864934,15
