hand,first_max_height,min_height,second_max_height,dribbling_frequency,bending_angle,duration
1,1.4517549276351929,1.0256751775741577,1.4474921226501465,1.6666666666666665,7.8374936476832335,18
