hand,first_max_height,min_height,second_max_height,dribbling_frequency,bending_angle,duration
1,0.99669349193573,0.8218175172805786,1.0184959173202515,3.0,53.80244178286571,10
