hand,first_max_height,min_height,second_max_height,dribbling_frequency,bending_angle,duration
1,1.2841694355010986,1.0233633518218994,1.3006923198699951,2.0,15.335460646143764,15
