hand,first_max_height,min_height,second_max_height,dribbling_frequency,bending_angle,duration
1,1.030501365661621,0.8095715641975403,1.0604586601257324,2.142857142857143,46.98499495961976,14
