hand,first_max_height,min_height,second_max_height,dribbling_frequency,bending_angle,duration
1,1.411152958869934,0.9930642247200012,1.41484534740448,1.6666666666666665,7.96573409338715,18
