hand,first_max_height,min_height,second_max_height,dribbling_frequency,bending_angle,duration
1,0.876091480255127,0.6307054758071899,0.8175739645957947,2.307692307692308,67.11132145399529,13
