hand,first_max_height,min_height,second_max_height,dribbling_frequency,bending_angle,duration
1,1.4916226863861084,0.9601249694824219,1.5120280981063843,1.7647058823529411,7.271003813726432,17
