hand,first_max_height,min_height,second_max_height,dribbling_frequency,bending_angle,duration
1,1.3909461498260498,1.0057029724121094,1.5373212099075317,2.0,23.645730007808595,15
