hand,first_max_height,min_height,second_max_height,dribbling_frequency,bending_angle,duration
1,0.8465765714645386,0.7224374413490295,1.0307564735412598,2.5,64.92559624908986,12
