hand,first_max_height,min_height,second_max_height,dribbling_frequency,bending_angle,duration
1,1.3461226224899292,1.0072537660598755,1.3433666229248047,2.0,7.375828098919782,15
