hand,first_max_height,min_height,second_max_height,dribbling_frequency,bending_angle,duration
1,1.4648149013519287,0.9862400889396667,1.4340686798095703,1.5789473684210527,5.886420768737327,19
