hand,first_max_height,min_height,second_max_height,dribbling_frequency,bending_angle,duration
1,1.4373528957366943,1.0494107007980347,1.4136441946029663,1.875,3.9999539975526877,16
