hand,first_max_height,min_height,second_max_height,dribbling_frequency,bending_angle,duration
1,1.4336285591125488,0.863348126411438,1.1999180316925049,2.0,13.044813325433584,15
