hand,first_max_height,min_height,second_max_height,dribbling_frequency,bending_angle,duration
1,1.0164308547973633,0.7071354389190674,0.9987339973449707,2.142857142857143,59.720288171198874,14
