hand,first_max_height,min_height,second_max_height,dribbling_frequency,bending_angle,duration
1,1.3684481382369995,0.9439076781272888,1.37948739528656,1.6666666666666665,23.9162226683483,18
