hand,first_max_height,min_height,second_max_height,dribbling_frequency,bending_angle,duration
1,1.3453865051269531,1.0289438962936401,1.3489066362380981,2.0,4.752739842984706,15
