hand,first_max_height,min_height,second_max_height,dribbling_frequency,bending_angle,duration
1,1.4622248411178589,1.0305206775665283,1.4709855318069458,1.6666666666666665,9.00420982868292,18
