hand,first_max_height,min_height,second_max_height,dribbling_frequency,bending_angle,duration
1,1.4735549688339233,1.0057697296142578,1.4121423959732056,1.6666666666666665,17.501231733461573,18
