hand,first_max_height,min_height,second_max_height,dribbling_frequency,bending_angle,duration
1,0.9403108954429626,0.6223440766334534,0.9619241952896118,2.5,63.97912861854724,12
