hand,first_max_height,min_height,second_max_height,dribbling_frequency,bending_angle,duration
1,0.9755754470825195,0.7050038576126099,0.9552394151687622,2.307692307692308,58.38131534325564,13
