hand,first_max_height,min_height,second_max_height,dribbling_frequency,bending_angle,duration
1,1.1814875602722168,0.9242182374000549,1.3957990407943726,2.307692307692308,43.824470135667625,13
