hand,first_max_height,min_height,second_max_height,dribbling_frequency,bending_angle,duration
1,1.178246021270752,0.9341959953308105,1.2693212032318115,2.0,26.31904183754079,15
