hand,first_max_height,min_height,second_max_height,dribbling_frequency,bending_angle,duration
1,1.3030608892440796,0.8824605941772461,1.049780011177063,2.307692307692308,24.520490127816153,13
