hand,first_max_height,min_height,second_max_height,dribbling_frequency,bending_angle,duration
1,1.533210277557373,1.0587031841278076,1.5421034097671509,1.4285714285714284,12.37705909858523,21
