hand,first_max_height,min_height,second_max_height,dribbling_frequency,bending_angle,duration
1,1.5122456550598145,1.0670207738876343,1.4290412664413452,1.875,7.946149656487856,16
