hand,first_max_height,min_height,second_max_height,dribbling_frequency,bending_angle,duration
1,1.4511405229568481,0.9920910596847534,1.5058798789978027,1.5789473684210527,14.316841920801588,19
