hand,first_max_height,min_height,second_max_height,dribbling_frequency,bending_angle,duration
1,0.9993898272514343,0.6558107137680054,1.452978491783142,1.6666666666666665,61.386946530397566,18
