hand,first_max_height,min_height,second_max_height,dribbling_frequency,bending_angle,duration
1,1.2433669567108154,0.9702233672142029,1.2253618240356445,2.142857142857143,13.736597316103357,14
