hand,first_max_height,min_height,second_max_height,dribbling_frequency,bending_angle,duration
1,0.9208584427833557,0.7267146706581116,0.9303231835365295,2.142857142857143,48.47542729393469,14
