hand,first_max_height,min_height,second_max_height,dribbling_frequency,bending_angle,duration
1,1.333931803703308,1.0443965196609497,1.3913275003433228,2.0,8.595096227052636,15
