hand,first_max_height,min_height,second_max_height,dribbling_frequency,bending_angle,duration
1,1.424018383026123,1.0750977993011475,1.4128799438476562,2.142857142857143,6.281536442830934,14
