hand,first_max_height,min_height,second_max_height,dribbling_frequency,bending_angle,duration
1,1.0704200267791748,0.7591421008110046,1.01789391040802,2.0,52.614814193646815,15
