hand,first_max_height,min_height,second_max_height,dribbling_frequency,bending_angle,duration
1,1.4927481412887573,1.1408519744873047,1.4812674522399902,1.5789473684210527,9.959031493032517,19
