hand,first_max_height,min_height,second_max_height,dribbling_frequency,bending_angle,duration
1,1.3476200103759766,0.9876386523246765,1.3598735332489014,1.875,10.375580092730875,16
