hand,first_max_height,min_height,second_max_height,dribbling_frequency,bending_angle,duration
1,1.386296272277832,0.9866527318954468,1.3551876544952393,1.6666666666666665,4.28148573701341,18
