hand,first_max_height,min_height,second_max_height,dribbling_frequency,bending_angle,duration
1,1.388811707496643,1.0658209323883057,1.349391222000122,2.142857142857143,9.80179178524625,14
