hand,first_max_height,min_height,second_max_height,dribbling_frequency,bending_angle,duration
1,1.050942301750183,0.7355994582176208,0.9889144897460938,2.0,54.28756628653798,15
