hand,first_max_height,min_height,second_max_height,dribbling_frequency,bending_angle,duration
1,1.4364725351333618,0.9805766344070435,1.399684190750122,1.875,8.12372429964544,16
