hand,first_max_height,min_height,second_max_height,dribbling_frequency,bending_angle,duration
1,1.5277215242385864,1.0005375146865845,1.505927562713623,1.4285714285714284,10.41260805701022,21
