hand,first_max_height,min_height,second_max_height,dribbling_frequency,bending_angle,duration
1,1.4140092134475708,0.9459185004234314,1.384955644607544,1.875,12.653185642267154,16
