hand,first_max_height,min_height,second_max_height,dribbling_frequency,bending_angle,duration
1,0.9293569922447205,0.6008517146110535,0.8717550039291382,2.142857142857143,65.54538049838027,14
