hand,first_max_height,min_height,second_max_height,dribbling_frequency,bending_angle,duration
1,1.0989985466003418,0.8678212761878967,1.1044198274612427,2.5,47.5225790811917,12
