hand,first_max_height,min_height,second_max_height,dribbling_frequency,bending_angle,duration
1,1.335927128791809,1.032317042350769,1.3199223279953003,2.142857142857143,18.38765949647569,14
