hand,first_max_height,min_height,second_max_height,dribbling_frequency,bending_angle,duration
1,1.33567214012146,1.04570472240448,1.28885817527771,2.7272727272727275,13.236984139228287,11
