hand,first_max_height,min_height,second_max_height,dribbling_frequency,bending_angle,duration
1,0.7672224044799805,0.676073431968689,0.8136228322982788,3.0,72.65847878134005,10
