hand,first_max_height,min_height,second_max_height,dribbling_frequency,bending_angle,duration
1,1.0916727781295776,0.9002491235733032,1.1146628856658936,2.307692307692308,36.800711260035236,13
