hand,first_max_height,min_height,second_max_height,dribbling_frequency,bending_angle,duration
1,1.385107398033142,0.9636911153793335,1.2580947875976562,1.6666666666666665,5.783191313254558,18
