hand,first_max_height,min_height,second_max_height,dribbling_frequency,bending_angle,duration
1,1.4025894403457642,1.0910125970840454,1.3650647401809692,1.875,9.067501956151238,16
