hand,first_max_height,min_height,second_max_height,dribbling_frequency,bending_angle,duration
1,1.4549648761749268,0.9861013889312744,1.4494473934173584,1.875,18.86688993711876,16
