hand,first_max_height,min_height,second_max_height,dribbling_frequency,bending_angle,duration
1,0.8696712255477905,0.6327282786369324,0.7490190863609314,2.7272727272727275,67.43899293757677,11
