hand,first_max_height,min_height,second_max_height,dribbling_frequency,bending_angle,duration
1,1.0822776556015015,0.7912634015083313,1.1806851625442505,2.0,40.33901133556359,15
