hand,first_max_height,min_height,second_max_height,dribbling_frequency,bending_angle,duration
1,1.2838331460952759,0.8697361946105957,1.1230120658874512,2.142857142857143,22.897378679691737,14
