hand,first_max_height,min_height,second_max_height,dribbling_frequency,bending_angle,duration
1,1.361365556716919,0.9458183646202087,1.3515080213546753,1.5789473684210527,7.8711108618527055,19
