hand,first_max_height,min_height,second_max_height,dribbling_frequency,bending_angle,duration
1,1.4026298522949219,1.0198030471801758,1.3907450437545776,2.0,12.986365584681295,15
