hand,first_max_height,min_height,second_max_height,dribbling_frequency,bending_angle,duration
1,1.3207712173461914,0.8937823176383972,1.3303697109222412,1.6666666666666665,25.833120524824952,18
