hand,first_max_height,min_height,second_max_height,dribbling_frequency,bending_angle,duration
1,0.9545297026634216,0.7240034937858582,1.3220903873443604,1.7647058823529411,61.07338523421618,17
