hand,first_max_height,min_height,second_max_height,dribbling_frequency,bending_angle,duration
1,1.3588948249816895,1.0077931880950928,1.2970013618469238,2.307692307692308,16.757720492588586,13
