hand,first_max_height,min_height,second_max_height,dribbling_frequency,bending_angle,duration
1,1.079701542854309,0.7483705878257751,1.3089030981063843,1.875,54.60263704539657,16
