hand,first_max_height,min_height,second_max_height,dribbling_frequency,bending_angle,duration
1,1.544338583946228,0.9794305562973022,1.1609807014465332,2.307692307692308,9.668687587411059,13
