hand,first_max_height,min_height,second_max_height,dribbling_frequency,bending_angle,duration
1,0.8023134469985962,0.6626492142677307,0.8424827456474304,2.7272727272727275,71.3788649045144,11
