hand,first_max_height,min_height,second_max_height,dribbling_frequency,bending_angle,duration
1,1.2190431356430054,0.9606844186782837,1.2413374185562134,2.0,33.977303552755195,15
