hand,first_max_height,min_height,second_max_height,dribbling_frequency,bending_angle,duration
1,0.8616016507148743,0.7601732015609741,0.8891406059265137,3.0,61.2499853600796,10
