hand,first_max_height,min_height,second_max_height,dribbling_frequency,bending_angle,duration
1,1.3823810815811157,1.0548678636550903,1.1431546211242676,2.7272727272727275,8.369215075129453,11
