hand,first_max_height,min_height,second_max_height,dribbling_frequency,bending_angle,duration
1,0.9375739693641663,0.7466727495193481,0.9958628416061401,2.5,61.70847400437053,12
