hand,first_max_height,min_height,second_max_height,dribbling_frequency,bending_angle,duration
1,0.8373815417289734,0.6814779043197632,1.4053266048431396,1.7647058823529411,66.13497550651883,17
