hand,first_max_height,min_height,second_max_height,dribbling_frequency,bending_angle,duration
1,0.8713626265525818,0.712890625,0.9266137480735779,2.307692307692308,57.70482785537871,13
