hand,first_max_height,min_height,second_max_height,dribbling_frequency,bending_angle,duration
1,1.343497633934021,0.9305356740951538,1.3702244758605957,1.7647058823529411,26.420366129998353,17
