hand,first_max_height,min_height,second_max_height,dribbling_frequency,bending_angle,duration
1,1.209789752960205,0.9370368123054504,1.2671394348144531,2.0,30.348625286936645,15
