hand,first_max_height,min_height,second_max_height,dribbling_frequency,bending_angle,duration
1,1.418039321899414,0.9792835116386414,1.4117218255996704,1.875,9.626950481859879,16
