hand,first_max_height,min_height,second_max_height,dribbling_frequency,bending_angle,duration
1,1.477981686592102,1.0144456624984741,1.468851923942566,1.875,7.2850675410981935,16
