hand,first_max_height,min_height,second_max_height,dribbling_frequency,bending_angle,duration
1,1.2375000715255737,1.0127227306365967,1.2680182456970215,2.0,27.833753751873505,15
