hand,first_max_height,min_height,second_max_height,dribbling_frequency,bending_angle,duration
1,0.8486438989639282,0.6261222958564758,0.9549936056137085,2.7272727272727275,64.95223270189106,11
