hand,first_max_height,min_height,second_max_height,dribbling_frequency,bending_angle,duration
1,1.4964241981506348,1.0352808237075806,1.506510853767395,1.7647058823529411,4.110700347515238,17
