hand,first_max_height,min_height,second_max_height,dribbling_frequency,bending_angle,duration
1,0.9390898942947388,0.8201653361320496,1.366058349609375,2.142857142857143,56.05969157760607,14
