hand,first_max_height,min_height,second_max_height,dribbling_frequency,bending_angle,duration
1,1.4019432067871094,1.0346561670303345,1.4607758522033691,1.7647058823529411,5.655821739851734,17
