hand,first_max_height,min_height,second_max_height,dribbling_frequency,bending_angle,duration
1,1.4215102195739746,0.9912973642349243,1.4273730516433716,1.5789473684210527,7.9021598607161305,19
