hand,first_max_height,min_height,second_max_height,dribbling_frequency,bending_angle,duration
1,1.5080363750457764,1.0222536325454712,1.3935822248458862,1.7647058823529411,10.61517846637659,17
