hand,first_max_height,min_height,second_max_height,dribbling_frequency,bending_angle,duration
1,1.0353150367736816,0.8913570642471313,1.077559471130371,2.307692307692308,34.47251184588426,13
