hand,first_max_height,min_height,second_max_height,dribbling_frequency,bending_angle,duration
1,1.3349882364273071,0.8433510661125183,1.1266510486602783,1.7647058823529411,13.135168313250844,17
