hand,first_max_height,min_height,second_max_height,dribbling_frequency,bending_angle,duration
1,1.240507960319519,0.9842443466186523,1.2334578037261963,2.142857142857143,30.078939500329714,14
