hand,first_max_height,min_height,second_max_height,dribbling_frequency,bending_angle,duration
1,0.7615394592285156,0.6095147132873535,0.7824329137802124,2.7272727272727275,73.43762781460755,11
