hand,first_max_height,min_height,second_max_height,dribbling_frequency,bending_angle,duration
1,0.9398372173309326,0.6701987981796265,1.4225308895111084,1.5,57.71560153719599,20
