hand,first_max_height,min_height,second_max_height,dribbling_frequency,bending_angle,duration
1,1.5790880918502808,0.9795596599578857,1.1588616371154785,1.875,9.92484070490022,16
