hand,first_max_height,min_height,second_max_height,dribbling_frequency,bending_angle,duration
1,1.3450156450271606,0.9506312012672424,1.411152958869934,1.6666666666666665,8.277055678077508,18
