hand,first_max_height,min_height,second_max_height,dribbling_frequency,bending_angle,duration
1,1.5067235231399536,1.0117696523666382,1.4424281120300293,1.875,6.039792467994135,16
