hand,first_max_height,min_height,second_max_height,dribbling_frequency,bending_angle,duration
1,1.445249319076538,0.9837262630462646,1.474991798400879,1.6666666666666665,10.12590676005655,18
