hand,first_max_height,min_height,second_max_height,dribbling_frequency,bending_angle,duration
1,1.5846455097198486,0.9894434809684753,1.5664139986038208,1.5789473684210527,11.175135038717436,19
