hand,first_max_height,min_height,second_max_height,dribbling_frequency,bending_angle,duration
1,1.5346640348434448,1.0221070051193237,1.5831503868103027,1.7647058823529411,9.26373548922015,17
