hand,first_max_height,min_height,second_max_height,dribbling_frequency,bending_angle,duration
1,1.445878505706787,1.0147337913513184,1.4764845371246338,1.6666666666666665,0.955609788371268,18
