hand,first_max_height,min_height,second_max_height,dribbling_frequency,bending_angle,duration
1,1.0410373210906982,0.7034650444984436,0.9728175401687622,1.7647058823529411,55.065971689262945,17
