hand,first_max_height,min_height,second_max_height,dribbling_frequency,bending_angle,duration
1,1.4205801486968994,0.9755948781967163,1.3263828754425049,1.875,4.165412341591158,16
