hand,first_max_height,min_height,second_max_height,dribbling_frequency,bending_angle,duration
1,1.2145015001296997,0.8964763283729553,1.2598284482955933,2.0,25.16578255235847,15
