hand,first_max_height,min_height,second_max_height,dribbling_frequency,bending_angle,duration
1,1.5881532430648804,0.8828074336051941,1.4006223678588867,1.4285714285714284,8.282109266065358,21
