hand,first_max_height,min_height,second_max_height,dribbling_frequency,bending_angle,duration
1,1.1037523746490479,0.8523894548416138,1.52522873878479,1.7647058823529411,59.03287941112107,17
