hand,first_max_height,min_height,second_max_height,dribbling_frequency,bending_angle,duration
1,0.7532913684844971,0.6104667782783508,0.8160814642906189,2.7272727272727275,66.40909956773714,11
