hand,first_max_height,min_height,second_max_height,dribbling_frequency,bending_angle,duration
1,1.3231533765792847,0.828976035118103,1.376577615737915,1.7647058823529411,28.266097091228367,17
