hand,first_max_height,min_height,second_max_height,dribbling_frequency,bending_angle,duration
1,1.4247844219207764,1.1139451265335083,1.4011446237564087,1.5,10.343426829260022,20
