hand,first_max_height,min_height,second_max_height,dribbling_frequency,bending_angle,duration
1,1.499833345413208,1.0394595861434937,1.4492141008377075,1.7647058823529411,6.148227658519713,17
