hand,first_max_height,min_height,second_max_height,dribbling_frequency,bending_angle,duration
1,1.176328420639038,0.881816565990448,1.186987280845642,2.0,32.376124331284835,15
