hand,first_max_height,min_height,second_max_height,dribbling_frequency,bending_angle,duration
1,1.3962494134902954,1.0573581457138062,1.4387333393096924,1.7647058823529411,8.040724304708817,17
