hand,first_max_height,min_height,second_max_height,dribbling_frequency,bending_angle,duration
1,1.417572259902954,0.9469359517097473,1.4136042594909668,2.0,10.679806103369643,15
