hand,first_max_height,min_height,second_max_height,dribbling_frequency,bending_angle,duration
1,1.5272623300552368,1.0528934001922607,1.5187722444534302,1.4285714285714284,12.255387713353862,21
