hand,first_max_height,min_height,second_max_height,dribbling_frequency,bending_angle,duration
1,1.385387897491455,0.974044680595398,1.0841704607009888,2.5,5.750161791300651,12
