hand,first_max_height,min_height,second_max_height,dribbling_frequency,bending_angle,duration
1,1.3815579414367676,1.0336040258407593,1.4103119373321533,2.142857142857143,10.520583934359625,14
