hand,first_max_height,min_height,second_max_height,dribbling_frequency,bending_angle,duration
1,1.4687135219573975,1.0532869100570679,1.4901881217956543,1.7647058823529411,7.586680351563493,17
