hand,first_max_height,min_height,second_max_height,dribbling_frequency,bending_angle,duration
1,1.4397714138031006,1.013007402420044,1.4264403581619263,1.7647058823529411,14.71214372402695,17
