hand,first_max_height,min_height,second_max_height,dribbling_frequency,bending_angle,duration
1,1.0474692583084106,0.8396521210670471,1.0082060098648071,2.7272727272727275,46.52118180338713,11
