hand,first_max_height,min_height,second_max_height,dribbling_frequency,bending_angle,duration
1,0.9018264412879944,0.7373338937759399,0.8902327418327332,2.7272727272727275,55.492547735322596,11
