hand,first_max_height,min_height,second_max_height,dribbling_frequency,bending_angle,duration
1,1.3975465297698975,0.9860239624977112,1.3623019456863403,1.7647058823529411,4.357849033226473,17
