hand,first_max_height,min_height,second_max_height,dribbling_frequency,bending_angle,duration
1,0.9803442358970642,0.7945477962493896,1.020861268043518,2.307692307692308,51.8532138616768,13
