hand,first_max_height,min_height,second_max_height,dribbling_frequency,bending_angle,duration
1,1.5181074142456055,0.9088311791419983,1.1153086423873901,2.0,14.414022514969112,15
