hand,first_max_height,min_height,second_max_height,dribbling_frequency,bending_angle,duration
1,0.8789216876029968,0.7033616900444031,0.9128353595733643,2.307692307692308,54.143603045137525,13
