hand,first_max_height,min_height,second_max_height,dribbling_frequency,bending_angle,duration
1,0.9225630164146423,0.7253364324569702,0.9657008051872253,3.0,59.20364461623648,10
