hand,first_max_height,min_height,second_max_height,dribbling_frequency,bending_angle,duration
1,1.3788405656814575,0.9544128179550171,1.356386661529541,1.875,16.159944033581272,16
