hand,first_max_height,min_height,second_max_height,dribbling_frequency,bending_angle,duration
1,1.4340686798095703,0.9628499150276184,1.4298871755599976,1.5789473684210527,7.4157855420821175,19
