hand,first_max_height,min_height,second_max_height,dribbling_frequency,bending_angle,duration
1,1.2220895290374756,0.9983475208282471,1.2536532878875732,2.0,33.62694129842218,15
