hand,first_max_height,min_height,second_max_height,dribbling_frequency,bending_angle,duration
1,0.8851228356361389,0.7490233778953552,0.9099783897399902,2.7272727272727275,67.36407985383904,11
