hand,first_max_height,min_height,second_max_height,dribbling_frequency,bending_angle,duration
1,1.1179888248443604,0.8894054293632507,1.2596135139465332,2.142857142857143,41.18555389903547,14
