hand,first_max_height,min_height,second_max_height,dribbling_frequency,bending_angle,duration
1,1.438232421875,1.0041866302490234,1.324072003364563,2.307692307692308,7.655294909621721,13
