hand,first_max_height,min_height,second_max_height,dribbling_frequency,bending_angle,duration
1,1.417441725730896,1.007571816444397,1.3907155990600586,1.875,7.698922108937709,16
