hand,first_max_height,min_height,second_max_height,dribbling_frequency,bending_angle,duration
1,1.0504271984100342,0.6837846040725708,1.0748867988586426,1.6666666666666665,62.35949167777899,18
