hand,first_max_height,min_height,second_max_height,dribbling_frequency,bending_angle,duration
1,1.0222679376602173,0.6870443224906921,0.9814051985740662,2.142857142857143,57.59157370376828,14
