hand,first_max_height,min_height,second_max_height,dribbling_frequency,bending_angle,duration
1,0.9509478211402893,0.8163232803344727,1.2103767395019531,2.307692307692308,59.16474502466578,13
