hand,first_max_height,min_height,second_max_height,dribbling_frequency,bending_angle,duration
1,1.4452990293502808,0.9974260926246643,1.5053942203521729,1.6666666666666665,6.482342422909491,18
