hand,first_max_height,min_height,second_max_height,dribbling_frequency,bending_angle,duration
1,1.3368473052978516,1.0182116031646729,1.3566125631332397,2.0,6.209108826379126,15
