hand,first_max_height,min_height,second_max_height,dribbling_frequency,bending_angle,duration
1,0.9474794268608093,0.762511670589447,0.9880368113517761,2.307692307692308,54.27612335702975,13
