hand,first_max_height,min_height,second_max_height,dribbling_frequency,bending_angle,duration
1,1.3406250476837158,0.9941602945327759,1.3694617748260498,1.875,11.385039242151061,16
