hand,first_max_height,min_height,second_max_height,dribbling_frequency,bending_angle,duration
1,1.550566554069519,0.9573561549186707,1.5373756885528564,1.3636363636363638,15.854536397779325,22
