hand,first_max_height,min_height,second_max_height,dribbling_frequency,bending_angle,duration
1,1.5052012205123901,1.0323244333267212,1.445174217224121,1.7647058823529411,1.9940729497267546,17
