hand,first_max_height,min_height,second_max_height,dribbling_frequency,bending_angle,duration
1,1.5115967988967896,1.0286545753479004,1.5117275714874268,1.875,15.166694135373186,16
