hand,first_max_height,min_height,second_max_height,dribbling_frequency,bending_angle,duration
1,1.4323147535324097,1.015015721321106,1.4581125974655151,1.7647058823529411,6.367886957905082,17
