hand,first_max_height,min_height,second_max_height,dribbling_frequency,bending_angle,duration
1,0.9092158675193787,0.7768011689186096,0.9168175458908081,2.7272727272727275,62.318452327897326,11
