hand,first_max_height,min_height,second_max_height,dribbling_frequency,bending_angle,duration
1,1.0537558794021606,0.6424857378005981,0.9196602702140808,2.0,52.50361177074783,15
