hand,first_max_height,min_height,second_max_height,dribbling_frequency,bending_angle,duration
1,1.5296337604522705,0.9664750099182129,1.527674674987793,1.6666666666666665,15.28948844662915,18
