hand,first_max_height,min_height,second_max_height,dribbling_frequency,bending_angle,duration
1,1.5503638982772827,1.0231517553329468,1.4973535537719727,1.7647058823529411,6.2276080578006825,17
