hand,first_max_height,min_height,second_max_height,dribbling_frequency,bending_angle,duration
1,1.364026427268982,1.011243462562561,1.3636821508407593,1.875,2.556853687051217,16
