hand,first_max_height,min_height,second_max_height,dribbling_frequency,bending_angle,duration
1,1.2815150022506714,0.9879340529441833,1.3147059679031372,2.142857142857143,12.176723180154262,14
