hand,first_max_height,min_height,second_max_height,dribbling_frequency,bending_angle,duration
1,1.373386263847351,0.9760048985481262,1.4039323329925537,1.875,13.58985252105017,16
