hand,first_max_height,min_height,second_max_height,dribbling_frequency,bending_angle,duration
1,0.6409396529197693,0.5058157444000244,0.622295081615448,3.0,71.25152545265017,10
