hand,first_max_height,min_height,second_max_height,dribbling_frequency,bending_angle,duration
1,1.041722059249878,0.769563615322113,1.0536620616912842,2.142857142857143,52.76339241795677,14
