hand,first_max_height,min_height,second_max_height,dribbling_frequency,bending_angle,duration
1,0.7861367464065552,0.6861907839775085,0.8228408098220825,3.0,70.85271827056233,10
