hand,first_max_height,min_height,second_max_height,dribbling_frequency,bending_angle,duration
1,0.9889265894889832,0.7901003956794739,0.9938932657241821,2.7272727272727275,54.04093459225386,11
