hand,first_max_height,min_height,second_max_height,dribbling_frequency,bending_angle,duration
1,1.433448076248169,0.9455854892730713,1.3788405656814575,1.7647058823529411,18.137038276580107,17
