hand,first_max_height,min_height,second_max_height,dribbling_frequency,bending_angle,duration
1,1.4527487754821777,1.0287487506866455,1.501878261566162,1.7647058823529411,5.314497592440482,17
