hand,first_max_height,min_height,second_max_height,dribbling_frequency,bending_angle,duration
1,1.0420652627944946,0.628561794757843,1.0002750158309937,1.875,60.89275347243868,16
