hand,first_max_height,min_height,second_max_height,dribbling_frequency,bending_angle,duration
1,1.411340594291687,1.003056526184082,1.4432307481765747,1.7647058823529411,2.106713211516544,17
