hand,first_max_height,min_height,second_max_height,dribbling_frequency,bending_angle,duration
1,0.8505386710166931,0.5528759956359863,0.7458680272102356,2.5,70.14416594523466,12
