hand,first_max_height,min_height,second_max_height,dribbling_frequency,bending_angle,duration
1,1.041123390197754,0.6541626453399658,0.9911502003669739,2.0,61.82083660005664,15
