hand,first_max_height,min_height,second_max_height,dribbling_frequency,bending_angle,duration
1,1.387236475944519,1.000839114189148,1.4047777652740479,1.875,6.725676471644171,16
