hand,first_max_height,min_height,second_max_height,dribbling_frequency,bending_angle,duration
1,1.329123854637146,1.023139238357544,1.28053617477417,2.307692307692308,10.350883483465903,13
