hand,first_max_height,min_height,second_max_height,dribbling_frequency,bending_angle,duration
1,1.4034186601638794,0.9509326219558716,1.4019277095794678,1.6666666666666665,20.28716124822213,18
