hand,first_max_height,min_height,second_max_height,dribbling_frequency,bending_angle,duration
1,1.389923334121704,1.036673903465271,1.4153908491134644,1.5,5.5565987467318125,20
