hand,first_max_height,min_height,second_max_height,dribbling_frequency,bending_angle,duration
1,1.4865481853485107,1.0083627700805664,1.4864925146102905,1.6666666666666665,4.762733041241888,18
