hand,first_max_height,min_height,second_max_height,dribbling_frequency,bending_angle,duration
1,0.7593581676483154,0.6170217990875244,0.7615394592285156,3.0,70.4762808933184,10
