hand,first_max_height,min_height,second_max_height,dribbling_frequency,bending_angle,duration
1,1.2231825590133667,1.0124324560165405,1.2800533771514893,2.0,20.63210199600228,15
