hand,first_max_height,min_height,second_max_height,dribbling_frequency,bending_angle,duration
1,1.2435437440872192,1.0613240003585815,1.1894360780715942,3.0,6.633181586644302,10
