hand,first_max_height,min_height,second_max_height,dribbling_frequency,bending_angle,duration
1,1.221970558166504,0.9489895105361938,1.2873796224594116,2.0,26.484380261940117,15
