hand,first_max_height,min_height,second_max_height,dribbling_frequency,bending_angle,duration
1,1.3688106536865234,1.044106364250183,1.3578959703445435,2.0,5.291708078293572,15
