hand,first_max_height,min_height,second_max_height,dribbling_frequency,bending_angle,duration
1,1.4345543384552002,0.8716873526573181,1.1065127849578857,1.6666666666666665,8.568117403722953,18
