hand,first_max_height,min_height,second_max_height,dribbling_frequency,bending_angle,duration
1,1.5373212099075317,1.0200146436691284,1.4497109651565552,1.875,13.239426941279378,16
