hand,first_max_height,min_height,second_max_height,dribbling_frequency,bending_angle,duration
1,0.8818886876106262,0.6632861495018005,0.7728890776634216,3.0,55.297512134365846,10
