hand,first_max_height,min_height,second_max_height,dribbling_frequency,bending_angle,duration
1,0.9119896292686462,0.7297369837760925,1.027190089225769,2.307692307692308,54.66196622901482,13
