hand,first_max_height,min_height,second_max_height,dribbling_frequency,bending_angle,duration
1,0.9240674376487732,0.7883601188659668,0.9753133058547974,2.5,60.6325557354247,12
