hand,first_max_height,min_height,second_max_height,dribbling_frequency,bending_angle,duration
1,1.4025633335113525,1.0578515529632568,1.3950128555297852,2.142857142857143,6.802221118723957,14
