hand,first_max_height,min_height,second_max_height,dribbling_frequency,bending_angle,duration
1,1.4333175420761108,1.0768791437149048,1.400423288345337,1.7647058823529411,3.739489613395244,17
