hand,first_max_height,min_height,second_max_height,dribbling_frequency,bending_angle,duration
1,1.4159572124481201,0.9973297715187073,1.4364725351333618,2.0,10.906529878670314,15
