hand,first_max_height,min_height,second_max_height,dribbling_frequency,bending_angle,duration
1,0.9982460737228394,0.7578073143959045,0.9614637494087219,2.5,53.86839679441382,12
