hand,first_max_height,min_height,second_max_height,dribbling_frequency,bending_angle,duration
1,1.3897887468338013,0.9775190353393555,1.3345392942428589,1.7647058823529411,1.6704675373101343,17
