hand,first_max_height,min_height,second_max_height,dribbling_frequency,bending_angle,duration
1,1.3800427913665771,1.0266362428665161,1.3525495529174805,1.875,6.672185808310116,16
