hand,first_max_height,min_height,second_max_height,dribbling_frequency,bending_angle,duration
1,1.3674849271774292,1.063694953918457,1.3688106536865234,2.0,5.078063433728076,15
