hand,first_max_height,min_height,second_max_height,dribbling_frequency,bending_angle,duration
1,1.3686180114746094,0.9006870985031128,1.3133658170700073,1.7647058823529411,28.75122597327024,17
