hand,first_max_height,min_height,second_max_height,dribbling_frequency,bending_angle,duration
1,1.4711596965789795,1.0239007472991943,1.4521623849868774,1.6666666666666665,6.184884735684172,18
