hand,first_max_height,min_height,second_max_height,dribbling_frequency,bending_angle,duration
1,1.3016388416290283,0.9980834126472473,1.4324305057525635,1.7647058823529411,9.3269881120593,17
