hand,first_max_height,min_height,second_max_height,dribbling_frequency,bending_angle,duration
1,1.4921040534973145,1.0043689012527466,1.450716257095337,1.6666666666666665,7.080187525134743,18
