hand,first_max_height,min_height,second_max_height,dribbling_frequency,bending_angle,duration
1,1.4343838691711426,1.0199437141418457,1.4610813856124878,1.875,12.15831992017953,16
