hand,first_max_height,min_height,second_max_height,dribbling_frequency,bending_angle,duration
1,0.9977220296859741,0.7413055896759033,1.0111463069915771,2.307692307692308,53.11121937302394,13
