hand,first_max_height,min_height,second_max_height,dribbling_frequency,bending_angle,duration
1,1.169724702835083,0.9793710708618164,1.1569268703460693,3.0,29.56640900480737,10
