hand,first_max_height,min_height,second_max_height,dribbling_frequency,bending_angle,duration
1,1.3885053396224976,0.9516448378562927,1.3148822784423828,1.875,11.616512139540335,16
