hand,first_max_height,min_height,second_max_height,dribbling_frequency,bending_angle,duration
1,1.4620038270950317,1.0242552757263184,1.4867427349090576,1.6666666666666665,3.2035636391022497,18
