hand,first_max_height,min_height,second_max_height,dribbling_frequency,bending_angle,duration
1,1.429295539855957,1.0099297761917114,1.5029065608978271,1.5789473684210527,10.875225442622577,19
