hand,first_max_height,min_height,second_max_height,dribbling_frequency,bending_angle,duration
1,1.3116885423660278,1.01600980758667,1.3245254755020142,2.142857142857143,16.14605852822606,14
