hand,first_max_height,min_height,second_max_height,dribbling_frequency,bending_angle,duration
1,1.4856841564178467,1.0363123416900635,1.537936806678772,1.7647058823529411,5.039045887672429,17
