hand,first_max_height,min_height,second_max_height,dribbling_frequency,bending_angle,duration
1,1.4621803760528564,0.9584944844245911,1.4626891613006592,1.5789473684210527,9.501011599243395,19
