hand,first_max_height,min_height,second_max_height,dribbling_frequency,bending_angle,duration
1,1.451145887374878,0.9976961612701416,1.4698433876037598,1.7647058823529411,8.184669662630583,17
