hand,first_max_height,min_height,second_max_height,dribbling_frequency,bending_angle,duration
1,1.541677713394165,1.0297861099243164,1.4865481853485107,1.7647058823529411,3.1237301413665457,17
