hand,first_max_height,min_height,second_max_height,dribbling_frequency,bending_angle,duration
1,1.290156364440918,0.9332780241966248,1.2895017862319946,2.142857142857143,24.45334128055182,14
