hand,first_max_height,min_height,second_max_height,dribbling_frequency,bending_angle,duration
1,0.9882814288139343,0.7743075489997864,0.9015069603919983,2.7272727272727275,53.9200521161392,11
