hand,first_max_height,min_height,second_max_height,dribbling_frequency,bending_angle,duration
1,1.4178017377853394,1.0730595588684082,1.4098905324935913,2.0,4.71441356253168,15
