hand,first_max_height,min_height,second_max_height,dribbling_frequency,bending_angle,duration
1,1.4561817646026611,0.9930235147476196,1.4478334188461304,1.6666666666666665,10.149669550748683,18
