hand,first_max_height,min_height,second_max_height,dribbling_frequency,bending_angle,duration
1,1.3171608448028564,1.0365699529647827,1.3665374517440796,2.0,7.691578438080931,15
