hand,first_max_height,min_height,second_max_height,dribbling_frequency,bending_angle,duration
1,1.5298229455947876,1.0177232027053833,1.5387651920318604,1.7647058823529411,10.58916072684477,17
