hand,first_max_height,min_height,second_max_height,dribbling_frequency,bending_angle,duration
1,1.210298776626587,0.8437184691429138,1.1284786462783813,1.875,32.96296244841666,16
