hand,first_max_height,min_height,second_max_height,dribbling_frequency,bending_angle,duration
1,1.5277928113937378,1.0236772298812866,1.518285870552063,1.4285714285714284,11.405896988618,21
