hand,first_max_height,min_height,second_max_height,dribbling_frequency,bending_angle,duration
1,1.3206908702850342,1.0554313659667969,1.5153518915176392,1.875,2.7428706597878394,16
