hand,first_max_height,min_height,second_max_height,dribbling_frequency,bending_angle,duration
1,1.380767583847046,1.0368578433990479,1.3805290460586548,2.142857142857143,7.628050895653837,14
