hand,first_max_height,min_height,second_max_height,dribbling_frequency,bending_angle,duration
1,1.36908757686615,1.0384769439697266,1.3543721437454224,2.0,5.338796695845251,15
