hand,first_max_height,min_height,second_max_height,dribbling_frequency,bending_angle,duration
1,1.4151839017868042,0.9521981477737427,1.4434080123901367,2.0,26.632945921512086,15
