hand,first_max_height,min_height,second_max_height,dribbling_frequency,bending_angle,duration
1,1.5552988052368164,1.02406644821167,1.5240883827209473,1.5,6.183722710181546,20
