hand,first_max_height,min_height,second_max_height,dribbling_frequency,bending_angle,duration
1,1.4478334188461304,0.9972924590110779,1.3582301139831543,1.6666666666666665,11.848632477997851,18
