hand,first_max_height,min_height,second_max_height,dribbling_frequency,bending_angle,duration
1,1.4011250734329224,1.0931192636489868,1.3470550775527954,1.5789473684210527,8.079496617499897,19
