hand,first_max_height,min_height,second_max_height,dribbling_frequency,bending_angle,duration
1,0.6894485354423523,0.6489585041999817,1.5462437868118286,2.307692307692308,69.22546566069015,13
