hand,first_max_height,min_height,second_max_height,dribbling_frequency,bending_angle,duration
1,1.1840729713439941,0.9748252630233765,1.169724702835083,2.5,29.853978955604326,12
