hand,first_max_height,min_height,second_max_height,dribbling_frequency,bending_angle,duration
1,1.5201587677001953,0.9931414723396301,1.444947361946106,1.875,19.514426916921146,16
