hand,first_max_height,min_height,second_max_height,dribbling_frequency,bending_angle,duration
1,0.9266137480735779,0.7163643836975098,0.9353211522102356,2.307692307692308,57.41209876144771,13
