hand,first_max_height,min_height,second_max_height,dribbling_frequency,bending_angle,duration
1,1.4062860012054443,0.9926881194114685,1.3808274269104004,2.0,16.427052498266136,15
