hand,first_max_height,min_height,second_max_height,dribbling_frequency,bending_angle,duration
1,1.3389806747436523,0.9414224624633789,1.3293092250823975,1.7647058823529411,19.488816268603358,17
