hand,first_max_height,min_height,second_max_height,dribbling_frequency,bending_angle,duration
1,1.5630443096160889,1.0537924766540527,1.5581979751586914,1.5,10.173180292050779,20
