hand,first_max_height,min_height,second_max_height,dribbling_frequency,bending_angle,duration
1,1.5244886875152588,1.0750062465667725,1.495057225227356,1.7647058823529411,7.24620102463691,17
