hand,first_max_height,min_height,second_max_height,dribbling_frequency,bending_angle,duration
1,1.346423864364624,0.7898715138435364,1.0410373210906982,1.6666666666666665,18.21583574529741,18
