hand,first_max_height,min_height,second_max_height,dribbling_frequency,bending_angle,duration
1,0.8414376974105835,0.6111851334571838,0.8582972884178162,2.307692307692308,70.25150988494127,13
