hand,first_max_height,min_height,second_max_height,dribbling_frequency,bending_angle,duration
1,1.3245254755020142,1.0449591875076294,1.2855298519134521,2.307692307692308,14.837228045556932,13
