hand,first_max_height,min_height,second_max_height,dribbling_frequency,bending_angle,duration
1,1.4834296703338623,0.9858661890029907,1.4788013696670532,1.6666666666666665,10.928517093574117,18
