hand,first_max_height,min_height,second_max_height,dribbling_frequency,bending_angle,duration
1,1.2227777242660522,0.9164894819259644,1.2259190082550049,2.142857142857143,33.84622205874425,14
