hand,first_max_height,min_height,second_max_height,dribbling_frequency,bending_angle,duration
1,1.3133025169372559,1.0094592571258545,1.3126330375671387,2.142857142857143,11.204698163511518,14
