hand,first_max_height,min_height,second_max_height,dribbling_frequency,bending_angle,duration
1,1.4168587923049927,1.0152660608291626,1.4294840097427368,1.875,2.289348467185484,16
