hand,first_max_height,min_height,second_max_height,dribbling_frequency,bending_angle,duration
1,1.0028880834579468,0.7091743350028992,0.9667544364929199,2.0,59.51900411246484,15
