hand,first_max_height,min_height,second_max_height,dribbling_frequency,bending_angle,duration
1,1.387986660003662,0.9514687657356262,1.4425077438354492,1.6666666666666665,10.332407825412547,18
