hand,first_max_height,min_height,second_max_height,dribbling_frequency,bending_angle,duration
1,1.3432891368865967,0.9159223437309265,1.4034186601638794,1.6666666666666665,24.599216640056486,18
