hand,first_max_height,min_height,second_max_height,dribbling_frequency,bending_angle,duration
1,1.229265809059143,0.9571160078048706,1.2349762916564941,2.0,28.365075886235203,15
