hand,first_max_height,min_height,second_max_height,dribbling_frequency,bending_angle,duration
1,1.3203984498977661,1.0207078456878662,1.3258525133132935,2.142857142857143,15.551592742580551,14
