hand,first_max_height,min_height,second_max_height,dribbling_frequency,bending_angle,duration
1,1.0219959020614624,0.6809161901473999,0.9398372173309326,2.0,51.591950709388485,15
