hand,first_max_height,min_height,second_max_height,dribbling_frequency,bending_angle,duration
1,1.3733083009719849,0.9654579162597656,1.4477307796478271,1.6666666666666665,4.196594434731724,18
