hand,first_max_height,min_height,second_max_height,dribbling_frequency,bending_angle,duration
1,1.320791482925415,0.9741731882095337,1.3867217302322388,1.875,4.532938716760952,16
