hand,first_max_height,min_height,second_max_height,dribbling_frequency,bending_angle,duration
1,1.4274309873580933,1.0591521263122559,1.3812456130981445,1.6666666666666665,8.092454857310003,18
