hand,first_max_height,min_height,second_max_height,dribbling_frequency,bending_angle,duration
1,0.8675300478935242,0.6860794425010681,1.447511076927185,1.6666666666666665,61.39589161128354,18
