hand,first_max_height,min_height,second_max_height,dribbling_frequency,bending_angle,duration
1,1.4901881217956543,1.0548664331436157,1.4701313972473145,1.7647058823529411,2.8285646693388973,17
