hand,first_max_height,min_height,second_max_height,dribbling_frequency,bending_angle,duration
1,1.4335874319076538,0.9822567701339722,1.3773884773254395,1.875,10.949098389411933,16
