hand,first_max_height,min_height,second_max_height,dribbling_frequency,bending_angle,duration
1,1.30001699924469,0.9506420493125916,1.4882148504257202,1.7647058823529411,31.672096429842075,17
