hand,first_max_height,min_height,second_max_height,dribbling_frequency,bending_angle,duration
1,1.4420573711395264,1.0418251752853394,1.422442078590393,2.0,6.4052651444723505,15
