hand,first_max_height,min_height,second_max_height,dribbling_frequency,bending_angle,duration
1,1.1848416328430176,0.9767120480537415,1.2164709568023682,2.142857142857143,30.95643751375682,14
