hand,first_max_height,min_height,second_max_height,dribbling_frequency,bending_angle,duration
1,1.4253684282302856,0.8839587569236755,1.2805829048156738,1.6666666666666665,18.097667088978394,18
