hand,first_max_height,min_height,second_max_height,dribbling_frequency,bending_angle,duration
1,1.388525366783142,1.0262547731399536,1.3704026937484741,1.875,6.3117392375720875,16
