hand,first_max_height,min_height,second_max_height,dribbling_frequency,bending_angle,duration
1,1.4179742336273193,1.0666823387145996,1.4461889266967773,1.6666666666666665,3.375696978790862,18
