hand,first_max_height,min_height,second_max_height,dribbling_frequency,bending_angle,duration
1,1.206087350845337,0.9602556824684143,1.2249863147735596,2.5,28.751238589132925,12
