hand,first_max_height,min_height,second_max_height,dribbling_frequency,bending_angle,duration
1,1.3360908031463623,0.9479182362556458,1.3346754312515259,1.7647058823529411,7.259627177854574,17
