hand,first_max_height,min_height,second_max_height,dribbling_frequency,bending_angle,duration
1,1.3190735578536987,0.9495865702629089,1.447515606880188,1.875,31.32438496898623,16
