hand,first_max_height,min_height,second_max_height,dribbling_frequency,bending_angle,duration
1,0.96168053150177,0.7613241672515869,0.8851228356361389,3.0,65.68893583668819,10
