hand,first_max_height,min_height,second_max_height,dribbling_frequency,bending_angle,duration
1,1.4092174768447876,1.0943706035614014,1.4326770305633545,2.142857142857143,11.266629756013218,14
