hand,first_max_height,min_height,second_max_height,dribbling_frequency,bending_angle,duration
1,1.034470558166504,0.7710119485855103,1.0704200267791748,2.142857142857143,51.429049802146814,14
