hand,first_max_height,min_height,second_max_height,dribbling_frequency,bending_angle,duration
1,1.1879955530166626,0.8861232399940491,1.4735112190246582,1.875,24.215254705043215,16
