hand,first_max_height,min_height,second_max_height,dribbling_frequency,bending_angle,duration
1,1.4558653831481934,1.0785608291625977,1.4635565280914307,1.875,4.1407055144102305,16
