hand,first_max_height,min_height,second_max_height,dribbling_frequency,bending_angle,duration
1,1.4685231447219849,0.9875492453575134,1.4601234197616577,1.875,20.72407811188218,16
