hand,first_max_height,min_height,second_max_height,dribbling_frequency,bending_angle,duration
1,1.3339767456054688,0.9476932883262634,1.353233814239502,1.5789473684210527,11.221696959074313,19
