hand,first_max_height,min_height,second_max_height,dribbling_frequency,bending_angle,duration
1,1.1837621927261353,0.9530582427978516,1.1201425790786743,2.7272727272727275,23.534072748917588,11
