hand,first_max_height,min_height,second_max_height,dribbling_frequency,bending_angle,duration
1,1.068002462387085,0.7308557033538818,0.9609647989273071,2.7272727272727275,49.463557711888214,11
