hand,first_max_height,min_height,second_max_height,dribbling_frequency,bending_angle,duration
1,0.8779290914535522,0.6911990642547607,0.8049416542053223,3.0,66.84727242053421,10
