hand,first_max_height,min_height,second_max_height,dribbling_frequency,bending_angle,duration
1,1.3998106718063354,1.002394199371338,1.4240936040878296,1.875,4.74015542129336,16
