hand,first_max_height,min_height,second_max_height,dribbling_frequency,bending_angle,duration
1,1.4025474786758423,0.9367130398750305,1.3743023872375488,1.6666666666666665,19.64003163263173,18
