hand,first_max_height,min_height,second_max_height,dribbling_frequency,bending_angle,duration
1,1.471074104309082,1.043596863746643,1.4194992780685425,1.875,8.022089927680675,16
