hand,first_max_height,min_height,second_max_height,dribbling_frequency,bending_angle,duration
1,1.2296726703643799,0.9516621232032776,1.1740834712982178,2.142857142857143,32.17486275646403,14
