hand,first_max_height,min_height,second_max_height,dribbling_frequency,bending_angle,duration
1,1.431084394454956,0.9847542643547058,1.2313252687454224,1.5789473684210527,9.730290074033572,19
