hand,first_max_height,min_height,second_max_height,dribbling_frequency,bending_angle,duration
1,1.0075138807296753,0.8061689734458923,1.0397266149520874,2.7272727272727275,52.30239535090571,11
