hand,first_max_height,min_height,second_max_height,dribbling_frequency,bending_angle,duration
1,1.2743388414382935,0.9787770509719849,1.1946825981140137,1.875,13.701592671277632,16
