hand,first_max_height,min_height,second_max_height,dribbling_frequency,bending_angle,duration
1,1.2597458362579346,0.9042487740516663,1.290808916091919,2.307692307692308,23.322024385111423,13
