hand,first_max_height,min_height,second_max_height,dribbling_frequency,bending_angle,duration
1,1.273848056793213,1.0440349578857422,1.2435437440872192,2.307692307692308,6.980485359631624,13
