hand,first_max_height,min_height,second_max_height,dribbling_frequency,bending_angle,duration
1,1.475014328956604,0.9922031760215759,1.5550742149353027,1.5789473684210527,3.952552793767352,19
