hand,first_max_height,min_height,second_max_height,dribbling_frequency,bending_angle,duration
1,1.4115853309631348,1.0224699974060059,1.3690356016159058,1.5789473684210527,5.457600528571878,19
