hand,first_max_height,min_height,second_max_height,dribbling_frequency,bending_angle,duration
1,1.3079801797866821,1.0483334064483643,1.2638026475906372,1.875,11.233085885901588,16
