hand,first_max_height,min_height,second_max_height,dribbling_frequency,bending_angle,duration
1,1.3689405918121338,0.9618496298789978,1.3894163370132446,1.6666666666666665,19.40758060953668,18
