hand,first_max_height,min_height,second_max_height,dribbling_frequency,bending_angle,duration
1,1.4054229259490967,0.9954912066459656,1.309692144393921,1.875,13.015677958991436,16
