hand,first_max_height,min_height,second_max_height,dribbling_frequency,bending_angle,duration
1,1.186987280845642,0.8698769807815552,1.1445249319076538,1.875,31.507948893025517,16
