hand,first_max_height,min_height,second_max_height,dribbling_frequency,bending_angle,duration
1,1.3846040964126587,1.0647822618484497,1.427965521812439,1.7647058823529411,2.9369510807834316,17
