hand,first_max_height,min_height,second_max_height,dribbling_frequency,bending_angle,duration
1,1.2043594121932983,0.9131655693054199,1.2185264825820923,2.307692307692308,27.213790496706867,13
