hand,first_max_height,min_height,second_max_height,dribbling_frequency,bending_angle,duration
1,1.512089729309082,1.1121481657028198,1.4270678758621216,1.5789473684210527,7.639957593685114,19
