hand,first_max_height,min_height,second_max_height,dribbling_frequency,bending_angle,duration
1,1.4435577392578125,1.0031228065490723,1.4457449913024902,1.7647058823529411,6.94321689996573,17
