hand,first_max_height,min_height,second_max_height,dribbling_frequency,bending_angle,duration
1,1.226623773574829,0.8572437763214111,1.4015170335769653,1.6666666666666665,46.555055221025,18
