hand,first_max_height,min_height,second_max_height,dribbling_frequency,bending_angle,duration
1,1.3999080657958984,1.0339393615722656,1.26701819896698,2.0,12.590131704947375,15
