hand,first_max_height,min_height,second_max_height,dribbling_frequency,bending_angle,duration
1,1.4474003314971924,0.983636736869812,1.4907735586166382,1.6666666666666665,7.464494695717171,18
