hand,first_max_height,min_height,second_max_height,dribbling_frequency,bending_angle,duration
1,1.3604716062545776,0.992919921875,1.333958387374878,1.7647058823529411,6.998222953529415,17
