hand,first_max_height,min_height,second_max_height,dribbling_frequency,bending_angle,duration
1,1.450476884841919,1.0799782276153564,1.4281704425811768,2.0,2.276199968249048,15
