hand,first_max_height,min_height,second_max_height,dribbling_frequency,bending_angle,duration
1,1.5237879753112793,0.7981327176094055,1.194398045539856,1.6666666666666665,16.276666765892113,18
