hand,first_max_height,min_height,second_max_height,dribbling_frequency,bending_angle,duration
1,0.7995772957801819,0.7094067335128784,0.8678264617919922,3.0,57.00406578884212,10
