hand,first_max_height,min_height,second_max_height,dribbling_frequency,bending_angle,duration
1,1.0412496328353882,0.7309848666191101,0.9760403633117676,2.0,53.185467202701,15
