hand,first_max_height,min_height,second_max_height,dribbling_frequency,bending_angle,duration
1,1.5149422883987427,1.025549292564392,1.442000389099121,1.6666666666666665,4.257473007888853,18
