hand,first_max_height,min_height,second_max_height,dribbling_frequency,bending_angle,duration
1,1.4547247886657715,1.0202727317810059,1.514224648475647,1.5789473684210527,7.394752656545143,19
