hand,first_max_height,min_height,second_max_height,dribbling_frequency,bending_angle,duration
1,1.1249767541885376,0.8752190470695496,1.1573562622070312,2.0,34.40319075823634,15
