hand,first_max_height,min_height,second_max_height,dribbling_frequency,bending_angle,duration
1,1.3727104663848877,1.0142641067504883,1.3468245267868042,1.875,6.6159509535263,16
