hand,first_max_height,min_height,second_max_height,dribbling_frequency,bending_angle,duration
1,1.3925331830978394,0.9962517023086548,1.3710212707519531,1.4285714285714284,9.958799817148881,21
