hand,first_max_height,min_height,second_max_height,dribbling_frequency,bending_angle,duration
1,1.4779887199401855,1.0689971446990967,1.4895620346069336,1.875,4.41567221909126,16
