hand,first_max_height,min_height,second_max_height,dribbling_frequency,bending_angle,duration
1,1.442860722541809,0.9552608728408813,1.4344062805175781,2.0,23.887858666564405,15
