hand,first_max_height,min_height,second_max_height,dribbling_frequency,bending_angle,duration
1,0.9952495694160461,0.7817303538322449,1.0020798444747925,2.7272727272727275,50.67109426415868,11
