hand,first_max_height,min_height,second_max_height,dribbling_frequency,bending_angle,duration
1,1.4397929906845093,1.0497254133224487,1.409547209739685,1.5,9.83153903633859,20
