hand,first_max_height,min_height,second_max_height,dribbling_frequency,bending_angle,duration
1,1.4307843446731567,1.0049107074737549,1.443808913230896,1.6666666666666665,6.776212102277319,18
