hand,first_max_height,min_height,second_max_height,dribbling_frequency,bending_angle,duration
1,1.232893705368042,0.9269986152648926,1.3152704238891602,2.307692307692308,34.30668615288969,13
