hand,first_max_height,min_height,second_max_height,dribbling_frequency,bending_angle,duration
1,1.1851826906204224,0.9340737462043762,1.2083220481872559,2.142857142857143,34.93305530640855,14
