hand,first_max_height,min_height,second_max_height,dribbling_frequency,bending_angle,duration
1,1.5366877317428589,1.0468164682388306,1.5210602283477783,1.5,4.167447473979179,20
