hand,first_max_height,min_height,second_max_height,dribbling_frequency,bending_angle,duration
1,1.3508472442626953,0.9662959575653076,1.31553053855896,2.142857142857143,11.446948333313921,14
