hand,first_max_height,min_height,second_max_height,dribbling_frequency,bending_angle,duration
1,1.4895620346069336,1.0582109689712524,1.5155643224716187,1.7647058823529411,5.565577995296719,17
