hand,first_max_height,min_height,second_max_height,dribbling_frequency,bending_angle,duration
1,0.7760953307151794,0.6846027970314026,0.8223010301589966,3.0,72.45533657568625,10
