hand,first_max_height,min_height,second_max_height,dribbling_frequency,bending_angle,duration
1,1.5310938358306885,1.0454691648483276,1.5725959539413452,1.5789473684210527,5.473508451109382,19
