hand,first_max_height,min_height,second_max_height,dribbling_frequency,bending_angle,duration
1,1.335105538368225,0.9378198981285095,1.3619942665100098,1.6666666666666665,24.70009061149218,18
