hand,first_max_height,min_height,second_max_height,dribbling_frequency,bending_angle,duration
1,1.4365304708480835,1.0265860557556152,1.421562671661377,1.875,7.689081079461703,16
