hand,first_max_height,min_height,second_max_height,dribbling_frequency,bending_angle,duration
1,1.2706890106201172,0.8853480219841003,1.2519108057022095,2.0,29.3015128941781,15
