hand,first_max_height,min_height,second_max_height,dribbling_frequency,bending_angle,duration
1,1.4178663492202759,1.0237561464309692,1.403909683227539,1.875,7.043345336767041,16
