hand,first_max_height,min_height,second_max_height,dribbling_frequency,bending_angle,duration
1,0.9858731627464294,0.7667571306228638,0.9771045446395874,2.142857142857143,52.547780923596534,14
