hand,first_max_height,min_height,second_max_height,dribbling_frequency,bending_angle,duration
1,1.2838629484176636,0.9807646870613098,1.4206249713897705,2.307692307692308,32.4545148802245,13
