hand,first_max_height,min_height,second_max_height,dribbling_frequency,bending_angle,duration
1,1.0413546562194824,0.7413994073867798,1.2695131301879883,2.0,57.927429151351426,15
