hand,first_max_height,min_height,second_max_height,dribbling_frequency,bending_angle,duration
1,1.4929280281066895,0.7230827808380127,1.430003046989441,1.4285714285714284,30.234115313942247,21
