hand,first_max_height,min_height,second_max_height,dribbling_frequency,bending_angle,duration
1,0.8510597944259644,0.6763449311256409,0.8551474809646606,2.7272727272727275,68.4338451821775,11
