hand,first_max_height,min_height,second_max_height,dribbling_frequency,bending_angle,duration
1,1.553261399269104,1.068522334098816,1.4204912185668945,1.875,3.092540691649966,16
