hand,first_max_height,min_height,second_max_height,dribbling_frequency,bending_angle,duration
1,1.531099557876587,1.095239281654358,1.5178874731063843,1.875,3.6207558039804115,16
