hand,first_max_height,min_height,second_max_height,dribbling_frequency,bending_angle,duration
1,1.4586292505264282,0.9803516864776611,1.3231533765792847,2.142857142857143,8.81871897619229,14
