hand,first_max_height,min_height,second_max_height,dribbling_frequency,bending_angle,duration
1,1.4059141874313354,1.0054547786712646,1.5266526937484741,1.5789473684210527,13.893024066229684,19
