hand,first_max_height,min_height,second_max_height,dribbling_frequency,bending_angle,duration
1,1.4225071668624878,1.0404717922210693,1.4077472686767578,1.7647058823529411,9.884858893670982,17
