hand,first_max_height,min_height,second_max_height,dribbling_frequency,bending_angle,duration
1,1.4155787229537964,1.0235817432403564,1.4251338243484497,1.875,2.890613134299679,16
