hand,first_max_height,min_height,second_max_height,dribbling_frequency,bending_angle,duration
1,1.4006223678588867,0.8813362121582031,1.556087613105774,1.3636363636363638,26.672621646719374,22
