hand,first_max_height,min_height,second_max_height,dribbling_frequency,bending_angle,duration
1,0.878061830997467,0.6662982702255249,0.9545297026634216,2.307692307692308,64.97270971254999,13
