hand,first_max_height,min_height,second_max_height,dribbling_frequency,bending_angle,duration
1,0.8541734218597412,0.6354849934577942,0.881117045879364,2.142857142857143,72.38087666236213,14
