hand,first_max_height,min_height,second_max_height,dribbling_frequency,bending_angle,duration
1,1.0423997640609741,0.7814455628395081,1.188907265663147,1.875,37.935490618005204,16
