hand,first_max_height,min_height,second_max_height,dribbling_frequency,bending_angle,duration
1,1.2370195388793945,0.8996747732162476,1.2653093338012695,2.0,22.449400171562598,15
