hand,first_max_height,min_height,second_max_height,dribbling_frequency,bending_angle,duration
1,1.4706823825836182,0.966372013092041,1.3911054134368896,1.6666666666666665,16.981107361631814,18
