hand,first_max_height,min_height,second_max_height,dribbling_frequency,bending_angle,duration
1,1.4323086738586426,0.9705750942230225,1.4808123111724854,1.7647058823529411,7.0250347052883155,17
