hand,first_max_height,min_height,second_max_height,dribbling_frequency,bending_angle,duration
1,1.3288573026657104,1.0161594152450562,1.3727104663848877,2.0,7.064925248712086,15
