hand,first_max_height,min_height,second_max_height,dribbling_frequency,bending_angle,duration
1,1.5171701908111572,1.0031800270080566,1.5049501657485962,1.7647058823529411,8.758303183403962,17
