hand,first_max_height,min_height,second_max_height,dribbling_frequency,bending_angle,duration
1,1.2434377670288086,0.7940434813499451,0.96168053150177,2.5,33.33335573818762,12
