hand,first_max_height,min_height,second_max_height,dribbling_frequency,bending_angle,duration
1,1.001752257347107,0.7270730137825012,0.9972726106643677,2.142857142857143,52.54258842257547,14
