hand,first_max_height,min_height,second_max_height,dribbling_frequency,bending_angle,duration
1,1.438252329826355,1.0143940448760986,1.460589051246643,1.4285714285714284,16.05258295477506,21
