hand,first_max_height,min_height,second_max_height,dribbling_frequency,bending_angle,duration
1,1.0002750158309937,0.6693758368492126,1.3499071598052979,1.6666666666666665,67.94365197137812,18
