hand,first_max_height,min_height,second_max_height,dribbling_frequency,bending_angle,duration
1,1.4629915952682495,1.0616164207458496,1.4768786430358887,1.6666666666666665,5.8784612504522435,18
