hand,first_max_height,min_height,second_max_height,dribbling_frequency,bending_angle,duration
1,1.2676805257797241,0.9365573525428772,1.2664685249328613,1.875,10.587896390497088,16
