hand,first_max_height,min_height,second_max_height,dribbling_frequency,bending_angle,duration
1,0.9514048099517822,0.7311200499534607,0.899055540561676,2.7272727272727275,56.38793877598526,11
