hand,first_max_height,min_height,second_max_height,dribbling_frequency,bending_angle,duration
1,1.407672643661499,1.063232183456421,1.403347134590149,2.142857142857143,17.974893507123863,14
