hand,first_max_height,min_height,second_max_height,dribbling_frequency,bending_angle,duration
1,1.4600107669830322,0.981478750705719,1.5157828330993652,1.4285714285714284,11.42281788441529,21
