hand,first_max_height,min_height,second_max_height,dribbling_frequency,bending_angle,duration
1,1.501434564590454,0.9495043754577637,1.5033376216888428,1.7647058823529411,23.02184622205882,17
