hand,first_max_height,min_height,second_max_height,dribbling_frequency,bending_angle,duration
1,1.1972373723983765,0.9701908826828003,1.4126899242401123,2.0,16.637977542710765,15
