hand,first_max_height,min_height,second_max_height,dribbling_frequency,bending_angle,duration
1,1.2545729875564575,0.966118574142456,1.2676805257797241,2.0,8.550899280020104,15
