hand,first_max_height,min_height,second_max_height,dribbling_frequency,bending_angle,duration
1,1.4236477613449097,1.0521693229675293,1.4469166994094849,1.7647058823529411,9.767639324719157,17
