hand,first_max_height,min_height,second_max_height,dribbling_frequency,bending_angle,duration
1,0.939290463924408,0.7702594995498657,0.9582539796829224,2.5,52.164406265360014,12
