hand,first_max_height,min_height,second_max_height,dribbling_frequency,bending_angle,duration
1,1.0152003765106201,0.8161221146583557,1.0111902952194214,2.7272727272727275,56.13048535585367,11
