hand,first_max_height,min_height,second_max_height,dribbling_frequency,bending_angle,duration
1,1.4659992456436157,0.9892153739929199,1.4911549091339111,1.6666666666666665,3.202316026507154,18
