hand,first_max_height,min_height,second_max_height,dribbling_frequency,bending_angle,duration
1,1.393258810043335,1.0016759634017944,1.2291258573532104,2.307692307692308,12.879146092365286,13
