hand,first_max_height,min_height,second_max_height,dribbling_frequency,bending_angle,duration
1,1.3249030113220215,1.014460563659668,1.405637264251709,2.0,11.989356504322219,15
