hand,first_max_height,min_height,second_max_height,dribbling_frequency,bending_angle,duration
1,1.1728862524032593,0.9749384522438049,1.1449675559997559,2.7272727272727275,19.84320434918623,11
