hand,first_max_height,min_height,second_max_height,dribbling_frequency,bending_angle,duration
1,0.9196602702140808,0.583042323589325,0.799702525138855,2.307692307692308,61.50033554340608,13
