hand,first_max_height,min_height,second_max_height,dribbling_frequency,bending_angle,duration
1,1.295222520828247,0.9441819787025452,1.393134355545044,1.875,11.378651463910787,16
