hand,first_max_height,min_height,second_max_height,dribbling_frequency,bending_angle,duration
1,1.465219259262085,0.9852265119552612,1.4622596502304077,1.5789473684210527,5.676213185436949,19
