hand,first_max_height,min_height,second_max_height,dribbling_frequency,bending_angle,duration
1,1.2653093338012695,0.912757933139801,1.2934150695800781,2.142857142857143,23.45236945079,14
