hand,first_max_height,min_height,second_max_height,dribbling_frequency,bending_angle,duration
1,1.2779046297073364,0.8971362709999084,1.2972952127456665,1.5789473684210527,8.754682550088397,19
