hand,first_max_height,min_height,second_max_height,dribbling_frequency,bending_angle,duration
1,1.4639123678207397,0.9937106966972351,1.4317504167556763,1.6666666666666665,13.69031681545952,18
