hand,first_max_height,min_height,second_max_height,dribbling_frequency,bending_angle,duration
1,1.5120280981063843,0.9761814475059509,1.3718130588531494,1.875,8.62314400580811,16
