hand,first_max_height,min_height,second_max_height,dribbling_frequency,bending_angle,duration
1,1.4028735160827637,1.0113054513931274,1.3855894804000854,1.875,15.457324382191837,16
