hand,first_max_height,min_height,second_max_height,dribbling_frequency,bending_angle,duration
1,1.3405234813690186,1.01510751247406,1.2384042739868164,2.142857142857143,10.687991317382826,14
