hand,first_max_height,min_height,second_max_height,dribbling_frequency,bending_angle,duration
1,1.4130345582962036,1.020371437072754,1.3979246616363525,2.0,4.648443727752498,15
