hand,first_max_height,min_height,second_max_height,dribbling_frequency,bending_angle,duration
1,1.2926301956176758,0.9630968570709229,1.3800044059753418,1.7647058823529411,10.6305271720326,17
