hand,first_max_height,min_height,second_max_height,dribbling_frequency,bending_angle,duration
1,1.427756667137146,0.9941967129707336,1.3988617658615112,1.7647058823529411,10.805812337539395,17
