hand,first_max_height,min_height,second_max_height,dribbling_frequency,bending_angle,duration
1,0.9820497632026672,0.6449459195137024,0.9189749956130981,2.0,62.34084707911413,15
