hand,first_max_height,min_height,second_max_height,dribbling_frequency,bending_angle,duration
1,1.4036118984222412,1.039955735206604,1.4201968908309937,1.875,6.61143406750712,16
