hand,first_max_height,min_height,second_max_height,dribbling_frequency,bending_angle,duration
1,1.27740478515625,0.9516885876655579,1.266613483428955,2.142857142857143,12.077622819729543,14
