hand,first_max_height,min_height,second_max_height,dribbling_frequency,bending_angle,duration
1,1.3028829097747803,0.9420831203460693,1.268445372581482,1.875,9.549345365192654,16
