hand,first_max_height,min_height,second_max_height,dribbling_frequency,bending_angle,duration
1,1.4102059602737427,0.733469545841217,1.1448224782943726,1.6666666666666665,21.02732618563953,18
