hand,first_max_height,min_height,second_max_height,dribbling_frequency,bending_angle,duration
1,1.4533237218856812,1.0471365451812744,1.4130257368087769,1.875,8.748154900263959,16
