hand,first_max_height,min_height,second_max_height,dribbling_frequency,bending_angle,duration
1,1.400423288345337,1.0139737129211426,1.3567153215408325,1.7647058823529411,3.4077601385255165,17
