hand,first_max_height,min_height,second_max_height,dribbling_frequency,bending_angle,duration
1,1.247490644454956,1.0259437561035156,1.2606749534606934,2.0,27.796559851962638,15
