hand,first_max_height,min_height,second_max_height,dribbling_frequency,bending_angle,duration
1,1.0865955352783203,0.9068087935447693,1.1187317371368408,2.307692307692308,40.412453442084306,13
