hand,first_max_height,min_height,second_max_height,dribbling_frequency,bending_angle,duration
1,1.4566662311553955,1.0232537984848022,1.517874002456665,1.6666666666666665,8.232267868500262,18
