hand,first_max_height,min_height,second_max_height,dribbling_frequency,bending_angle,duration
1,1.553504467010498,0.7406480312347412,1.0537558794021606,1.6666666666666665,5.766853618943999,18
