hand,first_max_height,min_height,second_max_height,dribbling_frequency,bending_angle,duration
1,1.3713079690933228,1.0118367671966553,1.3572912216186523,1.875,14.217997938777028,16
