hand,first_max_height,min_height,second_max_height,dribbling_frequency,bending_angle,duration
1,1.5725959539413452,1.0500380992889404,1.4925633668899536,1.7647058823529411,4.092431948390994,17
