hand,first_max_height,min_height,second_max_height,dribbling_frequency,bending_angle,duration
1,1.507126808166504,1.031080722808838,1.4321361780166626,1.875,3.0715765075988863,16
