hand,first_max_height,min_height,second_max_height,dribbling_frequency,bending_angle,duration
1,1.4285147190093994,0.8571401834487915,0.9470129013061523,2.142857142857143,10.029963506495337,14
