hand,first_max_height,min_height,second_max_height,dribbling_frequency,bending_angle,duration
1,1.3043314218521118,0.9879419803619385,1.3682135343551636,1.875,24.853310423120718,16
