hand,first_max_height,min_height,second_max_height,dribbling_frequency,bending_angle,duration
1,1.4760671854019165,1.006221055984497,1.471434473991394,1.875,17.042669367747937,16
