hand,first_max_height,min_height,second_max_height,dribbling_frequency,bending_angle,duration
1,0.9641889333724976,0.7091024518013,1.0315320491790771,2.142857142857143,56.01076336167572,14
