hand,first_max_height,min_height,second_max_height,dribbling_frequency,bending_angle,duration
1,1.4019277095794678,0.9360038638114929,1.402958869934082,1.5789473684210527,21.29889112370977,19
