hand,first_max_height,min_height,second_max_height,dribbling_frequency,bending_angle,duration
1,1.5813822746276855,1.0478849411010742,1.5958428382873535,1.4285714285714284,6.982957917140792,21
