hand,first_max_height,min_height,second_max_height,dribbling_frequency,bending_angle,duration
1,0.8012539744377136,0.6342941522598267,0.8286867737770081,2.7272727272727275,64.08724222660528,11
