hand,first_max_height,min_height,second_max_height,dribbling_frequency,bending_angle,duration
1,1.5228374004364014,0.9977905750274658,1.5145843029022217,1.5789473684210527,3.644411290551604,19
