hand,first_max_height,min_height,second_max_height,dribbling_frequency,bending_angle,duration
1,1.384955644607544,0.9476912617683411,1.3531793355941772,2.142857142857143,16.76939798361431,14
