hand,first_max_height,min_height,second_max_height,dribbling_frequency,bending_angle,duration
1,1.5199538469314575,0.9640254378318787,1.5208278894424438,1.5,9.721294297279927,20
