hand,first_max_height,min_height,second_max_height,dribbling_frequency,bending_angle,duration
1,1.402417778968811,1.0471042394638062,1.3804240226745605,2.0,8.794595139732428,15
