hand,first_max_height,min_height,second_max_height,dribbling_frequency,bending_angle,duration
1,1.5855928659439087,0.9259256720542908,1.5559027194976807,1.7647058823529411,18.931042771972912,17
