hand,first_max_height,min_height,second_max_height,dribbling_frequency,bending_angle,duration
1,1.5343767404556274,1.0840717554092407,1.5122456550598145,1.875,8.715742238994682,16
