hand,first_max_height,min_height,second_max_height,dribbling_frequency,bending_angle,duration
1,1.478805661201477,0.9876559972763062,1.3963911533355713,1.5,2.31952579249441,20
