hand,first_max_height,min_height,second_max_height,dribbling_frequency,bending_angle,duration
1,1.3704026937484741,1.0016766786575317,1.3425589799880981,2.0,7.330872708232015,15
