hand,first_max_height,min_height,second_max_height,dribbling_frequency,bending_angle,duration
1,1.4497374296188354,1.0366418361663818,1.4432578086853027,1.875,1.5088379841449588,16
