hand,first_max_height,min_height,second_max_height,dribbling_frequency,bending_angle,duration
1,1.0012290477752686,0.8068271279335022,1.0177366733551025,2.7272727272727275,49.92529767851378,11
