hand,first_max_height,min_height,second_max_height,dribbling_frequency,bending_angle,duration
1,1.255387783050537,0.7822985053062439,1.0160470008850098,2.307692307692308,27.018379807228683,13
