hand,first_max_height,min_height,second_max_height,dribbling_frequency,bending_angle,duration
1,1.2782098054885864,1.028681755065918,1.1869542598724365,1.875,6.304824903398899,16
