hand,first_max_height,min_height,second_max_height,dribbling_frequency,bending_angle,duration
1,1.0849868059158325,0.7570966482162476,1.041722059249878,2.142857142857143,52.615691770999234,14
