hand,first_max_height,min_height,second_max_height,dribbling_frequency,bending_angle,duration
1,1.5016162395477295,1.0084222555160522,1.409826397895813,1.5789473684210527,11.74520980343533,19
