hand,first_max_height,min_height,second_max_height,dribbling_frequency,bending_angle,duration
1,1.3445786237716675,1.0019491910934448,1.3174651861190796,2.142857142857143,12.395121164930416,14
