hand,first_max_height,min_height,second_max_height,dribbling_frequency,bending_angle,duration
1,1.3636821508407593,0.9955844879150391,1.4404913187026978,1.875,2.5201699808071094,16
