hand,first_max_height,min_height,second_max_height,dribbling_frequency,bending_angle,duration
1,1.3591116666793823,0.9988504648208618,1.3368473052978516,1.875,9.226716325534113,16
