hand,first_max_height,min_height,second_max_height,dribbling_frequency,bending_angle,duration
1,1.1967633962631226,0.7326303720474243,1.1731321811676025,1.875,52.69457309492868,16
