hand,first_max_height,min_height,second_max_height,dribbling_frequency,bending_angle,duration
1,1.518285870552063,1.0163869857788086,1.5120638608932495,1.4285714285714284,13.043933403610874,21
