hand,first_max_height,min_height,second_max_height,dribbling_frequency,bending_angle,duration
1,1.32887864112854,0.9589564800262451,1.2835240364074707,1.7647058823529411,25.01497282499108,17
