hand,first_max_height,min_height,second_max_height,dribbling_frequency,bending_angle,duration
1,0.9532684087753296,0.7771421670913696,0.8939007520675659,3.0,63.49078637830727,10
