hand,first_max_height,min_height,second_max_height,dribbling_frequency,bending_angle,duration
1,1.41680908203125,1.1082842350006104,1.247300148010254,2.7272727272727275,6.701908802102702,11
