hand,first_max_height,min_height,second_max_height,dribbling_frequency,bending_angle,duration
1,1.3917604684829712,1.0312087535858154,1.4209009408950806,2.142857142857143,7.654827899088892,14
