hand,first_max_height,min_height,second_max_height,dribbling_frequency,bending_angle,duration
1,1.3236268758773804,0.9681728482246399,1.2108192443847656,2.7272727272727275,18.429904677267054,11
