hand,first_max_height,min_height,second_max_height,dribbling_frequency,bending_angle,duration
1,1.4121423959732056,0.9874215126037598,1.2677092552185059,1.875,13.622387190160737,16
