hand,first_max_height,min_height,second_max_height,dribbling_frequency,bending_angle,duration
1,1.5085939168930054,1.0162602663040161,1.4888200759887695,1.7647058823529411,5.032651474279994,17
