hand,first_max_height,min_height,second_max_height,dribbling_frequency,bending_angle,duration
1,1.0739343166351318,0.8453840613365173,1.1055947542190552,2.0,38.075913563823875,15
