hand,first_max_height,min_height,second_max_height,dribbling_frequency,bending_angle,duration
1,1.2763527631759644,1.0227583646774292,1.247490644454956,2.142857142857143,28.204636225093452,14
