hand,first_max_height,min_height,second_max_height,dribbling_frequency,bending_angle,duration
1,1.1066197156906128,0.8745522499084473,1.0989985466003418,3.0,47.263254957299175,10
