hand,first_max_height,min_height,second_max_height,dribbling_frequency,bending_angle,duration
1,1.439269781112671,1.0259839296340942,1.442206621170044,1.875,5.494883843773565,16
