hand,first_max_height,min_height,second_max_height,dribbling_frequency,bending_angle,duration
1,1.3404669761657715,0.977791428565979,1.3698503971099854,1.875,4.83528392306996,16
