hand,first_max_height,min_height,second_max_height,dribbling_frequency,bending_angle,duration
1,1.3907155990600586,1.006469488143921,1.287570595741272,2.0,7.417468800782891,15
