hand,first_max_height,min_height,second_max_height,dribbling_frequency,bending_angle,duration
1,1.2596135139465332,0.9782180786132812,1.4104135036468506,1.875,22.249663939477962,16
