hand,first_max_height,min_height,second_max_height,dribbling_frequency,bending_angle,duration
1,1.4799463748931885,0.9893383979797363,1.4777172803878784,1.6666666666666665,5.648139077265814,18
