hand,first_max_height,min_height,second_max_height,dribbling_frequency,bending_angle,duration
1,1.3891997337341309,1.0332400798797607,1.3666162490844727,2.142857142857143,1.3631705168037744,14
