hand,first_max_height,min_height,second_max_height,dribbling_frequency,bending_angle,duration
1,0.9590646624565125,0.7238337993621826,0.9214292764663696,2.5,64.70324513889936,12
