hand,first_max_height,min_height,second_max_height,dribbling_frequency,bending_angle,duration
1,1.4571914672851562,1.0233508348464966,1.4630565643310547,2.142857142857143,7.431258734967595,14
