hand,first_max_height,min_height,second_max_height,dribbling_frequency,bending_angle,duration
1,0.9705528616905212,0.6391012072563171,0.9950525164604187,2.142857142857143,64.40699596208104,14
