hand,first_max_height,min_height,second_max_height,dribbling_frequency,bending_angle,duration
1,1.0184959173202515,0.836593508720398,1.039237141609192,2.7272727272727275,51.76618419953672,11
