hand,first_max_height,min_height,second_max_height,dribbling_frequency,bending_angle,duration
1,1.31553053855896,0.7702236175537109,0.8233655691146851,2.5,20.70173838239173,12
