hand,first_max_height,min_height,second_max_height,dribbling_frequency,bending_angle,duration
1,1.188907265663147,0.7206037044525146,1.0190296173095703,1.7647058823529411,34.92843594419436,17
