hand,first_max_height,min_height,second_max_height,dribbling_frequency,bending_angle,duration
1,1.464086651802063,0.9943819046020508,1.5067235231399536,1.7647058823529411,6.06701348322597,17
