hand,first_max_height,min_height,second_max_height,dribbling_frequency,bending_angle,duration
1,1.377827525138855,0.9682130813598633,1.3753571510314941,1.6666666666666665,4.207301352211077,18
