hand,first_max_height,min_height,second_max_height,dribbling_frequency,bending_angle,duration
1,1.0672308206558228,0.8848661184310913,1.0468580722808838,2.5,37.006280282509984,12
