hand,first_max_height,min_height,second_max_height,dribbling_frequency,bending_angle,duration
1,1.4130257368087769,1.0503312349319458,1.4092174768447876,2.0,11.55093391038492,15
