hand,first_max_height,min_height,second_max_height,dribbling_frequency,bending_angle,duration
1,1.4465291500091553,1.0368729829788208,1.42868971824646,1.7647058823529411,3.672498391110861,17
