hand,first_max_height,min_height,second_max_height,dribbling_frequency,bending_angle,duration
1,1.3121426105499268,1.009283423423767,1.330288052558899,2.0,9.765623512778314,15
