hand,first_max_height,min_height,second_max_height,dribbling_frequency,bending_angle,duration
1,1.3380879163742065,0.988400936126709,1.3675626516342163,2.0,16.33344427928145,15
