hand,first_max_height,min_height,second_max_height,dribbling_frequency,bending_angle,duration
1,1.531073808670044,1.0568211078643799,1.5473994016647339,1.875,1.6657260157847202,16
