hand,first_max_height,min_height,second_max_height,dribbling_frequency,bending_angle,duration
1,1.442404866218567,0.9932036399841309,1.4404726028442383,1.6666666666666665,6.235024825929455,18
