hand,first_max_height,min_height,second_max_height,dribbling_frequency,bending_angle,duration
1,1.4693981409072876,0.9740139842033386,1.430039882659912,1.875,19.151408533595866,16
