hand,first_max_height,min_height,second_max_height,dribbling_frequency,bending_angle,duration
1,1.3920973539352417,1.0481383800506592,1.4321746826171875,2.0,9.250780242915354,15
