hand,first_max_height,min_height,second_max_height,dribbling_frequency,bending_angle,duration
1,1.4751685857772827,0.7786955833435059,1.4663420915603638,1.25,27.837362225118397,24
