hand,first_max_height,min_height,second_max_height,dribbling_frequency,bending_angle,duration
1,0.8929432034492493,0.688570499420166,0.8680908679962158,2.307692307692308,52.34345017168197,13
