hand,first_max_height,min_height,second_max_height,dribbling_frequency,bending_angle,duration
1,1.4326770305633545,1.0466557741165161,1.393553614616394,2.0,11.887182184306617,15
