hand,first_max_height,min_height,second_max_height,dribbling_frequency,bending_angle,duration
1,1.020770788192749,0.8303079009056091,1.031903624534607,2.7272727272727275,55.15031883865502,11
