hand,first_max_height,min_height,second_max_height,dribbling_frequency,bending_angle,duration
1,1.3865255117416382,0.9889350533485413,1.3355135917663574,1.7647058823529411,9.333124631978857,17
