hand,first_max_height,min_height,second_max_height,dribbling_frequency,bending_angle,duration
1,1.2762356996536255,0.7879604697227478,1.2319282293319702,1.5,29.210251198297144,20
