hand,first_max_height,min_height,second_max_height,dribbling_frequency,bending_angle,duration
1,1.344336986541748,0.973386824131012,1.4017534255981445,1.7647058823529411,9.334201386659357,17
