hand,first_max_height,min_height,second_max_height,dribbling_frequency,bending_angle,duration
1,1.2280559539794922,0.7610452175140381,1.141912817955017,1.875,40.71459910634983,16
