hand,first_max_height,min_height,second_max_height,dribbling_frequency,bending_angle,duration
1,1.2970013618469238,1.0408451557159424,1.3601022958755493,2.142857142857143,18.307536514048433,14
