hand,first_max_height,min_height,second_max_height,dribbling_frequency,bending_angle,duration
1,1.0495167970657349,0.769808828830719,1.1999940872192383,1.875,52.307193141374,16
