hand,first_max_height,min_height,second_max_height,dribbling_frequency,bending_angle,duration
1,0.9923769235610962,0.6018167734146118,0.9969893097877502,1.7647058823529411,63.19549584453168,17
