hand,first_max_height,min_height,second_max_height,dribbling_frequency,bending_angle,duration
1,1.408559799194336,0.9991209506988525,1.37368905544281,1.875,6.584471416585902,16
