hand,first_max_height,min_height,second_max_height,dribbling_frequency,bending_angle,duration
1,1.4525551795959473,0.9768026471138,1.4099152088165283,1.6666666666666665,4.97932767399814,18
