hand,first_max_height,min_height,second_max_height,dribbling_frequency,bending_angle,duration
1,1.4943221807479858,1.0469741821289062,1.4882594347000122,1.7647058823529411,3.394911802181898,17
