hand,first_max_height,min_height,second_max_height,dribbling_frequency,bending_angle,duration
1,1.3861068487167358,0.967635452747345,1.3812000751495361,1.875,9.499476433144542,16
