hand,first_max_height,min_height,second_max_height,dribbling_frequency,bending_angle,duration
1,1.3504146337509155,0.9556391835212708,1.4208157062530518,1.875,23.445278108199044,16
