hand,first_max_height,min_height,second_max_height,dribbling_frequency,bending_angle,duration
1,1.1608030796051025,0.8903768062591553,1.1491786241531372,2.0,32.97489821346261,15
