hand,first_max_height,min_height,second_max_height,dribbling_frequency,bending_angle,duration
1,1.3305587768554688,1.003844141960144,1.3592479228973389,1.875,9.964824129727749,16
