hand,first_max_height,min_height,second_max_height,dribbling_frequency,bending_angle,duration
1,1.0262044668197632,0.6261746883392334,1.0427874326705933,1.6666666666666665,64.3270790487815,18
