hand,first_max_height,min_height,second_max_height,dribbling_frequency,bending_angle,duration
1,0.9013028144836426,0.5551351308822632,1.0283488035202026,1.6666666666666665,62.97241282935365,18
