hand,first_max_height,min_height,second_max_height,dribbling_frequency,bending_angle,duration
1,1.5519211292266846,1.008029580116272,1.5004308223724365,1.4285714285714284,10.601090619217837,21
