hand,first_max_height,min_height,second_max_height,dribbling_frequency,bending_angle,duration
1,1.3243285417556763,0.99968421459198,1.3582897186279297,1.875,6.912753622750708,16
