hand,first_max_height,min_height,second_max_height,dribbling_frequency,bending_angle,duration
1,1.1869542598724365,0.9901370406150818,1.2987210750579834,1.4285714285714284,7.427576660491412,21
