hand,first_max_height,min_height,second_max_height,dribbling_frequency,bending_angle,duration
1,1.4882783889770508,0.9964285492897034,1.430568814277649,1.6666666666666665,7.115165508835801,18
