hand,first_max_height,min_height,second_max_height,dribbling_frequency,bending_angle,duration
1,1.3531793355941772,0.8904022574424744,1.2958083152770996,2.0,20.135037084615302,15
