hand,first_max_height,min_height,second_max_height,dribbling_frequency,bending_angle,duration
1,1.3137906789779663,0.9592244625091553,1.3306708335876465,1.7647058823529411,13.946065383209826,17
