hand,first_max_height,min_height,second_max_height,dribbling_frequency,bending_angle,duration
1,0.9079341292381287,0.7512959837913513,0.9857683181762695,2.5,58.82541484585681,12
