hand,first_max_height,min_height,second_max_height,dribbling_frequency,bending_angle,duration
1,1.3821258544921875,0.9999465942382812,1.369949221611023,1.7647058823529411,5.4795783879694975,17
