hand,first_max_height,min_height,second_max_height,dribbling_frequency,bending_angle,duration
1,1.3871365785598755,0.9464448690414429,1.4007059335708618,2.307692307692308,25.395509565523835,13
