hand,first_max_height,min_height,second_max_height,dribbling_frequency,bending_angle,duration
1,1.234004259109497,0.9491856694221497,1.2181557416915894,2.0,30.79363415888246,15
