hand,first_max_height,min_height,second_max_height,dribbling_frequency,bending_angle,duration
1,1.3054014444351196,0.9881548881530762,1.3028829097747803,2.0,6.793863560597633,15
