hand,first_max_height,min_height,second_max_height,dribbling_frequency,bending_angle,duration
1,1.0551148653030396,0.6765248775482178,1.0588301420211792,1.875,60.01683796322032,16
