hand,first_max_height,min_height,second_max_height,dribbling_frequency,bending_angle,duration
1,1.4456404447555542,1.0053685903549194,1.453081488609314,1.6666666666666665,4.691057299537658,18
