hand,first_max_height,min_height,second_max_height,dribbling_frequency,bending_angle,duration
1,1.130373477935791,0.8874498605728149,1.1066197156906128,2.7272727272727275,46.69701863184793,11
