hand,first_max_height,min_height,second_max_height,dribbling_frequency,bending_angle,duration
1,1.3870095014572144,1.0963926315307617,1.304556131362915,1.5789473684210527,6.543127793501248,19
