hand,first_max_height,min_height,second_max_height,dribbling_frequency,bending_angle,duration
1,1.4884967803955078,1.0634450912475586,1.4394071102142334,1.6666666666666665,6.852807708323146,18
