hand,first_max_height,min_height,second_max_height,dribbling_frequency,bending_angle,duration
1,1.5042035579681396,0.9931869506835938,1.4857336282730103,1.5789473684210527,8.254017284595607,19
