hand,first_max_height,min_height,second_max_height,dribbling_frequency,bending_angle,duration
1,1.2397602796554565,0.9974052906036377,1.2248008251190186,2.5,21.96830801886728,12
