hand,first_max_height,min_height,second_max_height,dribbling_frequency,bending_angle,duration
1,1.096982479095459,0.7022794485092163,1.0416477918624878,2.0,54.43229012582082,15
