hand,first_max_height,min_height,second_max_height,dribbling_frequency,bending_angle,duration
1,1.4160301685333252,0.9429687857627869,1.1328843832015991,2.5,8.28682448268406,12
