hand,first_max_height,min_height,second_max_height,dribbling_frequency,bending_angle,duration
1,1.2049107551574707,0.9186989665031433,1.2755422592163086,2.307692307692308,42.571688626537245,13
