hand,first_max_height,min_height,second_max_height,dribbling_frequency,bending_angle,duration
1,1.4065217971801758,0.9986547827720642,1.4053218364715576,2.0,9.574133397679098,15
