hand,first_max_height,min_height,second_max_height,dribbling_frequency,bending_angle,duration
1,1.1893727779388428,0.9345979690551758,1.1541329622268677,2.0,34.32610501522045,15
