hand,first_max_height,min_height,second_max_height,dribbling_frequency,bending_angle,duration
1,1.5058798789978027,0.9795194864273071,1.567888855934143,1.5789473684210527,2.6669330070428385,19
