hand,first_max_height,min_height,second_max_height,dribbling_frequency,bending_angle,duration
1,1.1127352714538574,0.7222898602485657,1.0806390047073364,1.875,47.14187395597135,16
