hand,first_max_height,min_height,second_max_height,dribbling_frequency,bending_angle,duration
1,1.194398045539856,0.6645548939704895,1.1439459323883057,1.6666666666666665,58.64866725226829,18
