hand,first_max_height,min_height,second_max_height,dribbling_frequency,bending_angle,duration
1,0.9293434023857117,0.7618862390518188,0.9637497663497925,2.5,53.48782395464829,12
