hand,first_max_height,min_height,second_max_height,dribbling_frequency,bending_angle,duration
1,1.0483726263046265,0.5864520072937012,0.9947503209114075,1.7647058823529411,64.18819281548723,17
