hand,first_max_height,min_height,second_max_height,dribbling_frequency,bending_angle,duration
1,1.3354815244674683,0.9652982354164124,1.3862305879592896,2.0,26.742636534077054,15
