hand,first_max_height,min_height,second_max_height,dribbling_frequency,bending_angle,duration
1,1.3306708335876465,0.9345576167106628,1.3491647243499756,2.0,20.328532603336953,15
