hand,first_max_height,min_height,second_max_height,dribbling_frequency,bending_angle,duration
1,1.0019670724868774,0.6896116137504578,0.9236856698989868,2.307692307692308,59.73387568379024,13
