hand,first_max_height,min_height,second_max_height,dribbling_frequency,bending_angle,duration
1,0.9543992280960083,0.6436763405799866,0.876091480255127,2.0,62.865570542727454,15
