hand,first_max_height,min_height,second_max_height,dribbling_frequency,bending_angle,duration
1,0.8857428431510925,0.7123427391052246,0.8929432034492493,2.307692307692308,53.29294019478404,13
