hand,first_max_height,min_height,second_max_height,dribbling_frequency,bending_angle,duration
1,0.8160814642906189,0.6067407727241516,1.436202049255371,1.875,65.9657836958616,16
