hand,first_max_height,min_height,second_max_height,dribbling_frequency,bending_angle,duration
1,1.3760360479354858,1.0128613710403442,1.4091509580612183,1.875,7.86954076525211,16
