hand,first_max_height,min_height,second_max_height,dribbling_frequency,bending_angle,duration
1,1.2817177772521973,0.843872606754303,1.4511405229568481,1.6666666666666665,39.71443762273378,18
