hand,first_max_height,min_height,second_max_height,dribbling_frequency,bending_angle,duration
1,0.9908686280250549,0.5752019882202148,1.0262044668197632,1.6666666666666665,66.17752954728007,18
