hand,first_max_height,min_height,second_max_height,dribbling_frequency,bending_angle,duration
1,1.5049527883529663,1.0431630611419678,1.3753913640975952,1.6666666666666665,12.843799821222083,18
