hand,first_max_height,min_height,second_max_height,dribbling_frequency,bending_angle,duration
1,1.3908411264419556,1.0063791275024414,1.420146107673645,1.875,5.988023737225044,16
