hand,first_max_height,min_height,second_max_height,dribbling_frequency,bending_angle,duration
1,1.4270678758621216,1.089866042137146,1.4115853309631348,1.5789473684210527,6.291925336501118,19
