hand,first_max_height,min_height,second_max_height,dribbling_frequency,bending_angle,duration
1,1.424049973487854,0.9627659916877747,1.4575893878936768,1.5,4.295629503966593,20
