hand,first_max_height,min_height,second_max_height,dribbling_frequency,bending_angle,duration
1,1.4037044048309326,1.0648826360702515,1.4203819036483765,1.5789473684210527,12.933372758529048,19
