hand,first_max_height,min_height,second_max_height,dribbling_frequency,bending_angle,duration
1,1.354689359664917,0.9943186640739441,1.2699910402297974,2.142857142857143,14.471774198559924,14
