hand,first_max_height,min_height,second_max_height,dribbling_frequency,bending_angle,duration
1,1.2642831802368164,0.7805367112159729,1.1466690301895142,1.875,47.88598849419307,16
