hand,first_max_height,min_height,second_max_height,dribbling_frequency,bending_angle,duration
1,0.8231902718544006,0.7240206003189087,0.840465784072876,3.0,62.70925770867479,10
