hand,first_max_height,min_height,second_max_height,dribbling_frequency,bending_angle,duration
1,1.5095715522766113,1.0039336681365967,1.5715826749801636,1.5789473684210527,5.838335654776543,19
