hand,first_max_height,min_height,second_max_height,dribbling_frequency,bending_angle,duration
1,1.3484200239181519,0.9774969220161438,1.3395274877548218,1.875,12.61464147879078,16
