hand,first_max_height,min_height,second_max_height,dribbling_frequency,bending_angle,duration
1,1.2258964776992798,1.0245471000671387,1.2326416969299316,2.142857142857143,29.395761551841506,14
