hand,first_max_height,min_height,second_max_height,dribbling_frequency,bending_angle,duration
1,0.976161003112793,0.798644483089447,0.9803442358970642,2.5,51.431215113941235,12
