hand,first_max_height,min_height,second_max_height,dribbling_frequency,bending_angle,duration
1,1.373753547668457,1.0022774934768677,1.3214123249053955,1.875,6.810261229632284,16
