hand,first_max_height,min_height,second_max_height,dribbling_frequency,bending_angle,duration
1,1.174018144607544,0.7757636904716492,1.0033949613571167,2.142857142857143,40.00845132025272,14
