hand,first_max_height,min_height,second_max_height,dribbling_frequency,bending_angle,duration
1,1.1544246673583984,0.969478964805603,1.193534016609192,2.5,23.083570184815024,12
