hand,first_max_height,min_height,second_max_height,dribbling_frequency,bending_angle,duration
1,1.4990389347076416,1.0254290103912354,1.5600013732910156,1.7647058823529411,15.175038921605678,17
