hand,first_max_height,min_height,second_max_height,dribbling_frequency,bending_angle,duration
1,1.5259807109832764,0.9467628002166748,1.550566554069519,1.3636363636363638,17.942479548355497,22
