hand,first_max_height,min_height,second_max_height,dribbling_frequency,bending_angle,duration
1,1.3673111200332642,0.9576885104179382,1.4480010271072388,1.7647058823529411,7.77100155872369,17
