hand,first_max_height,min_height,second_max_height,dribbling_frequency,bending_angle,duration
1,1.0452680587768555,0.7437564730644226,1.138275384902954,1.7647058823529411,48.975589207070435,17
