hand,first_max_height,min_height,second_max_height,dribbling_frequency,bending_angle,duration
1,1.4519293308258057,1.0117524862289429,1.3695869445800781,1.875,3.954069947668377,16
