hand,first_max_height,min_height,second_max_height,dribbling_frequency,bending_angle,duration
1,1.090736985206604,0.8843817114830017,1.0952030420303345,2.7272727272727275,48.81115376030358,11
