hand,first_max_height,min_height,second_max_height,dribbling_frequency,bending_angle,duration
1,1.3862305879592896,0.9814978241920471,1.5244886875152588,1.875,26.29118155438056,16
