hand,first_max_height,min_height,second_max_height,dribbling_frequency,bending_angle,duration
1,0.8525121808052063,0.7106980085372925,0.8123764991760254,2.7272727272727275,74.90535112780323,11
