hand,first_max_height,min_height,second_max_height,dribbling_frequency,bending_angle,duration
1,1.3592479228973389,0.9893308877944946,1.3522577285766602,1.875,9.311548704434015,16
