hand,first_max_height,min_height,second_max_height,dribbling_frequency,bending_angle,duration
1,1.2851790189743042,0.9434855580329895,1.295222520828247,2.0,8.060749145471451,15
