hand,first_max_height,min_height,second_max_height,dribbling_frequency,bending_angle,duration
1,1.4626442193984985,1.0024714469909668,1.454223871231079,1.6666666666666665,8.182834175583848,18
