hand,first_max_height,min_height,second_max_height,dribbling_frequency,bending_angle,duration
1,1.0694350004196167,0.7906423211097717,1.3401978015899658,1.875,54.882813579875666,16
