hand,first_max_height,min_height,second_max_height,dribbling_frequency,bending_angle,duration
1,1.3994792699813843,0.9963182806968689,1.3951025009155273,1.875,1.8214173948130188,16
