hand,first_max_height,min_height,second_max_height,dribbling_frequency,bending_angle,duration
1,1.3926656246185303,1.0410683155059814,1.4338281154632568,1.6666666666666665,6.558978399233549,18
