hand,first_max_height,min_height,second_max_height,dribbling_frequency,bending_angle,duration
1,1.0761524438858032,0.7605591416358948,1.4576878547668457,1.6666666666666665,60.322003589984476,18
