hand,first_max_height,min_height,second_max_height,dribbling_frequency,bending_angle,duration
1,1.4268360137939453,1.0699363946914673,1.4497642517089844,1.7647058823529411,1.5400248201461364,17
