hand,first_max_height,min_height,second_max_height,dribbling_frequency,bending_angle,duration
1,0.8600996732711792,0.7229676842689514,0.8714773058891296,2.142857142857143,63.71664991191884,14
