hand,first_max_height,min_height,second_max_height,dribbling_frequency,bending_angle,duration
1,0.8488024473190308,0.8069943189620972,1.2596412897109985,2.7272727272727275,46.0708902414785,11
