hand,first_max_height,min_height,second_max_height,dribbling_frequency,bending_angle,duration
1,1.3155767917633057,1.0055510997772217,1.2967324256896973,1.7647058823529411,6.700893730879382,17
