hand,first_max_height,min_height,second_max_height,dribbling_frequency,bending_angle,duration
1,1.4111478328704834,0.9724619388580322,1.294120192527771,1.6666666666666665,7.370278626421329,18
