hand,first_max_height,min_height,second_max_height,dribbling_frequency,bending_angle,duration
1,1.3520076274871826,0.9795393943786621,1.3322796821594238,1.875,22.674100162418267,16
