hand,first_max_height,min_height,second_max_height,dribbling_frequency,bending_angle,duration
1,1.4164663553237915,0.6837579011917114,1.0132579803466797,1.875,14.083311475275924,16
