hand,first_max_height,min_height,second_max_height,dribbling_frequency,bending_angle,duration
1,1.5901033878326416,1.014390468597412,1.5551037788391113,1.7647058823529411,8.132981295779654,17
