hand,first_max_height,min_height,second_max_height,dribbling_frequency,bending_angle,duration
1,1.3911054134368896,0.9687207937240601,1.39114511013031,1.7647058823529411,11.855579251881805,17
