hand,first_max_height,min_height,second_max_height,dribbling_frequency,bending_angle,duration
1,1.2373132705688477,0.8462561368942261,1.2239817380905151,1.7647058823529411,26.396210842179475,17
