hand,first_max_height,min_height,second_max_height,dribbling_frequency,bending_angle,duration
1,1.3363358974456787,1.034140944480896,1.3623944520950317,2.0,9.451462933013739,15
