hand,first_max_height,min_height,second_max_height,dribbling_frequency,bending_angle,duration
1,1.4246176481246948,1.0262562036514282,1.4259452819824219,1.875,2.681200936790796,16
