hand,first_max_height,min_height,second_max_height,dribbling_frequency,bending_angle,duration
1,1.4163726568222046,1.0176485776901245,1.4167163372039795,1.7647058823529411,8.856916102630707,17
