hand,first_max_height,min_height,second_max_height,dribbling_frequency,bending_angle,duration
1,1.189180612564087,0.6795284152030945,1.1071434020996094,1.6666666666666665,60.371383630682615,18
