hand,first_max_height,min_height,second_max_height,dribbling_frequency,bending_angle,duration
1,1.1635807752609253,0.9106777310371399,1.2382172346115112,2.142857142857143,38.62517961157093,14
