hand,first_max_height,min_height,second_max_height,dribbling_frequency,bending_angle,duration
1,1.3666162490844727,1.0795977115631104,1.378452181816101,2.142857142857143,3.5966422319336164,14
