hand,first_max_height,min_height,second_max_height,dribbling_frequency,bending_angle,duration
1,0.9320946335792542,0.7318637371063232,0.9401376843452454,3.0,64.72894193412478,10
