hand,first_max_height,min_height,second_max_height,dribbling_frequency,bending_angle,duration
1,1.4735112190246582,1.0699670314788818,1.545715093612671,2.0,11.816546483608652,15
