hand,first_max_height,min_height,second_max_height,dribbling_frequency,bending_angle,duration
1,1.2624549865722656,0.9336979985237122,1.3042174577713013,1.875,10.853088652959825,16
