hand,first_max_height,min_height,second_max_height,dribbling_frequency,bending_angle,duration
1,1.5293242931365967,1.002233624458313,1.5020734071731567,1.6666666666666665,6.472590920832266,18
