hand,first_max_height,min_height,second_max_height,dribbling_frequency,bending_angle,duration
1,1.0699462890625,0.6956515908241272,1.4103829860687256,1.6666666666666665,58.70897268448737,18
