hand,first_max_height,min_height,second_max_height,dribbling_frequency,bending_angle,duration
1,1.3660706281661987,0.9966082572937012,1.3170313835144043,2.0,5.749653490760896,15
