hand,first_max_height,min_height,second_max_height,dribbling_frequency,bending_angle,duration
1,1.4602999687194824,1.081967830657959,1.499420404434204,2.0,4.339512385992295,15
