hand,first_max_height,min_height,second_max_height,dribbling_frequency,bending_angle,duration
1,1.527674674987793,1.0029268264770508,1.5298229455947876,1.7647058823529411,11.940390143812975,17
