hand,first_max_height,min_height,second_max_height,dribbling_frequency,bending_angle,duration
1,1.1540015935897827,0.9590909481048584,1.1340930461883545,3.0,29.484028375179633,10
