hand,first_max_height,min_height,second_max_height,dribbling_frequency,bending_angle,duration
1,1.4436454772949219,1.017364263534546,1.4292421340942383,1.7647058823529411,5.5149249530931534,17
