hand,first_max_height,min_height,second_max_height,dribbling_frequency,bending_angle,duration
1,1.2818348407745361,0.9538399577140808,1.2575228214263916,1.875,12.128178075085167,16
