hand,first_max_height,min_height,second_max_height,dribbling_frequency,bending_angle,duration
1,0.9588030576705933,0.733254611492157,0.9390898942947388,2.142857142857143,54.9911209396567,14
