hand,first_max_height,min_height,second_max_height,dribbling_frequency,bending_angle,duration
1,1.3104921579360962,1.008216142654419,1.338240623474121,2.307692307692308,14.398905795096264,13
