hand,first_max_height,min_height,second_max_height,dribbling_frequency,bending_angle,duration
1,1.137244701385498,0.9298309087753296,1.186641812324524,2.142857142857143,39.03155375893122,14
