hand,first_max_height,min_height,second_max_height,dribbling_frequency,bending_angle,duration
1,1.1495028734207153,0.8663244247436523,1.138407826423645,2.7272727272727275,33.77510088488103,11
