hand,first_max_height,min_height,second_max_height,dribbling_frequency,bending_angle,duration
1,1.4053266048431396,1.0250293016433716,1.4977953433990479,1.6666666666666665,16.40716914893917,18
