hand,first_max_height,min_height,second_max_height,dribbling_frequency,bending_angle,duration
1,1.3526875972747803,1.0394984483718872,1.3715033531188965,1.4285714285714284,18.261671553149903,21
