hand,first_max_height,min_height,second_max_height,dribbling_frequency,bending_angle,duration
1,1.096505880355835,0.7064881324768066,1.1188970804214478,1.875,57.84350483545804,16
