hand,first_max_height,min_height,second_max_height,dribbling_frequency,bending_angle,duration
1,1.258201241493225,1.025551199913025,1.2493904829025269,2.142857142857143,25.454639275379517,14
