hand,first_max_height,min_height,second_max_height,dribbling_frequency,bending_angle,duration
1,1.3045434951782227,0.9553657174110413,1.3650834560394287,2.307692307692308,22.020421802981133,13
