hand,first_max_height,min_height,second_max_height,dribbling_frequency,bending_angle,duration
1,1.2337167263031006,0.7261764407157898,1.0068248510360718,2.307692307692308,44.10629442046286,13
