hand,first_max_height,min_height,second_max_height,dribbling_frequency,bending_angle,duration
1,1.517552375793457,1.1145669221878052,1.4927481412887573,1.5,10.47327888107037,20
