hand,first_max_height,min_height,second_max_height,dribbling_frequency,bending_angle,duration
1,1.34771728515625,1.0001013278961182,1.3461226224899292,2.0,8.434558963221212,15
