hand,first_max_height,min_height,second_max_height,dribbling_frequency,bending_angle,duration
1,0.834752082824707,0.7201707363128662,0.8465765714645386,2.7272727272727275,65.21645016061889,11
