hand,first_max_height,min_height,second_max_height,dribbling_frequency,bending_angle,duration
1,1.362131953239441,1.0476114749908447,1.3688453435897827,2.142857142857143,6.938795930093672,14
