hand,first_max_height,min_height,second_max_height,dribbling_frequency,bending_angle,duration
1,0.9168175458908081,0.7845228910446167,0.9490156769752502,2.7272727272727275,62.97758401798245,11
