hand,first_max_height,min_height,second_max_height,dribbling_frequency,bending_angle,duration
1,1.4929951429367065,1.0203801393508911,1.5002286434173584,1.25,8.006351516096142,24
