hand,first_max_height,min_height,second_max_height,dribbling_frequency,bending_angle,duration
1,1.373034119606018,0.9493904113769531,1.3762964010238647,1.6666666666666665,21.45510746202227,18
