hand,first_max_height,min_height,second_max_height,dribbling_frequency,bending_angle,duration
1,0.9079269170761108,0.6901976466178894,0.8208948969841003,2.7272727272727275,60.30327562967003,11
