hand,first_max_height,min_height,second_max_height,dribbling_frequency,bending_angle,duration
1,1.3957575559616089,1.0229624509811401,1.5181074142456055,2.0,11.123312438945899,15
