hand,first_max_height,min_height,second_max_height,dribbling_frequency,bending_angle,duration
1,1.53994619846344,1.0087295770645142,1.5379793643951416,1.3636363636363638,12.09073553039819,22
