hand,first_max_height,min_height,second_max_height,dribbling_frequency,bending_angle,duration
1,1.4293769598007202,1.0535314083099365,1.4033666849136353,1.7647058823529411,3.3029255319698465,17
