hand,first_max_height,min_height,second_max_height,dribbling_frequency,bending_angle,duration
1,1.1752970218658447,0.8461521863937378,1.089841365814209,2.142857142857143,34.56352566168208,14
