hand,first_max_height,min_height,second_max_height,dribbling_frequency,bending_angle,duration
1,1.525657057762146,0.9912436604499817,1.5171701908111572,1.7647058823529411,7.554487792557227,17
