hand,first_max_height,min_height,second_max_height,dribbling_frequency,bending_angle,duration
1,1.4295482635498047,1.0178275108337402,1.4068152904510498,1.7647058823529411,9.607581034283987,17
