hand,first_max_height,min_height,second_max_height,dribbling_frequency,bending_angle,duration
1,0.9280823469161987,0.797259509563446,1.5490450859069824,1.7647058823529411,62.387559754766606,17
