hand,first_max_height,min_height,second_max_height,dribbling_frequency,bending_angle,duration
1,1.4710757732391357,1.055207371711731,1.5010697841644287,1.7647058823529411,4.133181108553991,17
