hand,first_max_height,min_height,second_max_height,dribbling_frequency,bending_angle,duration
1,1.430540680885315,0.8804051280021667,1.3268526792526245,1.6666666666666665,20.69518406441509,18
