hand,first_max_height,min_height,second_max_height,dribbling_frequency,bending_angle,duration
1,1.4108036756515503,1.0777931213378906,1.431084394454956,1.3636363636363638,1.5830116637747274,22
