hand,first_max_height,min_height,second_max_height,dribbling_frequency,bending_angle,duration
1,0.9983361959457397,0.6378720998764038,1.0198311805725098,1.875,64.5768226179677,16
