hand,first_max_height,min_height,second_max_height,dribbling_frequency,bending_angle,duration
1,1.1813108921051025,0.9880164265632629,1.33567214012146,2.5,31.27562057177902,12
