hand,first_max_height,min_height,second_max_height,dribbling_frequency,bending_angle,duration
1,1.391615629196167,1.0263665914535522,1.465865969657898,1.875,2.8726999043230594,16
