hand,first_max_height,min_height,second_max_height,dribbling_frequency,bending_angle,duration
1,1.4782344102859497,1.0246139764785767,1.4191786050796509,1.7647058823529411,9.033525525492559,17
