hand,first_max_height,min_height,second_max_height,dribbling_frequency,bending_angle,duration
1,1.281632423400879,0.8924848437309265,1.3384383916854858,2.142857142857143,32.514662866964095,14
