hand,first_max_height,min_height,second_max_height,dribbling_frequency,bending_angle,duration
1,1.366058349609375,1.0153075456619263,1.4140559434890747,1.875,27.93453948237493,16
