hand,first_max_height,min_height,second_max_height,dribbling_frequency,bending_angle,duration
1,1.3902194499969482,1.022305965423584,1.3637568950653076,1.875,5.732142828109507,16
