hand,first_max_height,min_height,second_max_height,dribbling_frequency,bending_angle,duration
1,1.3934674263000488,1.0267633199691772,1.3593757152557373,2.0,9.489689991854751,15
