hand,first_max_height,min_height,second_max_height,dribbling_frequency,bending_angle,duration
1,1.3808274269104004,1.0150212049484253,1.358799695968628,2.142857142857143,16.848408180825732,14
