hand,first_max_height,min_height,second_max_height,dribbling_frequency,bending_angle,duration
1,1.5230844020843506,1.0864856243133545,1.568701982498169,1.6666666666666665,8.459996383510036,18
