hand,first_max_height,min_height,second_max_height,dribbling_frequency,bending_angle,duration
1,1.4251338243484497,0.9876719117164612,1.3817753791809082,1.7647058823529411,3.0682691965429574,17
