hand,first_max_height,min_height,second_max_height,dribbling_frequency,bending_angle,duration
1,1.3190604448318481,0.7714459896087646,1.0261733531951904,2.0,33.32476635232679,15
