hand,first_max_height,min_height,second_max_height,dribbling_frequency,bending_angle,duration
1,1.245750069618225,1.0305472612380981,1.1813526153564453,2.7272727272727275,7.23590574322764,11
