hand,first_max_height,min_height,second_max_height,dribbling_frequency,bending_angle,duration
1,1.371256947517395,0.9655510783195496,1.360599160194397,2.0,10.617670488076849,15
