hand,first_max_height,min_height,second_max_height,dribbling_frequency,bending_angle,duration
1,1.4228479862213135,1.086101770401001,1.428620457649231,2.142857142857143,5.410407820381873,14
