hand,first_max_height,min_height,second_max_height,dribbling_frequency,bending_angle,duration
1,1.4484174251556396,1.0545835494995117,1.4746065139770508,1.6666666666666665,4.188492074653915,18
