hand,first_max_height,min_height,second_max_height,dribbling_frequency,bending_angle,duration
1,1.4000122547149658,1.0502665042877197,1.4646260738372803,1.875,2.9040994858472446,16
