hand,first_max_height,min_height,second_max_height,dribbling_frequency,bending_angle,duration
1,1.0023540258407593,0.5695158839225769,0.9908686280250549,1.6666666666666665,65.1178476139593,18
