hand,first_max_height,min_height,second_max_height,dribbling_frequency,bending_angle,duration
0,0.34949105978012085,0.01842719316482544,0.3098503351211548,1.5789473684210527,12.881111927314883,19
