hand,first_max_height,min_height,second_max_height,dribbling_frequency,bending_angle,duration
0,0.20047640800476074,-0.16225093603134155,0.1793825626373291,2.307692307692308,36.98941196234202,13
