hand,first_max_height,min_height,second_max_height,dribbling_frequency,bending_angle,duration
0,0.281571626663208,0.13229000568389893,0.3695041537284851,2.5,3.164779786763235,12
