hand,first_max_height,min_height,second_max_height,dribbling_frequency,bending_angle,duration
0,0.37396442890167236,0.01897495985031128,0.3986438512802124,1.5789473684210527,8.660830189569312,19
