hand,first_max_height,min_height,second_max_height,dribbling_frequency,bending_angle,duration
0,0.2670186161994934,-0.0015953779220581055,0.27642178535461426,2.142857142857143,22.335282666843952,14
