hand,first_max_height,min_height,second_max_height,dribbling_frequency,bending_angle,duration
0,0.4998489022254944,0.07244598865509033,0.4724889397621155,1.6666666666666665,9.161911456463773,18
