hand,first_max_height,min_height,second_max_height,dribbling_frequency,bending_angle,duration
0,0.29279518127441406,-0.024972617626190186,0.2718847393989563,2.307692307692308,23.050662593225674,13
