hand,first_max_height,min_height,second_max_height,dribbling_frequency,bending_angle,duration
0,0.30377620458602905,0.11173200607299805,0.40345561504364014,2.307692307692308,4.207903991618729,13
