hand,first_max_height,min_height,second_max_height,dribbling_frequency,bending_angle,duration
0,0.33675485849380493,-0.0057953596115112305,0.3607679605484009,1.5,15.420974708537164,20
