hand,first_max_height,min_height,second_max_height,dribbling_frequency,bending_angle,duration
0,0.2809141278266907,0.047518253326416016,0.283896803855896,1.7647058823529411,20.44975703048713,17
