hand,first_max_height,min_height,second_max_height,dribbling_frequency,bending_angle,duration
0,0.24131208658218384,-0.06585526466369629,0.26176244020462036,2.142857142857143,30.252317047219012,14
