hand,first_max_height,min_height,second_max_height,dribbling_frequency,bending_angle,duration
0,-0.20624953508377075,-0.38613367080688477,-0.15232980251312256,2.7272727272727275,68.42220100010698,11
