hand,first_max_height,min_height,second_max_height,dribbling_frequency,bending_angle,duration
0,0.4622066617012024,0.09663856029510498,0.47507911920547485,1.4285714285714284,1.379293730709759,21
