hand,first_max_height,min_height,second_max_height,dribbling_frequency,bending_angle,duration
0,0.3815985918045044,0.04261296987533569,0.3625544309616089,2.142857142857143,8.327096668141678,14
