hand,first_max_height,min_height,second_max_height,dribbling_frequency,bending_angle,duration
0,0.4122382402420044,0.041850924491882324,0.4273189306259155,1.7647058823529411,8.72879474213414,17
