hand,first_max_height,min_height,second_max_height,dribbling_frequency,bending_angle,duration
0,0.20131218433380127,-0.03838956356048584,0.11626595258712769,2.142857142857143,15.253614170558784,14
