hand,first_max_height,min_height,second_max_height,dribbling_frequency,bending_angle,duration
0,-0.04230070114135742,-0.34977495670318604,-0.12981021404266357,2.307692307692308,63.00421781144116,13
