hand,first_max_height,min_height,second_max_height,dribbling_frequency,bending_angle,duration
0,-0.02480185031890869,-0.19930243492126465,0.0074890851974487305,2.7272727272727275,59.15480207801813,11
