hand,first_max_height,min_height,second_max_height,dribbling_frequency,bending_angle,duration
0,0.3135092854499817,0.09702038764953613,0.36113065481185913,2.307692307692308,9.656192496509416,13
