hand,first_max_height,min_height,second_max_height,dribbling_frequency,bending_angle,duration
0,0.32435643672943115,0.038603246212005615,0.5526702404022217,1.7647058823529411,7.3386143304941625,17
