hand,first_max_height,min_height,second_max_height,dribbling_frequency,bending_angle,duration
0,0.2632484436035156,0.03265422582626343,0.24862909317016602,2.142857142857143,6.89297986983675,14
