hand,first_max_height,min_height,second_max_height,dribbling_frequency,bending_angle,duration
0,0.19729268550872803,0.005550801753997803,0.26081132888793945,1.875,25.030148530630502,16
