hand,first_max_height,min_height,second_max_height,dribbling_frequency,bending_angle,duration
0,-0.2536301016807556,-0.3320164084434509,-0.17524206638336182,2.307692307692308,56.426370714670746,13
