hand,first_max_height,min_height,second_max_height,dribbling_frequency,bending_angle,duration
0,0.33647823333740234,0.07225829362869263,0.35898637771606445,2.0,6.14137867649528,15
