hand,first_max_height,min_height,second_max_height,dribbling_frequency,bending_angle,duration
0,0.426575243473053,0.03495091199874878,0.4033001661300659,2.0,3.9323059124061372,15
