hand,first_max_height,min_height,second_max_height,dribbling_frequency,bending_angle,duration
0,-0.036756157875061035,-0.17572444677352905,-0.05962860584259033,2.5,58.132011795382375,12
