hand,first_max_height,min_height,second_max_height,dribbling_frequency,bending_angle,duration
0,0.5392580628395081,0.1193968653678894,0.5367192029953003,1.3043478260869565,1.155613489826366,23
