hand,first_max_height,min_height,second_max_height,dribbling_frequency,bending_angle,duration
0,0.28885477781295776,0.03599947690963745,0.2809141278266907,1.7647058823529411,19.352499500217462,17
