hand,first_max_height,min_height,second_max_height,dribbling_frequency,bending_angle,duration
0,-0.012070000171661377,-0.07169163227081299,-0.03770250082015991,3.0,53.138651893207886,10
