hand,first_max_height,min_height,second_max_height,dribbling_frequency,bending_angle,duration
0,0.33079177141189575,0.06995046138763428,0.29580461978912354,2.307692307692308,11.396797983723163,13
