hand,first_max_height,min_height,second_max_height,dribbling_frequency,bending_angle,duration
0,0.3436836004257202,0.030936717987060547,0.37513017654418945,1.5789473684210527,10.3817794327659,19
