hand,first_max_height,min_height,second_max_height,dribbling_frequency,bending_angle,duration
0,0.34539794921875,0.04152745008468628,0.36457377672195435,2.0,7.958640155386276,15
