hand,first_max_height,min_height,second_max_height,dribbling_frequency,bending_angle,duration
0,0.36349356174468994,-0.06843405961990356,0.3965616226196289,1.5789473684210527,17.896477933261053,19
