hand,first_max_height,min_height,second_max_height,dribbling_frequency,bending_angle,duration
0,0.4004688858985901,0.018895983695983887,0.4041462540626526,1.875,4.867499601988375,16
