hand,first_max_height,min_height,second_max_height,dribbling_frequency,bending_angle,duration
0,0.43507951498031616,0.0477755069732666,0.3976594805717468,1.4285714285714284,5.4575412743176335,21
