hand,first_max_height,min_height,second_max_height,dribbling_frequency,bending_angle,duration
0,0.375657320022583,0.14539921283721924,0.37606579065322876,2.307692307692308,6.101298275777758,13
