hand,first_max_height,min_height,second_max_height,dribbling_frequency,bending_angle,duration
0,0.40880119800567627,0.08374524116516113,0.4026132822036743,2.0,8.864624619822074,15
