hand,first_max_height,min_height,second_max_height,dribbling_frequency,bending_angle,duration
0,-0.021330296993255615,-0.16019457578659058,-0.03693509101867676,3.0,56.18655704776872,10
