hand,first_max_height,min_height,second_max_height,dribbling_frequency,bending_angle,duration
0,-0.09209638833999634,-0.24004864692687988,-0.06047868728637695,3.0,65.13520889287248,10
