hand,first_max_height,min_height,second_max_height,dribbling_frequency,bending_angle,duration
0,-0.12812566757202148,-0.31598860025405884,-0.23027294874191284,2.5,57.55117625069225,12
