hand,first_max_height,min_height,second_max_height,dribbling_frequency,bending_angle,duration
0,0.3625544309616089,0.05297398567199707,0.36313706636428833,2.142857142857143,7.285073274592341,14
