hand,first_max_height,min_height,second_max_height,dribbling_frequency,bending_angle,duration
0,0.2663927674293518,0.03331899642944336,0.3343217968940735,1.875,23.37862534641198,16
