hand,first_max_height,min_height,second_max_height,dribbling_frequency,bending_angle,duration
0,0.27642178535461426,-0.01899510622024536,0.2287205457687378,2.307692307692308,23.472633119171082,13
