hand,first_max_height,min_height,second_max_height,dribbling_frequency,bending_angle,duration
0,0.25693386793136597,0.05581408739089966,0.24725961685180664,2.307692307692308,19.02346373771686,13
