hand,first_max_height,min_height,second_max_height,dribbling_frequency,bending_angle,duration
0,0.5258626937866211,-0.13918650150299072,-0.10603189468383789,2.142857142857143,14.705175184374898,14
