hand,first_max_height,min_height,second_max_height,dribbling_frequency,bending_angle,duration
0,0.3045579195022583,0.022561609745025635,0.3690569996833801,1.5789473684210527,13.317242959521634,19
