hand,first_max_height,min_height,second_max_height,dribbling_frequency,bending_angle,duration
0,0.2749199867248535,0.016920268535614014,0.27591633796691895,1.875,17.03397075630212,16
