hand,first_max_height,min_height,second_max_height,dribbling_frequency,bending_angle,duration
0,0.2525993585586548,-0.021236658096313477,0.23244577646255493,2.142857142857143,14.901743651262057,14
