hand,first_max_height,min_height,second_max_height,dribbling_frequency,bending_angle,duration
0,0.4314846992492676,0.004094421863555908,0.4208241105079651,1.7647058823529411,4.305997759537212,17
