hand,first_max_height,min_height,second_max_height,dribbling_frequency,bending_angle,duration
0,0.2508203387260437,0.11146759986877441,0.264041006565094,3.0,3.24650706918269,10
