hand,first_max_height,min_height,second_max_height,dribbling_frequency,bending_angle,duration
0,0.25322508811950684,-0.011490941047668457,0.25980520248413086,2.5,23.775701917012007,12
