hand,first_max_height,min_height,second_max_height,dribbling_frequency,bending_angle,duration
0,0.25223487615585327,-0.028305888175964355,0.2502802610397339,2.307692307692308,21.758352810912648,13
