hand,first_max_height,min_height,second_max_height,dribbling_frequency,bending_angle,duration
0,0.27045100927352905,-0.014197468757629395,0.2457042932510376,2.307692307692308,14.462707748247873,13
