hand,first_max_height,min_height,second_max_height,dribbling_frequency,bending_angle,duration
0,0.38971811532974243,-0.006532847881317139,0.3902599811553955,1.5,15.176013448151883,20
