hand,first_max_height,min_height,second_max_height,dribbling_frequency,bending_angle,duration
0,-0.12450748682022095,-0.26444101333618164,-0.12280791997909546,2.7272727272727275,56.96110233426102,11
