hand,first_max_height,min_height,second_max_height,dribbling_frequency,bending_angle,duration
0,0.4176398515701294,0.14022552967071533,0.4243496060371399,2.0,16.027922436784976,15
