hand,first_max_height,min_height,second_max_height,dribbling_frequency,bending_angle,duration
0,0.3842576742172241,-0.04379361867904663,0.26664286851882935,1.875,11.32697906585569,16
