hand,first_max_height,min_height,second_max_height,dribbling_frequency,bending_angle,duration
0,0.34119778871536255,0.08934789896011353,0.32458603382110596,2.5,5.054021585238663,12
