hand,first_max_height,min_height,second_max_height,dribbling_frequency,bending_angle,duration
0,-0.018563807010650635,-0.2304670810699463,-0.09337353706359863,2.7272727272727275,57.53417918333152,11
