hand,first_max_height,min_height,second_max_height,dribbling_frequency,bending_angle,duration
0,0.5067506432533264,0.040295422077178955,0.4874972105026245,1.7647058823529411,9.050218737512965,17
