hand,first_max_height,min_height,second_max_height,dribbling_frequency,bending_angle,duration
0,0.381425678730011,0.002002894878387451,0.3390082120895386,2.0,9.198746124367469,15
