hand,first_max_height,min_height,second_max_height,dribbling_frequency,bending_angle,duration
0,0.3346085548400879,0.039772868156433105,0.3372325897216797,2.0,5.487106267066304,15
