hand,first_max_height,min_height,second_max_height,dribbling_frequency,bending_angle,duration
0,0.3528674840927124,0.0049353837966918945,0.3204073905944824,2.142857142857143,15.496217228543165,14
