hand,first_max_height,min_height,second_max_height,dribbling_frequency,bending_angle,duration
0,0.3711799383163452,0.028797507286071777,0.447256863117218,1.875,15.34360795736917,16
