hand,first_max_height,min_height,second_max_height,dribbling_frequency,bending_angle,duration
0,0.2123417854309082,-0.0765988826751709,0.1934402585029602,2.5,28.232953115514928,12
