hand,first_max_height,min_height,second_max_height,dribbling_frequency,bending_angle,duration
0,0.2729482054710388,-0.08024567365646362,0.5572340488433838,1.5789473684210527,36.350191740917126,19
