hand,first_max_height,min_height,second_max_height,dribbling_frequency,bending_angle,duration
0,0.3958669900894165,0.03035891056060791,0.39009422063827515,1.5,15.63776936421361,20
