hand,first_max_height,min_height,second_max_height,dribbling_frequency,bending_angle,duration
0,0.23410707712173462,-0.050858139991760254,0.24105989933013916,2.5,31.830887666512645,12
