hand,first_max_height,min_height,second_max_height,dribbling_frequency,bending_angle,duration
0,0.4338546395301819,0.08328324556350708,0.3598976135253906,2.142857142857143,4.477483690630658,14
