hand,first_max_height,min_height,second_max_height,dribbling_frequency,bending_angle,duration
0,0.3810465335845947,0.012018740177154541,0.37032485008239746,1.875,8.779400508266896,16
