hand,first_max_height,min_height,second_max_height,dribbling_frequency,bending_angle,duration
0,0.5798333287239075,-0.1463848352432251,0.49482864141464233,1.7647058823529411,36.930748734773275,17
