hand,first_max_height,min_height,second_max_height,dribbling_frequency,bending_angle,duration
0,0.2689334750175476,-0.004841148853302002,0.22707241773605347,2.307692307692308,14.457809712235965,13
