hand,first_max_height,min_height,second_max_height,dribbling_frequency,bending_angle,duration
0,0.3383854031562805,0.07182365655899048,0.28144556283950806,2.5,12.459306532816797,12
