hand,first_max_height,min_height,second_max_height,dribbling_frequency,bending_angle,duration
0,-0.12308633327484131,-0.19971346855163574,-0.13886255025863647,2.5,55.14839139524204,12
