hand,first_max_height,min_height,second_max_height,dribbling_frequency,bending_angle,duration
0,0.3849511742591858,0.11274576187133789,0.39201921224594116,1.875,10.794229659797764,16
