hand,first_max_height,min_height,second_max_height,dribbling_frequency,bending_angle,duration
0,0.20308852195739746,0.08640778064727783,0.242467999458313,3.0,14.581239846575437,10
