hand,first_max_height,min_height,second_max_height,dribbling_frequency,bending_angle,duration
0,0.4016004800796509,0.04918438196182251,0.38620084524154663,1.875,10.872840474252818,16
