hand,first_max_height,min_height,second_max_height,dribbling_frequency,bending_angle,duration
0,0.5367192029953003,0.12438881397247314,0.5105178356170654,1.3636363636363638,0.7690794462848468,22
