hand,first_max_height,min_height,second_max_height,dribbling_frequency,bending_angle,duration
0,-0.09897804260253906,-0.25100255012512207,-0.09303390979766846,2.5,63.05174150636808,12
