hand,first_max_height,min_height,second_max_height,dribbling_frequency,bending_angle,duration
0,0.3014857769012451,0.07069522142410278,0.3323707580566406,2.142857142857143,4.154022445090167,14
