hand,first_max_height,min_height,second_max_height,dribbling_frequency,bending_angle,duration
0,0.3418067693710327,0.03233349323272705,0.34539794921875,2.0,10.31205227610581,15
