hand,first_max_height,min_height,second_max_height,dribbling_frequency,bending_angle,duration
0,0.23174554109573364,-0.0015218853950500488,0.2700745463371277,2.5,26.963062582419802,12
