hand,first_max_height,min_height,second_max_height,dribbling_frequency,bending_angle,duration
0,0.40356147289276123,-0.011681437492370605,0.3848994970321655,1.4285714285714284,14.790506540464627,21
