hand,first_max_height,min_height,second_max_height,dribbling_frequency,bending_angle,duration
0,0.2662053108215332,0.00421673059463501,0.2902231216430664,1.5789473684210527,10.925767393809462,19
