hand,first_max_height,min_height,second_max_height,dribbling_frequency,bending_angle,duration
0,0.3972063660621643,0.07120317220687866,0.38902270793914795,2.307692307692308,12.516796827351632,13
