hand,first_max_height,min_height,second_max_height,dribbling_frequency,bending_angle,duration
0,0.3856589198112488,0.12739264965057373,0.4062693119049072,2.142857142857143,4.453528485855999,14
