hand,first_max_height,min_height,second_max_height,dribbling_frequency,bending_angle,duration
0,0.3691384196281433,0.08189517259597778,0.3669090270996094,2.0,4.789919250027651,15
