hand,first_max_height,min_height,second_max_height,dribbling_frequency,bending_angle,duration
0,-0.11429518461227417,-0.3115711212158203,-0.11184155941009521,2.307692307692308,65.43975658134019,13
