hand,first_max_height,min_height,second_max_height,dribbling_frequency,bending_angle,duration
0,0.2475530505180359,-0.03499436378479004,0.3004038333892822,2.142857142857143,23.35049109042296,14
