hand,first_max_height,min_height,second_max_height,dribbling_frequency,bending_angle,duration
0,0.5014703869819641,-0.02797102928161621,0.453429639339447,1.5789473684210527,17.629838193954267,19
