hand,first_max_height,min_height,second_max_height,dribbling_frequency,bending_angle,duration
0,-0.21854442358016968,-0.35273563861846924,-0.23407793045043945,3.0,72.97595685574825,10
