hand,first_max_height,min_height,second_max_height,dribbling_frequency,bending_angle,duration
0,0.40401560068130493,-0.010463595390319824,0.38954871892929077,1.7647058823529411,11.805525509819596,17
