hand,first_max_height,min_height,second_max_height,dribbling_frequency,bending_angle,duration
0,0.39048337936401367,0.02374124526977539,0.3996933102607727,1.7647058823529411,5.654337983462405,17
