hand,first_max_height,min_height,second_max_height,dribbling_frequency,bending_angle,duration
0,0.4947812557220459,0.0598149299621582,0.48386675119400024,1.2,2.2861375935395296,25
