hand,first_max_height,min_height,second_max_height,dribbling_frequency,bending_angle,duration
0,0.05042511224746704,-0.12100553512573242,0.010227799415588379,3.0,49.22434988682333,10
