hand,first_max_height,min_height,second_max_height,dribbling_frequency,bending_angle,duration
0,0.16040170192718506,-0.09183716773986816,0.21001189947128296,2.307692307692308,35.66564610099436,13
