hand,first_max_height,min_height,second_max_height,dribbling_frequency,bending_angle,duration
0,0.255840539932251,-0.015386104583740234,0.26660096645355225,2.307692307692308,21.884166084256343,13
