hand,first_max_height,min_height,second_max_height,dribbling_frequency,bending_angle,duration
0,-0.2246137261390686,-0.30389320850372314,-0.18854928016662598,2.5,56.03891792404233,12
