hand,first_max_height,min_height,second_max_height,dribbling_frequency,bending_angle,duration
0,0.26409363746643066,-0.019224464893341064,0.23524487018585205,2.307692307692308,26.657909840042173,13
