hand,first_max_height,min_height,second_max_height,dribbling_frequency,bending_angle,duration
0,0.5278177857398987,0.06822240352630615,0.5186892151832581,1.5789473684210527,5.6354305296981515,19
