hand,first_max_height,min_height,second_max_height,dribbling_frequency,bending_angle,duration
0,0.38902270793914795,0.06564891338348389,0.33079177141189575,2.307692307692308,10.688994777539083,13
