hand,first_max_height,min_height,second_max_height,dribbling_frequency,bending_angle,duration
0,0.31205952167510986,0.014261007308959961,0.3155261278152466,2.0,9.88786315643487,15
