hand,first_max_height,min_height,second_max_height,dribbling_frequency,bending_angle,duration
0,0.3789569139480591,0.07742094993591309,0.3541643023490906,2.142857142857143,5.626820185841633,14
