hand,first_max_height,min_height,second_max_height,dribbling_frequency,bending_angle,duration
0,0.48333078622817993,0.20413947105407715,0.5467279553413391,2.0,4.900017162128966,15
