hand,first_max_height,min_height,second_max_height,dribbling_frequency,bending_angle,duration
0,-0.23138046264648438,-0.3456449508666992,-0.1939241886138916,2.7272727272727275,65.98504083005885,11
