hand,first_max_height,min_height,second_max_height,dribbling_frequency,bending_angle,duration
0,0.44845372438430786,0.13104289770126343,0.48276764154434204,1.3636363636363638,1.4413832554569086,22
