hand,first_max_height,min_height,second_max_height,dribbling_frequency,bending_angle,duration
0,0.279777467250824,-0.07986980676651001,0.2729482054710388,1.875,35.57611557264593,16
