hand,first_max_height,min_height,second_max_height,dribbling_frequency,bending_angle,duration
0,0.2236166000366211,0.06134951114654541,0.28449296951293945,2.307692307692308,13.200037342206413,13
