hand,first_max_height,min_height,second_max_height,dribbling_frequency,bending_angle,duration
0,0.3651323914527893,0.1151130199432373,0.38545870780944824,2.142857142857143,5.729115462396138,14
