hand,first_max_height,min_height,second_max_height,dribbling_frequency,bending_angle,duration
0,0.1975821852684021,0.049259960651397705,0.2044452428817749,2.5,7.380357026678522,12
