hand,first_max_height,min_height,second_max_height,dribbling_frequency,bending_angle,duration
0,0.2044452428817749,-0.010556638240814209,0.1318337321281433,2.7272727272727275,9.911835545087236,11
