hand,first_max_height,min_height,second_max_height,dribbling_frequency,bending_angle,duration
0,0.03600025177001953,-0.20981884002685547,0.2846723794937134,1.875,50.05713174196518,16
