hand,first_max_height,min_height,second_max_height,dribbling_frequency,bending_angle,duration
0,0.34308308362960815,0.11078554391860962,0.3376031517982483,2.7272727272727275,9.955031963736367,11
