hand,first_max_height,min_height,second_max_height,dribbling_frequency,bending_angle,duration
0,0.23780518770217896,0.01213008165359497,0.2651980519294739,2.307692307692308,13.427216565660665,13
