hand,first_max_height,min_height,second_max_height,dribbling_frequency,bending_angle,duration
0,-0.10040819644927979,-0.25656259059906006,-0.09897804260253906,2.5,63.164907701279205,12
