hand,first_max_height,min_height,second_max_height,dribbling_frequency,bending_angle,duration
0,0.03068298101425171,-0.11901670694351196,0.011753380298614502,2.7272727272727275,54.46054719263847,11
