hand,first_max_height,min_height,second_max_height,dribbling_frequency,bending_angle,duration
0,0.19833582639694214,0.0638931393623352,0.19164568185806274,3.0,20.750122750840827,10
