hand,first_max_height,min_height,second_max_height,dribbling_frequency,bending_angle,duration
0,0.23524487018585205,-0.015018105506896973,0.2123417854309082,2.5,27.961852756654064,12
