hand,first_max_height,min_height,second_max_height,dribbling_frequency,bending_angle,duration
0,0.3902599811553955,0.002164602279663086,0.36535924673080444,1.5789473684210527,16.009216690318667,19
