hand,first_max_height,min_height,second_max_height,dribbling_frequency,bending_angle,duration
0,0.434472918510437,0.08022135496139526,0.4137170910835266,1.5789473684210527,4.571495742488718,19
