hand,first_max_height,min_height,second_max_height,dribbling_frequency,bending_angle,duration
0,0.2986897826194763,0.014030098915100098,0.31202107667922974,1.6666666666666665,22.93955424438491,18
