hand,first_max_height,min_height,second_max_height,dribbling_frequency,bending_angle,duration
0,0.2708969712257385,0.0019189119338989258,0.2932705283164978,2.307692307692308,27.268138803702573,13
