hand,first_max_height,min_height,second_max_height,dribbling_frequency,bending_angle,duration
0,0.4542691111564636,0.006820857524871826,0.4124841094017029,1.875,7.2497969246518466,16
