hand,first_max_height,min_height,second_max_height,dribbling_frequency,bending_angle,duration
0,0.43224066495895386,0.012385249137878418,0.3624228239059448,1.5,6.346326221944833,20
