hand,first_max_height,min_height,second_max_height,dribbling_frequency,bending_angle,duration
0,0.41845226287841797,0.069294273853302,0.3763999342918396,2.0,6.916216070266388,15
