hand,first_max_height,min_height,second_max_height,dribbling_frequency,bending_angle,duration
0,0.24434632062911987,-0.006253302097320557,0.09396570920944214,3.0,24.16185739919632,10
