hand,first_max_height,min_height,second_max_height,dribbling_frequency,bending_angle,duration
0,0.1922389268875122,-0.07601642608642578,0.14967525005340576,2.307692307692308,29.872561246896428,13
