hand,first_max_height,min_height,second_max_height,dribbling_frequency,bending_angle,duration
0,0.3378232717514038,0.011988997459411621,0.38638806343078613,1.5789473684210527,15.648704848259213,19
