hand,first_max_height,min_height,second_max_height,dribbling_frequency,bending_angle,duration
0,0.3006908893585205,0.08456480503082275,0.24454712867736816,2.142857142857143,9.152150593253886,14
