hand,first_max_height,min_height,second_max_height,dribbling_frequency,bending_angle,duration
0,0.35209953784942627,0.037274956703186035,0.32849788665771484,2.0,4.5542559018673145,15
