hand,first_max_height,min_height,second_max_height,dribbling_frequency,bending_angle,duration
0,0.2620009183883667,-0.013217508792877197,0.25322508811950684,2.5,23.103141171824106,12
