hand,first_max_height,min_height,second_max_height,dribbling_frequency,bending_angle,duration
0,0.3207058310508728,-0.002325594425201416,0.299676775932312,2.0,17.933832308083993,15
