hand,first_max_height,min_height,second_max_height,dribbling_frequency,bending_angle,duration
0,0.3577274680137634,0.04243534803390503,0.3210163712501526,1.875,7.560189166938358,16
