hand,first_max_height,min_height,second_max_height,dribbling_frequency,bending_angle,duration
0,-0.10331624746322632,-0.25303953886032104,-0.13005989789962769,2.7272727272727275,57.87899696239288,11
