hand,first_max_height,min_height,second_max_height,dribbling_frequency,bending_angle,duration
0,0.22131818532943726,-0.01992189884185791,0.21681571006774902,2.307692307692308,13.332926361259226,13
