hand,first_max_height,min_height,second_max_height,dribbling_frequency,bending_angle,duration
0,0.2706652283668518,-0.0030968189239501953,0.2567511796951294,1.875,25.740106022969226,16
