hand,first_max_height,min_height,second_max_height,dribbling_frequency,bending_angle,duration
0,0.32065320014953613,0.07454025745391846,0.2217596173286438,2.5,19.524238869280467,12
