hand,first_max_height,min_height,second_max_height,dribbling_frequency,bending_angle,duration
0,0.2531736493110657,-0.024731993675231934,0.2475530505180359,2.307692307692308,23.495579802152903,13
