hand,first_max_height,min_height,second_max_height,dribbling_frequency,bending_angle,duration
0,0.2471177577972412,0.016990184783935547,0.25970762968063354,1.6666666666666665,20.873523739463156,18
