hand,first_max_height,min_height,second_max_height,dribbling_frequency,bending_angle,duration
0,0.4200282096862793,0.06732022762298584,0.3824206590652466,2.142857142857143,18.817281762514778,14
