hand,first_max_height,min_height,second_max_height,dribbling_frequency,bending_angle,duration
0,0.3184797763824463,0.06028562784194946,0.3842122554779053,2.0,6.23751827894731,15
