hand,first_max_height,min_height,second_max_height,dribbling_frequency,bending_angle,duration
0,0.23965400457382202,-0.030230700969696045,0.2487962245941162,2.142857142857143,25.18393383970734,14
