hand,first_max_height,min_height,second_max_height,dribbling_frequency,bending_angle,duration
0,0.47929781675338745,0.13608133792877197,0.49858933687210083,1.4285714285714284,1.879627646673143,21
