hand,first_max_height,min_height,second_max_height,dribbling_frequency,bending_angle,duration
0,0.4299413561820984,0.06898772716522217,0.4190305471420288,2.0,4.776984676478405,15
