hand,first_max_height,min_height,second_max_height,dribbling_frequency,bending_angle,duration
0,0.3951813578605652,0.03294795751571655,0.4462651014328003,1.5789473684210527,17.42882990846619,19
