hand,first_max_height,min_height,second_max_height,dribbling_frequency,bending_angle,duration
0,0.03672665357589722,-0.2092876434326172,-0.031363070011138916,2.5,58.21208326164249,12
