hand,first_max_height,min_height,second_max_height,dribbling_frequency,bending_angle,duration
0,0.3451002836227417,0.05148172378540039,0.31205952167510986,2.0,4.890388045916517,15
