hand,first_max_height,min_height,second_max_height,dribbling_frequency,bending_angle,duration
0,0.45224475860595703,0.07136809825897217,0.5278177857398987,1.7647058823529411,6.661965339705403,17
