hand,first_max_height,min_height,second_max_height,dribbling_frequency,bending_angle,duration
0,0.335732638835907,0.11908996105194092,0.3189036250114441,2.307692307692308,10.003796124832101,13
