hand,first_max_height,min_height,second_max_height,dribbling_frequency,bending_angle,duration
0,0.4477652311325073,-0.05461472272872925,0.5258362889289856,1.5789473684210527,9.841060481128451,19
