hand,first_max_height,min_height,second_max_height,dribbling_frequency,bending_angle,duration
0,0.39915919303894043,0.14317923784255981,0.377098023891449,2.307692307692308,6.575436013554032,13
