hand,first_max_height,min_height,second_max_height,dribbling_frequency,bending_angle,duration
0,0.30755406618118286,0.018973946571350098,0.28555065393447876,1.7647058823529411,16.749695748412776,17
