hand,first_max_height,min_height,second_max_height,dribbling_frequency,bending_angle,duration
0,0.39314818382263184,-0.17594116926193237,0.3550068140029907,1.875,49.142389932512565,16
