hand,first_max_height,min_height,second_max_height,dribbling_frequency,bending_angle,duration
0,0.43818145990371704,0.08396422863006592,0.38919156789779663,1.875,4.685734062327311,16
