hand,first_max_height,min_height,second_max_height,dribbling_frequency,bending_angle,duration
0,0.38620084524154663,0.040510594844818115,0.36116665601730347,2.0,10.364050698054509,15
