hand,first_max_height,min_height,second_max_height,dribbling_frequency,bending_angle,duration
0,0.2214401364326477,0.028801918029785156,0.16958177089691162,3.0,12.147726168314708,10
