hand,first_max_height,min_height,second_max_height,dribbling_frequency,bending_angle,duration
0,0.3225886821746826,0.01510244607925415,0.38519370555877686,1.7647058823529411,4.759004719578282,17
