hand,first_max_height,min_height,second_max_height,dribbling_frequency,bending_angle,duration
0,0.32245105504989624,0.07706969976425171,0.33009588718414307,2.307692307692308,14.69074363851951,13
