hand,first_max_height,min_height,second_max_height,dribbling_frequency,bending_angle,duration
0,0.33620548248291016,0.05621582269668579,0.3333439826965332,2.307692307692308,8.356644900755644,13
