hand,first_max_height,min_height,second_max_height,dribbling_frequency,bending_angle,duration
0,0.2311142086982727,-0.005114257335662842,0.13381081819534302,2.142857142857143,11.03792790047536,14
