hand,first_max_height,min_height,second_max_height,dribbling_frequency,bending_angle,duration
0,0.45516014099121094,0.07668519020080566,0.4556926488876343,1.4285714285714284,0.7311259541793287,21
