hand,first_max_height,min_height,second_max_height,dribbling_frequency,bending_angle,duration
0,0.36882483959198,0.09449273347854614,0.3691384196281433,2.142857142857143,5.300309164001101,14
