hand,first_max_height,min_height,second_max_height,dribbling_frequency,bending_angle,duration
0,0.4522935748100281,-0.009717583656311035,0.3842576742172241,1.7647058823529411,6.522797658219014,17
