hand,first_max_height,min_height,second_max_height,dribbling_frequency,bending_angle,duration
0,0.39027899503707886,0.06357145309448242,0.3919234871864319,2.142857142857143,4.809886560039172,14
