hand,first_max_height,min_height,second_max_height,dribbling_frequency,bending_angle,duration
0,0.36743253469467163,0.07192796468734741,0.35730087757110596,2.0,5.363833318777246,15
