hand,first_max_height,min_height,second_max_height,dribbling_frequency,bending_angle,duration
0,0.20160961151123047,-0.2600786089897156,0.14218556880950928,1.6666666666666665,38.179167832309126,18
