hand,first_max_height,min_height,second_max_height,dribbling_frequency,bending_angle,duration
0,0.3812375068664551,0.09774738550186157,0.3694267272949219,2.0,3.0979575371102017,15
