hand,first_max_height,min_height,second_max_height,dribbling_frequency,bending_angle,duration
0,0.3614785671234131,0.08148688077926636,0.33353686332702637,2.0,6.912176672695761,15
