hand,first_max_height,min_height,second_max_height,dribbling_frequency,bending_angle,duration
0,-0.19141054153442383,-0.29478710889816284,-0.17639875411987305,2.7272727272727275,61.7435732551668,11
