hand,first_max_height,min_height,second_max_height,dribbling_frequency,bending_angle,duration
0,0.4026132822036743,0.11495214700698853,0.4358729124069214,2.142857142857143,7.751335736819847,14
