hand,first_max_height,min_height,second_max_height,dribbling_frequency,bending_angle,duration
0,-0.09044784307479858,-0.19689005613327026,0.15171849727630615,2.5,50.76250781734109,12
