hand,first_max_height,min_height,second_max_height,dribbling_frequency,bending_angle,duration
0,0.46769803762435913,0.07452583312988281,0.46682363748550415,1.3636363636363638,0.825574897202303,22
