hand,first_max_height,min_height,second_max_height,dribbling_frequency,bending_angle,duration
0,0.2746044397354126,-0.006038486957550049,0.26409363746643066,2.5,26.618490352748605,12
