hand,first_max_height,min_height,second_max_height,dribbling_frequency,bending_angle,duration
0,0.4273189306259155,0.06328070163726807,0.4216845631599426,1.7647058823529411,5.54043095022497,17
