hand,first_max_height,min_height,second_max_height,dribbling_frequency,bending_angle,duration
0,0.3073505163192749,-0.0017617344856262207,0.3077484369277954,1.7647058823529411,18.798806588158183,17
