hand,first_max_height,min_height,second_max_height,dribbling_frequency,bending_angle,duration
0,-0.031363070011138916,-0.19092053174972534,-0.05834150314331055,2.307692307692308,58.66625120558659,13
