hand,first_max_height,min_height,second_max_height,dribbling_frequency,bending_angle,duration
0,0.1934402585029602,-0.05120629072189331,0.2139018177986145,2.5,28.60072666687092,12
