hand,first_max_height,min_height,second_max_height,dribbling_frequency,bending_angle,duration
0,0.4762400984764099,0.11315399408340454,0.4132000207901001,2.0,14.035216810852893,15
