hand,first_max_height,min_height,second_max_height,dribbling_frequency,bending_angle,duration
0,0.21656906604766846,0.030720889568328857,0.23412972688674927,2.5,12.139780250032663,12
