hand,first_max_height,min_height,second_max_height,dribbling_frequency,bending_angle,duration
0,0.5228483080863953,0.07833808660507202,0.46091729402542114,1.4285714285714284,1.7402147483953805,21
