hand,first_max_height,min_height,second_max_height,dribbling_frequency,bending_angle,duration
0,-0.2047591209411621,-0.26941078901290894,-0.15414023399353027,2.5,55.75909860668735,12
