hand,first_max_height,min_height,second_max_height,dribbling_frequency,bending_angle,duration
0,0.41253799200057983,0.055465102195739746,0.4755580425262451,1.3636363636363638,9.723100373373791,22
