hand,first_max_height,min_height,second_max_height,dribbling_frequency,bending_angle,duration
0,0.4881659150123596,-0.09315961599349976,0.4002532362937927,1.6666666666666665,19.439093197302064,18
