hand,first_max_height,min_height,second_max_height,dribbling_frequency,bending_angle,duration
0,-0.02971726655960083,-0.18454879522323608,-0.05771493911743164,3.0,54.30233844806504,10
