hand,first_max_height,min_height,second_max_height,dribbling_frequency,bending_angle,duration
0,0.25773853063583374,0.05829358100891113,0.22674345970153809,2.7272727272727275,10.325652779675547,11
