hand,first_max_height,min_height,second_max_height,dribbling_frequency,bending_angle,duration
0,0.3220949172973633,-0.01564878225326538,0.3138638734817505,2.142857142857143,19.691953614860566,14
