hand,first_max_height,min_height,second_max_height,dribbling_frequency,bending_angle,duration
0,0.3694267272949219,0.11986416578292847,0.3451002836227417,2.142857142857143,3.168496264560586,14
