hand,first_max_height,min_height,second_max_height,dribbling_frequency,bending_angle,duration
0,0.3919234871864319,0.024976134300231934,0.43946826457977295,2.0,3.87366800099807,15
