hand,first_max_height,min_height,second_max_height,dribbling_frequency,bending_angle,duration
0,0.07023167610168457,-0.19512444734573364,0.20199263095855713,2.142857142857143,52.791939811370604,14
