hand,first_max_height,min_height,second_max_height,dribbling_frequency,bending_angle,duration
0,0.38833582401275635,0.056301772594451904,0.3712579011917114,2.0,9.269274716702945,15
