hand,first_max_height,min_height,second_max_height,dribbling_frequency,bending_angle,duration
0,0.2720733880996704,0.01492530107498169,0.3315497040748596,2.142857142857143,14.86780160689802,14
