hand,first_max_height,min_height,second_max_height,dribbling_frequency,bending_angle,duration
0,0.30988478660583496,0.02132517099380493,0.304826021194458,2.142857142857143,13.758727547275262,14
