hand,first_max_height,min_height,second_max_height,dribbling_frequency,bending_angle,duration
0,0.3661571741104126,0.0863943099975586,0.3493466377258301,2.307692307692308,9.80104620070318,13
