hand,first_max_height,min_height,second_max_height,dribbling_frequency,bending_angle,duration
0,0.31861412525177,0.006188333034515381,0.2536516785621643,2.307692307692308,6.598984627218998,13
