hand,first_max_height,min_height,second_max_height,dribbling_frequency,bending_angle,duration
0,0.47756558656692505,0.0412822961807251,0.4542691111564636,1.875,7.456839680823754,16
