hand,first_max_height,min_height,second_max_height,dribbling_frequency,bending_angle,duration
0,0.36431586742401123,0.051117002964019775,0.3462730646133423,1.5789473684210527,9.804602888439995,19
