hand,first_max_height,min_height,second_max_height,dribbling_frequency,bending_angle,duration
0,0.5079087018966675,0.12341797351837158,0.48761361837387085,1.4285714285714284,1.1479367823638018,21
