hand,first_max_height,min_height,second_max_height,dribbling_frequency,bending_angle,duration
0,0.531234085559845,0.09996575117111206,0.48138999938964844,1.4285714285714284,1.135311624934443,21
