hand,first_max_height,min_height,second_max_height,dribbling_frequency,bending_angle,duration
0,0.31906020641326904,0.05608844757080078,0.3383854031562805,2.142857142857143,13.59886809689026,14
