hand,first_max_height,min_height,second_max_height,dribbling_frequency,bending_angle,duration
0,-0.05962860584259033,-0.2222948670387268,-0.06924694776535034,2.5,56.474124980486735,12
