hand,first_max_height,min_height,second_max_height,dribbling_frequency,bending_angle,duration
0,0.14933568239212036,-0.018097996711730957,0.09057188034057617,3.0,32.831893891021046,10
