hand,first_max_height,min_height,second_max_height,dribbling_frequency,bending_angle,duration
0,0.36295223236083984,0.06602567434310913,0.40292227268218994,2.142857142857143,7.953037120950379,14
