hand,first_max_height,min_height,second_max_height,dribbling_frequency,bending_angle,duration
0,0.41812294721603394,0.11755341291427612,0.3972063660621643,2.142857142857143,10.68082032468262,14
