hand,first_max_height,min_height,second_max_height,dribbling_frequency,bending_angle,duration
0,0.37028586864471436,0.07063043117523193,0.34569883346557617,1.6666666666666665,16.579300300262634,18
