hand,first_max_height,min_height,second_max_height,dribbling_frequency,bending_angle,duration
0,0.4677514433860779,0.1089966893196106,0.47355586290359497,1.4285714285714284,1.1533879048098292,21
