hand,first_max_height,min_height,second_max_height,dribbling_frequency,bending_angle,duration
0,0.3383394479751587,0.017998456954956055,0.32272201776504517,1.5789473684210527,10.55677372948232,19
