hand,first_max_height,min_height,second_max_height,dribbling_frequency,bending_angle,duration
0,0.4618127942085266,0.02957993745803833,0.4429422616958618,1.7647058823529411,5.773149193542072,17
