hand,first_max_height,min_height,second_max_height,dribbling_frequency,bending_angle,duration
0,0.3488284945487976,0.049688100814819336,0.3661571741104126,2.307692307692308,19.321193865810645,13
