hand,first_max_height,min_height,second_max_height,dribbling_frequency,bending_angle,duration
0,0.0074890851974487305,-0.19651436805725098,0.13568830490112305,2.307692307692308,58.40137378934262,13
