hand,first_max_height,min_height,second_max_height,dribbling_frequency,bending_angle,duration
0,0.4160916209220886,0.046744704246520996,0.39322394132614136,2.0,8.621886012975045,15
