hand,first_max_height,min_height,second_max_height,dribbling_frequency,bending_angle,duration
0,-0.0796172022819519,-0.2523370385169983,-0.10040819644927979,2.7272727272727275,62.88941457273601,11
