hand,first_max_height,min_height,second_max_height,dribbling_frequency,bending_angle,duration
0,0.2703171372413635,-0.008105993270874023,0.2577153444290161,2.307692307692308,20.776990403431242,13
