hand,first_max_height,min_height,second_max_height,dribbling_frequency,bending_angle,duration
0,0.272490918636322,0.013231515884399414,0.27636921405792236,2.142857142857143,15.077854587358853,14
