hand,first_max_height,min_height,second_max_height,dribbling_frequency,bending_angle,duration
0,0.274087131023407,0.01782536506652832,0.2708969712257385,2.5,27.444104467225294,12
