hand,first_max_height,min_height,second_max_height,dribbling_frequency,bending_angle,duration
0,0.5127619504928589,0.059131920337677,0.5273464918136597,1.3043478260869565,2.419689818388563,23
