hand,first_max_height,min_height,second_max_height,dribbling_frequency,bending_angle,duration
0,0.2908349633216858,-0.052645087242126465,0.2994031310081482,1.5,17.164587139182398,20
