hand,first_max_height,min_height,second_max_height,dribbling_frequency,bending_angle,duration
0,0.23370105028152466,0.017660081386566162,0.24578475952148438,2.5,24.7224030839758,12
