hand,first_max_height,min_height,second_max_height,dribbling_frequency,bending_angle,duration
0,-0.17524206638336182,-0.3253600597381592,-0.2589254379272461,2.307692307692308,58.65715234745761,13
