hand,first_max_height,min_height,second_max_height,dribbling_frequency,bending_angle,duration
0,0.5078580379486084,0.08156979084014893,0.5087063312530518,1.7647058823529411,4.319016572273694,17
