hand,first_max_height,min_height,second_max_height,dribbling_frequency,bending_angle,duration
0,0.284697949886322,0.10799723863601685,0.2768546938896179,2.7272727272727275,4.790295928037843,11
