hand,first_max_height,min_height,second_max_height,dribbling_frequency,bending_angle,duration
0,0.39375191926956177,-0.06152278184890747,0.43555110692977905,1.5789473684210527,14.768590427332,19
