hand,first_max_height,min_height,second_max_height,dribbling_frequency,bending_angle,duration
0,-0.1939241886138916,-0.3491673469543457,-0.08402854204177856,2.142857142857143,66.15520015886055,14
