hand,first_max_height,min_height,second_max_height,dribbling_frequency,bending_angle,duration
0,0.5344752073287964,0.09876340627670288,0.5499042868614197,1.2,0.4656528729502387,25
