hand,first_max_height,min_height,second_max_height,dribbling_frequency,bending_angle,duration
0,0.307403028011322,-0.023189246654510498,0.2568121552467346,1.875,20.841600508950574,16
