hand,first_max_height,min_height,second_max_height,dribbling_frequency,bending_angle,duration
0,0.3550068140029907,-0.19433605670928955,0.302038311958313,1.875,49.75519028021895,16
