hand,first_max_height,min_height,second_max_height,dribbling_frequency,bending_angle,duration
0,0.4996655583381653,0.11313611268997192,0.4443703293800354,1.4285714285714284,3.0254352251475094,21
