hand,first_max_height,min_height,second_max_height,dribbling_frequency,bending_angle,duration
0,0.24320435523986816,0.013126850128173828,0.2689334750175476,2.142857142857143,14.44185944347371,14
