hand,first_max_height,min_height,second_max_height,dribbling_frequency,bending_angle,duration
0,0.14553791284561157,-0.2163187861442566,0.16192013025283813,1.875,54.50254632649299,16
