hand,first_max_height,min_height,second_max_height,dribbling_frequency,bending_angle,duration
0,0.2577153444290161,-0.02869206666946411,0.25223487615585327,2.142857142857143,22.820929525963823,14
