hand,first_max_height,min_height,second_max_height,dribbling_frequency,bending_angle,duration
0,0.3763999342918396,0.09160369634628296,0.3983091711997986,2.142857142857143,6.367541379348499,14
