hand,first_max_height,min_height,second_max_height,dribbling_frequency,bending_angle,duration
0,0.23903775215148926,-0.019764959812164307,0.2311142086982727,1.875,8.494304864552674,16
