hand,first_max_height,min_height,second_max_height,dribbling_frequency,bending_angle,duration
0,-0.09370851516723633,-0.2539869546890259,-0.0330122709274292,3.0,63.9209221900888,10
