hand,first_max_height,min_height,second_max_height,dribbling_frequency,bending_angle,duration
0,0.3335689306259155,0.0695388913154602,0.4317655563354492,1.875,5.382545724551203,16
