hand,first_max_height,min_height,second_max_height,dribbling_frequency,bending_angle,duration
0,0.2999820113182068,0.02304309606552124,0.2675975561141968,2.142857142857143,7.578370218420107,14
