hand,first_max_height,min_height,second_max_height,dribbling_frequency,bending_angle,duration
0,0.3691730499267578,-0.07194119691848755,0.3585329055786133,1.6666666666666665,18.624207828674994,18
