hand,first_max_height,min_height,second_max_height,dribbling_frequency,bending_angle,duration
0,0.32385438680648804,0.053338050842285156,0.3371191620826721,2.142857142857143,11.108811813231712,14
