hand,first_max_height,min_height,second_max_height,dribbling_frequency,bending_angle,duration
0,0.4024972915649414,0.09973466396331787,0.38330501317977905,2.142857142857143,7.782281828627379,14
