hand,first_max_height,min_height,second_max_height,dribbling_frequency,bending_angle,duration
0,0.17623084783554077,-0.03389334678649902,0.016810297966003418,3.0,29.130098585665273,10
