hand,first_max_height,min_height,second_max_height,dribbling_frequency,bending_angle,duration
0,0.47355586290359497,0.09312880039215088,0.4503014087677002,1.3636363636363638,2.06750358193928,22
