hand,first_max_height,min_height,second_max_height,dribbling_frequency,bending_angle,duration
0,-0.0034429430961608887,-0.18623995780944824,0.04253464937210083,2.142857142857143,57.15350263047439,14
