hand,first_max_height,min_height,second_max_height,dribbling_frequency,bending_angle,duration
0,0.3902166485786438,0.041546761989593506,0.3780432939529419,2.0,9.672328490360554,15
