hand,first_max_height,min_height,second_max_height,dribbling_frequency,bending_angle,duration
0,0.3054318428039551,0.014937281608581543,0.3172617554664612,2.0,5.86565822095658,15
