hand,first_max_height,min_height,second_max_height,dribbling_frequency,bending_angle,duration
0,0.1967606544494629,-0.2480183243751526,0.12759584188461304,1.7647058823529411,44.62789129331534,17
