hand,first_max_height,min_height,second_max_height,dribbling_frequency,bending_angle,duration
0,0.4436739683151245,0.1040114164352417,0.4338546395301819,1.875,3.6205422872808075,16
