hand,first_max_height,min_height,second_max_height,dribbling_frequency,bending_angle,duration
0,0.29856717586517334,0.03481626510620117,0.32524770498275757,2.142857142857143,9.429189014590017,14
