hand,first_max_height,min_height,second_max_height,dribbling_frequency,bending_angle,duration
0,0.3479214310646057,0.07002532482147217,0.34119778871536255,2.307692307692308,5.425304727948343,13
