hand,first_max_height,min_height,second_max_height,dribbling_frequency,bending_angle,duration
0,-0.13005989789962769,-0.2342180609703064,-0.08671420812606812,2.7272727272727275,59.73552139004587,11
