hand,first_max_height,min_height,second_max_height,dribbling_frequency,bending_angle,duration
0,0.48203057050704956,0.04774332046508789,0.4998489022254944,1.5789473684210527,9.414218642847786,19
