hand,first_max_height,min_height,second_max_height,dribbling_frequency,bending_angle,duration
0,0.38375842571258545,0.06903845071792603,0.4299413561820984,2.0,5.763994952584852,15
