hand,first_max_height,min_height,second_max_height,dribbling_frequency,bending_angle,duration
0,0.48138999938964844,0.08162683248519897,0.4961710572242737,1.3636363636363638,1.0082410685191017,22
