hand,first_max_height,min_height,second_max_height,dribbling_frequency,bending_angle,duration
0,0.4462651014328003,0.03783804178237915,0.331615149974823,1.4285714285714284,15.718439850062765,21
