hand,first_max_height,min_height,second_max_height,dribbling_frequency,bending_angle,duration
0,0.5186892151832581,0.109305739402771,0.3511248230934143,1.6666666666666665,4.650415253380144,18
