hand,first_max_height,min_height,second_max_height,dribbling_frequency,bending_angle,duration
0,0.46682363748550415,0.11001062393188477,0.4809442162513733,1.3636363636363638,0.23928403561259529,22
