hand,first_max_height,min_height,second_max_height,dribbling_frequency,bending_angle,duration
0,-0.14896178245544434,-0.3607684373855591,0.04926645755767822,2.0,65.68129363656217,15
