hand,first_max_height,min_height,second_max_height,dribbling_frequency,bending_angle,duration
0,0.3004038333892822,-0.028957366943359375,0.26754695177078247,2.142857142857143,21.122451743218036,14
