hand,first_max_height,min_height,second_max_height,dribbling_frequency,bending_angle,duration
0,0.39180243015289307,0.003544449806213379,0.4378276467323303,1.875,12.716486988558131,16
