hand,first_max_height,min_height,second_max_height,dribbling_frequency,bending_angle,duration
0,0.29629188776016235,0.05023294687271118,0.2632484436035156,2.142857142857143,6.461172951631824,14
