hand,first_max_height,min_height,second_max_height,dribbling_frequency,bending_angle,duration
0,0.4619283676147461,0.12103825807571411,0.4883279800415039,1.4285714285714284,2.6359501441162667,21
