hand,first_max_height,min_height,second_max_height,dribbling_frequency,bending_angle,duration
0,0.3085068464279175,-0.0015189647674560547,0.30880045890808105,1.7647058823529411,22.6498773100915,17
