hand,first_max_height,min_height,second_max_height,dribbling_frequency,bending_angle,duration
0,0.34275680780410767,0.049107491970062256,0.3556709289550781,2.0,7.1476873181853735,15
