hand,first_max_height,min_height,second_max_height,dribbling_frequency,bending_angle,duration
0,0.3226349949836731,0.0036461949348449707,0.3000590205192566,1.875,22.60473438267214,16
