hand,first_max_height,min_height,second_max_height,dribbling_frequency,bending_angle,duration
0,0.12759584188461304,-0.23243141174316406,0.18880152702331543,1.875,43.16360914367483,16
