hand,first_max_height,min_height,second_max_height,dribbling_frequency,bending_angle,duration
0,0.32849788665771484,0.04261881113052368,0.34413284063339233,2.0,5.573727439194058,15
