hand,first_max_height,min_height,second_max_height,dribbling_frequency,bending_angle,duration
0,0.24395805597305298,-0.015439093112945557,0.23174554109573364,2.5,26.934235064580008,12
