hand,first_max_height,min_height,second_max_height,dribbling_frequency,bending_angle,duration
0,0.4384409785270691,0.006900131702423096,0.416363000869751,1.7647058823529411,4.663892649328186,17
