hand,first_max_height,min_height,second_max_height,dribbling_frequency,bending_angle,duration
0,0.37767118215560913,0.11584997177124023,0.4166421890258789,2.142857142857143,3.562101886481991,14
