hand,first_max_height,min_height,second_max_height,dribbling_frequency,bending_angle,duration
0,0.38519370555877686,0.00771486759185791,0.3915373682975769,1.7647058823529411,6.0207490457762765,17
