hand,first_max_height,min_height,second_max_height,dribbling_frequency,bending_angle,duration
0,0.30678790807724,0.03720766305923462,0.32049059867858887,1.5789473684210527,11.901495946871476,19
