hand,first_max_height,min_height,second_max_height,dribbling_frequency,bending_angle,duration
0,-0.09770029783248901,-0.21895718574523926,-0.036572813987731934,2.5,57.32101902241666,12
