hand,first_max_height,min_height,second_max_height,dribbling_frequency,bending_angle,duration
0,0.3976594805717468,0.048551738262176514,0.3876038193702698,1.5789473684210527,3.235196340006835,19
