hand,first_max_height,min_height,second_max_height,dribbling_frequency,bending_angle,duration
0,0.35176753997802734,0.006645381450653076,0.38221585750579834,2.142857142857143,16.542120694896965,14
