hand,first_max_height,min_height,second_max_height,dribbling_frequency,bending_angle,duration
0,0.4822232723236084,0.05473184585571289,0.4477652311325073,2.0,10.76239954971925,15
