hand,first_max_height,min_height,second_max_height,dribbling_frequency,bending_angle,duration
0,-0.036572813987731934,-0.2061137557029724,-0.012070000171661377,2.5,56.07824059628999,12
