hand,first_max_height,min_height,second_max_height,dribbling_frequency,bending_angle,duration
0,0.3343217968940735,0.0031398534774780273,0.31112420558929443,1.875,22.340810036010343,16
