hand,first_max_height,min_height,second_max_height,dribbling_frequency,bending_angle,duration
0,0.40741199254989624,0.036939263343811035,0.393974244594574,1.5,8.315058219912869,20
