hand,first_max_height,min_height,second_max_height,dribbling_frequency,bending_angle,duration
0,0.4124841094017029,0.03450733423233032,0.45660901069641113,1.875,6.364179913817758,16
