hand,first_max_height,min_height,second_max_height,dribbling_frequency,bending_angle,duration
0,0.3575670123100281,-0.00167924165725708,0.3378232717514038,1.5789473684210527,15.304943091086697,19
