hand,first_max_height,min_height,second_max_height,dribbling_frequency,bending_angle,duration
0,0.36898893117904663,0.16513210535049438,0.3803151845932007,2.5,5.250999954285006,12
