hand,first_max_height,min_height,second_max_height,dribbling_frequency,bending_angle,duration
0,0.2562748193740845,0.02663111686706543,0.23828351497650146,2.5,10.419550057610877,12
