hand,first_max_height,min_height,second_max_height,dribbling_frequency,bending_angle,duration
0,0.422580361366272,0.04017138481140137,0.3717394471168518,1.875,2.5820962792465214,16
