hand,first_max_height,min_height,second_max_height,dribbling_frequency,bending_angle,duration
0,0.287725567817688,-0.006448507308959961,0.26282674074172974,2.307692307692308,24.361271035284087,13
