hand,first_max_height,min_height,second_max_height,dribbling_frequency,bending_angle,duration
0,0.3299858570098877,0.06812381744384766,0.29819315671920776,2.142857142857143,6.718151711533742,14
