hand,first_max_height,min_height,second_max_height,dribbling_frequency,bending_angle,duration
0,0.2697434425354004,0.061101317405700684,0.26752108335494995,2.307692307692308,11.626625385869614,13
