hand,first_max_height,min_height,second_max_height,dribbling_frequency,bending_angle,duration
0,0.3246194124221802,0.07675641775131226,0.27696698904037476,2.5,7.246404174130376,12
