hand,first_max_height,min_height,second_max_height,dribbling_frequency,bending_angle,duration
0,-0.11007112264633179,-0.3008987307548523,-0.12064945697784424,2.307692307692308,56.97122013886167,13
