hand,first_max_height,min_height,second_max_height,dribbling_frequency,bending_angle,duration
0,0.46091729402542114,0.07686567306518555,0.5127619504928589,1.4285714285714284,3.7391506587568926,21
