hand,first_max_height,min_height,second_max_height,dribbling_frequency,bending_angle,duration
0,0.4180251955986023,0.07751017808914185,0.47090059518814087,1.25,0.8853798628662507,24
