hand,first_max_height,min_height,second_max_height,dribbling_frequency,bending_angle,duration
0,0.016810297966003418,-0.16752588748931885,-0.016081690788269043,2.7272727272727275,54.32631445360169,11
