hand,first_max_height,min_height,second_max_height,dribbling_frequency,bending_angle,duration
0,0.39322394132614136,0.04907578229904175,0.3841860294342041,2.0,10.500326068698048,15
