hand,first_max_height,min_height,second_max_height,dribbling_frequency,bending_angle,duration
0,0.4443703293800354,0.13111579418182373,0.5079087018966675,1.4285714285714284,2.3014660790531676,21
