hand,first_max_height,min_height,second_max_height,dribbling_frequency,bending_angle,duration
0,0.36980509757995605,0.052976012229919434,0.36188238859176636,1.875,4.990374754941252,16
