hand,first_max_height,min_height,second_max_height,dribbling_frequency,bending_angle,duration
0,0.0045694708824157715,-0.2030353546142578,0.03672665357589722,2.307692307692308,55.53797771905707,13
