hand,first_max_height,min_height,second_max_height,dribbling_frequency,bending_angle,duration
0,0.2956780195236206,0.04756659269332886,0.3014857769012451,2.307692307692308,3.9969280196407593,13
