hand,first_max_height,min_height,second_max_height,dribbling_frequency,bending_angle,duration
0,0.500891923904419,0.09080100059509277,0.5228483080863953,1.3636363636363638,2.117225785643411,22
