hand,first_max_height,min_height,second_max_height,dribbling_frequency,bending_angle,duration
0,0.03598695993423462,-0.15221834182739258,0.014300644397735596,3.0,50.88843417154633,10
