hand,first_max_height,min_height,second_max_height,dribbling_frequency,bending_angle,duration
0,0.34499162435531616,0.07136046886444092,0.3473249077796936,2.307692307692308,13.427519704371173,13
