hand,first_max_height,min_height,second_max_height,dribbling_frequency,bending_angle,duration
0,0.29231566190719604,0.0428694486618042,0.27960747480392456,2.307692307692308,14.919212809754809,13
