hand,first_max_height,min_height,second_max_height,dribbling_frequency,bending_angle,duration
0,0.2755255103111267,-0.01627326011657715,0.28072094917297363,2.307692307692308,25.151143547604416,13
