hand,first_max_height,min_height,second_max_height,dribbling_frequency,bending_angle,duration
0,0.32038670778274536,0.04566848278045654,0.3037499189376831,1.6666666666666665,10.888447535473869,18
