hand,first_max_height,min_height,second_max_height,dribbling_frequency,bending_angle,duration
0,0.4312170743942261,0.0740920901298523,0.4470624327659607,2.0,5.483595608929197,15
