hand,first_max_height,min_height,second_max_height,dribbling_frequency,bending_angle,duration
0,0.2817058563232422,-0.030255377292633057,0.2706652283668518,1.7647058823529411,22.51749611340128,17
