hand,first_max_height,min_height,second_max_height,dribbling_frequency,bending_angle,duration
0,0.39963799715042114,0.10336124897003174,0.39647752046585083,2.0,5.0523087149740835,15
