hand,first_max_height,min_height,second_max_height,dribbling_frequency,bending_angle,duration
0,0.28144556283950806,0.0019826889038085938,0.28162699937820435,2.142857142857143,11.073256045393432,14
