hand,first_max_height,min_height,second_max_height,dribbling_frequency,bending_angle,duration
0,0.3390082120895386,-0.006612658500671387,0.36403948068618774,1.875,10.796550676184149,16
