hand,first_max_height,min_height,second_max_height,dribbling_frequency,bending_angle,duration
0,0.37221091985702515,0.021430015563964844,0.41253799200057983,1.5,13.461807957057603,20
