hand,first_max_height,min_height,second_max_height,dribbling_frequency,bending_angle,duration
0,0.36323273181915283,0.06467413902282715,0.38493162393569946,1.6666666666666665,16.781647422776658,18
