hand,first_max_height,min_height,second_max_height,dribbling_frequency,bending_angle,duration
0,0.060220301151275635,-0.24238300323486328,0.3711799383163452,1.6666666666666665,55.39052421298459,18
