hand,first_max_height,min_height,second_max_height,dribbling_frequency,bending_angle,duration
0,0.32357144355773926,-0.018862247467041016,0.3575670123100281,1.5,20.51036881381894,20
