hand,first_max_height,min_height,second_max_height,dribbling_frequency,bending_angle,duration
0,0.4135016202926636,0.06617510318756104,0.3860052824020386,2.142857142857143,5.571156640525489,14
