hand,first_max_height,min_height,second_max_height,dribbling_frequency,bending_angle,duration
0,0.042637407779693604,-0.2806527614593506,-0.04230070114135742,2.307692307692308,51.24047878712021,13
