hand,first_max_height,min_height,second_max_height,dribbling_frequency,bending_angle,duration
0,0.45284128189086914,0.055877864360809326,0.4436739683151245,1.7647058823529411,2.1650808293291055,17
