hand,first_max_height,min_height,second_max_height,dribbling_frequency,bending_angle,duration
0,-0.1937893033027649,-0.27591943740844727,-0.1536847949028015,3.0,60.00600545512061,10
