hand,first_max_height,min_height,second_max_height,dribbling_frequency,bending_angle,duration
0,0.12587273120880127,-0.018841326236724854,0.27974051237106323,2.5,25.974958873357544,12
