hand,first_max_height,min_height,second_max_height,dribbling_frequency,bending_angle,duration
0,0.46896499395370483,0.05235397815704346,0.5067506432533264,1.875,8.514248133941416,16
