hand,first_max_height,min_height,second_max_height,dribbling_frequency,bending_angle,duration
0,0.40169262886047363,0.03609049320220947,0.41635310649871826,1.25,5.585784745840983,24
