hand,first_max_height,min_height,second_max_height,dribbling_frequency,bending_angle,duration
0,0.3644636869430542,0.04929596185684204,0.3054318428039551,2.307692307692308,5.7435535934465065,13
