hand,first_max_height,min_height,second_max_height,dribbling_frequency,bending_angle,duration
0,0.4194037914276123,-0.15258252620697021,0.3699386715888977,1.6666666666666665,20.90617338038396,18
