hand,first_max_height,min_height,second_max_height,dribbling_frequency,bending_angle,duration
0,0.38221585750579834,0.005198836326599121,0.3528674840927124,2.0,16.866903753187003,15
