hand,first_max_height,min_height,second_max_height,dribbling_frequency,bending_angle,duration
0,0.4033001661300659,0.08683949708938599,0.45005643367767334,2.0,3.640746142663503,15
