hand,first_max_height,min_height,second_max_height,dribbling_frequency,bending_angle,duration
0,0.3765224814414978,0.06104856729507446,0.3481019139289856,1.875,2.597103478080076,16
