hand,first_max_height,min_height,second_max_height,dribbling_frequency,bending_angle,duration
0,0.5403578281402588,0.12040525674819946,0.5645499229431152,1.875,10.516934080673261,16
