hand,first_max_height,min_height,second_max_height,dribbling_frequency,bending_angle,duration
0,0.2608017325401306,-0.07976800203323364,-0.006231725215911865,2.0,28.550311277338228,15
