hand,first_max_height,min_height,second_max_height,dribbling_frequency,bending_angle,duration
0,0.30476534366607666,0.014768540859222412,0.31191617250442505,2.0,8.234990525288673,15
