hand,first_max_height,min_height,second_max_height,dribbling_frequency,bending_angle,duration
0,0.3167966604232788,0.079531729221344,0.3246194124221802,2.142857142857143,5.681812407924377,14
