hand,first_max_height,min_height,second_max_height,dribbling_frequency,bending_angle,duration
0,0.3780118227005005,0.09815704822540283,0.36882483959198,2.142857142857143,4.769872519796973,14
