hand,first_max_height,min_height,second_max_height,dribbling_frequency,bending_angle,duration
0,0.5019658207893372,0.06949543952941895,0.5264190435409546,1.3043478260869565,6.743717476236888,23
