hand,first_max_height,min_height,second_max_height,dribbling_frequency,bending_angle,duration
0,0.3897412419319153,0.04931896924972534,0.33675485849380493,1.6666666666666665,15.600775565846025,18
