hand,first_max_height,min_height,second_max_height,dribbling_frequency,bending_angle,duration
0,0.26754695177078247,-0.010606348514556885,0.3013398051261902,2.307692307692308,22.523071993984203,13
