hand,first_max_height,min_height,second_max_height,dribbling_frequency,bending_angle,duration
0,0.32883089780807495,0.010048210620880127,0.33547621965408325,1.875,7.1328429084074285,16
