hand,first_max_height,min_height,second_max_height,dribbling_frequency,bending_angle,duration
0,0.4137170910835266,0.07694745063781738,0.4303435683250427,1.5789473684210527,7.2958691557895765,19
