hand,first_max_height,min_height,second_max_height,dribbling_frequency,bending_angle,duration
0,0.4168716073036194,0.04952329397201538,0.40741199254989624,1.6666666666666665,9.327761651364733,18
