hand,first_max_height,min_height,second_max_height,dribbling_frequency,bending_angle,duration
0,0.34419214725494385,-0.053087830543518066,0.32357144355773926,1.5,17.72568180738914,20
