hand,first_max_height,min_height,second_max_height,dribbling_frequency,bending_angle,duration
0,0.4113430380821228,0.03963679075241089,0.4558261036872864,1.4285714285714284,3.58147082724361,21
