hand,first_max_height,min_height,second_max_height,dribbling_frequency,bending_angle,duration
0,0.36403948068618774,0.01634114980697632,0.3784979581832886,1.875,10.304950541125743,16
