hand,first_max_height,min_height,second_max_height,dribbling_frequency,bending_angle,duration
0,0.2902231216430664,-0.022814035415649414,0.2773165702819824,1.875,8.270046532087363,16
