hand,first_max_height,min_height,second_max_height,dribbling_frequency,bending_angle,duration
0,0.34413284063339233,0.03548157215118408,0.30476534366607666,2.0,7.0428713440171915,15
