hand,first_max_height,min_height,second_max_height,dribbling_frequency,bending_angle,duration
0,0.16893136501312256,-0.11353892087936401,0.16040170192718506,2.307692307692308,35.503457593776496,13
