hand,first_max_height,min_height,second_max_height,dribbling_frequency,bending_angle,duration
0,0.3577631711959839,0.06501543521881104,0.3565700650215149,2.0,5.4338605277961305,15
