hand,first_max_height,min_height,second_max_height,dribbling_frequency,bending_angle,duration
0,0.2921488285064697,0.038607776165008545,0.3015463352203369,2.307692307692308,8.749507370447642,13
