hand,first_max_height,min_height,second_max_height,dribbling_frequency,bending_angle,duration
0,-0.06047868728637695,-0.17540770769119263,0.17186874151229858,2.7272727272727275,61.802239642370544,11
