hand,first_max_height,min_height,second_max_height,dribbling_frequency,bending_angle,duration
0,0.33547621965408325,-0.00012439489364624023,0.32616376876831055,1.875,6.781529323145758,16
