hand,first_max_height,min_height,second_max_height,dribbling_frequency,bending_angle,duration
0,0.04396986961364746,-0.22742241621017456,0.07023167610168457,1.875,55.54214412154246,16
