hand,first_max_height,min_height,second_max_height,dribbling_frequency,bending_angle,duration
0,0.4289066195487976,0.0025765299797058105,0.4822232723236084,1.875,12.07828092773399,16
