hand,first_max_height,min_height,second_max_height,dribbling_frequency,bending_angle,duration
0,0.31202107667922974,0.025445759296417236,0.28885477781295776,1.7647058823529411,22.01110582452669,17
