hand,first_max_height,min_height,second_max_height,dribbling_frequency,bending_angle,duration
0,0.39647752046585083,0.1120840311050415,0.40880119800567627,2.142857142857143,7.84992612748833,14
