hand,first_max_height,min_height,second_max_height,dribbling_frequency,bending_angle,duration
0,0.4771239161491394,0.02112823724746704,0.46896499395370483,1.7647058823529411,6.495577057015892,17
