hand,first_max_height,min_height,second_max_height,dribbling_frequency,bending_angle,duration
0,0.32282495498657227,0.0333942174911499,0.32435643672943115,2.307692307692308,7.16225160327394,13
