hand,first_max_height,min_height,second_max_height,dribbling_frequency,bending_angle,duration
0,0.33650946617126465,0.07019442319869995,0.3208691477775574,2.142857142857143,14.210330218829618,14
