hand,first_max_height,min_height,second_max_height,dribbling_frequency,bending_angle,duration
0,0.25488269329071045,0.004767119884490967,0.2818010449409485,2.5,26.60080798758924,12
