hand,first_max_height,min_height,second_max_height,dribbling_frequency,bending_angle,duration
0,0.5254902243614197,-0.048415541648864746,0.6031091213226318,1.25,5.943010411367383,24
