hand,first_max_height,min_height,second_max_height,dribbling_frequency,bending_angle,duration
0,0.17833417654037476,0.07381808757781982,0.22281718254089355,3.0,7.523311255706114,10
