hand,first_max_height,min_height,second_max_height,dribbling_frequency,bending_angle,duration
0,0.3985442519187927,0.020704805850982666,0.38104021549224854,1.7647058823529411,7.833333334363595,17
