hand,first_max_height,min_height,second_max_height,dribbling_frequency,bending_angle,duration
0,0.28449296951293945,0.09707117080688477,0.2841905951499939,2.5,15.647050512561576,12
