hand,first_max_height,min_height,second_max_height,dribbling_frequency,bending_angle,duration
0,0.28910714387893677,0.02502387762069702,0.2927461862564087,2.142857142857143,13.96651988401651,14
