hand,first_max_height,min_height,second_max_height,dribbling_frequency,bending_angle,duration
0,0.3925784230232239,0.009118735790252686,0.38963621854782104,1.5,9.229546372135552,20
