hand,first_max_height,min_height,second_max_height,dribbling_frequency,bending_angle,duration
0,0.32598936557769775,0.03785276412963867,0.3141515851020813,2.0,5.813400493830411,15
