hand,first_max_height,min_height,second_max_height,dribbling_frequency,bending_angle,duration
0,0.42338496446609497,-0.04476410150527954,0.36087727546691895,1.875,19.67861318206925,16
