hand,first_max_height,min_height,second_max_height,dribbling_frequency,bending_angle,duration
0,-0.16445434093475342,-0.22271233797073364,0.07202017307281494,2.7272727272727275,63.849559656215575,11
