hand,first_max_height,min_height,second_max_height,dribbling_frequency,bending_angle,duration
0,-0.13185715675354004,-0.29016828536987305,-0.12269145250320435,2.307692307692308,57.686438287118364,13
