hand,first_max_height,min_height,second_max_height,dribbling_frequency,bending_angle,duration
0,0.3698234558105469,0.09294509887695312,0.3648817539215088,2.0,3.7117522783092443,15
