hand,first_max_height,min_height,second_max_height,dribbling_frequency,bending_angle,duration
0,0.28660112619400024,0.07293373346328735,0.2956780195236206,2.307692307692308,3.5308666037055665,13
