hand,first_max_height,min_height,second_max_height,dribbling_frequency,bending_angle,duration
0,0.06290233135223389,0.029671907424926758,0.37834984064102173,2.7272727272727275,25.094201322127393,11
