hand,first_max_height,min_height,second_max_height,dribbling_frequency,bending_angle,duration
0,0.3064851760864258,-0.03563052415847778,0.2720733880996704,2.142857142857143,16.97192976867744,14
