hand,first_max_height,min_height,second_max_height,dribbling_frequency,bending_angle,duration
0,0.36145538091659546,0.02023923397064209,0.395301878452301,1.5,11.5644503602243,20
