hand,first_max_height,min_height,second_max_height,dribbling_frequency,bending_angle,duration
0,0.3841860294342041,0.06014811992645264,0.42378735542297363,2.0,7.955163365591797,15
