hand,first_max_height,min_height,second_max_height,dribbling_frequency,bending_angle,duration
0,0.24578475952148438,-0.02832120656967163,0.2316352128982544,2.5,25.088918554626765,12
