hand,first_max_height,min_height,second_max_height,dribbling_frequency,bending_angle,duration
0,0.36791837215423584,0.06746506690979004,0.3577631711959839,1.875,5.085388940090955,16
