hand,first_max_height,min_height,second_max_height,dribbling_frequency,bending_angle,duration
0,0.010227799415588379,-0.14436811208724976,-0.021330296993255615,3.0,55.64276246763412,10
