hand,first_max_height,min_height,second_max_height,dribbling_frequency,bending_angle,duration
0,0.2818010449409485,-0.022033214569091797,0.29168784618377686,2.307692307692308,25.333431153491432,13
