hand,first_max_height,min_height,second_max_height,dribbling_frequency,bending_angle,duration
0,0.3210163712501526,-0.06294327974319458,0.07762271165847778,1.6666666666666665,8.283142739913655,18
