hand,first_max_height,min_height,second_max_height,dribbling_frequency,bending_angle,duration
0,-0.05771493911743164,-0.14934563636779785,0.03068298101425171,3.0,55.74718107824808,10
