hand,first_max_height,min_height,second_max_height,dribbling_frequency,bending_angle,duration
0,0.16192013025283813,-0.2534012794494629,0.3298928141593933,1.6666666666666665,55.61941353968731,18
