hand,first_max_height,min_height,second_max_height,dribbling_frequency,bending_angle,duration
0,0.4260740280151367,-0.13306736946105957,0.3839823007583618,1.6666666666666665,18.52214467097059,18
