hand,first_max_height,min_height,second_max_height,dribbling_frequency,bending_angle,duration
0,0.4755580425262451,0.05999678373336792,0.4387843608856201,1.3636363636363638,7.281066439058771,22
