hand,first_max_height,min_height,second_max_height,dribbling_frequency,bending_angle,duration
0,0.3021153211593628,0.06120777130126953,0.3167966604232788,2.307692307692308,9.17172608683575,13
