hand,first_max_height,min_height,second_max_height,dribbling_frequency,bending_angle,duration
0,0.37129026651382446,0.08050006628036499,0.4135016202926636,2.142857142857143,6.970002429184117,14
