hand,first_max_height,min_height,second_max_height,dribbling_frequency,bending_angle,duration
0,0.38593292236328125,0.05763661861419678,0.366661012172699,1.5789473684210527,4.011013393240292,19
