hand,first_max_height,min_height,second_max_height,dribbling_frequency,bending_angle,duration
0,0.242467999458313,-0.033922016620635986,0.13176220655441284,3.0,19.778480711874533,10
