hand,first_max_height,min_height,second_max_height,dribbling_frequency,bending_angle,duration
0,0.3648817539215088,0.07960933446884155,0.3687729239463806,2.0,3.546918514791023,15
