hand,first_max_height,min_height,second_max_height,dribbling_frequency,bending_angle,duration
0,0.437544584274292,0.024308741092681885,0.43507951498031616,1.5,1.1493842337468487,20
