hand,first_max_height,min_height,second_max_height,dribbling_frequency,bending_angle,duration
0,0.39146244525909424,0.06892693042755127,0.4024972915649414,2.0,7.844452987089254,15
