hand,first_max_height,min_height,second_max_height,dribbling_frequency,bending_angle,duration
0,0.4312049150466919,0.04866141080856323,0.45224475860595703,1.7647058823529411,5.152401118459241,17
