hand,first_max_height,min_height,second_max_height,dribbling_frequency,bending_angle,duration
0,0.36748605966567993,0.09516316652297974,0.3449467420578003,2.142857142857143,7.4433045227699335,14
