hand,first_max_height,min_height,second_max_height,dribbling_frequency,bending_angle,duration
0,0.3243657350540161,0.08219343423843384,0.1946495771408081,2.7272727272727275,5.479410878774023,11
