hand,first_max_height,min_height,second_max_height,dribbling_frequency,bending_angle,duration
0,0.23918581008911133,0.049299776554107666,0.272490918636322,2.5,15.524975185690169,12
