hand,first_max_height,min_height,second_max_height,dribbling_frequency,bending_angle,duration
0,0.32049059867858887,0.06371533870697021,0.32038670778274536,1.7647058823529411,10.9907369089879,17
