hand,first_max_height,min_height,second_max_height,dribbling_frequency,bending_angle,duration
0,0.3907790780067444,0.06258046627044678,0.3874734044075012,1.5789473684210527,13.093522339119014,19
