hand,first_max_height,min_height,second_max_height,dribbling_frequency,bending_angle,duration
0,0.30751943588256836,0.09241586923599243,0.28562527894973755,2.307692307692308,7.5679642444223605,13
