hand,first_max_height,min_height,second_max_height,dribbling_frequency,bending_angle,duration
0,-0.1067664623260498,-0.24218320846557617,-0.13185715675354004,2.7272727272727275,58.13298564218686,11
