hand,first_max_height,min_height,second_max_height,dribbling_frequency,bending_angle,duration
0,0.3427923917770386,0.030012547969818115,0.34949105978012085,1.5789473684210527,14.690575373853887,19
