hand,first_max_height,min_height,second_max_height,dribbling_frequency,bending_angle,duration
0,0.3712579011917114,0.02765357494354248,0.3762703537940979,2.0,9.747591802688898,15
