hand,first_max_height,min_height,second_max_height,dribbling_frequency,bending_angle,duration
0,0.2417348027229309,0.002681434154510498,0.20818066596984863,2.142857142857143,16.194427840132096,14
