hand,first_max_height,min_height,second_max_height,dribbling_frequency,bending_angle,duration
0,0.41477787494659424,0.04335087537765503,0.39899927377700806,1.7647058823529411,5.870875660852613,17
