hand,first_max_height,min_height,second_max_height,dribbling_frequency,bending_angle,duration
0,0.32970279455184937,0.10171067714691162,0.28660112619400024,2.142857142857143,4.444858204428172,14
