hand,first_max_height,min_height,second_max_height,dribbling_frequency,bending_angle,duration
0,0.45660901069641113,0.03172290325164795,0.5310388803482056,1.7647058823529411,7.916396632675741,17
