hand,first_max_height,min_height,second_max_height,dribbling_frequency,bending_angle,duration
0,0.29538482427597046,0.08696448802947998,0.29629188776016235,2.142857142857143,6.845154546438243,14
