hand,first_max_height,min_height,second_max_height,dribbling_frequency,bending_angle,duration
0,-0.1536847949028015,-0.2496756911277771,-0.12040585279464722,2.7272727272727275,59.097377446029576,11
