hand,first_max_height,min_height,second_max_height,dribbling_frequency,bending_angle,duration
0,0.3556709289550781,0.07777369022369385,0.33647823333740234,2.142857142857143,7.605604684389049,14
