hand,first_max_height,min_height,second_max_height,dribbling_frequency,bending_angle,duration
0,0.4859340786933899,-0.11385154724121094,0.12024402618408203,1.875,10.837235986769794,16
