hand,first_max_height,min_height,second_max_height,dribbling_frequency,bending_angle,duration
0,0.17386889457702637,-0.13370901346206665,0.16893136501312256,2.307692307692308,36.410982369656544,13
