hand,first_max_height,min_height,second_max_height,dribbling_frequency,bending_angle,duration
0,0.377098023891449,0.0981295108795166,0.37215369939804077,2.142857142857143,2.880151896409482,14
