hand,first_max_height,min_height,second_max_height,dribbling_frequency,bending_angle,duration
0,0.3100431561470032,0.06744319200515747,0.32245105504989624,2.307692307692308,13.744779937849417,13
