hand,first_max_height,min_height,second_max_height,dribbling_frequency,bending_angle,duration
0,-0.11170434951782227,-0.3159571886062622,-0.07034701108932495,2.5,60.47692434041124,12
