hand,first_max_height,min_height,second_max_height,dribbling_frequency,bending_angle,duration
0,0.4267578125,0.08100217580795288,0.4312170743942261,1.7647058823529411,5.724993526187018,17
