hand,first_max_height,min_height,second_max_height,dribbling_frequency,bending_angle,duration
0,0.18880152702331543,-0.14760667085647583,0.2503066062927246,1.875,40.480709286052395,16
