hand,first_max_height,min_height,second_max_height,dribbling_frequency,bending_angle,duration
0,0.3690569996833801,0.005554020404815674,0.42501509189605713,1.6666666666666665,14.26019274986729,18
