hand,first_max_height,min_height,second_max_height,dribbling_frequency,bending_angle,duration
0,0.5786412954330444,0.05377846956253052,0.5032819509506226,1.5,3.7080319621016504,20
