hand,first_max_height,min_height,second_max_height,dribbling_frequency,bending_angle,duration
0,0.264041006565094,0.058780550956726074,0.27753037214279175,2.5,3.7107448697780994,12
