hand,first_max_height,min_height,second_max_height,dribbling_frequency,bending_angle,duration
0,0.34972310066223145,0.09087979793548584,0.36743253469467163,2.142857142857143,5.542327263692273,14
