hand,first_max_height,min_height,second_max_height,dribbling_frequency,bending_angle,duration
0,0.42123550176620483,0.04288583993911743,0.48203057050704956,1.6666666666666665,10.430584489626236,18
