hand,first_max_height,min_height,second_max_height,dribbling_frequency,bending_angle,duration
0,0.4597175121307373,-0.02887117862701416,0.39375191926956177,1.5789473684210527,13.973799998117377,19
