hand,first_max_height,min_height,second_max_height,dribbling_frequency,bending_angle,duration
0,0.2653050422668457,0.05704450607299805,0.2784520983695984,2.142857142857143,18.463729507009077,14
