hand,first_max_height,min_height,second_max_height,dribbling_frequency,bending_angle,duration
0,0.22823560237884521,0.0874643325805664,0.284697949886322,2.7272727272727275,11.058834834595109,11
