hand,first_max_height,min_height,second_max_height,dribbling_frequency,bending_angle,duration
0,0.361741304397583,0.03921329975128174,0.3299858570098877,2.0,6.316293008438829,15
