hand,first_max_height,min_height,second_max_height,dribbling_frequency,bending_angle,duration
0,-0.04425239562988281,-0.246792733669281,-0.10455882549285889,2.307692307692308,55.69566710218583,13
