hand,first_max_height,min_height,second_max_height,dribbling_frequency,bending_angle,duration
0,0.22343569993972778,0.036105334758758545,0.24291330575942993,2.5,18.492220376251694,12
