hand,first_max_height,min_height,second_max_height,dribbling_frequency,bending_angle,duration
0,0.3404744267463684,0.04709267616271973,0.3418067693710327,2.142857142857143,11.52050644717468,14
