hand,first_max_height,min_height,second_max_height,dribbling_frequency,bending_angle,duration
0,0.23412972688674927,-0.033990323543548584,0.4312450885772705,1.5,11.505280772366252,20
