hand,first_max_height,min_height,second_max_height,dribbling_frequency,bending_angle,duration
0,0.302038311958313,-0.1787969470024109,0.4384079575538635,1.7647058823529411,47.82430206626607,17
