hand,first_max_height,min_height,second_max_height,dribbling_frequency,bending_angle,duration
0,0.5533294081687927,0.11989134550094604,0.5384705662727356,1.4285714285714284,2.2052924145241026,21
