hand,first_max_height,min_height,second_max_height,dribbling_frequency,bending_angle,duration
0,0.34569883346557617,-0.021588027477264404,0.34790533781051636,1.5,18.069847251250255,20
