hand,first_max_height,min_height,second_max_height,dribbling_frequency,bending_angle,duration
0,0.24862909317016602,0.02769458293914795,0.2877475619316101,2.142857142857143,6.3089115845700015,14
