hand,first_max_height,min_height,second_max_height,dribbling_frequency,bending_angle,duration
0,-0.08401280641555786,-0.2252638339996338,-0.10331624746322632,2.7272727272727275,58.085609911030616,11
