hand,first_max_height,min_height,second_max_height,dribbling_frequency,bending_angle,duration
0,0.28203731775283813,0.03278464078903198,0.28111976385116577,2.5,26.4724356617432,12
