hand,first_max_height,min_height,second_max_height,dribbling_frequency,bending_angle,duration
0,0.32616376876831055,0.007505953311920166,0.30817002058029175,2.0,5.987615736784252,15
