hand,first_max_height,min_height,second_max_height,dribbling_frequency,bending_angle,duration
0,0.20971697568893433,0.007460594177246094,0.26491445302963257,2.142857142857143,28.44731009167183,14
