hand,first_max_height,min_height,second_max_height,dribbling_frequency,bending_angle,duration
0,0.31993579864501953,0.037714362144470215,0.31708186864852905,2.307692307692308,6.262344006223093,13
