hand,first_max_height,min_height,second_max_height,dribbling_frequency,bending_angle,duration
0,0.4001542329788208,-0.09159213304519653,0.5254902243614197,1.3043478260869565,16.02576311282598,23
