hand,first_max_height,min_height,second_max_height,dribbling_frequency,bending_angle,duration
0,0.19971108436584473,0.03257054090499878,0.13753002882003784,3.0,14.007040785409732,10
