hand,first_max_height,min_height,second_max_height,dribbling_frequency,bending_angle,duration
0,0.28162699937820435,0.014144182205200195,0.30988478660583496,2.307692307692308,11.355126491224148,13
