hand,first_max_height,min_height,second_max_height,dribbling_frequency,bending_angle,duration
0,0.3077484369277954,0.07437187433242798,0.340597927570343,2.0,19.856035901807868,15
