hand,first_max_height,min_height,second_max_height,dribbling_frequency,bending_angle,duration
0,0.33992254734039307,0.06678271293640137,0.2937031388282776,2.142857142857143,15.183085290818292,14
