hand,first_max_height,min_height,second_max_height,dribbling_frequency,bending_angle,duration
0,0.2839091420173645,-0.00638657808303833,0.23121380805969238,2.307692307692308,14.93616853930035,13
