hand,first_max_height,min_height,second_max_height,dribbling_frequency,bending_angle,duration
0,0.39009422063827515,0.04320579767227173,0.3631174564361572,1.5789473684210527,16.42041201976885,19
