hand,first_max_height,min_height,second_max_height,dribbling_frequency,bending_angle,duration
0,0.3600654602050781,0.08507150411605835,0.3441081643104553,2.0,3.1820112644737235,15
