hand,first_max_height,min_height,second_max_height,dribbling_frequency,bending_angle,duration
0,0.31948643922805786,0.10737425088882446,0.3052433729171753,2.5,6.769479359670587,12
