hand,first_max_height,min_height,second_max_height,dribbling_frequency,bending_angle,duration
0,0.3624228239059448,0.0671166181564331,0.437544584274292,1.6666666666666665,5.639288941017724,18
