hand,first_max_height,min_height,second_max_height,dribbling_frequency,bending_angle,duration
0,0.2611920237541199,0.11765235662460327,0.28449177742004395,2.7272727272727275,17.720117601689015,11
