hand,first_max_height,min_height,second_max_height,dribbling_frequency,bending_angle,duration
0,0.2284122109413147,-0.028026878833770752,0.19058918952941895,2.0,28.986290925155895,15
