hand,first_max_height,min_height,second_max_height,dribbling_frequency,bending_angle,duration
0,0.1522963047027588,-0.05930536985397339,0.20971697568893433,2.307692307692308,31.827820998438643,13
