hand,first_max_height,min_height,second_max_height,dribbling_frequency,bending_angle,duration
0,0.2238815426826477,-0.19174671173095703,0.4818800687789917,1.4285714285714284,38.94389541525476,21
