hand,first_max_height,min_height,second_max_height,dribbling_frequency,bending_angle,duration
0,0.30183011293411255,0.11838078498840332,0.30751943588256836,2.7272727272727275,6.400201942214047,11
