hand,first_max_height,min_height,second_max_height,dribbling_frequency,bending_angle,duration
0,0.16999530792236328,-0.13536369800567627,0.18855512142181396,2.5,37.84456422398471,12
