hand,first_max_height,min_height,second_max_height,dribbling_frequency,bending_angle,duration
0,-0.12040585279464722,-0.19246745109558105,0.41163522005081177,2.0,58.73893025450534,15
