hand,first_max_height,min_height,second_max_height,dribbling_frequency,bending_angle,duration
0,0.2920505404472351,0.1260337233543396,0.31948643922805786,3.0,7.471748675572843,10
