hand,first_max_height,min_height,second_max_height,dribbling_frequency,bending_angle,duration
0,0.3155261278152466,0.042343735694885254,0.35631316900253296,2.0,8.217131883344832,15
