hand,first_max_height,min_height,second_max_height,dribbling_frequency,bending_angle,duration
0,0.37214207649230957,0.07453328371047974,0.3789569139480591,2.0,6.412347902843325,15
