hand,first_max_height,min_height,second_max_height,dribbling_frequency,bending_angle,duration
0,0.27696698904037476,0.06382662057876587,0.27875036001205444,2.307692307692308,8.44187913646068,13
