hand,first_max_height,min_height,second_max_height,dribbling_frequency,bending_angle,duration
0,0.2687106728553772,0.0915079116821289,0.2611920237541199,2.307692307692308,16.877585057443792,13
