hand,first_max_height,min_height,second_max_height,dribbling_frequency,bending_angle,duration
0,0.23587393760681152,-0.037787556648254395,0.2744084596633911,2.307692307692308,25.351101131041393,13
