hand,first_max_height,min_height,second_max_height,dribbling_frequency,bending_angle,duration
0,0.33976542949676514,0.05599790811538696,0.2999820113182068,2.0,6.478308228059721,15
