hand,first_max_height,min_height,second_max_height,dribbling_frequency,bending_angle,duration
0,0.3454723358154297,0.13826394081115723,0.3054676055908203,2.5,5.356704373474548,12
