hand,first_max_height,min_height,second_max_height,dribbling_frequency,bending_angle,duration
0,0.43201690912246704,0.04412996768951416,0.4267578125,1.7647058823529411,4.866700689219511,17
