hand,first_max_height,min_height,second_max_height,dribbling_frequency,bending_angle,duration
0,0.36090826988220215,0.052944183349609375,0.36791837215423584,2.0,6.135691408085936,15
