hand,first_max_height,min_height,second_max_height,dribbling_frequency,bending_angle,duration
0,0.28530317544937134,0.030516445636749268,0.2744285464286804,2.307692307692308,11.967407635531696,13
