hand,first_max_height,min_height,second_max_height,dribbling_frequency,bending_angle,duration
0,0.38131630420684814,-0.016806960105895996,0.40401560068130493,1.7647058823529411,16.92746644725582,17
