hand,first_max_height,min_height,second_max_height,dribbling_frequency,bending_angle,duration
0,0.37930840253829956,0.03208249807357788,0.37137240171432495,2.0,10.122599312578885,15
