hand,first_max_height,min_height,second_max_height,dribbling_frequency,bending_angle,duration
0,0.15171849727630615,0.01348501443862915,0.39915919303894043,2.307692307692308,33.12588521327833,13
