hand,first_max_height,min_height,second_max_height,dribbling_frequency,bending_angle,duration
0,0.2994031310081482,-0.001843094825744629,0.3427923917770386,1.5789473684210527,16.564457848475726,19
