hand,first_max_height,min_height,second_max_height,dribbling_frequency,bending_angle,duration
0,-0.09303390979766846,-0.2287634015083313,-0.10015952587127686,2.5,61.702823984692884,12
