hand,first_max_height,min_height,second_max_height,dribbling_frequency,bending_angle,duration
0,0.3745999336242676,0.06619971990585327,0.361741304397583,2.0,6.417460769931139,15
