hand,first_max_height,min_height,second_max_height,dribbling_frequency,bending_angle,duration
0,0.2744084596633911,-0.004520416259765625,0.2392178177833557,2.307692307692308,25.843851833773915,13
