hand,first_max_height,min_height,second_max_height,dribbling_frequency,bending_angle,duration
0,0.39692968130111694,0.057264506816864014,0.375657320022583,2.0,11.425618773310962,15
