hand,first_max_height,min_height,second_max_height,dribbling_frequency,bending_angle,duration
0,0.3233526349067688,0.03038036823272705,0.34972310066223145,1.875,6.555905961693302,16
