hand,first_max_height,min_height,second_max_height,dribbling_frequency,bending_angle,duration
0,0.41460514068603516,0.03820300102233887,0.40169262886047363,1.5789473684210527,6.753953974944896,19
