hand,first_max_height,min_height,second_max_height,dribbling_frequency,bending_angle,duration
0,0.27407050132751465,-0.01762467622756958,0.2817058563232422,1.6666666666666665,22.141945090656506,18
