hand,first_max_height,min_height,second_max_height,dribbling_frequency,bending_angle,duration
0,0.26846635341644287,0.07675451040267944,0.19971108436584473,2.7272727272727275,14.06018546530753,11
