hand,first_max_height,min_height,second_max_height,dribbling_frequency,bending_angle,duration
0,0.6523135900497437,0.06167119741439819,0.6364126801490784,1.4285714285714284,6.7385507311918325,21
