hand,first_max_height,min_height,second_max_height,dribbling_frequency,bending_angle,duration
0,0.3524817228317261,0.024980127811431885,0.3819959759712219,1.875,8.876041139529988,16
