hand,first_max_height,min_height,second_max_height,dribbling_frequency,bending_angle,duration
0,0.2507644295692444,0.10536062717437744,0.2236166000366211,3.0,14.672550419962741,10
