hand,first_max_height,min_height,second_max_height,dribbling_frequency,bending_angle,duration
0,-0.16149026155471802,-0.2550538182258606,-0.12308633327484131,2.0,54.66413775197851,15
