hand,first_max_height,min_height,second_max_height,dribbling_frequency,bending_angle,duration
0,0.26102590560913086,0.00012564659118652344,0.24775129556655884,1.7647058823529411,25.369989829095502,17
