hand,first_max_height,min_height,second_max_height,dribbling_frequency,bending_angle,duration
0,0.3871014714241028,0.03668302297592163,0.3810465335845947,1.875,7.608077987529741,16
