hand,first_max_height,min_height,second_max_height,dribbling_frequency,bending_angle,duration
0,0.32458603382110596,0.029852688312530518,0.3019951581954956,2.307692307692308,5.281768776235836,13
