hand,first_max_height,min_height,second_max_height,dribbling_frequency,bending_angle,duration
0,0.5771673917770386,0.16062766313552856,0.5403578281402588,1.7647058823529411,9.520020592070697,17
