hand,first_max_height,min_height,second_max_height,dribbling_frequency,bending_angle,duration
0,0.2466667890548706,0.09398555755615234,0.25773853063583374,2.7272727272727275,9.252307260681969,11
