hand,first_max_height,min_height,second_max_height,dribbling_frequency,bending_angle,duration
0,0.2511477470397949,-0.03581589460372925,0.24634021520614624,2.5,30.006655672379015,12
