hand,first_max_height,min_height,second_max_height,dribbling_frequency,bending_angle,duration
0,0.35898637771606445,0.07286816835403442,0.3614785671234131,2.0,6.508882547921255,15
