hand,first_max_height,min_height,second_max_height,dribbling_frequency,bending_angle,duration
0,-0.11186933517456055,-0.227685809135437,-0.12450748682022095,3.0,55.546853790574815,10
