hand,first_max_height,min_height,second_max_height,dribbling_frequency,bending_angle,duration
0,0.5526702404022217,0.011954247951507568,0.5786412954330444,1.3636363636363638,5.12772779121653,22
