hand,first_max_height,min_height,second_max_height,dribbling_frequency,bending_angle,duration
0,0.28562527894973755,0.09918051958084106,0.2877737283706665,2.7272727272727275,6.306070925245438,11
