hand,first_max_height,min_height,second_max_height,dribbling_frequency,bending_angle,duration
0,0.3565700650215149,0.052345335483551025,0.37164175510406494,2.0,6.4565626068459565,15
