hand,first_max_height,min_height,second_max_height,dribbling_frequency,bending_angle,duration
0,0.34851282835006714,0.06199890375137329,0.4255870580673218,1.5789473684210527,4.991485439670822,19
