hand,first_max_height,min_height,second_max_height,dribbling_frequency,bending_angle,duration
0,0.304826021194458,0.010394454002380371,0.27045100927352905,2.307692307692308,15.140908673490035,13
