hand,first_max_height,min_height,second_max_height,dribbling_frequency,bending_angle,duration
0,-0.12269145250320435,-0.2513642907142639,-0.11557352542877197,2.307692307692308,57.27187357543307,13
