hand,first_max_height,min_height,second_max_height,dribbling_frequency,bending_angle,duration
0,0.40292227268218994,0.08043229579925537,0.3577274680137634,2.0,7.425575361801633,15
