hand,first_max_height,min_height,second_max_height,dribbling_frequency,bending_angle,duration
0,0.2441469430923462,0.04564046859741211,0.28693997859954834,2.307692307692308,24.50348603061753,13
