hand,first_max_height,min_height,second_max_height,dribbling_frequency,bending_angle,duration
0,0.37834984064102173,0.06369107961654663,0.4176398515701294,2.142857142857143,21.09871331391882,14
