hand,first_max_height,min_height,second_max_height,dribbling_frequency,bending_angle,duration
0,0.43743711709976196,0.017750918865203857,0.42123550176620483,1.7647058823529411,13.599013742237155,17
