hand,first_max_height,min_height,second_max_height,dribbling_frequency,bending_angle,duration
0,0.26282674074172974,-0.010649442672729492,0.2531736493110657,2.307692307692308,25.322079440588197,13
