hand,first_max_height,min_height,second_max_height,dribbling_frequency,bending_angle,duration
0,0.447256863117218,0.0503084659576416,0.46692991256713867,1.875,3.138047380198579,16
