hand,first_max_height,min_height,second_max_height,dribbling_frequency,bending_angle,duration
0,0.13568830490112305,0.04805648326873779,0.36602556705474854,2.307692307692308,41.31819249123949,13
