hand,first_max_height,min_height,second_max_height,dribbling_frequency,bending_angle,duration
0,-0.35810935497283936,-0.42864248156547546,-0.32784605026245117,3.0,71.83379726275412,10
