hand,first_max_height,min_height,second_max_height,dribbling_frequency,bending_angle,duration
0,0.5384705662727356,0.1557765007019043,0.5575065016746521,1.4285714285714284,1.133045648959159,21
