hand,first_max_height,min_height,second_max_height,dribbling_frequency,bending_angle,duration
0,0.24087387323379517,0.046723902225494385,0.1890113353729248,2.7272727272727275,13.764055315413774,11
