hand,first_max_height,min_height,second_max_height,dribbling_frequency,bending_angle,duration
0,0.04926645755767822,-0.3494810461997986,0.05079740285873413,2.0,57.35782832320758,15
