hand,first_max_height,min_height,second_max_height,dribbling_frequency,bending_angle,duration
0,0.4181845188140869,-0.16221880912780762,0.4194037914276123,1.5,15.377858708366944,20
