hand,first_max_height,min_height,second_max_height,dribbling_frequency,bending_angle,duration
0,0.3806188702583313,0.05868053436279297,0.31210631132125854,2.142857142857143,6.275361162513447,14
