hand,first_max_height,min_height,second_max_height,dribbling_frequency,bending_angle,duration
0,0.3075220584869385,-0.016276180744171143,0.321811318397522,2.0,20.023306387300874,15
