hand,first_max_height,min_height,second_max_height,dribbling_frequency,bending_angle,duration
0,0.24473005533218384,-0.06682807207107544,0.23410707712173462,2.5,33.80848332527453,12
