hand,first_max_height,min_height,second_max_height,dribbling_frequency,bending_angle,duration
0,0.5292689204216003,0.020864427089691162,0.40317124128341675,1.5789473684210527,5.06617852120701,19
