hand,first_max_height,min_height,second_max_height,dribbling_frequency,bending_angle,duration
0,0.33247941732406616,0.08730506896972656,0.38516849279403687,2.142857142857143,6.467446461866768,14
