hand,first_max_height,min_height,second_max_height,dribbling_frequency,bending_angle,duration
0,-0.011685490608215332,-0.21571582555770874,0.030758142471313477,2.307692307692308,54.41509607068364,13
