hand,first_max_height,min_height,second_max_height,dribbling_frequency,bending_angle,duration
0,0.4211873412132263,0.10158318281173706,0.3463613986968994,2.307692307692308,5.108402312840683,13
