hand,first_max_height,min_height,second_max_height,dribbling_frequency,bending_angle,duration
0,0.2452918291091919,-0.010454237461090088,0.20308852195739746,2.5,12.747657484583694,12
