hand,first_max_height,min_height,second_max_height,dribbling_frequency,bending_angle,duration
0,0.29574859142303467,0.05388617515563965,0.32282495498657227,2.5,6.830080797092199,12
