hand,first_max_height,min_height,second_max_height,dribbling_frequency,bending_angle,duration
0,0.3860052824020386,0.0924081802368164,0.40315306186676025,2.0,5.093600534771964,15
