hand,first_max_height,min_height,second_max_height,dribbling_frequency,bending_angle,duration
0,0.32427436113357544,-0.0043631792068481445,0.3075641989707947,2.307692307692308,20.243848000290107,13
