hand,first_max_height,min_height,second_max_height,dribbling_frequency,bending_angle,duration
0,0.11478698253631592,0.013737976551055908,0.17833417654037476,3.0,6.766223203230348,10
