hand,first_max_height,min_height,second_max_height,dribbling_frequency,bending_angle,duration
0,0.22461360692977905,0.025240719318389893,0.32385438680648804,2.307692307692308,11.05637174138392,13
