hand,first_max_height,min_height,second_max_height,dribbling_frequency,bending_angle,duration
0,0.0038599371910095215,-0.1998034119606018,0.04396986961364746,2.0,49.72499332336418,15
