hand,first_max_height,min_height,second_max_height,dribbling_frequency,bending_angle,duration
0,0.2628650665283203,-0.03675544261932373,0.23587393760681152,2.307692307692308,26.336151002152114,13
