hand,first_max_height,min_height,second_max_height,dribbling_frequency,bending_angle,duration
0,0.366661012172699,0.021363377571105957,0.34680283069610596,1.4285714285714284,2.6730596885805022,21
