hand,first_max_height,min_height,second_max_height,dribbling_frequency,bending_angle,duration
0,0.3506484031677246,0.10097366571426392,0.335732638835907,2.142857142857143,11.922807997784233,14
