hand,first_max_height,min_height,second_max_height,dribbling_frequency,bending_angle,duration
0,0.1705096960067749,-0.0007158517837524414,0.12918132543563843,3.0,33.52986535211427,10
