hand,first_max_height,min_height,second_max_height,dribbling_frequency,bending_angle,duration
0,0.23908931016921997,-0.10104405879974365,0.2760605812072754,2.307692307692308,30.402252848125823,13
