hand,first_max_height,min_height,second_max_height,dribbling_frequency,bending_angle,duration
0,0.3565775752067566,0.045857369899749756,0.36980509757995605,1.875,5.470940748391827,16
