hand,first_max_height,min_height,second_max_height,dribbling_frequency,bending_angle,duration
0,0.19164568185806274,0.03140336275100708,0.2452918291091919,3.0,13.00128932084476,10
