hand,first_max_height,min_height,second_max_height,dribbling_frequency,bending_angle,duration
0,0.2773165702819824,-0.055787503719329834,0.2133219838142395,1.7647058823529411,9.530340123482866,17
