hand,first_max_height,min_height,second_max_height,dribbling_frequency,bending_angle,duration
0,0.4027131199836731,0.12907624244689941,0.43450838327407837,2.307692307692308,7.951076505492976,13
