hand,first_max_height,min_height,second_max_height,dribbling_frequency,bending_angle,duration
0,0.33606457710266113,0.017716705799102783,0.311479389667511,2.142857142857143,14.58248997610731,14
