hand,first_max_height,min_height,second_max_height,dribbling_frequency,bending_angle,duration
0,0.28555065393447876,0.03907144069671631,0.29062986373901367,1.875,22.05271115940149,16
