hand,first_max_height,min_height,second_max_height,dribbling_frequency,bending_angle,duration
0,0.313271164894104,0.04118657112121582,0.36347705125808716,2.142857142857143,14.987434000433538,14
