hand,first_max_height,min_height,second_max_height,dribbling_frequency,bending_angle,duration
0,0.2453899383544922,-0.03293341398239136,0.2330194115638733,2.142857142857143,27.673004290087793,14
