hand,first_max_height,min_height,second_max_height,dribbling_frequency,bending_angle,duration
0,0.2750559449195862,-0.03563213348388672,0.26102590560913086,1.6666666666666665,23.568928254303167,18
