hand,first_max_height,min_height,second_max_height,dribbling_frequency,bending_angle,duration
0,0.4797535538673401,0.06481194496154785,0.468964159488678,1.6666666666666665,2.5641324090803024,18
