hand,first_max_height,min_height,second_max_height,dribbling_frequency,bending_angle,duration
0,0.2682947516441345,-0.011075377464294434,0.27807188034057617,2.5,27.95383207467499,12
