hand,first_max_height,min_height,second_max_height,dribbling_frequency,bending_angle,duration
0,0.33353686332702637,0.06272721290588379,0.36748605966567993,2.142857142857143,6.860392115667228,14
