hand,first_max_height,min_height,second_max_height,dribbling_frequency,bending_angle,duration
0,0.6031091213226318,0.014225780963897705,0.6523135900497437,1.4285714285714284,7.437256947114096,21
