hand,first_max_height,min_height,second_max_height,dribbling_frequency,bending_angle,duration
0,0.4200897812843323,0.030928969383239746,0.36684900522232056,1.5789473684210527,4.019113262938772,19
