hand,first_max_height,min_height,second_max_height,dribbling_frequency,bending_angle,duration
0,0.3110693693161011,0.06897711753845215,0.3100431561470032,2.307692307692308,12.69587428555382,13
