hand,first_max_height,min_height,second_max_height,dribbling_frequency,bending_angle,duration
0,0.43856847286224365,0.016179561614990234,0.43201690912246704,1.5789473684210527,4.65375548173899,19
