hand,first_max_height,min_height,second_max_height,dribbling_frequency,bending_angle,duration
0,0.3541643023490906,0.08803486824035645,0.3374350666999817,2.307692307692308,5.0199071849175505,13
