hand,first_max_height,min_height,second_max_height,dribbling_frequency,bending_angle,duration
0,0.38330501317977905,0.06971782445907593,0.36295223236083984,2.307692307692308,9.41376584258032,13
