hand,first_max_height,min_height,second_max_height,dribbling_frequency,bending_angle,duration
0,0.3739182949066162,0.038055598735809326,0.3871014714241028,2.0,9.125486574772763,15
