hand,first_max_height,min_height,second_max_height,dribbling_frequency,bending_angle,duration
0,0.2723013758659363,0.10886609554290771,0.32065320014953613,2.307692307692308,19.380678948527873,13
