hand,first_max_height,min_height,second_max_height,dribbling_frequency,bending_angle,duration
0,0.4572870135307312,-0.1860518455505371,0.4798651933670044,1.5,21.0921937774164,20
