hand,first_max_height,min_height,second_max_height,dribbling_frequency,bending_angle,duration
0,0.47090059518814087,0.07998549938201904,0.46769803762435913,1.25,0.900227570564481,24
