hand,first_max_height,min_height,second_max_height,dribbling_frequency,bending_angle,duration
0,0.4312450885772705,0.008599281311035156,0.2417348027229309,1.875,11.062613726702129,16
