hand,first_max_height,min_height,second_max_height,dribbling_frequency,bending_angle,duration
0,0.1383826732635498,0.008925259113311768,0.1488373875617981,3.0,10.095794707752153,10
