hand,first_max_height,min_height,second_max_height,dribbling_frequency,bending_angle,duration
0,-0.1780761480331421,-0.3190433382987976,-0.2536301016807556,2.142857142857143,59.1538206433008,14
