hand,first_max_height,min_height,second_max_height,dribbling_frequency,bending_angle,duration
0,0.37513017654418945,0.0458143949508667,0.3383394479751587,1.5789473684210527,10.400958568884464,19
