hand,first_max_height,min_height,second_max_height,dribbling_frequency,bending_angle,duration
0,0.3598976135253906,0.02777332067489624,0.38375842571258545,1.875,4.701375238584573,16
