hand,first_max_height,min_height,second_max_height,dribbling_frequency,bending_angle,duration
0,0.24454712867736816,0.09163880348205566,0.249198317527771,2.5,19.223894877233295,12
