hand,first_max_height,min_height,second_max_height,dribbling_frequency,bending_angle,duration
0,-0.05834150314331055,-0.22286343574523926,-0.03486073017120361,2.7272727272727275,58.79243759991691,11
