hand,first_max_height,min_height,second_max_height,dribbling_frequency,bending_angle,duration
0,0.27798110246658325,-0.0014705061912536621,0.2618880867958069,2.307692307692308,21.774164621968094,13
