hand,first_max_height,min_height,second_max_height,dribbling_frequency,bending_angle,duration
0,0.3067929744720459,0.07088500261306763,0.41812294721603394,2.142857142857143,13.430098363632961,14
