hand,first_max_height,min_height,second_max_height,dribbling_frequency,bending_angle,duration
0,0.4133955240249634,-0.012742578983306885,0.32514137029647827,1.5,16.643080863134895,20
