hand,first_max_height,min_height,second_max_height,dribbling_frequency,bending_angle,duration
0,0.38516849279403687,0.0868951678276062,0.3698234558105469,2.0,2.0739538958662034,15
