hand,first_max_height,min_height,second_max_height,dribbling_frequency,bending_angle,duration
0,0.36395585536956787,0.07111483812332153,0.38267338275909424,2.142857142857143,7.570801680640152,14
