hand,first_max_height,min_height,second_max_height,dribbling_frequency,bending_angle,duration
0,0.2772067189216614,0.04456770420074463,0.3125867247581482,2.307692307692308,16.23456956566626,13
