hand,first_max_height,min_height,second_max_height,dribbling_frequency,bending_angle,duration
0,0.49858933687210083,0.11503762006759644,0.5141631960868835,1.3043478260869565,1.7136370488139412,23
