hand,first_max_height,min_height,second_max_height,dribbling_frequency,bending_angle,duration
0,0.3819959759712219,0.044682323932647705,0.37000495195388794,1.875,10.859234654547558,16
