hand,first_max_height,min_height,second_max_height,dribbling_frequency,bending_angle,duration
0,0.4002532362937927,-0.08675026893615723,0.4260740280151367,1.5789473684210527,19.103355197845982,19
