hand,first_max_height,min_height,second_max_height,dribbling_frequency,bending_angle,duration
0,0.2538086175918579,-0.05239105224609375,0.250670850276947,2.307692307692308,26.55590635996263,13
