hand,first_max_height,min_height,second_max_height,dribbling_frequency,bending_angle,duration
0,-0.12981021404266357,-0.36261916160583496,-0.11429518461227417,2.142857142857143,66.8530326360248,14
