hand,first_max_height,min_height,second_max_height,dribbling_frequency,bending_angle,duration
0,0.35784876346588135,0.04395526647567749,0.343245267868042,2.0,8.922069254324388,15
