hand,first_max_height,min_height,second_max_height,dribbling_frequency,bending_angle,duration
0,-0.11557352542877197,-0.27514439821243286,-0.1403389573097229,2.142857142857143,57.55159959081341,14
