hand,first_max_height,min_height,second_max_height,dribbling_frequency,bending_angle,duration
0,0.2083466649055481,-0.026230931282043457,0.2608017325401306,2.0,27.895431769460764,15
