hand,first_max_height,min_height,second_max_height,dribbling_frequency,bending_angle,duration
0,0.1318337321281433,-0.00783836841583252,0.2170722484588623,2.307692307692308,9.816774525287178,13
