hand,first_max_height,min_height,second_max_height,dribbling_frequency,bending_angle,duration
0,0.4119216203689575,0.07437413930892944,0.3958669900894165,1.5789473684210527,10.776937512940272,19
