hand,first_max_height,min_height,second_max_height,dribbling_frequency,bending_angle,duration
0,0.31968075037002563,0.10416662693023682,0.3334299921989441,2.307692307692308,15.398074041309883,13
