hand,first_max_height,min_height,second_max_height,dribbling_frequency,bending_angle,duration
0,0.5645499229431152,0.11190491914749146,0.4762400984764099,1.875,10.897012866825904,16
