hand,first_max_height,min_height,second_max_height,dribbling_frequency,bending_angle,duration
0,0.25525403022766113,-0.020181775093078613,0.2871273159980774,2.307692307692308,24.75713980379519,13
