hand,first_max_height,min_height,second_max_height,dribbling_frequency,bending_angle,duration
0,0.24176126718521118,-0.018749892711639404,0.2276480793952942,2.307692307692308,25.496614509408573,13
