hand,first_max_height,min_height,second_max_height,dribbling_frequency,bending_angle,duration
0,-0.03486073017120361,-0.16822129487991333,0.11093229055404663,2.5,56.82609463356623,12
