hand,first_max_height,min_height,second_max_height,dribbling_frequency,bending_angle,duration
0,-0.195939302444458,-0.28560203313827515,-0.1937893033027649,2.7272727272727275,59.18231249001536,11
