hand,first_max_height,min_height,second_max_height,dribbling_frequency,bending_angle,duration
0,0.2207048535346985,-0.00798022747039795,0.274087131023407,2.5,27.666152646107143,12
