hand,first_max_height,min_height,second_max_height,dribbling_frequency,bending_angle,duration
0,0.3376031517982483,0.1147085428237915,0.23150277137756348,2.7272727272727275,8.701789897014262,11
