hand,first_max_height,min_height,second_max_height,dribbling_frequency,bending_angle,duration
0,0.30880045890808105,-0.03541010618209839,0.2663927674293518,1.7647058823529411,22.182303493208575,17
