hand,first_max_height,min_height,second_max_height,dribbling_frequency,bending_angle,duration
0,0.2877737283706665,0.07876348495483398,0.2709788680076599,2.5,8.489634527354902,12
