hand,first_max_height,min_height,second_max_height,dribbling_frequency,bending_angle,duration
0,0.09057188034057617,-0.07219445705413818,0.04273712635040283,3.0,37.745326550532205,10
