hand,first_max_height,min_height,second_max_height,dribbling_frequency,bending_angle,duration
0,0.17362123727798462,0.03694891929626465,0.15846580266952515,2.7272727272727275,7.701211670347015,11
