hand,first_max_height,min_height,second_max_height,dribbling_frequency,bending_angle,duration
0,-0.10999011993408203,-0.37843436002731323,-0.14896178245544434,2.307692307692308,64.4842314589426,13
