hand,first_max_height,min_height,second_max_height,dribbling_frequency,bending_angle,duration
0,0.24984556436538696,-0.02568364143371582,0.2596396207809448,2.307692307692308,30.728267232420237,13
