hand,first_max_height,min_height,second_max_height,dribbling_frequency,bending_angle,duration
0,0.09396570920944214,-0.19285684823989868,-0.030607223510742188,2.5,41.768082966380334,12
