hand,first_max_height,min_height,second_max_height,dribbling_frequency,bending_angle,duration
0,0.36133873462677,0.08321619033813477,0.3184797763824463,2.0,6.594212217735119,15
