hand,first_max_height,min_height,second_max_height,dribbling_frequency,bending_angle,duration
0,-0.016081690788269043,-0.2165331244468689,-0.1024964451789856,3.0,63.783983139545974,10
