hand,first_max_height,min_height,second_max_height,dribbling_frequency,bending_angle,duration
0,-0.02667313814163208,-0.2589963674545288,-0.07687389850616455,2.5,56.4325959956756,12
