hand,first_max_height,min_height,second_max_height,dribbling_frequency,bending_angle,duration
0,0.3618759512901306,0.030805647373199463,0.3524817228317261,2.0,9.433034689687528,15
