hand,first_max_height,min_height,second_max_height,dribbling_frequency,bending_angle,duration
0,0.2287205457687378,-0.01721787452697754,0.2528783082962036,2.307692307692308,24.575921803785114,13
