hand,first_max_height,min_height,second_max_height,dribbling_frequency,bending_angle,duration
0,0.29580461978912354,0.07216423749923706,0.34557443857192993,2.307692307692308,13.27112123816018,13
