hand,first_max_height,min_height,second_max_height,dribbling_frequency,bending_angle,duration
0,0.3125867247581482,0.024948716163635254,0.28601765632629395,2.142857142857143,18.841187544609443,14
