hand,first_max_height,min_height,second_max_height,dribbling_frequency,bending_angle,duration
0,0.4230104684829712,0.02193504571914673,0.4522935748100281,1.6666666666666665,5.760257434053235,18
