hand,first_max_height,min_height,second_max_height,dribbling_frequency,bending_angle,duration
0,0.47507911920547485,0.09315848350524902,0.44845372438430786,1.3043478260869565,0.9348281487038271,23
