hand,first_max_height,min_height,second_max_height,dribbling_frequency,bending_angle,duration
0,0.2937031388282776,0.045662641525268555,0.2878377437591553,2.307692307692308,13.065903285202946,13
