hand,first_max_height,min_height,second_max_height,dribbling_frequency,bending_angle,duration
0,0.39201921224594116,0.05733692646026611,0.4119216203689575,1.5789473684210527,11.069500321166855,19
