hand,first_max_height,min_height,second_max_height,dribbling_frequency,bending_angle,duration
0,0.24699580669403076,0.004662156105041504,0.2281849980354309,2.307692307692308,5.150494879633845,13
