hand,first_max_height,min_height,second_max_height,dribbling_frequency,bending_angle,duration
0,0.3780432939529419,-0.03565758466720581,0.3376549482345581,1.6666666666666665,7.227178784106897,18
