hand,first_max_height,min_height,second_max_height,dribbling_frequency,bending_angle,duration
0,0.5053263902664185,0.011750578880310059,0.5843468904495239,1.7647058823529411,4.897139261262878,17
