hand,first_max_height,min_height,second_max_height,dribbling_frequency,bending_angle,duration
0,0.30762970447540283,0.06138736009597778,0.3003946542739868,2.307692307692308,10.00759449331765,13
