hand,first_max_height,min_height,second_max_height,dribbling_frequency,bending_angle,duration
0,0.468964159488678,0.08416545391082764,0.45284128189086914,1.7647058823529411,2.4540058536209193,17
