hand,first_max_height,min_height,second_max_height,dribbling_frequency,bending_angle,duration
0,0.4302588105201721,-0.1487436294555664,0.46568816900253296,1.6666666666666665,23.46714172643465,18
