hand,first_max_height,min_height,second_max_height,dribbling_frequency,bending_angle,duration
0,0.12117499113082886,-0.1610935926437378,-0.02667313814163208,2.5,42.97591537482109,12
