hand,first_max_height,min_height,second_max_height,dribbling_frequency,bending_angle,duration
0,0.37164175510406494,0.03193241357803345,0.36133873462677,2.0,6.395762137152013,15
