hand,first_max_height,min_height,second_max_height,dribbling_frequency,bending_angle,duration
0,-0.11560451984405518,-0.2627788782119751,-0.13309383392333984,3.0,62.27128899466876,10
