hand,first_max_height,min_height,second_max_height,dribbling_frequency,bending_angle,duration
0,0.3044704794883728,0.07076537609100342,0.33620548248291016,2.307692307692308,8.200339362513356,13
