hand,first_max_height,min_height,second_max_height,dribbling_frequency,bending_angle,duration
0,0.2878377437591553,0.07929706573486328,0.29231566190719604,2.307692307692308,12.660442570136201,13
