hand,first_max_height,min_height,second_max_height,dribbling_frequency,bending_angle,duration
0,0.3813508152961731,0.0005878210067749023,0.37516409158706665,1.875,10.198297924219412,16
