hand,first_max_height,min_height,second_max_height,dribbling_frequency,bending_angle,duration
0,0.3717394471168518,0.0651007890701294,0.3577444553375244,2.0,1.7597065405223666,15
