hand,first_max_height,min_height,second_max_height,dribbling_frequency,bending_angle,duration
0,0.30057990550994873,-0.001515030860900879,0.34499162435531616,2.142857142857143,15.849781009521442,14
