hand,first_max_height,min_height,second_max_height,dribbling_frequency,bending_angle,duration
0,0.38963621854782104,-0.0027944445610046387,0.3436836004257202,1.5,9.380868099830959,20
