hand,first_max_height,min_height,second_max_height,dribbling_frequency,bending_angle,duration
0,0.3762703537940979,0.059218406677246094,0.4016004800796509,2.142857142857143,10.12459471930408,14
