hand,first_max_height,min_height,second_max_height,dribbling_frequency,bending_angle,duration
0,0.3459198474884033,0.11419016122817993,0.39338207244873047,2.142857142857143,4.087731181177397,14
