hand,first_max_height,min_height,second_max_height,dribbling_frequency,bending_angle,duration
0,0.2316352128982544,0.02102351188659668,0.2746044397354126,2.5,25.952958852611022,12
