hand,first_max_height,min_height,second_max_height,dribbling_frequency,bending_angle,duration
0,0.39461731910705566,0.05702632665634155,0.35784876346588135,2.0,8.863186992808282,15
