hand,first_max_height,min_height,second_max_height,dribbling_frequency,bending_angle,duration
0,-0.08671420812606812,-0.27668875455856323,-0.13610148429870605,2.5,60.57129878809496,12
