hand,first_max_height,min_height,second_max_height,dribbling_frequency,bending_angle,duration
0,0.4240944981575012,0.08789896965026855,0.400417685508728,2.142857142857143,11.117489596320173,14
