hand,first_max_height,min_height,second_max_height,dribbling_frequency,bending_angle,duration
0,-0.10076010227203369,-0.33042997121810913,0.5014703869819641,1.6666666666666665,67.47479855350066,18
