hand,first_max_height,min_height,second_max_height,dribbling_frequency,bending_angle,duration
0,0.24859291315078735,0.00027751922607421875,0.23370105028152466,2.307692307692308,23.283244980722177,13
