hand,first_max_height,min_height,second_max_height,dribbling_frequency,bending_angle,duration
0,0.2827494740486145,0.11008024215698242,0.2687106728553772,2.5,15.50336034939023,12
