hand,first_max_height,min_height,second_max_height,dribbling_frequency,bending_angle,duration
0,0.3494716286659241,0.013659656047821045,0.3945925831794739,1.5,9.681105232476394,20
