hand,first_max_height,min_height,second_max_height,dribbling_frequency,bending_angle,duration
0,0.2502802610397339,-0.024211347103118896,0.2655855417251587,2.142857142857143,22.64151014414119,14
