hand,first_max_height,min_height,second_max_height,dribbling_frequency,bending_angle,duration
0,-0.13886255025863647,-0.27122724056243896,-0.16629177331924438,2.142857142857143,53.80127382213493,14
