hand,first_max_height,min_height,second_max_height,dribbling_frequency,bending_angle,duration
0,0.3249201774597168,0.019659042358398438,0.3313596844673157,1.7647058823529411,13.250258490373907,17
