hand,first_max_height,min_height,second_max_height,dribbling_frequency,bending_angle,duration
0,0.2133219838142395,-0.03196197748184204,0.29028964042663574,1.875,10.476525761134585,16
