hand,first_max_height,min_height,second_max_height,dribbling_frequency,bending_angle,duration
0,0.2457042932510376,0.006501615047454834,0.28910714387893677,2.5,12.085755726335929,12
