hand,first_max_height,min_height,second_max_height,dribbling_frequency,bending_angle,duration
0,0.23455041646957397,0.0627204179763794,0.25650644302368164,2.5,6.289174773482021,12
