hand,first_max_height,min_height,second_max_height,dribbling_frequency,bending_angle,duration
0,0.36864984035491943,0.05393773317337036,0.32949620485305786,2.142857142857143,15.262206026239948,14
