hand,first_max_height,min_height,second_max_height,dribbling_frequency,bending_angle,duration
0,0.23988884687423706,-0.025398552417755127,0.2453899383544922,2.307692307692308,29.334298318148466,13
