hand,first_max_height,min_height,second_max_height,dribbling_frequency,bending_angle,duration
0,-0.2828357219696045,-0.35293567180633545,-0.1836714744567871,2.5,59.91431514249684,12
