hand,first_max_height,min_height,second_max_height,dribbling_frequency,bending_angle,duration
0,0.39113426208496094,0.06794369220733643,0.31993579864501953,2.142857142857143,4.6172059871006335,14
