hand,first_max_height,min_height,second_max_height,dribbling_frequency,bending_angle,duration
0,0.381405234336853,0.038956522941589355,0.3652403950691223,2.0,9.49072584745679,15
