hand,first_max_height,min_height,second_max_height,dribbling_frequency,bending_angle,duration
0,0.33009588718414307,0.0888717770576477,0.35727494955062866,2.307692307692308,16.609625121680985,13
