hand,first_max_height,min_height,second_max_height,dribbling_frequency,bending_angle,duration
0,0.22707241773605347,0.0009854435920715332,0.22131818532943726,2.307692307692308,15.247623324334931,13
