hand,first_max_height,min_height,second_max_height,dribbling_frequency,bending_angle,duration
0,0.3493466377258301,0.11518532037734985,0.4161505699157715,2.307692307692308,6.8608853254517745,13
