hand,first_max_height,min_height,second_max_height,dribbling_frequency,bending_angle,duration
0,0.28111976385116577,0.014621198177337646,0.27599114179611206,2.307692307692308,26.89066781101962,13
