hand,first_max_height,min_height,second_max_height,dribbling_frequency,bending_angle,duration
0,0.17750120162963867,-0.16672080755233765,0.16999530792236328,2.142857142857143,36.9442194818735,14
