hand,first_max_height,min_height,second_max_height,dribbling_frequency,bending_angle,duration
0,0.21681571006774902,0.06820285320281982,0.30991435050964355,2.5,12.161443898434703,12
