hand,first_max_height,min_height,second_max_height,dribbling_frequency,bending_angle,duration
1,0.010780036449432373,-0.17342710494995117,0.11246657371520996,2.7272727272727275,52.38659917557665,11
