hand,first_max_height,min_height,second_max_height,dribbling_frequency,bending_angle,duration
1,0.4303528666496277,0.06871378421783447,0.42390626668930054,1.875,1.0238344871409661,16
