hand,first_max_height,min_height,second_max_height,dribbling_frequency,bending_angle,duration
1,0.47284722328186035,0.004857122898101807,0.4772292971611023,1.7647058823529411,6.571577275120785,17
