hand,first_max_height,min_height,second_max_height,dribbling_frequency,bending_angle,duration
1,0.3721640110015869,0.01969444751739502,0.33465373516082764,1.7647058823529411,12.372099745367901,17
