hand,first_max_height,min_height,second_max_height,dribbling_frequency,bending_angle,duration
1,0.3676307797431946,0.06092768907546997,0.42365914583206177,2.142857142857143,4.950353071492226,14
