hand,first_max_height,min_height,second_max_height,dribbling_frequency,bending_angle,duration
1,0.44134408235549927,0.05385249853134155,0.47960811853408813,1.7647058823529411,4.771645969605353,17
