hand,first_max_height,min_height,second_max_height,dribbling_frequency,bending_angle,duration
1,0.47018641233444214,-0.06341415643692017,0.17063367366790771,1.6666666666666665,7.236196741932462,18
