hand,first_max_height,min_height,second_max_height,dribbling_frequency,bending_angle,duration
1,0.6507042646408081,0.12189298868179321,0.7094101905822754,1.3043478260869565,4.886200504480173,23
