hand,first_max_height,min_height,second_max_height,dribbling_frequency,bending_angle,duration
1,0.3748573064804077,-0.02078080177307129,0.440557062625885,1.6666666666666665,6.675013355651205,18
