hand,first_max_height,min_height,second_max_height,dribbling_frequency,bending_angle,duration
1,0.1793552041053772,-0.001380324363708496,0.6281424760818481,2.307692307692308,23.612023179298955,13
