hand,first_max_height,min_height,second_max_height,dribbling_frequency,bending_angle,duration
1,0.370796263217926,0.07214576005935669,0.41833972930908203,1.7647058823529411,6.497612524515195,17
