hand,first_max_height,min_height,second_max_height,dribbling_frequency,bending_angle,duration
1,0.4761483073234558,0.04279351234436035,0.48169177770614624,1.6666666666666665,7.006209611040708,18
