hand,first_max_height,min_height,second_max_height,dribbling_frequency,bending_angle,duration
1,0.3466559052467346,-0.01107943058013916,0.3316407799720764,2.0,12.397801969844691,15
