hand,first_max_height,min_height,second_max_height,dribbling_frequency,bending_angle,duration
1,0.5458508133888245,0.0005346536636352539,0.46869319677352905,1.6666666666666665,5.506814188541255,18
