hand,first_max_height,min_height,second_max_height,dribbling_frequency,bending_angle,duration
1,0.4728096127510071,0.01840120553970337,0.4032588601112366,1.5789473684210527,5.383066066480234,19
