hand,first_max_height,min_height,second_max_height,dribbling_frequency,bending_angle,duration
1,0.371187686920166,0.06606811285018921,0.5459509491920471,1.7647058823529411,16.694800109671476,17
