hand,first_max_height,min_height,second_max_height,dribbling_frequency,bending_angle,duration
1,0.5005940198898315,0.07282507419586182,0.47963446378707886,1.875,2.3953261251152953,16
