hand,first_max_height,min_height,second_max_height,dribbling_frequency,bending_angle,duration
1,0.4667317867279053,0.10016322135925293,0.46968740224838257,1.875,4.579574709736099,16
