hand,first_max_height,min_height,second_max_height,dribbling_frequency,bending_angle,duration
1,0.3626716136932373,-0.017681777477264404,0.37110745906829834,1.7647058823529411,16.8679157979789,17
