hand,first_max_height,min_height,second_max_height,dribbling_frequency,bending_angle,duration
1,0.4652707576751709,0.05079716444015503,0.499281644821167,1.7647058823529411,2.6581172129759834,17
