hand,first_max_height,min_height,second_max_height,dribbling_frequency,bending_angle,duration
1,-0.1309901475906372,-0.20303034782409668,-0.12461733818054199,2.5,53.0435901945217,12
