hand,first_max_height,min_height,second_max_height,dribbling_frequency,bending_angle,duration
1,0.677548885345459,0.05601656436920166,0.739348292350769,1.3043478260869565,4.650931434186326,23
