hand,first_max_height,min_height,second_max_height,dribbling_frequency,bending_angle,duration
1,0.09230029582977295,-0.317876935005188,0.19304180145263672,1.6666666666666665,63.744635458436726,18
