hand,first_max_height,min_height,second_max_height,dribbling_frequency,bending_angle,duration
1,0.047397613525390625,-0.2208625078201294,0.0437735915184021,2.142857142857143,49.666993380420514,14
