hand,first_max_height,min_height,second_max_height,dribbling_frequency,bending_angle,duration
1,-0.26842284202575684,-0.34827762842178345,-0.024104952812194824,3.0,68.53706689079814,10
