hand,first_max_height,min_height,second_max_height,dribbling_frequency,bending_angle,duration
1,0.4988664388656616,-0.10582762956619263,0.06933104991912842,2.0,9.390043689235405,15
