hand,first_max_height,min_height,second_max_height,dribbling_frequency,bending_angle,duration
1,0.42181748151779175,0.03739452362060547,0.5159067511558533,1.7647058823529411,6.43491362248701,17
