hand,first_max_height,min_height,second_max_height,dribbling_frequency,bending_angle,duration
1,-0.0010280013084411621,-0.3688562512397766,-0.1568993330001831,2.307692307692308,61.4047313842991,13
