hand,first_max_height,min_height,second_max_height,dribbling_frequency,bending_angle,duration
1,0.5067536234855652,0.07508397102355957,0.4834862947463989,2.0,3.313873109399645,15
