hand,first_max_height,min_height,second_max_height,dribbling_frequency,bending_angle,duration
1,-0.020780980587005615,-0.23988652229309082,-0.021328747272491455,2.307692307692308,61.79086514286463,13
