hand,first_max_height,min_height,second_max_height,dribbling_frequency,bending_angle,duration
1,-0.17266666889190674,-0.30899345874786377,-0.03192073106765747,2.5,69.79858142667169,12
