hand,first_max_height,min_height,second_max_height,dribbling_frequency,bending_angle,duration
1,0.6003090739250183,0.03511524200439453,0.4942585229873657,1.5,7.257949564183742,20
