hand,first_max_height,min_height,second_max_height,dribbling_frequency,bending_angle,duration
1,-0.13966232538223267,-0.41347330808639526,0.5555227994918823,1.3636363636363638,73.51628686013098,22
