hand,first_max_height,min_height,second_max_height,dribbling_frequency,bending_angle,duration
1,-0.08773249387741089,-0.22903555631637573,-0.05194997787475586,2.5,63.58612627341542,12
