hand,first_max_height,min_height,second_max_height,dribbling_frequency,bending_angle,duration
1,0.26315051317214966,-0.04838395118713379,0.2627267837524414,2.142857142857143,20.275957876335475,14
