hand,first_max_height,min_height,second_max_height,dribbling_frequency,bending_angle,duration
1,0.34441518783569336,0.04101485013961792,0.4237000346183777,2.307692307692308,20.797721036476695,13
