hand,first_max_height,min_height,second_max_height,dribbling_frequency,bending_angle,duration
1,0.37818312644958496,0.016814053058624268,0.3179475665092468,2.0,11.652352119139126,15
