hand,first_max_height,min_height,second_max_height,dribbling_frequency,bending_angle,duration
1,0.27018237113952637,0.1230587363243103,0.35925549268722534,2.7272727272727275,8.526100438857757,11
