hand,first_max_height,min_height,second_max_height,dribbling_frequency,bending_angle,duration
1,-0.12461733818054199,-0.22490376234054565,-0.13833880424499512,2.7272727272727275,54.98759924934178,11
