hand,first_max_height,min_height,second_max_height,dribbling_frequency,bending_angle,duration
1,0.5900107026100159,0.005425810813903809,0.5814734101295471,1.6666666666666665,8.593494986281435,18
