hand,first_max_height,min_height,second_max_height,dribbling_frequency,bending_angle,duration
1,0.26505041122436523,0.028425931930541992,0.28655725717544556,2.0,24.033663911154804,15
