hand,first_max_height,min_height,second_max_height,dribbling_frequency,bending_angle,duration
1,0.32035189867019653,-0.009141743183135986,0.3658744692802429,1.7647058823529411,10.262140656214157,17
