hand,first_max_height,min_height,second_max_height,dribbling_frequency,bending_angle,duration
1,0.4599781632423401,0.06601625680923462,0.4843611717224121,1.875,2.4553539473667754,16
