hand,first_max_height,min_height,second_max_height,dribbling_frequency,bending_angle,duration
1,0.11118143796920776,-0.29585957527160645,0.016713440418243408,1.7647058823529411,58.65835887783533,17
