hand,first_max_height,min_height,second_max_height,dribbling_frequency,bending_angle,duration
1,0.46524351835250854,0.05377495288848877,0.6003090739250183,1.5789473684210527,8.158594987271153,19
