hand,first_max_height,min_height,second_max_height,dribbling_frequency,bending_angle,duration
1,0.4633576273918152,0.08076417446136475,0.41265541315078735,1.875,4.986574970842639,16
