hand,first_max_height,min_height,second_max_height,dribbling_frequency,bending_angle,duration
1,0.27491676807403564,0.0028288960456848145,0.3381519317626953,2.0,13.015917475142176,15
