hand,first_max_height,min_height,second_max_height,dribbling_frequency,bending_angle,duration
1,0.49577558040618896,0.06998735666275024,0.4213144779205322,1.7647058823529411,6.352569138956362,17
