hand,first_max_height,min_height,second_max_height,dribbling_frequency,bending_angle,duration
1,0.4577236771583557,0.09103929996490479,0.41257667541503906,2.142857142857143,7.193527086274211,14
