hand,first_max_height,min_height,second_max_height,dribbling_frequency,bending_angle,duration
1,0.43840163946151733,0.04464221000671387,0.40081971883773804,2.307692307692308,13.199207022101692,13
