hand,first_max_height,min_height,second_max_height,dribbling_frequency,bending_angle,duration
1,0.41297948360443115,0.06460630893707275,0.3928362727165222,2.0,6.7973581134345755,15
