hand,first_max_height,min_height,second_max_height,dribbling_frequency,bending_angle,duration
1,0.3131232261657715,0.020898103713989258,0.3369714021682739,1.875,13.691461017535397,16
