hand,first_max_height,min_height,second_max_height,dribbling_frequency,bending_angle,duration
1,0.27585798501968384,0.011156558990478516,0.19172662496566772,2.5,28.321569090508753,12
