hand,first_max_height,min_height,second_max_height,dribbling_frequency,bending_angle,duration
1,-0.1582520604133606,-0.36357933282852173,-0.16394227743148804,3.0,69.02482250400163,10
