hand,first_max_height,min_height,second_max_height,dribbling_frequency,bending_angle,duration
1,0.25033581256866455,-0.07645082473754883,0.33334624767303467,2.0,36.0061899463028,15
