hand,first_max_height,min_height,second_max_height,dribbling_frequency,bending_angle,duration
1,0.20821964740753174,-0.3016710877418518,0.08411407470703125,1.6666666666666665,50.107844772751896,18
