hand,first_max_height,min_height,second_max_height,dribbling_frequency,bending_angle,duration
1,0.5082867741584778,0.1885318160057068,0.45488882064819336,1.4285714285714284,15.330604337277277,21
