hand,first_max_height,min_height,second_max_height,dribbling_frequency,bending_angle,duration
1,0.3894016146659851,0.001023411750793457,0.3974727988243103,1.7647058823529411,11.389066370467788,17
