hand,first_max_height,min_height,second_max_height,dribbling_frequency,bending_angle,duration
1,0.451702356338501,0.05131608247756958,0.45230281352996826,1.7647058823529411,7.664462751682548,17
