hand,first_max_height,min_height,second_max_height,dribbling_frequency,bending_angle,duration
1,0.056794703006744385,-0.15265607833862305,0.012492179870605469,3.0,46.516374102869136,10
