hand,first_max_height,min_height,second_max_height,dribbling_frequency,bending_angle,duration
1,0.43506455421447754,0.015998780727386475,0.4776483178138733,1.6666666666666665,4.225747722212222,18
