hand,first_max_height,min_height,second_max_height,dribbling_frequency,bending_angle,duration
1,0.3845400810241699,0.023719370365142822,0.3959115743637085,1.875,9.115513293310299,16
