hand,first_max_height,min_height,second_max_height,dribbling_frequency,bending_angle,duration
1,0.4719846248626709,0.05713003873825073,0.47529923915863037,1.875,4.382902937085327,16
