hand,first_max_height,min_height,second_max_height,dribbling_frequency,bending_angle,duration
1,0.3122631311416626,0.010614156723022461,0.3665751814842224,1.6666666666666665,19.613250192658523,18
