hand,first_max_height,min_height,second_max_height,dribbling_frequency,bending_angle,duration
1,0.07140135765075684,-0.12358450889587402,0.23342329263687134,2.7272727272727275,52.52772537132999,11
