hand,first_max_height,min_height,second_max_height,dribbling_frequency,bending_angle,duration
1,0.0770726203918457,-0.15845656394958496,0.0719292163848877,2.7272727272727275,49.063982857078216,11
