hand,first_max_height,min_height,second_max_height,dribbling_frequency,bending_angle,duration
1,0.07155817747116089,-0.35081779956817627,-0.2934359908103943,2.0,36.328642401272894,15
