hand,first_max_height,min_height,second_max_height,dribbling_frequency,bending_angle,duration
1,0.23789632320404053,-0.06392383575439453,0.3043810725212097,1.6666666666666665,9.283460056248925,18
