hand,first_max_height,min_height,second_max_height,dribbling_frequency,bending_angle,duration
1,-0.07865792512893677,-0.21750378608703613,-0.07903242111206055,3.0,61.936614324189954,10
