hand,first_max_height,min_height,second_max_height,dribbling_frequency,bending_angle,duration
1,0.4202183485031128,0.05557560920715332,0.4012981057167053,1.875,5.076290434705097,16
