hand,first_max_height,min_height,second_max_height,dribbling_frequency,bending_angle,duration
1,0.4120350480079651,0.06205993890762329,0.34243243932724,1.875,5.241288468814322,16
