hand,first_max_height,min_height,second_max_height,dribbling_frequency,bending_angle,duration
1,0.3448745608329773,-0.041991591453552246,0.41559576988220215,1.6666666666666665,23.94128770977652,18
