hand,first_max_height,min_height,second_max_height,dribbling_frequency,bending_angle,duration
1,0.03481292724609375,-0.24449539184570312,-0.15220993757247925,3.0,52.1272795727499,10
