hand,first_max_height,min_height,second_max_height,dribbling_frequency,bending_angle,duration
1,0.25971323251724243,0.043507397174835205,0.4173562526702881,2.142857142857143,13.204934964665833,14
