hand,first_max_height,min_height,second_max_height,dribbling_frequency,bending_angle,duration
1,0.4992091655731201,-0.04099553823471069,0.4690523147583008,1.3636363636363638,14.70673892551797,22
