hand,first_max_height,min_height,second_max_height,dribbling_frequency,bending_angle,duration
1,0.42598605155944824,-0.12211203575134277,0.31750190258026123,1.6666666666666665,14.10199794742663,18
