hand,first_max_height,min_height,second_max_height,dribbling_frequency,bending_angle,duration
1,0.33350348472595215,0.009459912776947021,0.35769063234329224,1.875,11.479657164915272,16
