hand,first_max_height,min_height,second_max_height,dribbling_frequency,bending_angle,duration
1,0.29663097858428955,-0.01945441961288452,0.17809432744979858,2.307692307692308,24.300260880931777,13
