hand,first_max_height,min_height,second_max_height,dribbling_frequency,bending_angle,duration
1,0.35769498348236084,-0.06507539749145508,0.3776831030845642,1.7647058823529411,24.783014862532998,17
