hand,first_max_height,min_height,second_max_height,dribbling_frequency,bending_angle,duration
1,0.5816783308982849,-0.009735584259033203,0.568695068359375,1.3636363636363638,14.313058750920172,22
