hand,first_max_height,min_height,second_max_height,dribbling_frequency,bending_angle,duration
1,0.2840801477432251,-0.007113397121429443,0.3708832859992981,1.875,6.384510984979999,16
