hand,first_max_height,min_height,second_max_height,dribbling_frequency,bending_angle,duration
1,0.3175390958786011,0.015363812446594238,0.5414990186691284,1.875,38.28503444120408,16
