hand,first_max_height,min_height,second_max_height,dribbling_frequency,bending_angle,duration
1,0.014373958110809326,-0.16709810495376587,0.05870133638381958,2.5,51.16026403507345,12
