hand,first_max_height,min_height,second_max_height,dribbling_frequency,bending_angle,duration
1,0.4182809591293335,-0.019676625728607178,0.4731239676475525,1.6666666666666665,9.184273525244121,18
