hand,first_max_height,min_height,second_max_height,dribbling_frequency,bending_angle,duration
1,0.38778358697891235,0.01987934112548828,0.5799640417098999,1.875,16.014588817645524,16
