hand,first_max_height,min_height,second_max_height,dribbling_frequency,bending_angle,duration
1,0.392223596572876,0.043038129806518555,0.4122302532196045,1.5,11.0106263694651,20
