hand,first_max_height,min_height,second_max_height,dribbling_frequency,bending_angle,duration
1,0.023747265338897705,-0.2256070375442505,-0.07837986946105957,2.307692307692308,51.3086555797917,13
