hand,first_max_height,min_height,second_max_height,dribbling_frequency,bending_angle,duration
1,0.3891635537147522,-0.017858684062957764,0.37228232622146606,1.7647058823529411,21.5211912023364,17
