hand,first_max_height,min_height,second_max_height,dribbling_frequency,bending_angle,duration
1,0.5010349154472351,0.05272632837295532,0.572187066078186,1.6666666666666665,7.522059622175182,18
