hand,first_max_height,min_height,second_max_height,dribbling_frequency,bending_angle,duration
1,0.5152841806411743,-0.004741489887237549,0.5752764940261841,1.6666666666666665,8.240241943930467,18
