hand,first_max_height,min_height,second_max_height,dribbling_frequency,bending_angle,duration
1,0.660011887550354,-0.1278616189956665,-0.0884132981300354,2.142857142857143,15.307467738424043,14
