hand,first_max_height,min_height,second_max_height,dribbling_frequency,bending_angle,duration
1,0.3896045684814453,0.050510525703430176,0.338726282119751,2.142857142857143,8.17873572120081,14
