hand,first_max_height,min_height,second_max_height,dribbling_frequency,bending_angle,duration
1,0.3022547960281372,-0.03013509511947632,0.30127763748168945,1.875,9.083897635220035,16
