hand,first_max_height,min_height,second_max_height,dribbling_frequency,bending_angle,duration
1,0.4579992890357971,0.10671329498291016,0.40653353929519653,1.5789473684210527,10.73307135351351,19
