hand,first_max_height,min_height,second_max_height,dribbling_frequency,bending_angle,duration
1,0.5334861874580383,0.06147283315658569,0.4558780789375305,1.875,2.786754130267994,16
