hand,first_max_height,min_height,second_max_height,dribbling_frequency,bending_angle,duration
1,0.5324037671089172,0.050177693367004395,0.5736123919487,1.5,19.266317459307245,20
