hand,first_max_height,min_height,second_max_height,dribbling_frequency,bending_angle,duration
1,0.43670332431793213,0.07767689228057861,0.44904065132141113,1.875,2.062349783718487,16
