hand,first_max_height,min_height,second_max_height,dribbling_frequency,bending_angle,duration
1,0.5123123526573181,-0.0015867948532104492,0.48283207416534424,1.6666666666666665,7.145209878866683,18
