hand,first_max_height,min_height,second_max_height,dribbling_frequency,bending_angle,duration
1,0.18721455335617065,-0.019004344940185547,0.20844906568527222,2.5,14.675693239943973,12
