hand,first_max_height,min_height,second_max_height,dribbling_frequency,bending_angle,duration
1,0.11531120538711548,-0.11449319124221802,0.14372867345809937,2.0,35.3544715600593,15
