hand,first_max_height,min_height,second_max_height,dribbling_frequency,bending_angle,duration
1,0.325969398021698,-0.03364145755767822,0.26315051317214966,2.142857142857143,19.937988793494895,14
