hand,first_max_height,min_height,second_max_height,dribbling_frequency,bending_angle,duration
1,0.5437962412834167,0.06628048419952393,0.5800670385360718,1.5,13.3133859292823,20
