hand,first_max_height,min_height,second_max_height,dribbling_frequency,bending_angle,duration
1,0.5099069476127625,0.0986168384552002,0.5215891599655151,1.875,3.1749606816794937,16
