hand,first_max_height,min_height,second_max_height,dribbling_frequency,bending_angle,duration
1,0.3609345555305481,0.052362024784088135,0.5765629410743713,2.0,7.085663429446298,15
