hand,first_max_height,min_height,second_max_height,dribbling_frequency,bending_angle,duration
1,0.35756462812423706,0.028516054153442383,0.3770226836204529,2.307692307692308,14.296351665008354,13
