hand,first_max_height,min_height,second_max_height,dribbling_frequency,bending_angle,duration
1,0.6022831201553345,0.04236578941345215,0.5691248774528503,1.5789473684210527,1.747768388398197,19
