hand,first_max_height,min_height,second_max_height,dribbling_frequency,bending_angle,duration
1,0.42726463079452515,0.08315658569335938,0.4521338939666748,1.5789473684210527,5.4391371144438825,19
