hand,first_max_height,min_height,second_max_height,dribbling_frequency,bending_angle,duration
1,0.46091538667678833,0.07191485166549683,0.4183725118637085,2.142857142857143,5.262338746465363,14
