hand,first_max_height,min_height,second_max_height,dribbling_frequency,bending_angle,duration
1,-0.008970856666564941,-0.23323601484298706,0.36187171936035156,2.142857142857143,64.8791193392454,14
