hand,first_max_height,min_height,second_max_height,dribbling_frequency,bending_angle,duration
1,0.32264167070388794,-0.010586440563201904,0.27302998304367065,1.7647058823529411,7.529417536923747,17
