hand,first_max_height,min_height,second_max_height,dribbling_frequency,bending_angle,duration
1,0.46875113248825073,0.05276000499725342,0.4217796325683594,1.875,5.317094990858144,16
