hand,first_max_height,min_height,second_max_height,dribbling_frequency,bending_angle,duration
1,0.5004305243492126,0.06913560628890991,0.484951376914978,1.7647058823529411,3.4741270475161943,17
