hand,first_max_height,min_height,second_max_height,dribbling_frequency,bending_angle,duration
1,0.2282733917236328,-0.18874824047088623,0.3149508833885193,1.6666666666666665,43.61540338698282,18
