hand,first_max_height,min_height,second_max_height,dribbling_frequency,bending_angle,duration
1,0.10017251968383789,-0.20900332927703857,0.041832029819488525,2.0,51.310534872945034,15
