hand,first_max_height,min_height,second_max_height,dribbling_frequency,bending_angle,duration
1,0.5086655616760254,-0.0009833574295043945,0.42640894651412964,1.7647058823529411,4.767587049057607,17
