hand,first_max_height,min_height,second_max_height,dribbling_frequency,bending_angle,duration
1,0.38896799087524414,0.031186580657958984,0.317180871963501,2.0,9.420020517252912,15
