hand,first_max_height,min_height,second_max_height,dribbling_frequency,bending_angle,duration
1,0.13606536388397217,-0.05971866846084595,0.15693867206573486,2.7272727272727275,44.116379337786924,11
