hand,first_max_height,min_height,second_max_height,dribbling_frequency,bending_angle,duration
1,0.5126949548721313,0.04156339168548584,0.5005940198898315,1.5789473684210527,2.809312966016293,19
