hand,first_max_height,min_height,second_max_height,dribbling_frequency,bending_angle,duration
1,0.45455795526504517,0.05825245380401611,0.47446638345718384,1.875,7.277753489300922,16
