hand,first_max_height,min_height,second_max_height,dribbling_frequency,bending_angle,duration
1,0.21224582195281982,-0.07676076889038086,0.16336548328399658,2.307692307692308,36.43547556540871,13
