hand,first_max_height,min_height,second_max_height,dribbling_frequency,bending_angle,duration
1,0.41828644275665283,0.0932500958442688,0.4845218062400818,2.307692307692308,1.1038516911021683,13
