hand,first_max_height,min_height,second_max_height,dribbling_frequency,bending_angle,duration
1,0.30134785175323486,0.07876574993133545,0.29590433835983276,2.0,22.28640746190807,15
