hand,first_max_height,min_height,second_max_height,dribbling_frequency,bending_angle,duration
1,0.012492179870605469,-0.17555850744247437,0.039652109146118164,2.7272727272727275,48.91838015940095,11
