hand,first_max_height,min_height,second_max_height,dribbling_frequency,bending_angle,duration
1,0.4997672438621521,0.036381423473358154,0.47203952074050903,1.7647058823529411,5.55614955635356,17
