hand,first_max_height,min_height,second_max_height,dribbling_frequency,bending_angle,duration
1,0.23937970399856567,-0.15210378170013428,-0.039717912673950195,2.7272727272727275,32.26855456529984,11
