hand,first_max_height,min_height,second_max_height,dribbling_frequency,bending_angle,duration
1,0.5459509491920471,0.053475022315979004,0.5026140809059143,1.7647058823529411,4.756247505440606,17
