hand,first_max_height,min_height,second_max_height,dribbling_frequency,bending_angle,duration
1,0.5372844934463501,0.076271653175354,0.5210729241371155,1.7647058823529411,1.8343896612538242,17
