hand,first_max_height,min_height,second_max_height,dribbling_frequency,bending_angle,duration
1,0.4671698808670044,0.05682939291000366,0.43670332431793213,1.875,1.6848320266039651,16
