hand,first_max_height,min_height,second_max_height,dribbling_frequency,bending_angle,duration
1,0.10295635461807251,-0.22823703289031982,0.38755637407302856,1.7647058823529411,55.4498157390749,17
