hand,first_max_height,min_height,second_max_height,dribbling_frequency,bending_angle,duration
1,-0.05045539140701294,-0.21209275722503662,-0.048203229904174805,2.307692307692308,50.6129190360324,13
