hand,first_max_height,min_height,second_max_height,dribbling_frequency,bending_angle,duration
1,0.36679399013519287,-0.008854985237121582,0.3772134780883789,1.6666666666666665,3.9084186818311375,18
