hand,first_max_height,min_height,second_max_height,dribbling_frequency,bending_angle,duration
1,0.4541190266609192,0.038216471672058105,0.47463399171829224,1.6666666666666665,0.7810581185884312,18
