hand,first_max_height,min_height,second_max_height,dribbling_frequency,bending_angle,duration
1,0.572187066078186,0.050102174282073975,0.48918724060058594,1.6666666666666665,8.291691192132115,18
