hand,first_max_height,min_height,second_max_height,dribbling_frequency,bending_angle,duration
1,0.3481675386428833,0.027505457401275635,0.37274372577667236,2.307692307692308,12.735207092724242,13
