hand,first_max_height,min_height,second_max_height,dribbling_frequency,bending_angle,duration
1,0.5450399518013,0.0819549560546875,0.5443335175514221,1.7647058823529411,13.354455307212415,17
