hand,first_max_height,min_height,second_max_height,dribbling_frequency,bending_angle,duration
1,0.3672826886177063,0.05260777473449707,0.3995513319969177,2.0,8.60319898025215,15
