hand,first_max_height,min_height,second_max_height,dribbling_frequency,bending_angle,duration
1,0.43800997734069824,0.0371476411819458,0.3959731459617615,1.6666666666666665,11.37171710148755,18
