hand,first_max_height,min_height,second_max_height,dribbling_frequency,bending_angle,duration
1,0.602631151676178,0.04336655139923096,0.5646008253097534,1.7647058823529411,9.48572968140786,17
