hand,first_max_height,min_height,second_max_height,dribbling_frequency,bending_angle,duration
1,0.4540838599205017,0.1105576753616333,0.4988664388656616,2.142857142857143,2.1355018808026536,14
