hand,first_max_height,min_height,second_max_height,dribbling_frequency,bending_angle,duration
1,0.06288456916809082,-0.36504030227661133,0.04669022560119629,1.6666666666666665,62.2417298741429,18
