hand,first_max_height,min_height,second_max_height,dribbling_frequency,bending_angle,duration
1,0.4711701273918152,0.03881114721298218,0.5460497140884399,1.6666666666666665,5.651674856162415,18
