hand,first_max_height,min_height,second_max_height,dribbling_frequency,bending_angle,duration
1,0.5947770476341248,0.0621761679649353,0.5204116106033325,1.6666666666666665,8.926351510878646,18
