hand,first_max_height,min_height,second_max_height,dribbling_frequency,bending_angle,duration
1,0.5106955766677856,0.15326738357543945,0.5082867741584778,1.3043478260869565,8.136224075437312,23
