hand,first_max_height,min_height,second_max_height,dribbling_frequency,bending_angle,duration
1,0.26764237880706787,0.042163193225860596,0.36353617906570435,1.7647058823529411,16.21168021180172,17
