hand,first_max_height,min_height,second_max_height,dribbling_frequency,bending_angle,duration
1,0.36844879388809204,0.053075432777404785,0.32223981618881226,2.142857142857143,9.230340477239471,14
