hand,first_max_height,min_height,second_max_height,dribbling_frequency,bending_angle,duration
1,0.09633815288543701,-0.28554636240005493,-0.06425237655639648,2.5,49.91062066327026,12
