hand,first_max_height,min_height,second_max_height,dribbling_frequency,bending_angle,duration
1,0.007531404495239258,-0.19571447372436523,-0.018946349620819092,2.307692307692308,49.842589022252795,13
