hand,first_max_height,min_height,second_max_height,dribbling_frequency,bending_angle,duration
1,0.4181169271469116,0.1081552505493164,0.36579376459121704,1.3636363636363638,7.043913750157702,22
