hand,first_max_height,min_height,second_max_height,dribbling_frequency,bending_angle,duration
1,0.6401583552360535,0.1150749921798706,0.6330044865608215,1.3636363636363638,5.286304635610428,22
