hand,first_max_height,min_height,second_max_height,dribbling_frequency,bending_angle,duration
1,0.4127081632614136,0.0632014274597168,0.35817623138427734,2.0,11.247523954388852,15
