hand,first_max_height,min_height,second_max_height,dribbling_frequency,bending_angle,duration
1,0.5182295441627502,0.09183430671691895,0.552950918674469,1.7647058823529411,3.4614212447386192,17
