hand,first_max_height,min_height,second_max_height,dribbling_frequency,bending_angle,duration
1,0.4188593029975891,0.07959449291229248,0.2477586269378662,2.5,4.174785037172045,12
