hand,first_max_height,min_height,second_max_height,dribbling_frequency,bending_angle,duration
1,0.22879374027252197,0.030996263027191162,0.14800173044204712,2.307692307692308,9.03884885760537,13
