hand,first_max_height,min_height,second_max_height,dribbling_frequency,bending_angle,duration
1,0.36051321029663086,0.008772969245910645,0.4913250803947449,1.875,20.229703022897535,16
