hand,first_max_height,min_height,second_max_height,dribbling_frequency,bending_angle,duration
1,0.49852484464645386,0.09555751085281372,0.5127453804016113,1.6666666666666665,4.749196037437325,18
