hand,first_max_height,min_height,second_max_height,dribbling_frequency,bending_angle,duration
1,0.37033629417419434,-0.01943802833557129,0.3685145378112793,1.7647058823529411,5.845311165304139,17
