hand,first_max_height,min_height,second_max_height,dribbling_frequency,bending_angle,duration
1,0.3801373243331909,0.03996074199676514,0.3927227258682251,1.875,9.793609294461191,16
