hand,first_max_height,min_height,second_max_height,dribbling_frequency,bending_angle,duration
1,0.47989845275878906,0.039086341857910156,0.4513484239578247,1.6666666666666665,5.517317385201939,18
