hand,first_max_height,min_height,second_max_height,dribbling_frequency,bending_angle,duration
1,0.4786297082901001,0.013193726539611816,0.521923303604126,1.6666666666666665,5.988503060614339,18
