hand,first_max_height,min_height,second_max_height,dribbling_frequency,bending_angle,duration
1,0.47781091928482056,0.13608968257904053,0.3874743580818176,2.307692307692308,9.087626997876553,13
