hand,first_max_height,min_height,second_max_height,dribbling_frequency,bending_angle,duration
1,0.19976943731307983,-0.04994851350784302,0.20787250995635986,3.0,30.816850972853935,10
