hand,first_max_height,min_height,second_max_height,dribbling_frequency,bending_angle,duration
1,0.4592415690422058,0.10812002420425415,0.44826745986938477,2.142857142857143,5.397929607220268,14
