hand,first_max_height,min_height,second_max_height,dribbling_frequency,bending_angle,duration
1,0.4462067484855652,0.0822344422340393,0.44133538007736206,1.875,17.4067319728591,16
