hand,first_max_height,min_height,second_max_height,dribbling_frequency,bending_angle,duration
1,0.5137055516242981,0.04171472787857056,0.5383250117301941,1.6666666666666665,2.2347052609641955,18
