hand,first_max_height,min_height,second_max_height,dribbling_frequency,bending_angle,duration
1,0.427105188369751,-0.011680841445922852,0.23937970399856567,2.0,9.200587080841457,15
