hand,first_max_height,min_height,second_max_height,dribbling_frequency,bending_angle,duration
1,0.39803749322891235,-0.023951292037963867,0.40575110912323,1.6666666666666665,20.631452098854318,18
