hand,first_max_height,min_height,second_max_height,dribbling_frequency,bending_angle,duration
1,0.35209184885025024,0.04764145612716675,0.38776540756225586,1.875,12.74511433416234,16
