hand,first_max_height,min_height,second_max_height,dribbling_frequency,bending_angle,duration
1,0.4703133702278137,0.023896753787994385,0.4373747706413269,1.7647058823529411,6.581411465496945,17
