hand,first_max_height,min_height,second_max_height,dribbling_frequency,bending_angle,duration
1,-0.020066440105438232,-0.18550091981887817,0.013474047183990479,2.5,50.70741896052968,12
