hand,first_max_height,min_height,second_max_height,dribbling_frequency,bending_angle,duration
1,0.07914477586746216,-0.17342782020568848,0.5409709215164185,1.6666666666666665,60.05198711417386,18
