hand,first_max_height,min_height,second_max_height,dribbling_frequency,bending_angle,duration
1,0.521923303604126,-0.0037800073623657227,0.5212220549583435,1.7647058823529411,5.4210761972404615,17
