hand,first_max_height,min_height,second_max_height,dribbling_frequency,bending_angle,duration
1,0.4288473129272461,0.08077454566955566,0.42792195081710815,2.0,5.170885546201064,15
