hand,first_max_height,min_height,second_max_height,dribbling_frequency,bending_angle,duration
1,-0.07643687725067139,-0.23119163513183594,0.07927840948104858,2.7272727272727275,56.39287035570708,11
