hand,first_max_height,min_height,second_max_height,dribbling_frequency,bending_angle,duration
1,-0.40600162744522095,-0.5346027612686157,-0.40635523200035095,3.0,80.66297590102552,10
