hand,first_max_height,min_height,second_max_height,dribbling_frequency,bending_angle,duration
1,0.4845218062400818,0.10702377557754517,0.43918102979660034,2.0,0.9554138439048226,15
