hand,first_max_height,min_height,second_max_height,dribbling_frequency,bending_angle,duration
1,0.12618881464004517,-0.06797724962234497,0.12902683019638062,2.307692307692308,32.13449186133461,13
