hand,first_max_height,min_height,second_max_height,dribbling_frequency,bending_angle,duration
1,0.3730124831199646,-0.014037072658538818,0.3473926782608032,1.7647058823529411,6.502032197927396,17
