hand,first_max_height,min_height,second_max_height,dribbling_frequency,bending_angle,duration
1,0.296799898147583,-0.0018732547760009766,0.3141128420829773,1.875,10.673274325276784,16
