hand,first_max_height,min_height,second_max_height,dribbling_frequency,bending_angle,duration
1,0.3587755560874939,-0.04788374900817871,0.393721342086792,1.6666666666666665,26.193142907488532,18
