hand,first_max_height,min_height,second_max_height,dribbling_frequency,bending_angle,duration
1,0.3646121025085449,0.061875343322753906,0.3842460513114929,2.307692307692308,11.771821002358562,13
