hand,first_max_height,min_height,second_max_height,dribbling_frequency,bending_angle,duration
1,0.47282493114471436,0.07624006271362305,0.6106176376342773,1.7647058823529411,6.844886552355311,17
