hand,first_max_height,min_height,second_max_height,dribbling_frequency,bending_angle,duration
1,0.47336769104003906,-0.0010120868682861328,0.4949021339416504,1.6666666666666665,10.203129556317482,18
