hand,first_max_height,min_height,second_max_height,dribbling_frequency,bending_angle,duration
1,0.20836490392684937,-0.04325515031814575,0.27848780155181885,2.142857142857143,36.094655751211405,14
