hand,first_max_height,min_height,second_max_height,dribbling_frequency,bending_angle,duration
1,0.54722660779953,0.010021686553955078,0.40640950202941895,1.875,7.68648834148039,16
