hand,first_max_height,min_height,second_max_height,dribbling_frequency,bending_angle,duration
1,0.3827381134033203,0.04283112287521362,0.32031792402267456,2.142857142857143,23.235177126582357,14
