hand,first_max_height,min_height,second_max_height,dribbling_frequency,bending_angle,duration
1,0.6071453094482422,0.024879932403564453,0.5324910879135132,1.3636363636363638,12.672622478033004,22
