hand,first_max_height,min_height,second_max_height,dribbling_frequency,bending_angle,duration
1,0.2580665946006775,-0.05083584785461426,0.2840801477432251,1.6666666666666665,5.6676764856732635,18
