hand,first_max_height,min_height,second_max_height,dribbling_frequency,bending_angle,duration
1,0.4048709273338318,-0.0044501423835754395,0.4794471263885498,1.6666666666666665,3.1837283385200896,18
