hand,first_max_height,min_height,second_max_height,dribbling_frequency,bending_angle,duration
1,0.11097347736358643,-0.18288087844848633,0.3108142614364624,2.0,55.61672979153955,15
