hand,first_max_height,min_height,second_max_height,dribbling_frequency,bending_angle,duration
1,0.22381657361984253,-0.15260440111160278,0.0666966438293457,2.0,29.057240647725695,15
