hand,first_max_height,min_height,second_max_height,dribbling_frequency,bending_angle,duration
1,0.3396826386451721,0.07753580808639526,0.294014036655426,1.875,9.645788600480419,16
