hand,first_max_height,min_height,second_max_height,dribbling_frequency,bending_angle,duration
1,0.2783534526824951,0.002858579158782959,0.26836639642715454,2.0,29.795003479816447,15
