hand,first_max_height,min_height,second_max_height,dribbling_frequency,bending_angle,duration
1,0.19189453125,-0.13826584815979004,0.23755133152008057,1.875,37.894777735154165,16
