hand,first_max_height,min_height,second_max_height,dribbling_frequency,bending_angle,duration
1,0.07840937376022339,-0.22163158655166626,0.061596691608428955,1.875,53.255068169704494,16
