hand,first_max_height,min_height,second_max_height,dribbling_frequency,bending_angle,duration
1,0.19711261987686157,-0.18405908346176147,0.06800305843353271,2.142857142857143,37.825593378690165,14
