hand,first_max_height,min_height,second_max_height,dribbling_frequency,bending_angle,duration
1,0.5273649096488953,0.015440881252288818,0.5030663013458252,1.875,16.356954427549468,16
