hand,first_max_height,min_height,second_max_height,dribbling_frequency,bending_angle,duration
1,0.5379003882408142,0.03451794385910034,0.4920821189880371,1.6666666666666665,5.871925899445934,18
