hand,first_max_height,min_height,second_max_height,dribbling_frequency,bending_angle,duration
1,0.34881144762039185,0.03347980976104736,0.48042935132980347,1.875,12.136128721519913,16
