hand,first_max_height,min_height,second_max_height,dribbling_frequency,bending_angle,duration
1,0.5836359262466431,0.10779052972793579,0.4835594892501831,1.7647058823529411,4.675807912003855,17
