hand,first_max_height,min_height,second_max_height,dribbling_frequency,bending_angle,duration
1,0.24267089366912842,0.056444406509399414,0.2553674578666687,2.7272727272727275,13.803001639925117,11
