hand,first_max_height,min_height,second_max_height,dribbling_frequency,bending_angle,duration
1,0.511536180973053,0.05601221323013306,0.45302915573120117,1.7647058823529411,7.681454177824682,17
