hand,first_max_height,min_height,second_max_height,dribbling_frequency,bending_angle,duration
1,0.06925415992736816,-0.14435040950775146,0.045999884605407715,2.7272727272727275,49.239864262426984,11
