hand,first_max_height,min_height,second_max_height,dribbling_frequency,bending_angle,duration
1,0.06681555509567261,-0.32799232006073,-0.025645136833190918,2.142857142857143,64.02174916486678,14
