hand,first_max_height,min_height,second_max_height,dribbling_frequency,bending_angle,duration
1,0.15623456239700317,-0.03373223543167114,0.194665789604187,2.307692307692308,22.261997889683453,13
