hand,first_max_height,min_height,second_max_height,dribbling_frequency,bending_angle,duration
1,0.4238671660423279,0.08180415630340576,0.3787729740142822,2.142857142857143,3.369653691340595,14
