hand,first_max_height,min_height,second_max_height,dribbling_frequency,bending_angle,duration
1,0.45230281352996826,0.0613747239112854,0.4998055696487427,1.7647058823529411,9.151225353993814,17
