hand,first_max_height,min_height,second_max_height,dribbling_frequency,bending_angle,duration
1,0.14644771814346313,-0.2255498766899109,0.19925141334533691,2.0,55.82437937303266,15
