hand,first_max_height,min_height,second_max_height,dribbling_frequency,bending_angle,duration
1,0.5460046529769897,0.08146029710769653,0.5656412243843079,1.875,2.748821165200537,16
