hand,first_max_height,min_height,second_max_height,dribbling_frequency,bending_angle,duration
1,0.19091206789016724,-0.07361698150634766,0.2203194499015808,2.0,28.199228679482516,15
