hand,first_max_height,min_height,second_max_height,dribbling_frequency,bending_angle,duration
1,0.07750433683395386,-0.09450048208236694,0.07040441036224365,3.0,46.68252386759291,10
