hand,first_max_height,min_height,second_max_height,dribbling_frequency,bending_angle,duration
1,0.4468478560447693,0.04502028226852417,0.4244881868362427,2.0,14.77230268799559,15
