hand,first_max_height,min_height,second_max_height,dribbling_frequency,bending_angle,duration
1,0.04860454797744751,-0.1852712631225586,0.021315038204193115,2.7272727272727275,44.8466078728365,11
