hand,first_max_height,min_height,second_max_height,dribbling_frequency,bending_angle,duration
1,0.4649037718772888,0.10254496335983276,0.48118484020233154,1.7647058823529411,2.1919804928672235,17
