hand,first_max_height,min_height,second_max_height,dribbling_frequency,bending_angle,duration
1,0.6270894408226013,-0.24736064672470093,0.13574755191802979,1.5789473684210527,13.316201261150654,19
