hand,first_max_height,min_height,second_max_height,dribbling_frequency,bending_angle,duration
1,0.4628586173057556,0.05754375457763672,0.41160285472869873,1.7647058823529411,1.985647583108091,17
