hand,first_max_height,min_height,second_max_height,dribbling_frequency,bending_angle,duration
1,0.448469877243042,0.054685235023498535,0.45769190788269043,1.875,2.874705761396398,16
