hand,first_max_height,min_height,second_max_height,dribbling_frequency,bending_angle,duration
1,-0.016988039016723633,-0.25282639265060425,-0.0027025938034057617,2.142857142857143,57.63043222578552,14
