hand,first_max_height,min_height,second_max_height,dribbling_frequency,bending_angle,duration
1,0.3079161047935486,-0.2333570122718811,0.03665190935134888,1.875,37.5974831936323,16
