hand,first_max_height,min_height,second_max_height,dribbling_frequency,bending_angle,duration
1,0.3987542390823364,0.010562717914581299,0.40426456928253174,1.875,7.811968684096403,16
