hand,first_max_height,min_height,second_max_height,dribbling_frequency,bending_angle,duration
1,0.11553430557250977,-0.1995253562927246,0.05477041006088257,2.142857142857143,50.80985814661846,14
