hand,first_max_height,min_height,second_max_height,dribbling_frequency,bending_angle,duration
1,0.3151845932006836,-0.02361816167831421,0.54494708776474,1.6666666666666665,29.200785432729976,18
