hand,first_max_height,min_height,second_max_height,dribbling_frequency,bending_angle,duration
1,0.5076574087142944,0.04900878667831421,0.46860271692276,1.875,1.8017476436698596,16
