hand,first_max_height,min_height,second_max_height,dribbling_frequency,bending_angle,duration
1,0.48459213972091675,0.14225149154663086,0.48811209201812744,1.5,10.683604010430246,20
