hand,first_max_height,min_height,second_max_height,dribbling_frequency,bending_angle,duration
1,0.3745652437210083,0.020082294940948486,0.4811493754386902,1.6666666666666665,7.682953993820664,18
