hand,first_max_height,min_height,second_max_height,dribbling_frequency,bending_angle,duration
1,0.3976747989654541,0.05567580461502075,0.4268485903739929,2.142857142857143,5.704398807368021,14
