hand,first_max_height,min_height,second_max_height,dribbling_frequency,bending_angle,duration
1,0.32689380645751953,-0.006860673427581787,0.3847101926803589,2.0,13.5153388539834,15
