hand,first_max_height,min_height,second_max_height,dribbling_frequency,bending_angle,duration
1,0.450428307056427,0.08675968647003174,0.45040953159332275,2.0,9.917400864567059,15
