hand,first_max_height,min_height,second_max_height,dribbling_frequency,bending_angle,duration
1,0.37274372577667236,0.016788244247436523,0.3670729994773865,2.142857142857143,9.904673709177862,14
