hand,first_max_height,min_height,second_max_height,dribbling_frequency,bending_angle,duration
1,0.32806676626205444,-0.025072872638702393,0.42320388555526733,1.875,10.015747939263605,16
