hand,first_max_height,min_height,second_max_height,dribbling_frequency,bending_angle,duration
1,0.20787250995635986,-0.06308770179748535,0.1957189440727234,2.7272727272727275,29.968656762395142,11
