hand,first_max_height,min_height,second_max_height,dribbling_frequency,bending_angle,duration
1,-0.0445900559425354,-0.2485406994819641,-0.042859554290771484,2.5,66.92165698851281,12
