hand,first_max_height,min_height,second_max_height,dribbling_frequency,bending_angle,duration
1,0.48186784982681274,0.10805845260620117,0.4498198628425598,1.7647058823529411,2.548218736617107,17
