hand,first_max_height,min_height,second_max_height,dribbling_frequency,bending_angle,duration
1,0.01800161600112915,-0.28168898820877075,0.007033705711364746,2.5,57.95837721121117,12
