hand,first_max_height,min_height,second_max_height,dribbling_frequency,bending_angle,duration
1,0.06299024820327759,-0.2917135953903198,0.03984552621841431,2.142857142857143,62.882769349508074,14
