hand,first_max_height,min_height,second_max_height,dribbling_frequency,bending_angle,duration
1,0.48210209608078003,0.04167449474334717,0.4527665376663208,1.6666666666666665,5.643898071373118,18
