hand,first_max_height,min_height,second_max_height,dribbling_frequency,bending_angle,duration
1,0.4595591425895691,-0.08260965347290039,0.45221906900405884,1.5,16.63579992369925,20
