hand,first_max_height,min_height,second_max_height,dribbling_frequency,bending_angle,duration
1,0.3714795708656311,0.07666826248168945,0.3257012963294983,2.7272727272727275,11.776499724037318,11
