hand,first_max_height,min_height,second_max_height,dribbling_frequency,bending_angle,duration
1,0.3412301540374756,-0.016449272632598877,0.523050844669342,1.7647058823529411,29.368985920735472,17
