hand,first_max_height,min_height,second_max_height,dribbling_frequency,bending_angle,duration
1,0.06986445188522339,-0.1838725209236145,-0.005284249782562256,2.307692307692308,48.5837363982768,13
