hand,first_max_height,min_height,second_max_height,dribbling_frequency,bending_angle,duration
1,0.23668092489242554,-0.05956447124481201,0.20783215761184692,1.875,29.990208223267064,16
