hand,first_max_height,min_height,second_max_height,dribbling_frequency,bending_angle,duration
1,0.2279956340789795,-0.03443056344985962,0.2506222128868103,2.307692307692308,20.34484605904979,13
