hand,first_max_height,min_height,second_max_height,dribbling_frequency,bending_angle,duration
1,0.36334991455078125,0.014994919300079346,0.40166670083999634,2.0,7.41230047540066,15
