hand,first_max_height,min_height,second_max_height,dribbling_frequency,bending_angle,duration
1,0.3973335027694702,0.07526344060897827,0.43039876222610474,2.142857142857143,8.190015493149765,14
