hand,first_max_height,min_height,second_max_height,dribbling_frequency,bending_angle,duration
1,0.6205959916114807,0.0722799301147461,0.608734667301178,1.3043478260869565,5.756130801190752,23
