hand,first_max_height,min_height,second_max_height,dribbling_frequency,bending_angle,duration
1,0.39592546224594116,0.04112398624420166,0.39522212743759155,1.875,1.5919451442714836,16
