hand,first_max_height,min_height,second_max_height,dribbling_frequency,bending_angle,duration
1,0.1809714436531067,-0.04669630527496338,0.19492775201797485,2.142857142857143,18.54130014433118,14
