hand,first_max_height,min_height,second_max_height,dribbling_frequency,bending_angle,duration
1,0.44822317361831665,0.019982457160949707,0.5200347304344177,1.6666666666666665,2.58060541563719,18
