hand,first_max_height,min_height,second_max_height,dribbling_frequency,bending_angle,duration
1,0.42640894651412964,0.006444990634918213,0.30953449010849,2.142857142857143,10.357219614285421,14
