hand,first_max_height,min_height,second_max_height,dribbling_frequency,bending_angle,duration
1,0.36559420824050903,-0.00405573844909668,0.2977789640426636,2.0,4.426634386710793,15
