hand,first_max_height,min_height,second_max_height,dribbling_frequency,bending_angle,duration
1,0.38664907217025757,-0.001922309398651123,0.4130550026893616,2.142857142857143,33.704385276955655,14
