hand,first_max_height,min_height,second_max_height,dribbling_frequency,bending_angle,duration
1,0.460135817527771,0.024271011352539062,0.43530386686325073,1.6666666666666665,6.508643720203219,18
