hand,first_max_height,min_height,second_max_height,dribbling_frequency,bending_angle,duration
1,0.5911701917648315,0.026101529598236084,0.5571390390396118,1.7647058823529411,6.053544034644434,17
