hand,first_max_height,min_height,second_max_height,dribbling_frequency,bending_angle,duration
1,0.43797314167022705,0.07322442531585693,0.47431087493896484,1.5789473684210527,2.7640535606625183,19
