hand,first_max_height,min_height,second_max_height,dribbling_frequency,bending_angle,duration
1,0.2977789640426636,-0.07290047407150269,0.0991053581237793,2.5,8.337744697530958,12
