hand,first_max_height,min_height,second_max_height,dribbling_frequency,bending_angle,duration
1,0.01576077938079834,-0.191636860370636,0.0016655921936035156,2.307692307692308,47.577364616370616,13
