hand,first_max_height,min_height,second_max_height,dribbling_frequency,bending_angle,duration
1,-0.03192073106765747,-0.16280120611190796,0.15444034337997437,3.0,59.99282886848652,10
