hand,first_max_height,min_height,second_max_height,dribbling_frequency,bending_angle,duration
1,0.07886022329330444,-0.2280978560447693,0.03963732719421387,2.142857142857143,53.0948987845701,14
