hand,first_max_height,min_height,second_max_height,dribbling_frequency,bending_angle,duration
1,-0.17599254846572876,-0.25809502601623535,-0.14290601015090942,2.7272727272727275,58.315967425329745,11
