hand,first_max_height,min_height,second_max_height,dribbling_frequency,bending_angle,duration
1,0.3820388913154602,0.004937708377838135,0.4079873561859131,1.5789473684210527,4.094554716595412,19
