hand,first_max_height,min_height,second_max_height,dribbling_frequency,bending_angle,duration
1,0.3924126625061035,0.10758203268051147,0.3810558319091797,2.142857142857143,6.007288975042873,14
