hand,first_max_height,min_height,second_max_height,dribbling_frequency,bending_angle,duration
1,0.47724419832229614,0.06883573532104492,0.4638676047325134,2.0,5.810420901786698,15
