hand,first_max_height,min_height,second_max_height,dribbling_frequency,bending_angle,duration
1,0.0010355114936828613,-0.15182602405548096,0.003789663314819336,2.7272727272727275,59.98036400825468,11
