hand,first_max_height,min_height,second_max_height,dribbling_frequency,bending_angle,duration
1,0.32314711809158325,0.031397223472595215,0.352885901927948,2.142857142857143,10.329195411235396,14
