hand,first_max_height,min_height,second_max_height,dribbling_frequency,bending_angle,duration
1,0.5736123919487,0.05255848169326782,0.4878796935081482,1.6666666666666665,6.411315843426612,18
