hand,first_max_height,min_height,second_max_height,dribbling_frequency,bending_angle,duration
1,0.33103835582733154,-0.0224459171295166,0.3229728937149048,1.875,10.128604518213125,16
