hand,first_max_height,min_height,second_max_height,dribbling_frequency,bending_angle,duration
1,0.28386980295181274,0.07656455039978027,0.39900314807891846,2.307692307692308,18.216548013707897,13
