hand,first_max_height,min_height,second_max_height,dribbling_frequency,bending_angle,duration
1,0.08638036251068115,-0.14029115438461304,0.07342123985290527,2.7272727272727275,48.41520980837214,11
