hand,first_max_height,min_height,second_max_height,dribbling_frequency,bending_angle,duration
1,0.14041286706924438,-0.2639123201370239,0.0019450783729553223,2.0,50.310906988916734,15
