hand,first_max_height,min_height,second_max_height,dribbling_frequency,bending_angle,duration
1,0.5042148232460022,0.05121254920959473,0.4302409887313843,1.7647058823529411,6.895842511695296,17
