hand,first_max_height,min_height,second_max_height,dribbling_frequency,bending_angle,duration
1,0.4150998592376709,-0.006440162658691406,0.422899067401886,1.875,8.907145098922971,16
