hand,first_max_height,min_height,second_max_height,dribbling_frequency,bending_angle,duration
1,-0.14082175493240356,-0.35267752408981323,-0.1582520604133606,2.7272727272727275,63.15210617388072,11
