hand,first_max_height,min_height,second_max_height,dribbling_frequency,bending_angle,duration
1,0.4125347137451172,0.02042233943939209,0.4031224846839905,1.7647058823529411,6.030785601119249,17
