hand,first_max_height,min_height,second_max_height,dribbling_frequency,bending_angle,duration
1,0.41828978061676025,-0.019678115844726562,0.38784927129745483,2.142857142857143,15.09589656844948,14
