hand,first_max_height,min_height,second_max_height,dribbling_frequency,bending_angle,duration
1,0.5769898295402527,0.07173597812652588,0.5215235352516174,1.3636363636363638,5.299686582686531,22
