hand,first_max_height,min_height,second_max_height,dribbling_frequency,bending_angle,duration
1,0.48118484020233154,0.10229891538619995,0.3814017176628113,1.7647058823529411,0.5089245591222924,17
