hand,first_max_height,min_height,second_max_height,dribbling_frequency,bending_angle,duration
1,0.2682992219924927,-0.11067181825637817,0.14487141370773315,2.0,28.559638441756423,15
