hand,first_max_height,min_height,second_max_height,dribbling_frequency,bending_angle,duration
1,0.5556761026382446,0.06275731325149536,0.5792940258979797,1.875,13.679909164857909,16
