hand,first_max_height,min_height,second_max_height,dribbling_frequency,bending_angle,duration
1,0.2637166380882263,-0.059149324893951416,0.24975508451461792,2.0,29.907287842994958,15
