hand,first_max_height,min_height,second_max_height,dribbling_frequency,bending_angle,duration
1,0.4704688787460327,0.04459357261657715,0.392223596572876,1.5789473684210527,9.758785109827498,19
