hand,first_max_height,min_height,second_max_height,dribbling_frequency,bending_angle,duration
1,0.5905017852783203,-0.024749815464019775,0.583602786064148,1.7647058823529411,17.82283750210831,17
