hand,first_max_height,min_height,second_max_height,dribbling_frequency,bending_angle,duration
1,0.49273931980133057,0.06462275981903076,0.45886123180389404,1.7647058823529411,5.086094442052089,17
