hand,first_max_height,min_height,second_max_height,dribbling_frequency,bending_angle,duration
1,0.5505326390266418,0.05483132600784302,0.48230212926864624,1.6666666666666665,1.9863820609478804,18
