hand,first_max_height,min_height,second_max_height,dribbling_frequency,bending_angle,duration
1,-0.018946349620819092,-0.24986279010772705,-0.022150516510009766,2.0,51.40809750390416,15
