hand,first_max_height,min_height,second_max_height,dribbling_frequency,bending_angle,duration
1,0.4930875301361084,0.006897091865539551,0.3828730583190918,1.875,10.10585290186778,16
