hand,first_max_height,min_height,second_max_height,dribbling_frequency,bending_angle,duration
1,0.38029974699020386,0.08990800380706787,0.4905282258987427,2.0,5.940090558271179,15
