hand,first_max_height,min_height,second_max_height,dribbling_frequency,bending_angle,duration
1,0.45862263441085815,0.06800788640975952,0.4067232012748718,1.875,3.3210984376524104,16
