hand,first_max_height,min_height,second_max_height,dribbling_frequency,bending_angle,duration
1,0.42430204153060913,0.04179579019546509,0.5408160090446472,1.875,5.395877274208072,16
