hand,first_max_height,min_height,second_max_height,dribbling_frequency,bending_angle,duration
1,0.10839593410491943,-0.22035086154937744,0.5222849249839783,1.5,56.422982000510935,20
