hand,first_max_height,min_height,second_max_height,dribbling_frequency,bending_angle,duration
1,-0.007704317569732666,-0.38931596279144287,-0.13028603792190552,2.307692307692308,45.51376707951814,13
