hand,first_max_height,min_height,second_max_height,dribbling_frequency,bending_angle,duration
1,-0.09837627410888672,-0.24060523509979248,-0.13833212852478027,3.0,71.97914099476267,10
