hand,first_max_height,min_height,second_max_height,dribbling_frequency,bending_angle,duration
1,0.35191959142684937,0.15596091747283936,0.3820715546607971,2.7272727272727275,3.4070646723632505,11
