hand,first_max_height,min_height,second_max_height,dribbling_frequency,bending_angle,duration
1,0.47745180130004883,-0.09583425521850586,-0.029345214366912842,2.307692307692308,17.01169436621161,13
