hand,first_max_height,min_height,second_max_height,dribbling_frequency,bending_angle,duration
1,0.5637043714523315,0.005715727806091309,0.5530681610107422,1.6666666666666665,13.833229323400735,18
