hand,first_max_height,min_height,second_max_height,dribbling_frequency,bending_angle,duration
1,0.4248015284538269,0.0347173810005188,0.4189990162849426,1.875,10.018633406409998,16
