hand,first_max_height,min_height,second_max_height,dribbling_frequency,bending_angle,duration
1,0.30358225107192993,-0.06715625524520874,0.2887747883796692,1.875,27.557406936660076,16
