hand,first_max_height,min_height,second_max_height,dribbling_frequency,bending_angle,duration
1,0.4670848250389099,0.07726418972015381,0.436661958694458,2.0,4.648279166390425,15
