hand,first_max_height,min_height,second_max_height,dribbling_frequency,bending_angle,duration
1,-0.25947970151901245,-0.403934508562088,-0.23572522401809692,3.0,73.01229118062352,10
