hand,first_max_height,min_height,second_max_height,dribbling_frequency,bending_angle,duration
1,-0.1702965497970581,-0.3524460792541504,-0.2493622899055481,2.7272727272727275,71.62681825088127,11
