hand,first_max_height,min_height,second_max_height,dribbling_frequency,bending_angle,duration
1,0.18888330459594727,-0.23004311323165894,0.17023813724517822,1.875,51.4098083193248,16
