hand,first_max_height,min_height,second_max_height,dribbling_frequency,bending_angle,duration
1,0.554791271686554,0.11656266450881958,0.6010136008262634,1.6666666666666665,7.262855928932427,18
