hand,first_max_height,min_height,second_max_height,dribbling_frequency,bending_angle,duration
1,0.46387267112731934,0.0041370391845703125,0.4321081042289734,1.875,11.180199591261928,16
