hand,first_max_height,min_height,second_max_height,dribbling_frequency,bending_angle,duration
1,0.34952622652053833,-0.05985337495803833,0.10725098848342896,2.307692307692308,23.27140226319513,13
