hand,first_max_height,min_height,second_max_height,dribbling_frequency,bending_angle,duration
1,0.20700889825820923,-0.2872963547706604,0.057661354541778564,1.875,49.76040865040765,16
