hand,first_max_height,min_height,second_max_height,dribbling_frequency,bending_angle,duration
1,-0.024140655994415283,-0.1799812912940979,0.03918331861495972,3.0,59.83540853057244,10
