hand,first_max_height,min_height,second_max_height,dribbling_frequency,bending_angle,duration
1,0.45881521701812744,0.08848792314529419,0.40582895278930664,2.0,3.204177919931475,15
