hand,first_max_height,min_height,second_max_height,dribbling_frequency,bending_angle,duration
1,0.538455605506897,0.03038501739501953,0.4988256096839905,1.7647058823529411,8.60691678611547,17
