hand,first_max_height,min_height,second_max_height,dribbling_frequency,bending_angle,duration
1,0.17276185750961304,-0.057661592960357666,0.19671159982681274,2.142857142857143,31.2286610716849,14
