hand,first_max_height,min_height,second_max_height,dribbling_frequency,bending_angle,duration
1,0.4189990162849426,0.06842350959777832,0.4031180143356323,2.0,8.401114472703217,15
