hand,first_max_height,min_height,second_max_height,dribbling_frequency,bending_angle,duration
1,-0.08167970180511475,-0.3041285276412964,-0.18842989206314087,2.5,64.39414424960121,12
