hand,first_max_height,min_height,second_max_height,dribbling_frequency,bending_angle,duration
1,0.5152020454406738,0.07179099321365356,0.48512691259384155,1.7647058823529411,2.2657444616051916,17
