hand,first_max_height,min_height,second_max_height,dribbling_frequency,bending_angle,duration
1,0.46167922019958496,7.092952728271484e-05,0.4643287658691406,1.875,17.50462788910448,16
