hand,first_max_height,min_height,second_max_height,dribbling_frequency,bending_angle,duration
1,0.4675982594490051,0.08315688371658325,0.5579480528831482,1.875,0.714978237011439,16
