hand,first_max_height,min_height,second_max_height,dribbling_frequency,bending_angle,duration
1,-0.05477142333984375,-0.19428807497024536,-0.03781503438949585,2.7272727272727275,64.61265336006166,11
