hand,first_max_height,min_height,second_max_height,dribbling_frequency,bending_angle,duration
1,0.22445696592330933,-0.11180567741394043,0.3506218194961548,1.875,44.55724543935677,16
