hand,first_max_height,min_height,second_max_height,dribbling_frequency,bending_angle,duration
1,0.4576151967048645,0.0668897032737732,0.46085184812545776,1.5789473684210527,14.38370601635025,19
