hand,first_max_height,min_height,second_max_height,dribbling_frequency,bending_angle,duration
1,0.3533173203468323,-0.035964012145996094,0.403900682926178,1.875,14.402558381914197,16
