hand,first_max_height,min_height,second_max_height,dribbling_frequency,bending_angle,duration
1,0.45287686586380005,0.03931158781051636,0.44134408235549927,1.875,5.482604954702797,16
