hand,first_max_height,min_height,second_max_height,dribbling_frequency,bending_angle,duration
1,0.403900682926178,-0.0011762380599975586,0.3843114376068115,1.875,8.625127716706254,16
