hand,first_max_height,min_height,second_max_height,dribbling_frequency,bending_angle,duration
1,-0.19698315858840942,-0.3459159731864929,-0.1662048101425171,2.7272727272727275,73.33069467500417,11
