hand,first_max_height,min_height,second_max_height,dribbling_frequency,bending_angle,duration
1,0.5327940583229065,0.12928879261016846,0.5017973780632019,1.875,2.643977965623725,16
