hand,first_max_height,min_height,second_max_height,dribbling_frequency,bending_angle,duration
1,0.44532138109207153,0.05113053321838379,0.43065136671066284,2.0,3.8184252758650596,15
