hand,first_max_height,min_height,second_max_height,dribbling_frequency,bending_angle,duration
1,0.30412375926971436,0.018563687801361084,0.27761954069137573,2.307692307692308,15.35496728394175,13
