hand,first_max_height,min_height,second_max_height,dribbling_frequency,bending_angle,duration
1,0.4808645248413086,0.07662492990493774,0.49558109045028687,1.875,5.187338247220405,16
