hand,first_max_height,min_height,second_max_height,dribbling_frequency,bending_angle,duration
1,0.008893132209777832,-0.17296850681304932,0.16304785013198853,2.307692307692308,49.21709051592062,13
