hand,first_max_height,min_height,second_max_height,dribbling_frequency,bending_angle,duration
1,0.5026412606239319,0.018549799919128418,0.5046492218971252,1.5789473684210527,5.143577923170671,19
