hand,first_max_height,min_height,second_max_height,dribbling_frequency,bending_angle,duration
1,0.3685145378112793,-0.0058855414390563965,0.401180624961853,1.7647058823529411,5.960747070832791,17
