hand,first_max_height,min_height,second_max_height,dribbling_frequency,bending_angle,duration
1,0.1481332778930664,-0.08622157573699951,0.13920652866363525,3.0,43.60854389072013,10
