hand,first_max_height,min_height,second_max_height,dribbling_frequency,bending_angle,duration
1,0.3837466239929199,0.014100313186645508,0.54291170835495,1.6666666666666665,12.546756404728951,18
