hand,first_max_height,min_height,second_max_height,dribbling_frequency,bending_angle,duration
1,0.31825441122055054,-0.04585123062133789,0.3458583950996399,1.5789473684210527,5.553703562882322,19
