hand,first_max_height,min_height,second_max_height,dribbling_frequency,bending_angle,duration
1,0.41160285472869873,0.0014661550521850586,0.4097209572792053,1.6666666666666665,3.270727919358645,18
