hand,first_max_height,min_height,second_max_height,dribbling_frequency,bending_angle,duration
1,0.0464286208152771,-0.22569966316223145,0.0686568021774292,2.142857142857143,59.012391005779165,14
