hand,first_max_height,min_height,second_max_height,dribbling_frequency,bending_angle,duration
1,0.3141128420829773,-0.022058486938476562,0.2969334125518799,1.875,7.747658274761828,16
