hand,first_max_height,min_height,second_max_height,dribbling_frequency,bending_angle,duration
1,-0.2493622899055481,-0.3708084225654602,-0.25648850202560425,3.0,73.39778208195409,10
