hand,first_max_height,min_height,second_max_height,dribbling_frequency,bending_angle,duration
1,0.45018458366394043,0.029947936534881592,0.46489977836608887,1.7647058823529411,15.588738227336936,17
