hand,first_max_height,min_height,second_max_height,dribbling_frequency,bending_angle,duration
1,0.3152924180030823,0.0015854835510253906,0.5628335475921631,2.0,17.7648255814693,15
