hand,first_max_height,min_height,second_max_height,dribbling_frequency,bending_angle,duration
1,-0.05726814270019531,-0.20485341548919678,-0.010514914989471436,2.5,52.97090682633946,12
