hand,first_max_height,min_height,second_max_height,dribbling_frequency,bending_angle,duration
1,0.445553183555603,0.005296945571899414,0.44921690225601196,1.7647058823529411,7.4004839690951165,17
