hand,first_max_height,min_height,second_max_height,dribbling_frequency,bending_angle,duration
1,0.166046142578125,0.022020459175109863,0.2659652829170227,3.0,33.760329921963745,10
