hand,first_max_height,min_height,second_max_height,dribbling_frequency,bending_angle,duration
1,0.28256547451019287,0.05954766273498535,0.27137380838394165,2.142857142857143,24.185506770719847,14
