hand,first_max_height,min_height,second_max_height,dribbling_frequency,bending_angle,duration
1,0.47960513830184937,0.06906074285507202,0.38449275493621826,1.875,7.5111642209841945,16
