hand,first_max_height,min_height,second_max_height,dribbling_frequency,bending_angle,duration
1,0.35540151596069336,0.06637650728225708,0.3659055829048157,1.875,8.793298811250766,16
