hand,first_max_height,min_height,second_max_height,dribbling_frequency,bending_angle,duration
1,0.14802449941635132,-0.2706342935562134,0.1041296124458313,1.6666666666666665,58.74114185781336,18
