hand,first_max_height,min_height,second_max_height,dribbling_frequency,bending_angle,duration
1,0.16304785013198853,-0.026688039302825928,0.4051724076271057,2.307692307692308,30.26779290448655,13
