hand,first_max_height,min_height,second_max_height,dribbling_frequency,bending_angle,duration
1,0.2101285457611084,-0.2915297746658325,0.3444870114326477,1.5,46.62933022202847,20
