hand,first_max_height,min_height,second_max_height,dribbling_frequency,bending_angle,duration
1,0.6466777920722961,0.06145584583282471,0.590349018573761,1.5789473684210527,2.283349815084365,19
