hand,first_max_height,min_height,second_max_height,dribbling_frequency,bending_angle,duration
1,0.46801406145095825,0.02893286943435669,0.44511687755584717,2.0,6.672203781839801,15
