hand,first_max_height,min_height,second_max_height,dribbling_frequency,bending_angle,duration
1,0.14506304264068604,-0.09598910808563232,0.11210763454437256,2.5,42.9561805014611,12
