hand,first_max_height,min_height,second_max_height,dribbling_frequency,bending_angle,duration
1,0.6199599504470825,-0.0321422815322876,0.2870791554450989,1.7647058823529411,9.343823109485852,17
