hand,first_max_height,min_height,second_max_height,dribbling_frequency,bending_angle,duration
1,0.4459376335144043,-0.006564319133758545,0.463800847530365,1.875,10.792824024763215,16
