hand,first_max_height,min_height,second_max_height,dribbling_frequency,bending_angle,duration
1,0.41058558225631714,-0.025367558002471924,0.4162476062774658,1.7647058823529411,21.31542441709005,17
