hand,first_max_height,min_height,second_max_height,dribbling_frequency,bending_angle,duration
1,0.497802734375,0.15742260217666626,0.5632035136222839,1.5789473684210527,9.579487957938454,19
