hand,first_max_height,min_height,second_max_height,dribbling_frequency,bending_angle,duration
1,0.3541456460952759,0.0007734298706054688,0.5890960693359375,1.7647058823529411,24.818247087248913,17
