hand,first_max_height,min_height,second_max_height,dribbling_frequency,bending_angle,duration
1,0.3732683062553406,0.034142255783081055,0.3392205238342285,2.0,4.592719494409252,15
