hand,first_max_height,min_height,second_max_height,dribbling_frequency,bending_angle,duration
1,-0.1301504373550415,-0.206210196018219,-0.08480989933013916,2.307692307692308,53.38412074869923,13
