hand,first_max_height,min_height,second_max_height,dribbling_frequency,bending_angle,duration
1,0.2722012996673584,-0.03407341241836548,0.25413137674331665,1.875,27.131945346736234,16
