hand,first_max_height,min_height,second_max_height,dribbling_frequency,bending_angle,duration
1,-0.07137811183929443,-0.2627679109573364,-0.034773290157318115,2.142857142857143,57.48336104839839,14
