hand,first_max_height,min_height,second_max_height,dribbling_frequency,bending_angle,duration
1,0.1710139513015747,-0.24663156270980835,0.09883636236190796,2.0,55.77476282791647,15
