hand,first_max_height,min_height,second_max_height,dribbling_frequency,bending_angle,duration
1,0.42341965436935425,0.12161862850189209,0.4400310516357422,2.142857142857143,4.906929194204425,14
