hand,first_max_height,min_height,second_max_height,dribbling_frequency,bending_angle,duration
1,0.12902683019638062,-0.08942008018493652,0.14918291568756104,2.0,29.917200910814095,15
