hand,first_max_height,min_height,second_max_height,dribbling_frequency,bending_angle,duration
1,0.09883636236190796,-0.24966025352478027,0.12774288654327393,2.0,57.16093880654439,15
