hand,first_max_height,min_height,second_max_height,dribbling_frequency,bending_angle,duration
1,0.33231228590011597,0.03405773639678955,0.3942757248878479,2.142857142857143,12.341723234267125,14
