hand,first_max_height,min_height,second_max_height,dribbling_frequency,bending_angle,duration
1,-0.02289605140686035,-0.20795667171478271,-0.010342299938201904,2.142857142857143,46.10648091213625,14
