hand,first_max_height,min_height,second_max_height,dribbling_frequency,bending_angle,duration
1,-0.05913883447647095,-0.25063109397888184,0.3933473229408264,1.875,62.40520347849834,16
