hand,first_max_height,min_height,second_max_height,dribbling_frequency,bending_angle,duration
1,0.5382311344146729,0.06385016441345215,0.44174402952194214,1.875,10.636653644694393,16
