hand,first_max_height,min_height,second_max_height,dribbling_frequency,bending_angle,duration
1,0.5239952802658081,0.034256041049957275,0.511751651763916,1.6666666666666665,3.5524446209504714,18
