hand,first_max_height,min_height,second_max_height,dribbling_frequency,bending_angle,duration
1,0.44577473402023315,0.01794964075088501,0.3079161047935486,1.875,12.288715774725313,16
