hand,first_max_height,min_height,second_max_height,dribbling_frequency,bending_angle,duration
1,0.5480186939239502,0.09011650085449219,0.48880112171173096,1.875,2.388893017296629,16
