hand,first_max_height,min_height,second_max_height,dribbling_frequency,bending_angle,duration
1,0.5145531296730042,0.08153051137924194,0.5177570581436157,1.875,2.1109025299279387,16
