hand,first_max_height,min_height,second_max_height,dribbling_frequency,bending_angle,duration
1,0.37380701303482056,0.041415512561798096,0.2650941014289856,2.7272727272727275,14.182755408476998,11
