hand,first_max_height,min_height,second_max_height,dribbling_frequency,bending_angle,duration
1,0.12623733282089233,-0.25586986541748047,0.14684134721755981,1.7647058823529411,60.30258593022139,17
