hand,first_max_height,min_height,second_max_height,dribbling_frequency,bending_angle,duration
1,0.45970451831817627,0.14228034019470215,0.4120350480079651,2.0,1.8042302077809553,15
