hand,first_max_height,min_height,second_max_height,dribbling_frequency,bending_angle,duration
1,0.37822866439819336,-0.05266928672790527,0.309403657913208,2.0,15.853860826957062,15
