hand,first_max_height,min_height,second_max_height,dribbling_frequency,bending_angle,duration
1,0.48230212926864624,0.030599594116210938,0.5614602565765381,1.5789473684210527,7.262968768583845,19
