hand,first_max_height,min_height,second_max_height,dribbling_frequency,bending_angle,duration
1,-0.08341693878173828,-0.2311353087425232,0.45749539136886597,2.142857142857143,65.7628401845265,14
