hand,first_max_height,min_height,second_max_height,dribbling_frequency,bending_angle,duration
1,0.3749641180038452,0.05648791790008545,0.39223217964172363,2.0,12.886442326125863,15
