hand,first_max_height,min_height,second_max_height,dribbling_frequency,bending_angle,duration
1,0.06843006610870361,-0.271084725856781,0.00910937786102295,2.0,56.49679159899403,15
