hand,first_max_height,min_height,second_max_height,dribbling_frequency,bending_angle,duration
1,0.3790806531906128,0.0183260440826416,0.4327273964881897,1.6666666666666665,6.723569255292477,18
