hand,first_max_height,min_height,second_max_height,dribbling_frequency,bending_angle,duration
1,0.43827009201049805,0.055445730686187744,0.5314379334449768,1.6666666666666665,14.693968791022522,18
