hand,first_max_height,min_height,second_max_height,dribbling_frequency,bending_angle,duration
1,0.352885901927948,0.03179335594177246,0.35572564601898193,2.0,9.631554918430988,15
