hand,first_max_height,min_height,second_max_height,dribbling_frequency,bending_angle,duration
1,0.28951960802078247,-0.07592660188674927,0.43840163946151733,2.0,40.236866121313874,15
