hand,first_max_height,min_height,second_max_height,dribbling_frequency,bending_angle,duration
1,0.5103772282600403,0.1106107234954834,0.49852484464645386,1.6666666666666665,3.219274336482969,18
