hand,first_max_height,min_height,second_max_height,dribbling_frequency,bending_angle,duration
1,0.5348140597343445,0.07186698913574219,0.48358964920043945,1.7647058823529411,5.278265282819037,17
