hand,first_max_height,min_height,second_max_height,dribbling_frequency,bending_angle,duration
1,0.08181363344192505,-0.20135951042175293,0.03175342082977295,2.307692307692308,53.16284846304326,13
