hand,first_max_height,min_height,second_max_height,dribbling_frequency,bending_angle,duration
1,-0.009045124053955078,-0.34123706817626953,0.1108207106590271,1.6666666666666665,60.76034705607809,18
