hand,first_max_height,min_height,second_max_height,dribbling_frequency,bending_angle,duration
1,0.03572547435760498,-0.3255084753036499,0.06299024820327759,2.0,64.05080191242715,15
