hand,first_max_height,min_height,second_max_height,dribbling_frequency,bending_angle,duration
1,0.4028847813606262,-0.022445321083068848,0.4629501700401306,1.7647058823529411,20.79190689228622,17
