hand,first_max_height,min_height,second_max_height,dribbling_frequency,bending_angle,duration
1,0.3549402356147766,0.12513494491577148,0.4518998861312866,1.5789473684210527,7.555170718661298,19
