hand,first_max_height,min_height,second_max_height,dribbling_frequency,bending_angle,duration
1,0.5087340474128723,0.01728755235671997,0.4268004298210144,1.5,1.9171805032067484,20
