hand,first_max_height,min_height,second_max_height,dribbling_frequency,bending_angle,duration
1,0.06291687488555908,-0.13267642259597778,0.030575573444366455,2.7272727272727275,52.23169192710569,11
