hand,first_max_height,min_height,second_max_height,dribbling_frequency,bending_angle,duration
1,0.5320696234703064,0.0014749765396118164,0.5016018748283386,1.875,27.182188710751962,16
