hand,first_max_height,min_height,second_max_height,dribbling_frequency,bending_angle,duration
1,0.0799940824508667,-0.26526951789855957,0.060643553733825684,1.875,61.505082297902476,16
