hand,first_max_height,min_height,second_max_height,dribbling_frequency,bending_angle,duration
1,0.5001846551895142,-0.011984288692474365,0.5264241099357605,1.5,7.5020292535486375,20
