hand,first_max_height,min_height,second_max_height,dribbling_frequency,bending_angle,duration
1,0.4045347571372986,0.03808903694152832,0.3883521556854248,1.875,3.953196497539887,16
