hand,first_max_height,min_height,second_max_height,dribbling_frequency,bending_angle,duration
1,-0.08969658613204956,-0.3176530599594116,-0.07250869274139404,2.307692307692308,67.37930272713639,13
