hand,first_max_height,min_height,second_max_height,dribbling_frequency,bending_angle,duration
1,-0.1823897361755371,-0.31802594661712646,-0.21889197826385498,3.0,69.01982544309381,10
