hand,first_max_height,min_height,second_max_height,dribbling_frequency,bending_angle,duration
1,0.281887948513031,0.006916403770446777,0.34014391899108887,1.6666666666666665,25.5201500772201,18
