hand,first_max_height,min_height,second_max_height,dribbling_frequency,bending_angle,duration
1,0.08124834299087524,-0.3086469769477844,0.04383927583694458,1.7647058823529411,55.880393538847756,17
