hand,first_max_height,min_height,second_max_height,dribbling_frequency,bending_angle,duration
1,0.3770226836204529,-0.09246444702148438,0.0012794733047485352,2.7272727272727275,18.870744070999287,11
