hand,first_max_height,min_height,second_max_height,dribbling_frequency,bending_angle,duration
1,0.04669022560119629,-0.3658304214477539,0.07806926965713501,1.6666666666666665,63.41336313699183,18
