hand,first_max_height,min_height,second_max_height,dribbling_frequency,bending_angle,duration
1,0.43242591619491577,0.05742812156677246,0.37560051679611206,2.142857142857143,3.7450294865148805,14
