hand,first_max_height,min_height,second_max_height,dribbling_frequency,bending_angle,duration
1,0.4247654676437378,0.024915754795074463,0.39519625902175903,1.875,11.372021206705021,16
