hand,first_max_height,min_height,second_max_height,dribbling_frequency,bending_angle,duration
1,0.49368107318878174,0.03291541337966919,0.412739098072052,2.142857142857143,6.770332400565715,14
