hand,first_max_height,min_height,second_max_height,dribbling_frequency,bending_angle,duration
1,0.4812331199645996,0.059745609760284424,0.47049909830093384,2.142857142857143,3.7445249039274304,14
