hand,first_max_height,min_height,second_max_height,dribbling_frequency,bending_angle,duration
1,-0.2991182804107666,-0.3614819049835205,0.5324037671089172,1.5789473684210527,71.06175521289308,19
