hand,first_max_height,min_height,second_max_height,dribbling_frequency,bending_angle,duration
1,-0.011723756790161133,-0.39476171135902405,-0.12648731470108032,2.307692307692308,62.46223596350742,13
