hand,first_max_height,min_height,second_max_height,dribbling_frequency,bending_angle,duration
1,0.4701693654060364,0.012554407119750977,0.43473172187805176,1.875,6.936038412104685,16
