hand,first_max_height,min_height,second_max_height,dribbling_frequency,bending_angle,duration
1,0.45810866355895996,0.02406299114227295,0.49814730882644653,1.7647058823529411,8.857743525078734,17
