hand,first_max_height,min_height,second_max_height,dribbling_frequency,bending_angle,duration
1,0.10454672574996948,-0.3332361578941345,0.06080913543701172,1.7647058823529411,61.36050720924832,17
