hand,first_max_height,min_height,second_max_height,dribbling_frequency,bending_angle,duration
1,-0.05378878116607666,-0.26919126510620117,-0.1514318585395813,3.0,53.02636215012442,10
