hand,first_max_height,min_height,second_max_height,dribbling_frequency,bending_angle,duration
1,0.023887693881988525,-0.16082686185836792,0.07884931564331055,2.5,51.97918036106965,12
