hand,first_max_height,min_height,second_max_height,dribbling_frequency,bending_angle,duration
1,0.4408194422721863,0.060478925704956055,0.4244212508201599,1.875,5.617993533588636,16
