hand,first_max_height,min_height,second_max_height,dribbling_frequency,bending_angle,duration
1,0.35925549268722534,0.16451603174209595,0.3608992099761963,3.0,1.1317006065930162,10
