hand,first_max_height,min_height,second_max_height,dribbling_frequency,bending_angle,duration
1,0.42174839973449707,0.0563579797744751,0.45567786693573,1.875,9.002447647383274,16
