hand,first_max_height,min_height,second_max_height,dribbling_frequency,bending_angle,duration
1,0.47782057523727417,-0.023297011852264404,0.46434950828552246,1.6666666666666665,6.957339071727229,18
