hand,first_max_height,min_height,second_max_height,dribbling_frequency,bending_angle,duration
1,0.5649526715278625,0.06493878364562988,0.5450399518013,1.875,12.66496009883209,16
