hand,first_max_height,min_height,second_max_height,dribbling_frequency,bending_angle,duration
1,0.4285033345222473,0.05478900671005249,0.42179447412490845,1.875,4.667241340993007,16
