hand,first_max_height,min_height,second_max_height,dribbling_frequency,bending_angle,duration
1,0.2865927815437317,-0.034354209899902344,0.23164334893226624,2.0,15.4715856971218,15
