hand,first_max_height,min_height,second_max_height,dribbling_frequency,bending_angle,duration
1,0.3891565203666687,0.019498467445373535,0.3706889748573303,1.875,19.971080212737814,16
