hand,first_max_height,min_height,second_max_height,dribbling_frequency,bending_angle,duration
1,0.48880112171173096,0.010673820972442627,0.49568724632263184,1.7647058823529411,1.310678770201456,17
