hand,first_max_height,min_height,second_max_height,dribbling_frequency,bending_angle,duration
1,0.041887521743774414,-0.16693097352981567,0.047715723514556885,2.7272727272727275,46.79066939452825,11
