hand,first_max_height,min_height,second_max_height,dribbling_frequency,bending_angle,duration
1,0.15813219547271729,-0.07917332649230957,0.1823887825012207,2.7272727272727275,31.41999772543206,11
