hand,first_max_height,min_height,second_max_height,dribbling_frequency,bending_angle,duration
1,0.4181019067764282,-0.04432588815689087,0.09177327156066895,2.5,17.198165775045165,12
