hand,first_max_height,min_height,second_max_height,dribbling_frequency,bending_angle,duration
1,0.4032588601112366,0.02817767858505249,0.427482545375824,1.6666666666666665,5.2738801624555744,18
