hand,first_max_height,min_height,second_max_height,dribbling_frequency,bending_angle,duration
1,0.5040758848190308,0.02022838592529297,0.5838912725448608,1.5789473684210527,2.9445029896175816,19
