hand,first_max_height,min_height,second_max_height,dribbling_frequency,bending_angle,duration
1,0.401180624961853,0.013629794120788574,0.44450414180755615,1.875,6.706364437083836,16
