hand,first_max_height,min_height,second_max_height,dribbling_frequency,bending_angle,duration
1,-0.07078146934509277,-0.312774121761322,-0.12612801790237427,2.307692307692308,64.32221221097939,13
