hand,first_max_height,min_height,second_max_height,dribbling_frequency,bending_angle,duration
1,0.029174745082855225,-0.2149830460548401,0.007531404495239258,2.307692307692308,49.99646768176624,13
