hand,first_max_height,min_height,second_max_height,dribbling_frequency,bending_angle,duration
1,0.5640257596969604,0.04949450492858887,0.5909042358398438,1.7647058823529411,12.88118765038464,17
