hand,first_max_height,min_height,second_max_height,dribbling_frequency,bending_angle,duration
1,0.4782552719116211,-0.03095376491546631,0.48206645250320435,1.875,22.20368610585826,16
