hand,first_max_height,min_height,second_max_height,dribbling_frequency,bending_angle,duration
1,0.5012246370315552,0.02044987678527832,0.4925774335861206,1.875,18.251869183077808,16
