hand,first_max_height,min_height,second_max_height,dribbling_frequency,bending_angle,duration
1,0.4923585057258606,0.04258459806442261,0.5135708451271057,1.875,16.564006721125068,16
