hand,first_max_height,min_height,second_max_height,dribbling_frequency,bending_angle,duration
1,0.156280517578125,-0.11640733480453491,0.19995814561843872,2.0,28.666316290851878,15
