hand,first_max_height,min_height,second_max_height,dribbling_frequency,bending_angle,duration
1,0.4196093678474426,0.05535763502120972,0.3838083744049072,1.875,1.16635679453078,16
