hand,first_max_height,min_height,second_max_height,dribbling_frequency,bending_angle,duration
1,0.5589671730995178,0.03453636169433594,0.5613430142402649,1.5,9.164950180046434,20
