hand,first_max_height,min_height,second_max_height,dribbling_frequency,bending_angle,duration
1,0.272910475730896,-0.01503753662109375,0.27645576000213623,1.6666666666666665,24.485121548941073,18
