hand,first_max_height,min_height,second_max_height,dribbling_frequency,bending_angle,duration
1,0.48169177770614624,0.018621742725372314,0.471416711807251,1.6666666666666665,12.58842295384524,18
