hand,first_max_height,min_height,second_max_height,dribbling_frequency,bending_angle,duration
1,0.40545177459716797,-0.0018811821937561035,0.3953675627708435,2.0,9.169443015691472,15
