hand,first_max_height,min_height,second_max_height,dribbling_frequency,bending_angle,duration
1,0.47371751070022583,0.029622554779052734,0.43800997734069824,1.7647058823529411,11.310712053758875,17
