hand,first_max_height,min_height,second_max_height,dribbling_frequency,bending_angle,duration
1,0.6286012530326843,0.09992331266403198,0.6205959916114807,1.3636363636363638,3.8415476618791775,22
