hand,first_max_height,min_height,second_max_height,dribbling_frequency,bending_angle,duration
1,0.45105475187301636,-0.21986782550811768,0.09230029582977295,1.875,13.615945411256973,16
