hand,first_max_height,min_height,second_max_height,dribbling_frequency,bending_angle,duration
1,0.20366066694259644,0.05038648843765259,0.26227521896362305,3.0,15.839691392809444,10
