hand,first_max_height,min_height,second_max_height,dribbling_frequency,bending_angle,duration
1,-0.22628694772720337,-0.3173419237136841,-0.1369936466217041,3.0,72.82517662758454,10
