hand,first_max_height,min_height,second_max_height,dribbling_frequency,bending_angle,duration
1,0.5074973106384277,0.03756910562515259,0.46420717239379883,1.875,19.64533809230994,16
