hand,first_max_height,min_height,second_max_height,dribbling_frequency,bending_angle,duration
1,0.42844158411026,0.07448685169219971,0.4691559076309204,1.6666666666666665,5.336047364896054,18
