hand,first_max_height,min_height,second_max_height,dribbling_frequency,bending_angle,duration
1,0.3246869444847107,-0.027019023895263672,0.3472440242767334,1.6666666666666665,27.365694910086745,18
