hand,first_max_height,min_height,second_max_height,dribbling_frequency,bending_angle,duration
1,-0.16531533002853394,-0.2648022770881653,-0.13058185577392578,3.0,67.95160445091125,10
