hand,first_max_height,min_height,second_max_height,dribbling_frequency,bending_angle,duration
1,0.21891534328460693,0.023863792419433594,0.20184707641601562,3.0,27.471981918749755,10
