hand,first_max_height,min_height,second_max_height,dribbling_frequency,bending_angle,duration
1,0.23342329263687134,-0.06015855073928833,0.49716436862945557,2.0,38.648668701698284,15
