hand,first_max_height,min_height,second_max_height,dribbling_frequency,bending_angle,duration
1,0.5127436518669128,0.037686288356781006,0.5215548872947693,1.875,11.858740308901668,16
