hand,first_max_height,min_height,second_max_height,dribbling_frequency,bending_angle,duration
1,0.2218261957168579,-0.012254297733306885,0.15623456239700317,2.7272727272727275,20.92824795732655,11
