hand,first_max_height,min_height,second_max_height,dribbling_frequency,bending_angle,duration
1,0.06268590688705444,-0.24403226375579834,-0.012310802936553955,2.307692307692308,57.216578094192535,13
