hand,first_max_height,min_height,second_max_height,dribbling_frequency,bending_angle,duration
1,0.46659690141677856,0.07268786430358887,0.4824202060699463,1.875,3.2511534315524324,16
