hand,first_max_height,min_height,second_max_height,dribbling_frequency,bending_angle,duration
1,0.28922605514526367,-0.020999670028686523,0.05689704418182373,3.0,23.09121433005835,10
