hand,first_max_height,min_height,second_max_height,dribbling_frequency,bending_angle,duration
1,0.5017973780632019,0.09673416614532471,0.5121275186538696,1.875,1.9426221207499081,16
