hand,first_max_height,min_height,second_max_height,dribbling_frequency,bending_angle,duration
1,0.22066134214401245,-0.20109325647354126,0.15129828453063965,2.142857142857143,38.14382388678478,14
