hand,first_max_height,min_height,second_max_height,dribbling_frequency,bending_angle,duration
1,0.2708469033241272,-0.05470097064971924,0.4285552501678467,2.0,34.33355491408634,15
