hand,first_max_height,min_height,second_max_height,dribbling_frequency,bending_angle,duration
1,0.13053929805755615,-0.18605756759643555,0.09782016277313232,1.875,44.70657947105679,16
