hand,first_max_height,min_height,second_max_height,dribbling_frequency,bending_angle,duration
1,0.3632775545120239,0.053878843784332275,0.30412375926971436,2.307692307692308,9.129236643023972,13
