hand,first_max_height,min_height,second_max_height,dribbling_frequency,bending_angle,duration
1,0.4572012424468994,0.08636510372161865,0.5327940583229065,1.875,1.146293830544634,16
