hand,first_max_height,min_height,second_max_height,dribbling_frequency,bending_angle,duration
1,0.3969572186470032,0.09686613082885742,0.3318677544593811,2.307692307692308,12.731800047678712,13
