hand,first_max_height,min_height,second_max_height,dribbling_frequency,bending_angle,duration
1,-0.06024742126464844,-0.26450085639953613,-0.05823701620101929,2.307692307692308,60.29966811537678,13
