hand,first_max_height,min_height,second_max_height,dribbling_frequency,bending_angle,duration
1,0.3241763710975647,0.0751604437828064,0.3920018672943115,2.307692307692308,16.663963344293855,13
