hand,first_max_height,min_height,second_max_height,dribbling_frequency,bending_angle,duration
1,0.13249439001083374,-0.06878519058227539,0.1319236159324646,2.7272727272727275,44.13335654543979,11
