hand,first_max_height,min_height,second_max_height,dribbling_frequency,bending_angle,duration
1,0.3810558319091797,0.11073189973831177,0.3849891424179077,2.142857142857143,8.36735693567433,14
