hand,first_max_height,min_height,second_max_height,dribbling_frequency,bending_angle,duration
1,0.4813026785850525,0.14443379640579224,0.5108862519264221,1.875,1.2350996434178227,16
