hand,first_max_height,min_height,second_max_height,dribbling_frequency,bending_angle,duration
1,0.22140491008758545,0.05790972709655762,0.3279076814651489,2.142857142857143,8.667280478611685,14
