hand,first_max_height,min_height,second_max_height,dribbling_frequency,bending_angle,duration
1,0.48512691259384155,0.10358750820159912,0.48915207386016846,1.875,1.0648984463048146,16
