hand,first_max_height,min_height,second_max_height,dribbling_frequency,bending_angle,duration
1,0.5172869563102722,0.15990781784057617,0.4916682839393616,2.5,5.906091649260673,12
