hand,first_max_height,min_height,second_max_height,dribbling_frequency,bending_angle,duration
1,0.4633095860481262,-0.01609063148498535,0.47498834133148193,1.875,23.166660128034266,16
