hand,first_max_height,min_height,second_max_height,dribbling_frequency,bending_angle,duration
1,-0.049286067485809326,-0.27710622549057007,-0.0515325665473938,2.7272727272727275,63.1583747220002,11
