hand,first_max_height,min_height,second_max_height,dribbling_frequency,bending_angle,duration
1,0.5111293196678162,0.07977050542831421,0.45186346769332886,2.307692307692308,13.570919341749939,13
