hand,first_max_height,min_height,second_max_height,dribbling_frequency,bending_angle,duration
1,0.30930614471435547,0.02109050750732422,0.28250354528427124,2.307692307692308,19.681815770176343,13
