hand,first_max_height,min_height,second_max_height,dribbling_frequency,bending_angle,duration
1,0.3881872296333313,0.04909926652908325,0.4665325880050659,2.0,2.9924657781827904,15
