hand,first_max_height,min_height,second_max_height,dribbling_frequency,bending_angle,duration
1,0.05968731641769409,-0.22624415159225464,0.07767647504806519,2.307692307692308,54.06258971293168,13
