hand,first_max_height,min_height,second_max_height,dribbling_frequency,bending_angle,duration
1,0.4031224846839905,0.03441882133483887,0.6270894408226013,1.6666666666666665,5.312175408504234,18
