hand,first_max_height,min_height,second_max_height,dribbling_frequency,bending_angle,duration
1,0.009311378002166748,-0.1773449182510376,-0.021275103092193604,2.5,53.634606706220396,12
