hand,first_max_height,min_height,second_max_height,dribbling_frequency,bending_angle,duration
1,0.5224783420562744,0.024858534336090088,0.4786297082901001,1.7647058823529411,5.4290105414618886,17
