hand,first_max_height,min_height,second_max_height,dribbling_frequency,bending_angle,duration
1,0.4835594892501831,0.09323680400848389,0.4289602041244507,1.875,5.919202105571501,16
