hand,first_max_height,min_height,second_max_height,dribbling_frequency,bending_angle,duration
1,0.3529796600341797,0.05267977714538574,0.4121968746185303,1.875,4.744996683458306,16
