hand,first_max_height,min_height,second_max_height,dribbling_frequency,bending_angle,duration
1,0.46392571926116943,0.08376890420913696,0.3934750556945801,2.142857142857143,7.612104127297775,14
