hand,first_max_height,min_height,second_max_height,dribbling_frequency,bending_angle,duration
1,0.5177570581436157,0.08042466640472412,0.4599781632423401,1.875,1.8197690798521715,16
