hand,first_max_height,min_height,second_max_height,dribbling_frequency,bending_angle,duration
1,-0.04891610145568848,-0.24130535125732422,0.3309265971183777,1.7647058823529411,56.814913606320935,17
