hand,first_max_height,min_height,second_max_height,dribbling_frequency,bending_angle,duration
1,0.4278116226196289,0.0218275785446167,0.43126773834228516,1.6666666666666665,5.692156545665771,18
