hand,first_max_height,min_height,second_max_height,dribbling_frequency,bending_angle,duration
1,0.548218846321106,0.08332782983779907,0.5182295441627502,1.875,2.856367520143794,16
