hand,first_max_height,min_height,second_max_height,dribbling_frequency,bending_angle,duration
1,0.3706889748573303,0.01233905553817749,0.3779628276824951,1.875,20.384075252747714,16
