hand,first_max_height,min_height,second_max_height,dribbling_frequency,bending_angle,duration
1,0.16050028800964355,-0.16837215423583984,0.1463562250137329,2.142857142857143,46.08559006268613,14
