hand,first_max_height,min_height,second_max_height,dribbling_frequency,bending_angle,duration
1,0.5555342435836792,0.04607510566711426,0.5435108542442322,1.6666666666666665,7.637771102768315,18
