hand,first_max_height,min_height,second_max_height,dribbling_frequency,bending_angle,duration
1,0.48918724060058594,0.052520155906677246,0.5484395623207092,1.5789473684210527,6.5236366650528606,19
