hand,first_max_height,min_height,second_max_height,dribbling_frequency,bending_angle,duration
1,-0.0989270806312561,-0.2674628496170044,0.3412301540374756,2.142857142857143,70.68534860423941,14
