hand,first_max_height,min_height,second_max_height,dribbling_frequency,bending_angle,duration
1,0.2175120711326599,-0.10735225677490234,0.13394546508789062,2.142857142857143,31.690983846755003,14
