hand,first_max_height,min_height,second_max_height,dribbling_frequency,bending_angle,duration
1,0.04368835687637329,-0.2832838296890259,0.15161240100860596,1.5789473684210527,55.744694350444796,19
