hand,first_max_height,min_height,second_max_height,dribbling_frequency,bending_angle,duration
1,0.2659652829170227,0.06202811002731323,0.3241857886314392,2.5,13.756285935819621,12
