hand,first_max_height,min_height,second_max_height,dribbling_frequency,bending_angle,duration
1,0.5858410000801086,-0.03490924835205078,0.525145411491394,1.3043478260869565,19.124092248123123,23
