hand,first_max_height,min_height,second_max_height,dribbling_frequency,bending_angle,duration
1,0.39375197887420654,0.023100972175598145,0.3862704038619995,1.875,7.798285754623483,16
