hand,first_max_height,min_height,second_max_height,dribbling_frequency,bending_angle,duration
1,0.548206090927124,0.1679210066795349,0.4542323350906372,2.307692307692308,2.2666375084205215,13
