hand,first_max_height,min_height,second_max_height,dribbling_frequency,bending_angle,duration
1,0.15303963422775269,-0.12207406759262085,0.15934151411056519,2.307692307692308,36.416816398702714,13
