hand,first_max_height,min_height,second_max_height,dribbling_frequency,bending_angle,duration
1,0.48132210969924927,0.016138672828674316,0.4624568223953247,2.0,9.217203509537553,15
