hand,first_max_height,min_height,second_max_height,dribbling_frequency,bending_angle,duration
1,0.46202707290649414,-0.030477821826934814,0.4992091655731201,1.5,15.48363931474077,20
