hand,first_max_height,min_height,second_max_height,dribbling_frequency,bending_angle,duration
1,0.13957422971725464,-0.09679383039474487,0.04789400100708008,2.5,44.299088401463955,12
