hand,first_max_height,min_height,second_max_height,dribbling_frequency,bending_angle,duration
1,0.05379486083984375,-0.15060359239578247,0.05031418800354004,3.0,44.045874833098935,10
