hand,first_max_height,min_height,second_max_height,dribbling_frequency,bending_angle,duration
1,0.29199153184890747,-0.02360355854034424,0.3191111087799072,1.5,24.496733291513706,20
