hand,first_max_height,min_height,second_max_height,dribbling_frequency,bending_angle,duration
1,0.3919128179550171,0.06311231851577759,0.40807050466537476,2.0,11.161902608639409,15
