hand,first_max_height,min_height,second_max_height,dribbling_frequency,bending_angle,duration
1,0.3402707576751709,0.10056006908416748,0.4016714096069336,2.142857142857143,6.299569930772625,14
