hand,first_max_height,min_height,second_max_height,dribbling_frequency,bending_angle,duration
1,0.26861244440078735,0.009604871273040771,0.2388523817062378,2.0,29.56708051811138,15
