hand,first_max_height,min_height,second_max_height,dribbling_frequency,bending_angle,duration
1,0.042855143547058105,-0.14332938194274902,0.0886189341545105,2.5,43.52757928797016,12
