hand,first_max_height,min_height,second_max_height,dribbling_frequency,bending_angle,duration
1,0.48578912019729614,-0.002737760543823242,0.45573776960372925,1.6666666666666665,15.02606240073997,18
