hand,first_max_height,min_height,second_max_height,dribbling_frequency,bending_angle,duration
1,0.5146378874778748,0.013695478439331055,0.5559894442558289,1.7647058823529411,9.264125940749837,17
