hand,first_max_height,min_height,second_max_height,dribbling_frequency,bending_angle,duration
1,0.541579008102417,0.07739710807800293,0.565478503704071,1.7647058823529411,10.553121702959174,17
