hand,first_max_height,min_height,second_max_height,dribbling_frequency,bending_angle,duration
1,-0.011892616748809814,-0.2670292854309082,0.33316314220428467,2.142857142857143,62.41363371691967,14
