hand,first_max_height,min_height,second_max_height,dribbling_frequency,bending_angle,duration
1,0.4393081068992615,0.04364955425262451,0.41879338026046753,1.4285714285714284,9.524489040812387,21
