hand,first_max_height,min_height,second_max_height,dribbling_frequency,bending_angle,duration
1,0.3705896735191345,0.037108004093170166,0.33808356523513794,1.875,3.7653169173647205,16
