hand,first_max_height,min_height,second_max_height,dribbling_frequency,bending_angle,duration
1,0.4111443758010864,0.04481029510498047,0.40702784061431885,2.0,12.613796047209911,15
