hand,first_max_height,min_height,second_max_height,dribbling_frequency,bending_angle,duration
1,0.4419161081314087,0.0537835955619812,0.42034614086151123,1.875,13.767799140702396,16
