hand,first_max_height,min_height,second_max_height,dribbling_frequency,bending_angle,duration
1,0.4002596139907837,0.024400293827056885,0.47788166999816895,1.875,15.777703934379048,16
