hand,first_max_height,min_height,second_max_height,dribbling_frequency,bending_angle,duration
1,0.3995513319969177,0.028212666511535645,0.3594628572463989,2.0,5.89577982768801,15
