hand,first_max_height,min_height,second_max_height,dribbling_frequency,bending_angle,duration
1,0.35203319787979126,-0.05385088920593262,0.3571728467941284,1.7647058823529411,25.822424966393104,17
