hand,first_max_height,min_height,second_max_height,dribbling_frequency,bending_angle,duration
1,0.42034614086151123,0.010877728462219238,0.3791564702987671,1.7647058823529411,12.87714764957847,17
