hand,first_max_height,min_height,second_max_height,dribbling_frequency,bending_angle,duration
1,0.21923398971557617,-0.0067626237869262695,0.5629067420959473,1.6666666666666665,33.641772882964915,18
