hand,first_max_height,min_height,second_max_height,dribbling_frequency,bending_angle,duration
1,0.39505326747894287,0.0647706389427185,0.407611608505249,1.7647058823529411,1.575592357722027,17
