hand,first_max_height,min_height,second_max_height,dribbling_frequency,bending_angle,duration
1,0.44235360622406006,-0.015533208847045898,0.47720789909362793,1.6666666666666665,5.746201998232599,18
