hand,first_max_height,min_height,second_max_height,dribbling_frequency,bending_angle,duration
1,0.4065277576446533,0.007939636707305908,0.34921324253082275,2.0,7.277421682169326,15
