hand,first_max_height,min_height,second_max_height,dribbling_frequency,bending_angle,duration
1,0.400473415851593,0.027190983295440674,0.34942227602005005,2.0,4.677293652706738,15
