hand,first_max_height,min_height,second_max_height,dribbling_frequency,bending_angle,duration
1,0.4423754811286926,-0.21059292554855347,0.19713258743286133,1.6666666666666665,19.888347843805366,18
