hand,first_max_height,min_height,second_max_height,dribbling_frequency,bending_angle,duration
1,0.42248570919036865,0.06607955694198608,0.3893665075302124,1.875,11.895016622673024,16
