hand,first_max_height,min_height,second_max_height,dribbling_frequency,bending_angle,duration
1,0.43472862243652344,0.0502171516418457,0.42296910285949707,2.0,11.471050607844752,15
