hand,first_max_height,min_height,second_max_height,dribbling_frequency,bending_angle,duration
1,0.32867079973220825,0.06296026706695557,0.33558279275894165,2.0,13.544970038882541,15
