hand,first_max_height,min_height,second_max_height,dribbling_frequency,bending_angle,duration
1,0.4502880573272705,0.02087467908859253,0.4326213598251343,1.7647058823529411,3.930584003599277,17
