hand,first_max_height,min_height,second_max_height,dribbling_frequency,bending_angle,duration
1,0.5878309607505798,0.06561702489852905,0.6213923692703247,1.3636363636363638,10.53550795530613,22
