hand,first_max_height,min_height,second_max_height,dribbling_frequency,bending_angle,duration
1,0.49316108226776123,0.042627573013305664,0.45566362142562866,1.875,7.2444463412830755,16
