hand,first_max_height,min_height,second_max_height,dribbling_frequency,bending_angle,duration
1,0.0565456748008728,-0.2312600016593933,-0.014671146869659424,2.307692307692308,43.43901160616465,13
