hand,first_max_height,min_height,second_max_height,dribbling_frequency,bending_angle,duration
1,0.30178868770599365,0.038616836071014404,0.3108066916465759,2.307692307692308,26.679248625680376,13
