hand,first_max_height,min_height,second_max_height,dribbling_frequency,bending_angle,duration
1,-0.07426697015762329,-0.3516911268234253,-0.04275602102279663,2.142857142857143,66.32735083861124,14
