hand,first_max_height,min_height,second_max_height,dribbling_frequency,bending_angle,duration
1,-0.0023558735847473145,-0.32051193714141846,-0.05545163154602051,2.142857142857143,62.913239198719495,14
