hand,first_max_height,min_height,second_max_height,dribbling_frequency,bending_angle,duration
1,0.6056442260742188,0.08090144395828247,0.5255465507507324,1.7647058823529411,3.334163242386625,17
