hand,first_max_height,min_height,second_max_height,dribbling_frequency,bending_angle,duration
1,0.4321632981300354,0.03201436996459961,0.45515012741088867,1.875,3.705867372001304,16
