hand,first_max_height,min_height,second_max_height,dribbling_frequency,bending_angle,duration
1,0.45731425285339355,0.036582112312316895,0.5073351860046387,1.7647058823529411,6.879352948539073,17
