hand,first_max_height,min_height,second_max_height,dribbling_frequency,bending_angle,duration
1,0.4448574185371399,0.05296897888183594,0.41526854038238525,1.875,2.4697651129000824,16
