hand,first_max_height,min_height,second_max_height,dribbling_frequency,bending_angle,duration
1,0.39223217964172363,0.0430525541305542,0.3241763710975647,2.307692307692308,14.988908125442082,13
