hand,first_max_height,min_height,second_max_height,dribbling_frequency,bending_angle,duration
1,0.47632139921188354,0.012425005435943604,0.4881129264831543,1.5,7.197396293375114,20
