hand,first_max_height,min_height,second_max_height,dribbling_frequency,bending_angle,duration
1,0.48215585947036743,0.005694389343261719,0.43920576572418213,1.6666666666666665,3.672211494425713,18
