hand,first_max_height,min_height,second_max_height,dribbling_frequency,bending_angle,duration
1,0.3848488926887512,-0.03787577152252197,0.33730262517929077,1.6666666666666665,24.877110028574972,18
