hand,first_max_height,min_height,second_max_height,dribbling_frequency,bending_angle,duration
1,0.5920952558517456,0.06915879249572754,0.5942602157592773,1.4285714285714284,8.464928953553182,21
