hand,first_max_height,min_height,second_max_height,dribbling_frequency,bending_angle,duration
1,-0.05823701620101929,-0.25595617294311523,-0.07137811183929443,2.0,57.36319459051065,15
