hand,first_max_height,min_height,second_max_height,dribbling_frequency,bending_angle,duration
1,0.46109211444854736,0.007020711898803711,0.4473420977592468,1.7647058823529411,6.3445194409761685,17
