hand,first_max_height,min_height,second_max_height,dribbling_frequency,bending_angle,duration
1,0.06549596786499023,-0.24658316373825073,-0.04891610145568848,2.5,53.64451448116766,12
