hand,first_max_height,min_height,second_max_height,dribbling_frequency,bending_angle,duration
1,0.25677919387817383,-0.01050955057144165,0.2218261957168579,2.5,23.581447794567456,12
