hand,first_max_height,min_height,second_max_height,dribbling_frequency,bending_angle,duration
1,0.4679003357887268,0.015114784240722656,0.5110122561454773,1.7647058823529411,5.328851603739028,17
