hand,first_max_height,min_height,second_max_height,dribbling_frequency,bending_angle,duration
1,0.013474047183990479,-0.15335673093795776,-0.0232810378074646,2.307692307692308,46.565343695096516,13
