hand,first_max_height,min_height,second_max_height,dribbling_frequency,bending_angle,duration
1,0.30500924587249756,-0.05856508016586304,0.14529341459274292,2.307692307692308,34.89452436331033,13
