hand,first_max_height,min_height,second_max_height,dribbling_frequency,bending_angle,duration
1,-0.20402389764785767,-0.3096943497657776,0.002208113670349121,2.5,68.76455175029817,12
