hand,first_max_height,min_height,second_max_height,dribbling_frequency,bending_angle,duration
1,0.4517899751663208,0.057502806186676025,0.4469043016433716,2.142857142857143,13.467087046645942,14
