hand,first_max_height,min_height,second_max_height,dribbling_frequency,bending_angle,duration
1,0.27168750762939453,0.07566255331039429,0.2784111499786377,2.142857142857143,26.0163846581401,14
