hand,first_max_height,min_height,second_max_height,dribbling_frequency,bending_angle,duration
1,0.09500002861022949,-0.09551358222961426,0.2785990238189697,2.7272727272727275,46.25523348224089,11
