hand,first_max_height,min_height,second_max_height,dribbling_frequency,bending_angle,duration
1,-0.18001824617385864,-0.38896721601486206,-0.2554243803024292,2.5,68.45540552854405,12
