hand,first_max_height,min_height,second_max_height,dribbling_frequency,bending_angle,duration
1,0.05477041006088257,-0.20926159620285034,0.048000872135162354,2.142857142857143,50.88180152206763,14
