hand,first_max_height,min_height,second_max_height,dribbling_frequency,bending_angle,duration
1,0.47584545612335205,-0.011986076831817627,0.3589945435523987,1.875,21.812327937556887,16
