hand,first_max_height,min_height,second_max_height,dribbling_frequency,bending_angle,duration
1,0.2773142457008362,0.11359643936157227,0.22879374027252197,2.7272727272727275,9.572981669050076,11
