hand,first_max_height,min_height,second_max_height,dribbling_frequency,bending_angle,duration
1,0.15351349115371704,-0.09676259756088257,0.1173812747001648,2.142857142857143,32.796740956527685,14
