hand,first_max_height,min_height,second_max_height,dribbling_frequency,bending_angle,duration
1,0.5002386569976807,-0.010444045066833496,0.4866785407066345,1.5,10.473526416354654,20
