hand,first_max_height,min_height,second_max_height,dribbling_frequency,bending_angle,duration
1,0.338726282119751,0.02075105905532837,0.28588366508483887,2.0,7.206077392457144,15
