hand,first_max_height,min_height,second_max_height,dribbling_frequency,bending_angle,duration
1,-0.20055562257766724,-0.3562633991241455,-0.23336857557296753,2.7272727272727275,68.58877803360465,11
