hand,first_max_height,min_height,second_max_height,dribbling_frequency,bending_angle,duration
1,0.42818683385849,0.004240214824676514,0.4104337692260742,1.6666666666666665,18.502732176769406,18
