hand,first_max_height,min_height,second_max_height,dribbling_frequency,bending_angle,duration
1,0.36579376459121704,0.07993423938751221,0.2609419822692871,1.875,7.000305240383138,16
