hand,first_max_height,min_height,second_max_height,dribbling_frequency,bending_angle,duration
1,0.10225838422775269,-0.2410362958908081,0.04123574495315552,2.5,49.78649810490416,12
