hand,first_max_height,min_height,second_max_height,dribbling_frequency,bending_angle,duration
1,0.1492186188697815,-0.1179502010345459,0.19224488735198975,2.142857142857143,46.95127671098009,14
