hand,first_max_height,min_height,second_max_height,dribbling_frequency,bending_angle,duration
1,0.47908198833465576,-0.0033640265464782715,0.5380202531814575,1.5789473684210527,8.472262369525808,19
