hand,first_max_height,min_height,second_max_height,dribbling_frequency,bending_angle,duration
1,0.4088016152381897,-0.013649463653564453,0.42818683385849,1.6666666666666665,18.944357813086103,18
