hand,first_max_height,min_height,second_max_height,dribbling_frequency,bending_angle,duration
1,0.257140576839447,-0.061628639698028564,0.2999995946884155,1.875,31.02076629489469,16
