hand,first_max_height,min_height,second_max_height,dribbling_frequency,bending_angle,duration
1,0.5799640417098999,0.027955710887908936,0.5402681827545166,1.875,8.126597208352287,16
