hand,first_max_height,min_height,second_max_height,dribbling_frequency,bending_angle,duration
1,0.341879665851593,-0.006511270999908447,0.3646613359451294,1.7647058823529411,12.877477802792658,17
