hand,first_max_height,min_height,second_max_height,dribbling_frequency,bending_angle,duration
1,0.43167930841445923,0.009394168853759766,0.539013683795929,1.7647058823529411,18.70684297478746,17
