hand,first_max_height,min_height,second_max_height,dribbling_frequency,bending_angle,duration
1,0.007033705711364746,-0.2054135799407959,0.17474812269210815,2.307692307692308,54.56807708123555,13
