hand,first_max_height,min_height,second_max_height,dribbling_frequency,bending_angle,duration
1,0.3694184422492981,-0.09867751598358154,-0.017464935779571533,2.7272727272727275,18.20291634590937,11
