hand,first_max_height,min_height,second_max_height,dribbling_frequency,bending_angle,duration
1,0.4334903955459595,0.1138496994972229,0.39724087715148926,2.142857142857143,1.1294921727289258,14
