hand,first_max_height,min_height,second_max_height,dribbling_frequency,bending_angle,duration
1,0.49563705921173096,0.07547008991241455,0.45078325271606445,1.7647058823529411,2.558948932122758,17
