hand,first_max_height,min_height,second_max_height,dribbling_frequency,bending_angle,duration
1,0.056835830211639404,-0.3185548782348633,0.0079728364944458,1.875,62.16392528116158,16
