hand,first_max_height,min_height,second_max_height,dribbling_frequency,bending_angle,duration
1,0.11339378356933594,-0.11868155002593994,0.11800903081893921,2.142857142857143,42.88013558386908,14
