hand,first_max_height,min_height,second_max_height,dribbling_frequency,bending_angle,duration
1,0.4672039747238159,0.011557400226593018,0.5340018272399902,1.6666666666666665,6.285517110389388,18
