hand,first_max_height,min_height,second_max_height,dribbling_frequency,bending_angle,duration
1,0.46558916568756104,0.02839946746826172,0.2553229331970215,1.5789473684210527,8.520638425627157,19
