hand,first_max_height,min_height,second_max_height,dribbling_frequency,bending_angle,duration
1,0.34502434730529785,0.019580423831939697,0.29663097858428955,2.307692307692308,26.895481750692312,13
