hand,first_max_height,min_height,second_max_height,dribbling_frequency,bending_angle,duration
1,0.5322479009628296,0.07479512691497803,0.4876229166984558,1.7647058823529411,3.2550425496355464,17
