hand,first_max_height,min_height,second_max_height,dribbling_frequency,bending_angle,duration
1,0.2890123128890991,-0.06816530227661133,0.5087761878967285,2.0,34.93804246155563,15
