hand,first_max_height,min_height,second_max_height,dribbling_frequency,bending_angle,duration
1,0.3061312437057495,-0.005827903747558594,0.296799898147583,2.0,12.833614070718317,15
