hand,first_max_height,min_height,second_max_height,dribbling_frequency,bending_angle,duration
1,0.5088111162185669,0.009424149990081787,0.48207199573516846,1.6666666666666665,7.505771357674164,18
