hand,first_max_height,min_height,second_max_height,dribbling_frequency,bending_angle,duration
1,0.5000356435775757,0.0841934084892273,0.4670848250389099,1.875,4.332631470589801,16
