hand,first_max_height,min_height,second_max_height,dribbling_frequency,bending_angle,duration
1,0.42777758836746216,0.09722918272018433,0.4163517951965332,1.875,2.085470449661551,16
