hand,first_max_height,min_height,second_max_height,dribbling_frequency,bending_angle,duration
1,0.42365914583206177,-0.09265017509460449,0.16050028800964355,2.0,11.07056174077573,15
