hand,first_max_height,min_height,second_max_height,dribbling_frequency,bending_angle,duration
1,0.28087300062179565,-0.0387270450592041,0.25256091356277466,1.875,32.007629872344914,16
