hand,first_max_height,min_height,second_max_height,dribbling_frequency,bending_angle,duration
1,0.4327273964881897,0.03273719549179077,0.4831004738807678,1.6666666666666665,4.918176944121951,18
