hand,first_max_height,min_height,second_max_height,dribbling_frequency,bending_angle,duration
1,-0.13833212852478027,-0.28174465894699097,-0.1589820384979248,2.7272727272727275,72.34138187872193,11
