hand,first_max_height,min_height,second_max_height,dribbling_frequency,bending_angle,duration
1,0.4747709035873413,-0.009258508682250977,0.4495994448661804,1.5789473684210527,8.312921460821517,19
