hand,first_max_height,min_height,second_max_height,dribbling_frequency,bending_angle,duration
1,0.3623570203781128,-0.012305855751037598,0.3701435327529907,2.142857142857143,17.332369700889533,14
