hand,first_max_height,min_height,second_max_height,dribbling_frequency,bending_angle,duration
1,0.45085978507995605,-0.022160470485687256,0.4670572280883789,1.6666666666666665,10.631607890494646,18
