hand,first_max_height,min_height,second_max_height,dribbling_frequency,bending_angle,duration
1,0.044210851192474365,-0.24788010120391846,0.11986804008483887,2.142857142857143,55.64164028358277,14
