hand,first_max_height,min_height,second_max_height,dribbling_frequency,bending_angle,duration
1,0.47498834133148193,-0.015774071216583252,0.4749777913093567,1.7647058823529411,21.198160204879844,17
