hand,first_max_height,min_height,second_max_height,dribbling_frequency,bending_angle,duration
1,0.44716930389404297,0.06033092737197876,0.4300418496131897,1.875,9.979314428885026,16
