hand,first_max_height,min_height,second_max_height,dribbling_frequency,bending_angle,duration
1,0.315948486328125,-0.08650088310241699,0.17421722412109375,2.142857142857143,21.162719762596574,14
