hand,first_max_height,min_height,second_max_height,dribbling_frequency,bending_angle,duration
1,0.47865504026412964,0.02703857421875,0.3894016146659851,1.6666666666666665,10.44387923072395,18
