hand,first_max_height,min_height,second_max_height,dribbling_frequency,bending_angle,duration
1,0.03509443998336792,-0.1829904317855835,0.023747265338897705,2.142857142857143,49.60531435585661,14
