hand,first_max_height,min_height,second_max_height,dribbling_frequency,bending_angle,duration
1,0.5548740029335022,-0.024194002151489258,0.17845553159713745,2.307692307692308,4.5786349486024935,13
