hand,first_max_height,min_height,second_max_height,dribbling_frequency,bending_angle,duration
1,0.4254618287086487,0.08228987455368042,0.3554422855377197,2.0,10.327306573350993,15
