hand,first_max_height,min_height,second_max_height,dribbling_frequency,bending_angle,duration
1,0.4482845664024353,-0.02121102809906006,0.41828978061676025,1.875,11.210968334038196,16
