hand,first_max_height,min_height,second_max_height,dribbling_frequency,bending_angle,duration
1,0.4974484443664551,0.08112150430679321,0.5200467109680176,1.7647058823529411,6.282452951531581,17
