hand,first_max_height,min_height,second_max_height,dribbling_frequency,bending_angle,duration
1,0.09486418962478638,-0.2028137445449829,0.08355003595352173,2.142857142857143,49.84388163069573,14
