hand,first_max_height,min_height,second_max_height,dribbling_frequency,bending_angle,duration
1,0.5479316711425781,0.09028494358062744,0.5773754715919495,1.3636363636363638,3.1828479727386565,22
