hand,first_max_height,min_height,second_max_height,dribbling_frequency,bending_angle,duration
1,0.5976619124412537,0.05938076972961426,0.5465698838233948,1.7647058823529411,2.2830703292910286,17
