hand,first_max_height,min_height,second_max_height,dribbling_frequency,bending_angle,duration
1,0.13394546508789062,-0.07878506183624268,0.19091206789016724,2.142857142857143,32.481991621128884,14
