hand,first_max_height,min_height,second_max_height,dribbling_frequency,bending_angle,duration
1,0.354087769985199,0.05085092782974243,0.47753483057022095,1.7647058823529411,7.967275708125949,17
