hand,first_max_height,min_height,second_max_height,dribbling_frequency,bending_angle,duration
1,0.5566301941871643,0.07541787624359131,0.5449978709220886,1.7647058823529411,3.144711855220105,17
