hand,first_max_height,min_height,second_max_height,dribbling_frequency,bending_angle,duration
1,-0.02576899528503418,-0.07505857944488525,0.4581032395362854,2.5,32.92089778998601,12
