hand,first_max_height,min_height,second_max_height,dribbling_frequency,bending_angle,duration
1,0.5889168977737427,0.06881874799728394,0.5030145645141602,1.6666666666666665,3.745375882860191,18
