hand,first_max_height,min_height,second_max_height,dribbling_frequency,bending_angle,duration
1,0.19124269485473633,-0.2100832462310791,0.18888330459594727,1.875,52.605519071794966,16
