hand,first_max_height,min_height,second_max_height,dribbling_frequency,bending_angle,duration
1,0.19030040502548218,-0.18851327896118164,0.16494262218475342,1.875,48.57414621172244,16
