hand,first_max_height,min_height,second_max_height,dribbling_frequency,bending_angle,duration
1,0.10917311906814575,-0.19157159328460693,0.2386757731437683,2.0,54.76854236615656,15
