hand,first_max_height,min_height,second_max_height,dribbling_frequency,bending_angle,duration
1,0.025662600994110107,-0.1773344874382019,-0.05477142333984375,3.0,63.073018663889805,10
