hand,first_max_height,min_height,second_max_height,dribbling_frequency,bending_angle,duration
1,0.3723728656768799,0.05196195840835571,0.49094951152801514,2.142857142857143,9.700623331875068,14
