hand,first_max_height,min_height,second_max_height,dribbling_frequency,bending_angle,duration
1,0.3359786868095398,-0.016388893127441406,0.5114703178405762,1.6666666666666665,32.47117672693782,18
