hand,first_max_height,min_height,second_max_height,dribbling_frequency,bending_angle,duration
1,0.26697850227355957,0.005815267562866211,0.27406346797943115,2.0,25.556952867833115,15
