hand,first_max_height,min_height,second_max_height,dribbling_frequency,bending_angle,duration
1,0.4237431287765503,0.09569942951202393,0.4334903955459595,2.142857142857143,0.27192747277451024,14
