hand,first_max_height,min_height,second_max_height,dribbling_frequency,bending_angle,duration
1,0.49248039722442627,0.09022223949432373,0.4541173577308655,1.6666666666666665,7.288746186991721,18
