hand,first_max_height,min_height,second_max_height,dribbling_frequency,bending_angle,duration
1,0.4568899869918823,0.0966179370880127,0.3684080243110657,2.307692307692308,11.582043725881576,13
