hand,first_max_height,min_height,second_max_height,dribbling_frequency,bending_angle,duration
1,0.4400375485420227,0.06027442216873169,0.4569122791290283,1.6666666666666665,10.665638129289333,18
