hand,first_max_height,min_height,second_max_height,dribbling_frequency,bending_angle,duration
1,0.45749539136886597,0.049005091190338135,0.45176565647125244,2.0,21.226234368868447,15
