hand,first_max_height,min_height,second_max_height,dribbling_frequency,bending_angle,duration
1,-0.08480989933013916,-0.20712393522262573,0.003785550594329834,2.5,54.213045542290125,12
