hand,first_max_height,min_height,second_max_height,dribbling_frequency,bending_angle,duration
1,0.47375643253326416,0.12071001529693604,0.5257105231285095,2.307692307692308,2.9408539598540897,13
