hand,first_max_height,min_height,second_max_height,dribbling_frequency,bending_angle,duration
1,0.12013983726501465,-0.26941460371017456,0.12864673137664795,1.875,57.252235582589805,16
