hand,first_max_height,min_height,second_max_height,dribbling_frequency,bending_angle,duration
1,0.33295464515686035,-0.022300541400909424,0.381308376789093,1.5789473684210527,7.087251277557208,19
