hand,first_max_height,min_height,second_max_height,dribbling_frequency,bending_angle,duration
1,0.14529341459274292,-0.19015735387802124,0.0452502965927124,2.142857142857143,49.269495550050806,14
