hand,first_max_height,min_height,second_max_height,dribbling_frequency,bending_angle,duration
1,0.5435755848884583,0.14293652772903442,0.4585455060005188,1.5789473684210527,6.181252532917582,19
