hand,first_max_height,min_height,second_max_height,dribbling_frequency,bending_angle,duration
1,0.253686785697937,0.005692780017852783,0.31024980545043945,1.7647058823529411,26.625068589672594,17
