hand,first_max_height,min_height,second_max_height,dribbling_frequency,bending_angle,duration
1,0.4235936999320984,0.09088259935379028,0.19196683168411255,2.7272727272727275,6.9975292845179595,11
