hand,first_max_height,min_height,second_max_height,dribbling_frequency,bending_angle,duration
1,0.6670339703559875,0.0968976616859436,0.48805123567581177,1.7647058823529411,5.387356847440671,17
