hand,first_max_height,min_height,second_max_height,dribbling_frequency,bending_angle,duration
1,0.2832484245300293,0.03344494104385376,0.25467443466186523,2.307692307692308,31.228091415439817,13
