hand,first_max_height,min_height,second_max_height,dribbling_frequency,bending_angle,duration
1,0.28250354528427124,-0.037252843379974365,0.31319451332092285,2.0,19.15308526333481,15
