hand,first_max_height,min_height,second_max_height,dribbling_frequency,bending_angle,duration
1,0.39958590269088745,0.02392399311065674,0.3880036473274231,1.875,8.044184198611001,16
