hand,first_max_height,min_height,second_max_height,dribbling_frequency,bending_angle,duration
1,0.432613730430603,-0.0772748589515686,0.1394639015197754,2.0,18.45420832592561,15
