hand,first_max_height,min_height,second_max_height,dribbling_frequency,bending_angle,duration
1,-0.019266963005065918,-0.28634971380233765,0.01800161600112915,2.307692307692308,56.80758557489246,13
