hand,first_max_height,min_height,second_max_height,dribbling_frequency,bending_angle,duration
1,0.19732201099395752,-0.24869191646575928,0.113078773021698,2.0,55.667885977364044,15
