hand,first_max_height,min_height,second_max_height,dribbling_frequency,bending_angle,duration
1,0.10752815008163452,-0.25871360301971436,-0.030556797981262207,2.307692307692308,58.024602639138756,13
