hand,first_max_height,min_height,second_max_height,dribbling_frequency,bending_angle,duration
1,0.3041507601737976,0.07760554552078247,0.28526997566223145,2.7272727272727275,5.70767933515903,11
