hand,first_max_height,min_height,second_max_height,dribbling_frequency,bending_angle,duration
1,0.36861705780029297,-0.08105659484863281,0.11163973808288574,2.307692307692308,13.81104690326234,13
