hand,first_max_height,min_height,second_max_height,dribbling_frequency,bending_angle,duration
1,0.36714082956314087,0.005237221717834473,0.3725619912147522,2.0,11.523713819976056,15
