hand,first_max_height,min_height,second_max_height,dribbling_frequency,bending_angle,duration
1,0.1634463667869568,-0.08450102806091309,0.19976943731307983,2.7272727272727275,30.732757687162117,11
