hand,first_max_height,min_height,second_max_height,dribbling_frequency,bending_angle,duration
1,0.12468945980072021,-0.21997439861297607,-0.11926937103271484,2.7272727272727275,45.71533726039078,11
