hand,first_max_height,min_height,second_max_height,dribbling_frequency,bending_angle,duration
1,0.4171110987663269,-0.033631980419158936,0.38040077686309814,1.5789473684210527,19.878394767934783,19
