hand,first_max_height,min_height,second_max_height,dribbling_frequency,bending_angle,duration
1,0.44372814893722534,0.06798285245895386,0.4254618287086487,1.875,7.33635845380559,16
