hand,first_max_height,min_height,second_max_height,dribbling_frequency,bending_angle,duration
1,0.5636023879051208,0.07667696475982666,0.6056442260742188,1.5789473684210527,4.346485908901147,19
