hand,first_max_height,min_height,second_max_height,dribbling_frequency,bending_angle,duration
1,0.39255785942077637,0.04823583364486694,0.4069943428039551,2.0,6.616861274957931,15
