hand,first_max_height,min_height,second_max_height,dribbling_frequency,bending_angle,duration
1,0.42013704776763916,0.0766180157661438,0.44275814294815063,1.875,13.331116882949672,16
