hand,first_max_height,min_height,second_max_height,dribbling_frequency,bending_angle,duration
1,0.2888312339782715,-0.03796881437301636,0.257140576839447,1.875,28.896610766596197,16
