hand,first_max_height,min_height,second_max_height,dribbling_frequency,bending_angle,duration
1,0.4603008031845093,0.09466058015823364,0.43216216564178467,1.7647058823529411,7.032102691329282,17
