hand,first_max_height,min_height,second_max_height,dribbling_frequency,bending_angle,duration
1,0.4690437316894531,0.050308167934417725,0.49577558040618896,1.7647058823529411,5.477609629826482,17
