hand,first_max_height,min_height,second_max_height,dribbling_frequency,bending_angle,duration
1,0.426568865776062,-0.031366050243377686,0.42008793354034424,1.5789473684210527,5.691934072255189,19
