hand,first_max_height,min_height,second_max_height,dribbling_frequency,bending_angle,duration
1,0.463800847530365,0.03481769561767578,0.5047570466995239,2.142857142857143,8.735047563069429,14
