hand,first_max_height,min_height,second_max_height,dribbling_frequency,bending_angle,duration
1,-0.1471458077430725,-0.29775911569595337,-0.16236478090286255,3.0,67.51000763957195,10
