hand,first_max_height,min_height,second_max_height,dribbling_frequency,bending_angle,duration
1,0.17141467332839966,-0.09305667877197266,0.156280517578125,2.142857142857143,31.129609254856373,14
