hand,first_max_height,min_height,second_max_height,dribbling_frequency,bending_angle,duration
1,0.28415483236312866,-0.10134541988372803,0.27060192823410034,1.7647058823529411,24.520605327652248,17
