hand,first_max_height,min_height,second_max_height,dribbling_frequency,bending_angle,duration
1,0.499073326587677,0.009233236312866211,0.4462205767631531,1.875,12.65679468261825,16
