hand,first_max_height,min_height,second_max_height,dribbling_frequency,bending_angle,duration
1,0.4731239676475525,-0.05388361215591431,0.4661813974380493,1.875,11.920531823318836,16
