hand,first_max_height,min_height,second_max_height,dribbling_frequency,bending_angle,duration
1,0.39017254114151,0.047724246978759766,0.5117700695991516,1.875,22.070862308276705,16
