hand,first_max_height,min_height,second_max_height,dribbling_frequency,bending_angle,duration
1,0.3974727988243103,-0.006393074989318848,0.39488768577575684,1.7647058823529411,11.124455064718207,17
