hand,first_max_height,min_height,second_max_height,dribbling_frequency,bending_angle,duration
1,0.4686213731765747,0.07923364639282227,0.44525349140167236,1.875,3.3266229584485423,16
