hand,first_max_height,min_height,second_max_height,dribbling_frequency,bending_angle,duration
1,0.6010136008262634,0.10593950748443604,0.5546622276306152,1.7647058823529411,5.037461229362768,17
