hand,first_max_height,min_height,second_max_height,dribbling_frequency,bending_angle,duration
1,0.3389914631843567,0.01914846897125244,0.35209184885025024,1.875,12.358283331319502,16
