hand,first_max_height,min_height,second_max_height,dribbling_frequency,bending_angle,duration
1,0.4227457642555237,0.032227158546447754,0.2669837474822998,2.307692307692308,11.20302920580799,13
