hand,first_max_height,min_height,second_max_height,dribbling_frequency,bending_angle,duration
1,0.45403218269348145,0.12331026792526245,0.41795194149017334,2.0,1.8724860876758862,15
