hand,first_max_height,min_height,second_max_height,dribbling_frequency,bending_angle,duration
1,-0.110526442527771,-0.22501015663146973,-0.15233063697814941,2.7272727272727275,61.75477060527165,11
