hand,first_max_height,min_height,second_max_height,dribbling_frequency,bending_angle,duration
1,0.46171218156814575,0.06482869386672974,0.5382311344146729,1.875,7.1314853888565946,16
