hand,first_max_height,min_height,second_max_height,dribbling_frequency,bending_angle,duration
1,0.31941789388656616,-0.06530117988586426,0.2992437481880188,2.142857142857143,29.427609139510693,14
