hand,first_max_height,min_height,second_max_height,dribbling_frequency,bending_angle,duration
1,0.05624103546142578,-0.24370640516281128,0.6105396747589111,1.25,54.57261367002027,24
