hand,first_max_height,min_height,second_max_height,dribbling_frequency,bending_angle,duration
1,-0.1568993330001831,-0.379652202129364,0.5217373371124268,1.3636363636363638,75.10040303967577,22
