hand,first_max_height,min_height,second_max_height,dribbling_frequency,bending_angle,duration
1,0.44525349140167236,0.10921293497085571,0.4885481595993042,1.7647058823529411,2.204744607537095,17
