hand,first_max_height,min_height,second_max_height,dribbling_frequency,bending_angle,duration
1,0.36461836099624634,-0.015392720699310303,0.1943187117576599,2.7272727272727275,19.67787771293641,11
