hand,first_max_height,min_height,second_max_height,dribbling_frequency,bending_angle,duration
1,0.3557054400444031,0.028535783290863037,0.3562923073768616,2.0,7.024034919221151,15
