hand,first_max_height,min_height,second_max_height,dribbling_frequency,bending_angle,duration
1,0.30563151836395264,0.07441943883895874,0.2757633328437805,2.307692307692308,5.813284422588019,13
