hand,first_max_height,min_height,second_max_height,dribbling_frequency,bending_angle,duration
1,0.4473420977592468,-0.0015162229537963867,0.43506455421447754,1.6666666666666665,4.786089135138385,18
