hand,first_max_height,min_height,second_max_height,dribbling_frequency,bending_angle,duration
1,0.00695270299911499,-0.16161620616912842,0.24262124300003052,2.5,55.82235816194848,12
