hand,first_max_height,min_height,second_max_height,dribbling_frequency,bending_angle,duration
1,0.11246657371520996,-0.03630721569061279,0.3723728656768799,2.5,42.08300858127366,12
