hand,first_max_height,min_height,second_max_height,dribbling_frequency,bending_angle,duration
1,0.4067232012748718,0.0485835075378418,0.4042621850967407,1.875,4.283127443705679,16
