hand,first_max_height,min_height,second_max_height,dribbling_frequency,bending_angle,duration
1,0.5296971797943115,0.01756596565246582,0.49582427740097046,1.6666666666666665,5.678716260694194,18
