hand,first_max_height,min_height,second_max_height,dribbling_frequency,bending_angle,duration
1,0.41265541315078735,0.0523914098739624,0.3623536229133606,1.875,5.229040417785157,16
