hand,first_max_height,min_height,second_max_height,dribbling_frequency,bending_angle,duration
1,-0.3221670389175415,-0.4473099708557129,-0.20402389764785767,2.5,76.29000739133797,12
