hand,first_max_height,min_height,second_max_height,dribbling_frequency,bending_angle,duration
1,0.10307180881500244,-0.20725733041763306,0.08641248941421509,2.142857142857143,51.36240437357642,14
