hand,first_max_height,min_height,second_max_height,dribbling_frequency,bending_angle,duration
1,0.4638676047325134,-0.0989413857460022,0.2282733917236328,1.875,14.71139843198692,16
