hand,first_max_height,min_height,second_max_height,dribbling_frequency,bending_angle,duration
1,0.5596572756767273,0.032635629177093506,0.550123393535614,1.5789473684210527,2.889338143790988,19
