hand,first_max_height,min_height,second_max_height,dribbling_frequency,bending_angle,duration
1,0.4963703155517578,0.06594645977020264,0.48433101177215576,1.7647058823529411,3.3724125959967584,17
