hand,first_max_height,min_height,second_max_height,dribbling_frequency,bending_angle,duration
1,0.33216220140457153,0.07638466358184814,0.38276398181915283,2.307692307692308,19.937482331793614,13
