hand,first_max_height,min_height,second_max_height,dribbling_frequency,bending_angle,duration
1,0.4447893500328064,-0.02976757287979126,0.39558571577072144,1.6666666666666665,1.8270806092990568,18
