hand,first_max_height,min_height,second_max_height,dribbling_frequency,bending_angle,duration
1,0.08693116903305054,-0.1949290633201599,0.12306046485900879,2.142857142857143,54.296586249489394,14
