hand,first_max_height,min_height,second_max_height,dribbling_frequency,bending_angle,duration
1,0.448031485080719,-0.11792141199111938,0.08244997262954712,2.142857142857143,19.831344867124383,14
