hand,first_max_height,min_height,second_max_height,dribbling_frequency,bending_angle,duration
1,0.15930837392807007,-0.087921142578125,0.04203885793685913,2.7272727272727275,32.488001930574804,11
