hand,first_max_height,min_height,second_max_height,dribbling_frequency,bending_angle,duration
1,0.11770480871200562,-0.25677257776260376,0.11653202772140503,1.875,55.43606104745411,16
