hand,first_max_height,min_height,second_max_height,dribbling_frequency,bending_angle,duration
1,0.010901212692260742,-0.270877480506897,-0.09265273809432983,2.0,57.32382730910092,15
