hand,first_max_height,min_height,second_max_height,dribbling_frequency,bending_angle,duration
1,0.5413892269134521,0.15572255849838257,0.548206090927124,2.142857142857143,2.3885560581446756,14
