hand,first_max_height,min_height,second_max_height,dribbling_frequency,bending_angle,duration
1,0.36281126737594604,-0.06632614135742188,0.321137011051178,1.6666666666666665,23.361921574508575,18
