hand,first_max_height,min_height,second_max_height,dribbling_frequency,bending_angle,duration
1,0.48747438192367554,0.06533527374267578,0.45881521701812744,2.0,4.246956854659693,15
