hand,first_max_height,min_height,second_max_height,dribbling_frequency,bending_angle,duration
1,0.3276907801628113,-0.14807748794555664,-0.025436043739318848,2.5,16.434318250603052,12
