hand,first_max_height,min_height,second_max_height,dribbling_frequency,bending_angle,duration
1,0.417216956615448,0.04221457242965698,0.3991006016731262,1.5789473684210527,11.36237192841836,19
