hand,first_max_height,min_height,second_max_height,dribbling_frequency,bending_angle,duration
1,-0.08496236801147461,-0.30143362283706665,-0.05841153860092163,2.307692307692308,69.68078420880033,13
