hand,first_max_height,min_height,second_max_height,dribbling_frequency,bending_angle,duration
1,0.2882452607154846,0.01675015687942505,0.43450844287872314,2.0,19.37437258465864,15
