hand,first_max_height,min_height,second_max_height,dribbling_frequency,bending_angle,duration
1,0.41559576988220215,-0.03632235527038574,0.41418468952178955,1.7647058823529411,21.053344774583945,17
