hand,first_max_height,min_height,second_max_height,dribbling_frequency,bending_angle,duration
1,-0.021275103092193604,-0.2436928153038025,0.22510021924972534,1.6666666666666665,52.896941424694475,18
