hand,first_max_height,min_height,second_max_height,dribbling_frequency,bending_angle,duration
1,0.1633339524269104,-0.08666270971298218,0.1980377435684204,2.0,31.55234361035413,15
