hand,first_max_height,min_height,second_max_height,dribbling_frequency,bending_angle,duration
1,0.5774292349815369,0.06353551149368286,0.5220990777015686,1.7647058823529411,2.2497287114200546,17
