hand,first_max_height,min_height,second_max_height,dribbling_frequency,bending_angle,duration
1,0.45410794019699097,0.036462485790252686,0.44716930389404297,1.7647058823529411,8.6230152489005,17
