hand,first_max_height,min_height,second_max_height,dribbling_frequency,bending_angle,duration
1,0.5434368252754211,0.06201249361038208,0.5415493249893188,1.7647058823529411,12.747073101904078,17
