hand,first_max_height,min_height,second_max_height,dribbling_frequency,bending_angle,duration
1,0.42429810762405396,0.08617514371871948,0.4192572832107544,2.0,5.581815921182999,15
