hand,first_max_height,min_height,second_max_height,dribbling_frequency,bending_angle,duration
1,0.3051038980484009,0.04043018817901611,0.2839811444282532,2.0,26.617672660097117,15
