hand,first_max_height,min_height,second_max_height,dribbling_frequency,bending_angle,duration
1,0.4805935025215149,0.02137821912765503,0.5083759427070618,2.0,20.13815384386879,15
