hand,first_max_height,min_height,second_max_height,dribbling_frequency,bending_angle,duration
1,0.3991006016731262,0.07699507474899292,0.497802734375,1.5789473684210527,10.384127609958618,19
