hand,first_max_height,min_height,second_max_height,dribbling_frequency,bending_angle,duration
1,0.05633574724197388,-0.25773894786834717,0.055808424949645996,2.0,56.752350913532574,15
