hand,first_max_height,min_height,second_max_height,dribbling_frequency,bending_angle,duration
1,-0.0918847918510437,-0.30584895610809326,-0.10380488634109497,2.5,66.37055512697899,12
