hand,first_max_height,min_height,second_max_height,dribbling_frequency,bending_angle,duration
1,0.16898995637893677,-0.22646790742874146,0.19124269485473633,1.875,50.25780106700715,16
