hand,first_max_height,min_height,second_max_height,dribbling_frequency,bending_angle,duration
1,0.33730262517929077,-0.028195440769195557,0.34339338541030884,1.6666666666666665,24.17980802712469,18
