hand,first_max_height,min_height,second_max_height,dribbling_frequency,bending_angle,duration
1,-0.0417553186416626,-0.2199755311012268,0.003450334072113037,2.7272727272727275,55.11882361422942,11
