hand,first_max_height,min_height,second_max_height,dribbling_frequency,bending_angle,duration
1,0.5836154222488403,0.039881229400634766,0.5324516892433167,1.4285714285714284,9.414958855519597,21
