hand,first_max_height,min_height,second_max_height,dribbling_frequency,bending_angle,duration
1,0.4896693229675293,0.026453733444213867,0.5233576893806458,1.6666666666666665,7.631537329755573,18
