hand,first_max_height,min_height,second_max_height,dribbling_frequency,bending_angle,duration
1,0.37229979038238525,-0.07433187961578369,0.3641239404678345,1.6666666666666665,24.966291359349004,18
