hand,first_max_height,min_height,second_max_height,dribbling_frequency,bending_angle,duration
1,-0.15863126516342163,-0.25578248500823975,0.04737621545791626,2.307692307692308,53.86345410986412,13
