hand,first_max_height,min_height,second_max_height,dribbling_frequency,bending_angle,duration
1,0.39179396629333496,0.08514970541000366,0.3941228985786438,2.307692307692308,9.272897552300215,13
