hand,first_max_height,min_height,second_max_height,dribbling_frequency,bending_angle,duration
1,0.3608992099761963,0.09456008672714233,0.5548740029335022,1.875,2.204895523908151,16
