hand,first_max_height,min_height,second_max_height,dribbling_frequency,bending_angle,duration
1,0.4396657347679138,0.10987681150436401,0.4215196967124939,2.0,1.9550720530585288,15
