hand,first_max_height,min_height,second_max_height,dribbling_frequency,bending_angle,duration
1,0.06080913543701172,-0.31119734048843384,0.32576483488082886,1.5,61.59761006186444,20
