hand,first_max_height,min_height,second_max_height,dribbling_frequency,bending_angle,duration
1,0.4670301675796509,0.07755815982818604,0.5017471313476562,1.875,8.319410580549908,16
