hand,first_max_height,min_height,second_max_height,dribbling_frequency,bending_angle,duration
1,-0.15220993757247925,-0.29885685443878174,-0.17444372177124023,3.0,66.25006577515724,10
