hand,first_max_height,min_height,second_max_height,dribbling_frequency,bending_angle,duration
1,0.46604788303375244,0.07993197441101074,0.34923917055130005,2.142857142857143,1.6426553912104265,14
