hand,first_max_height,min_height,second_max_height,dribbling_frequency,bending_angle,duration
1,0.391543984413147,-0.023196041584014893,0.39140260219573975,1.5789473684210527,5.271259027001352,19
