hand,first_max_height,min_height,second_max_height,dribbling_frequency,bending_angle,duration
1,0.440967321395874,0.06303507089614868,0.4319625496864319,1.5789473684210527,2.4539692710222494,19
