hand,first_max_height,min_height,second_max_height,dribbling_frequency,bending_angle,duration
1,0.41418468952178955,-0.02703303098678589,0.3805454969406128,1.7647058823529411,20.379384016308226,17
