hand,first_max_height,min_height,second_max_height,dribbling_frequency,bending_angle,duration
1,0.3745005130767822,0.008652448654174805,0.3977974057197571,1.7647058823529411,6.1691370170871815,17
