hand,first_max_height,min_height,second_max_height,dribbling_frequency,bending_angle,duration
1,0.3194136619567871,-0.028148651123046875,0.33478546142578125,2.0,19.61566534029829,15
