hand,first_max_height,min_height,second_max_height,dribbling_frequency,bending_angle,duration
1,0.4192572832107544,0.11746913194656372,0.41568267345428467,2.142857142857143,5.322166404537174,14
