hand,first_max_height,min_height,second_max_height,dribbling_frequency,bending_angle,duration
1,0.11986804008483887,-0.20989632606506348,0.08693116903305054,2.142857142857143,54.38036579592336,14
