hand,first_max_height,min_height,second_max_height,dribbling_frequency,bending_angle,duration
1,0.4016714096069336,0.07665544748306274,0.3632775545120239,2.307692307692308,7.341545531537139,13
