hand,first_max_height,min_height,second_max_height,dribbling_frequency,bending_angle,duration
1,0.3990021347999573,0.008651673793792725,0.39592546224594116,1.875,4.2581167590916955,16
