hand,first_max_height,min_height,second_max_height,dribbling_frequency,bending_angle,duration
1,0.39488768577575684,-0.041926026344299316,0.30930835008621216,1.5789473684210527,7.122677243311401,19
