hand,first_max_height,min_height,second_max_height,dribbling_frequency,bending_angle,duration
1,0.3843759298324585,0.04296773672103882,0.6185216903686523,1.7647058823529411,27.337480013781857,17
