hand,first_max_height,min_height,second_max_height,dribbling_frequency,bending_angle,duration
1,0.3167324662208557,-0.3635275363922119,-0.31225812435150146,1.4285714285714284,12.866354873483093,21
