hand,first_max_height,min_height,second_max_height,dribbling_frequency,bending_angle,duration
1,0.3062431216239929,-0.057883262634277344,0.19189453125,2.142857142857143,28.74282901688075,14
