hand,first_max_height,min_height,second_max_height,dribbling_frequency,bending_angle,duration
1,0.3928362727165222,0.04557925462722778,0.4202183485031128,2.0,7.036314379203548,15
