hand,first_max_height,min_height,second_max_height,dribbling_frequency,bending_angle,duration
1,0.4711674451828003,0.08187180757522583,0.4196093678474426,1.875,0.8239524071821148,16
