hand,first_max_height,min_height,second_max_height,dribbling_frequency,bending_angle,duration
1,0.4257606863975525,0.08979219198226929,0.43242591619491577,2.142857142857143,2.989285023804107,14
