hand,first_max_height,min_height,second_max_height,dribbling_frequency,bending_angle,duration
1,-0.11566966772079468,-0.2172815203666687,0.12126785516738892,2.7272727272727275,57.818520187742614,11
