hand,first_max_height,min_height,second_max_height,dribbling_frequency,bending_angle,duration
1,0.05549633502960205,-0.2188018560409546,0.421684205532074,1.7647058823529411,59.331410676958406,17
