hand,first_max_height,min_height,second_max_height,dribbling_frequency,bending_angle,duration
1,0.473022997379303,0.134651780128479,0.44147413969039917,2.307692307692308,3.6255061315748724,13
