hand,first_max_height,min_height,second_max_height,dribbling_frequency,bending_angle,duration
1,0.0079728364944458,-0.32887476682662964,0.04003220796585083,1.875,66.06615014578593,16
