hand,first_max_height,min_height,second_max_height,dribbling_frequency,bending_angle,duration
1,0.5047570466995239,0.06959366798400879,0.46755462884902954,2.142857142857143,8.391361059052247,14
