hand,first_max_height,min_height,second_max_height,dribbling_frequency,bending_angle,duration
1,0.552950918674469,0.06906527280807495,0.47781091928482056,1.7647058823529411,2.961728825372816,17
