hand,first_max_height,min_height,second_max_height,dribbling_frequency,bending_angle,duration
1,-0.1915147304534912,-0.35194092988967896,-0.14921081066131592,2.307692307692308,65.92020640528737,13
