hand,first_max_height,min_height,second_max_height,dribbling_frequency,bending_angle,duration
1,0.599162757396698,0.05152738094329834,0.5709834694862366,1.5789473684210527,3.5123803841885843,19
