hand,first_max_height,min_height,second_max_height,dribbling_frequency,bending_angle,duration
1,0.18750745058059692,-0.05724900960922241,0.22381657361984253,2.0,29.203798684445267,15
