hand,first_max_height,min_height,second_max_height,dribbling_frequency,bending_angle,duration
1,0.003789663314819336,-0.1439785361289978,0.0045337677001953125,3.0,60.302055610700315,10
