hand,first_max_height,min_height,second_max_height,dribbling_frequency,bending_angle,duration
1,0.6213923692703247,0.08885431289672852,0.5968105792999268,1.3636363636363638,9.342004139819068,22
