hand,first_max_height,min_height,second_max_height,dribbling_frequency,bending_angle,duration
1,0.6406807899475098,0.06899279356002808,0.20329630374908447,2.142857142857143,3.2670397547614947,14
