hand,first_max_height,min_height,second_max_height,dribbling_frequency,bending_angle,duration
1,0.5193131566047668,-0.0025033950805664062,0.45517444610595703,1.6666666666666665,4.9721706942985175,18
