hand,first_max_height,min_height,second_max_height,dribbling_frequency,bending_angle,duration
1,0.6076836585998535,0.04375940561294556,0.6196573972702026,1.7647058823529411,9.40672839719938,17
