hand,first_max_height,min_height,second_max_height,dribbling_frequency,bending_angle,duration
1,0.5575593113899231,0.08009028434753418,0.5973357558250427,1.6666666666666665,3.8250616467269616,18
