hand,first_max_height,min_height,second_max_height,dribbling_frequency,bending_angle,duration
1,0.4496060013771057,0.01807248592376709,0.5443657040596008,1.875,14.941278175704907,16
