hand,first_max_height,min_height,second_max_height,dribbling_frequency,bending_angle,duration
1,0.23755133152008057,-0.03376603126525879,0.4288455843925476,1.875,37.10630713314289,16
