hand,first_max_height,min_height,second_max_height,dribbling_frequency,bending_angle,duration
1,0.5324910879135132,0.014843106269836426,0.5432596206665039,1.3636363636363638,15.605596445234818,22
