hand,first_max_height,min_height,second_max_height,dribbling_frequency,bending_angle,duration
1,0.3838309049606323,0.020873546600341797,0.38896799087524414,2.0,10.294813569783981,15
