hand,first_max_height,min_height,second_max_height,dribbling_frequency,bending_angle,duration
1,0.34204423427581787,0.03204619884490967,0.32541537284851074,1.875,8.701595906536651,16
