hand,first_max_height,min_height,second_max_height,dribbling_frequency,bending_angle,duration
1,0.49223190546035767,0.049343764781951904,0.4924243092536926,1.6666666666666665,2.9328111846452414,18
