hand,first_max_height,min_height,second_max_height,dribbling_frequency,bending_angle,duration
1,0.07368099689483643,-0.23404568433761597,0.05633574724197388,2.307692307692308,57.23251492658258,13
