hand,first_max_height,min_height,second_max_height,dribbling_frequency,bending_angle,duration
1,0.25776153802871704,-0.01855677366256714,0.32211118936538696,1.875,24.871508092932302,16
