hand,first_max_height,min_height,second_max_height,dribbling_frequency,bending_angle,duration
1,0.43956470489501953,0.11833861470222473,0.35787415504455566,2.142857142857143,10.421115709887358,14
