hand,first_max_height,min_height,second_max_height,dribbling_frequency,bending_angle,duration
1,0.5122577548027039,0.009124517440795898,0.42598605155944824,1.5789473684210527,10.215324300288838,19
