hand,first_max_height,min_height,second_max_height,dribbling_frequency,bending_angle,duration
1,-0.18291372060775757,-0.3797945976257324,-0.1915147304534912,2.307692307692308,70.04791887825283,13
