hand,first_max_height,min_height,second_max_height,dribbling_frequency,bending_angle,duration
1,0.11001008749008179,-0.2419658899307251,0.08921033143997192,2.0,56.80812658825139,15
