hand,first_max_height,min_height,second_max_height,dribbling_frequency,bending_angle,duration
1,0.46402037143707275,-0.05174386501312256,0.4342096447944641,1.6666666666666665,23.319349999880192,18
