hand,first_max_height,min_height,second_max_height,dribbling_frequency,bending_angle,duration
1,0.298206090927124,0.015984654426574707,0.29672330617904663,2.0,30.57564389729299,15
