hand,first_max_height,min_height,second_max_height,dribbling_frequency,bending_angle,duration
1,0.4321752190589905,0.08067190647125244,0.49692898988723755,1.875,1.9283111603695373,16
