hand,first_max_height,min_height,second_max_height,dribbling_frequency,bending_angle,duration
1,0.38937288522720337,-0.006455600261688232,0.37033629417419434,1.875,6.701408425560881,16
