hand,first_max_height,min_height,second_max_height,dribbling_frequency,bending_angle,duration
1,0.02280116081237793,-0.16718238592147827,0.04633992910385132,2.5,52.562693050912586,12
