hand,first_max_height,min_height,second_max_height,dribbling_frequency,bending_angle,duration
1,-0.2036166787147522,-0.3303295969963074,-0.17266666889190674,3.0,70.65011043056792,10
