hand,first_max_height,min_height,second_max_height,dribbling_frequency,bending_angle,duration
1,0.4424929618835449,-0.009099185466766357,0.15705692768096924,2.307692307692308,10.483975905860518,13
