hand,first_max_height,min_height,second_max_height,dribbling_frequency,bending_angle,duration
1,-0.048889994621276855,-0.23463952541351318,-0.0038462281227111816,2.5,62.98891326479795,12
