hand,first_max_height,min_height,second_max_height,dribbling_frequency,bending_angle,duration
1,0.5929391384124756,0.007954835891723633,0.6071453094482422,1.3043478260869565,13.474202215747647,23
