hand,first_max_height,min_height,second_max_height,dribbling_frequency,bending_angle,duration
1,0.056077778339385986,-0.24506056308746338,-0.07674515247344971,2.0,48.44119733101781,15
