hand,first_max_height,min_height,second_max_height,dribbling_frequency,bending_angle,duration
1,0.3043810725212097,0.0125504732131958,0.34057116508483887,1.7647058823529411,8.760452383680938,17
