hand,first_max_height,min_height,second_max_height,dribbling_frequency,bending_angle,duration
1,0.19155490398406982,-0.20011478662490845,0.19828486442565918,1.7647058823529411,50.7086311154954,17
