hand,first_max_height,min_height,second_max_height,dribbling_frequency,bending_angle,duration
1,-0.0242423415184021,-0.2282204031944275,-0.013988137245178223,2.307692307692308,54.524084467624945,13
