hand,first_max_height,min_height,second_max_height,dribbling_frequency,bending_angle,duration
1,0.06310421228408813,-0.1762329339981079,0.03199577331542969,2.142857142857143,47.40983486525727,14
