hand,first_max_height,min_height,second_max_height,dribbling_frequency,bending_angle,duration
1,0.004002511501312256,-0.27358466386795044,-0.020014464855194092,2.142857142857143,48.39206960993091,14
