hand,first_max_height,min_height,second_max_height,dribbling_frequency,bending_angle,duration
1,0.5740933418273926,0.025105178356170654,0.5413023233413696,1.7647058823529411,15.046775392236453,17
