hand,first_max_height,min_height,second_max_height,dribbling_frequency,bending_angle,duration
1,0.7936875820159912,0.07359641790390015,0.7470467686653137,1.4285714285714284,5.384342550942954,21
