hand,first_max_height,min_height,second_max_height,dribbling_frequency,bending_angle,duration
1,0.09802138805389404,-0.24727052450180054,0.1226797103881836,2.0,56.41441010063443,15
