hand,first_max_height,min_height,second_max_height,dribbling_frequency,bending_angle,duration
1,0.4448621869087219,-0.06415235996246338,0.5916212797164917,1.3636363636363638,25.218346819222376,22
