hand,first_max_height,min_height,second_max_height,dribbling_frequency,bending_angle,duration
1,0.46793967485427856,-0.024449169635772705,0.5056063532829285,1.875,22.59934055797572,16
