hand,first_max_height,min_height,second_max_height,dribbling_frequency,bending_angle,duration
1,0.061596691608428955,-0.19554364681243896,0.08730292320251465,2.142857142857143,52.15786247382373,14
