hand,first_max_height,min_height,second_max_height,dribbling_frequency,bending_angle,duration
1,0.23416906595230103,-0.11889505386352539,0.21324211359024048,1.875,29.19109395928746,16
