hand,first_max_height,min_height,second_max_height,dribbling_frequency,bending_angle,duration
1,0.4198538661003113,0.024079501628875732,0.4212743043899536,1.7647058823529411,4.257616689461142,17
