hand,first_max_height,min_height,second_max_height,dribbling_frequency,bending_angle,duration
1,0.3987472653388977,0.12456947565078735,0.37010103464126587,2.142857142857143,9.974923908259019,14
