hand,first_max_height,min_height,second_max_height,dribbling_frequency,bending_angle,duration
1,0.6027280688285828,0.10058599710464478,0.6161627173423767,1.3043478260869565,4.875586612492422,23
