hand,first_max_height,min_height,second_max_height,dribbling_frequency,bending_angle,duration
1,0.12292307615280151,-0.0209999680519104,0.18429654836654663,2.5,33.602249088746,12
