hand,first_max_height,min_height,second_max_height,dribbling_frequency,bending_angle,duration
1,0.45901501178741455,0.05196470022201538,0.5206947922706604,1.875,5.484935125985923,16
