hand,first_max_height,min_height,second_max_height,dribbling_frequency,bending_angle,duration
1,0.5286661386489868,-0.02296900749206543,0.22066134214401245,2.307692307692308,3.062104066777988,13
