hand,first_max_height,min_height,second_max_height,dribbling_frequency,bending_angle,duration
1,0.43450844287872314,0.09037792682647705,0.5393325090408325,1.7647058823529411,5.178687753501111,17
