hand,first_max_height,min_height,second_max_height,dribbling_frequency,bending_angle,duration
1,-0.025869548320770264,-0.2953301668167114,-0.0020971298217773438,2.7272727272727275,67.77863691874187,11
