hand,first_max_height,min_height,second_max_height,dribbling_frequency,bending_angle,duration
1,0.4054534435272217,0.048803508281707764,0.4111443758010864,2.0,11.430451967495605,15
