hand,first_max_height,min_height,second_max_height,dribbling_frequency,bending_angle,duration
1,0.49716436862945557,-0.006567239761352539,0.5756360292434692,2.0,17.891486352035283,15
