hand,first_max_height,min_height,second_max_height,dribbling_frequency,bending_angle,duration
1,0.39576345682144165,0.10775727033615112,0.424937903881073,2.307692307692308,15.569763279555024,13
