hand,first_max_height,min_height,second_max_height,dribbling_frequency,bending_angle,duration
1,0.4273090362548828,0.04778242111206055,0.4647068381309509,1.875,3.8231854024754064,16
