hand,first_max_height,min_height,second_max_height,dribbling_frequency,bending_angle,duration
1,0.5030145645141602,0.06337440013885498,0.48686134815216064,1.875,4.299613933739235,16
