hand,first_max_height,min_height,second_max_height,dribbling_frequency,bending_angle,duration
1,0.4797990918159485,0.10060423612594604,0.4963703155517578,1.875,3.5958803064405593,16
