hand,first_max_height,min_height,second_max_height,dribbling_frequency,bending_angle,duration
1,0.3253244161605835,0.07165402173995972,0.3781636953353882,2.0,13.245500088244725,15
