hand,first_max_height,min_height,second_max_height,dribbling_frequency,bending_angle,duration
1,0.06657606363296509,-0.2886945605278015,0.08214491605758667,1.875,62.1250906585587,16
