hand,first_max_height,min_height,second_max_height,dribbling_frequency,bending_angle,duration
1,-0.036163926124572754,-0.17829102277755737,-0.002756357192993164,2.5,55.07754028727457,12
