hand,first_max_height,min_height,second_max_height,dribbling_frequency,bending_angle,duration
1,0.13773667812347412,-0.0363810658454895,0.3467864394187927,2.142857142857143,37.497289913088885,14
