hand,first_max_height,min_height,second_max_height,dribbling_frequency,bending_angle,duration
1,0.5206947922706604,0.09748804569244385,0.548218846321106,1.875,4.084329312866756,16
