hand,first_max_height,min_height,second_max_height,dribbling_frequency,bending_angle,duration
1,0.4122302532196045,0.040225446224212646,0.37322884798049927,1.6666666666666665,7.5409400070031465,18
