hand,first_max_height,min_height,second_max_height,dribbling_frequency,bending_angle,duration
1,-0.11069858074188232,-0.2683442234992981,-0.09461218118667603,2.5,66.25715907450761,12
