hand,first_max_height,min_height,second_max_height,dribbling_frequency,bending_angle,duration
1,0.24013161659240723,-0.2893369793891907,0.1868467926979065,1.5789473684210527,55.051809768879295,19
