hand,first_max_height,min_height,second_max_height,dribbling_frequency,bending_angle,duration
1,0.4517233371734619,0.07095837593078613,0.46659690141677856,1.7647058823529411,3.9783238249643724,17
