hand,first_max_height,min_height,second_max_height,dribbling_frequency,bending_angle,duration
1,0.07884931564331055,-0.1427072286605835,0.12411618232727051,2.5,50.24462873741349,12
