hand,first_max_height,min_height,second_max_height,dribbling_frequency,bending_angle,duration
1,0.36655038595199585,-0.012104988098144531,0.25039708614349365,2.0,10.505506257982928,15
