hand,first_max_height,min_height,second_max_height,dribbling_frequency,bending_angle,duration
1,-0.05775713920593262,-0.26788777112960815,-0.06510990858078003,2.142857142857143,49.68924931683229,14
