hand,first_max_height,min_height,second_max_height,dribbling_frequency,bending_angle,duration
1,0.5571390390396118,0.021210432052612305,0.550473153591156,1.7647058823529411,6.369223389771878,17
