hand,first_max_height,min_height,second_max_height,dribbling_frequency,bending_angle,duration
1,-0.0015840530395507812,-0.22950458526611328,-0.0005162358283996582,2.5,57.349477521678345,12
