hand,first_max_height,min_height,second_max_height,dribbling_frequency,bending_angle,duration
1,0.5765629410743713,0.05909430980682373,0.4895540475845337,1.7647058823529411,3.747324374366581,17
