hand,first_max_height,min_height,second_max_height,dribbling_frequency,bending_angle,duration
1,0.40922003984451294,0.03654336929321289,0.3906887173652649,1.875,11.332095066444065,16
