hand,first_max_height,min_height,second_max_height,dribbling_frequency,bending_angle,duration
1,0.2553229331970215,-0.05727493762969971,0.2345048189163208,2.0,30.618675461864864,15
