hand,first_max_height,min_height,second_max_height,dribbling_frequency,bending_angle,duration
1,-0.022017598152160645,-0.17755991220474243,-0.09185963869094849,2.307692307692308,59.419151256266915,13
