hand,first_max_height,min_height,second_max_height,dribbling_frequency,bending_angle,duration
1,0.4433586001396179,0.012433409690856934,0.3152924180030823,2.0,19.920143428178054,15
