hand,first_max_height,min_height,second_max_height,dribbling_frequency,bending_angle,duration
1,0.0868186354637146,-0.24500524997711182,0.02608656883239746,2.5,61.25323000072503,12
