hand,first_max_height,min_height,second_max_height,dribbling_frequency,bending_angle,duration
1,0.5351974964141846,0.060925960540771484,0.578008234500885,1.7647058823529411,4.877977660173715,17
