hand,first_max_height,min_height,second_max_height,dribbling_frequency,bending_angle,duration
1,0.26389819383621216,0.04693037271499634,0.26583921909332275,2.142857142857143,25.377860552470484,14
