hand,first_max_height,min_height,second_max_height,dribbling_frequency,bending_angle,duration
1,0.31990206241607666,-0.13835304975509644,0.1704818606376648,2.142857142857143,24.86476689281529,14
