hand,first_max_height,min_height,second_max_height,dribbling_frequency,bending_angle,duration
1,0.0989040732383728,-0.3104957342147827,0.05591100454330444,1.875,58.598153275082794,16
