hand,first_max_height,min_height,second_max_height,dribbling_frequency,bending_angle,duration
1,0.3557446002960205,0.009758293628692627,0.3513951897621155,1.875,8.85530022253891,16
