hand,first_max_height,min_height,second_max_height,dribbling_frequency,bending_angle,duration
1,0.4921525716781616,0.05741012096405029,0.5100641250610352,1.7647058823529411,9.880526503675835,17
