hand,first_max_height,min_height,second_max_height,dribbling_frequency,bending_angle,duration
1,0.11774671077728271,-0.18803369998931885,0.06636601686477661,2.0,49.64967244360254,15
