hand,first_max_height,min_height,second_max_height,dribbling_frequency,bending_angle,duration
1,0.04841315746307373,-0.21458250284194946,0.05534452199935913,2.7272727272727275,57.54917027813935,11
