hand,first_max_height,min_height,second_max_height,dribbling_frequency,bending_angle,duration
1,0.38536834716796875,0.05769360065460205,0.433172345161438,1.875,3.523183936059858,16
