hand,first_max_height,min_height,second_max_height,dribbling_frequency,bending_angle,duration
1,0.4384651780128479,0.010501980781555176,0.45601552724838257,1.7647058823529411,6.7520996625702745,17
