hand,first_max_height,min_height,second_max_height,dribbling_frequency,bending_angle,duration
1,0.334841251373291,0.034536540508270264,0.37188661098480225,2.0,19.473811456093802,15
