hand,first_max_height,min_height,second_max_height,dribbling_frequency,bending_angle,duration
1,0.25283145904541016,-0.14137637615203857,0.2549365758895874,2.0,43.41821839044407,15
