hand,first_max_height,min_height,second_max_height,dribbling_frequency,bending_angle,duration
1,0.42629438638687134,0.06456047296524048,0.4582940936088562,2.0,5.546750192853486,15
