hand,first_max_height,min_height,second_max_height,dribbling_frequency,bending_angle,duration
1,0.35465604066848755,0.06299614906311035,0.36675333976745605,2.142857142857143,14.311117460037618,14
