hand,first_max_height,min_height,second_max_height,dribbling_frequency,bending_angle,duration
1,0.45886123180389404,0.06252151727676392,0.44381606578826904,1.875,5.848392027808688,16
