hand,first_max_height,min_height,second_max_height,dribbling_frequency,bending_angle,duration
1,0.20096325874328613,-0.0353468656539917,0.22680944204330444,2.5,19.551847577165603,12
