hand,first_max_height,min_height,second_max_height,dribbling_frequency,bending_angle,duration
1,0.297088623046875,-0.1681247353553772,0.06549596786499023,2.307692307692308,25.27732289394217,13
