hand,first_max_height,min_height,second_max_height,dribbling_frequency,bending_angle,duration
1,0.48058807849884033,0.03754395246505737,0.48245400190353394,1.7647058823529411,5.89339158027233,17
