hand,first_max_height,min_height,second_max_height,dribbling_frequency,bending_angle,duration
1,0.08730292320251465,-0.23161643743515015,0.04320883750915527,2.142857142857143,54.22801007441429,14
