hand,first_max_height,min_height,second_max_height,dribbling_frequency,bending_angle,duration
1,0.20772022008895874,-0.06364011764526367,0.3728598952293396,2.0,35.15384272454221,15
