hand,first_max_height,min_height,second_max_height,dribbling_frequency,bending_angle,duration
1,0.27016115188598633,-0.008280634880065918,0.3339803218841553,2.0,19.215332686436145,15
