hand,first_max_height,min_height,second_max_height,dribbling_frequency,bending_angle,duration
1,0.48042935132980347,0.058137476444244385,0.46171218156814575,1.875,3.893637171253268,16
