hand,first_max_height,min_height,second_max_height,dribbling_frequency,bending_angle,duration
1,0.36675333976745605,0.08913874626159668,0.3209220767021179,2.307692307692308,13.044347986638765,13
