hand,first_max_height,min_height,second_max_height,dribbling_frequency,bending_angle,duration
1,0.01309734582901001,-0.23734444379806519,0.07840937376022339,2.142857142857143,52.974711512552275,14
