hand,first_max_height,min_height,second_max_height,dribbling_frequency,bending_angle,duration
1,0.29868215322494507,-0.05710321664810181,0.2935062646865845,1.7647058823529411,30.709348930827275,17
