hand,first_max_height,min_height,second_max_height,dribbling_frequency,bending_angle,duration
1,-0.05491197109222412,-0.28177475929260254,-0.12701374292373657,2.5,66.58794019885431,12
