hand,first_max_height,min_height,second_max_height,dribbling_frequency,bending_angle,duration
1,0.2786979675292969,0.03450953960418701,0.2932473421096802,2.0,28.72990139003372,15
