hand,first_max_height,min_height,second_max_height,dribbling_frequency,bending_angle,duration
1,0.43209266662597656,0.06459331512451172,0.49248039722442627,1.7647058823529411,4.734431282982591,17
