hand,first_max_height,min_height,second_max_height,dribbling_frequency,bending_angle,duration
1,0.510716438293457,0.04975670576095581,0.5062987804412842,1.875,14.629963089121308,16
