hand,first_max_height,min_height,second_max_height,dribbling_frequency,bending_angle,duration
1,0.2699689269065857,-0.06528306007385254,0.2679064869880676,1.875,28.275574022182422,16
