hand,first_max_height,min_height,second_max_height,dribbling_frequency,bending_angle,duration
1,0.48151493072509766,0.01196986436843872,0.4770582318305969,1.7647058823529411,7.0216657318753635,17
