hand,first_max_height,min_height,second_max_height,dribbling_frequency,bending_angle,duration
1,0.45186346769332886,0.017399132251739502,0.1288360357284546,2.7272727272727275,10.152937180572462,11
