hand,first_max_height,min_height,second_max_height,dribbling_frequency,bending_angle,duration
1,0.5120594501495361,-0.05617159605026245,0.6337065100669861,1.3043478260869565,6.967183871557235,23
