hand,first_max_height,min_height,second_max_height,dribbling_frequency,bending_angle,duration
1,0.3078807592391968,0.0015864372253417969,0.3476839065551758,1.7647058823529411,4.618564191164536,17
