hand,first_max_height,min_height,second_max_height,dribbling_frequency,bending_angle,duration
1,0.4822441339492798,0.028412163257598877,0.4774879217147827,1.875,5.069963243688012,16
