hand,first_max_height,min_height,second_max_height,dribbling_frequency,bending_angle,duration
1,0.37110745906829834,-0.025725185871124268,0.3623519539833069,1.7647058823529411,17.58872700089333,17
