hand,first_max_height,min_height,second_max_height,dribbling_frequency,bending_angle,duration
1,0.4887493848800659,0.004906713962554932,0.5580539107322693,1.5789473684210527,7.562213171406475,19
