hand,first_max_height,min_height,second_max_height,dribbling_frequency,bending_angle,duration
1,0.46931707859039307,-0.008046269416809082,0.4961380362510681,1.6666666666666665,11.473160430186308,18
