hand,first_max_height,min_height,second_max_height,dribbling_frequency,bending_angle,duration
1,0.5072421431541443,0.06135451793670654,0.5734168887138367,1.5789473684210527,8.094849842720034,19
