hand,first_max_height,min_height,second_max_height,dribbling_frequency,bending_angle,duration
1,0.4942561984062195,0.025419414043426514,0.5505326390266418,1.5789473684210527,5.0356139082514115,19
