hand,first_max_height,min_height,second_max_height,dribbling_frequency,bending_angle,duration
1,0.02031916379928589,-0.2020907998085022,-0.02289736270904541,2.5,50.93325992495517,12
