hand,first_max_height,min_height,second_max_height,dribbling_frequency,bending_angle,duration
1,0.5308577418327332,-0.03259098529815674,0.4935987591743469,1.6666666666666665,18.91657952980176,18
