hand,first_max_height,min_height,second_max_height,dribbling_frequency,bending_angle,duration
1,0.0878329873085022,-0.06532526016235352,0.5534737706184387,2.0,38.65970225287737,15
