hand,first_max_height,min_height,second_max_height,dribbling_frequency,bending_angle,duration
1,0.5780678987503052,0.027401626110076904,0.5523960590362549,1.7647058823529411,13.640756565094385,17
