hand,first_max_height,min_height,second_max_height,dribbling_frequency,bending_angle,duration
1,0.4988256096839905,0.0034963488578796387,0.4569300413131714,1.875,12.715497052118641,16
