hand,first_max_height,min_height,second_max_height,dribbling_frequency,bending_angle,duration
1,0.03584998846054077,-0.297371506690979,0.04355734586715698,1.7647058823529411,55.245207476176546,17
