hand,first_max_height,min_height,second_max_height,dribbling_frequency,bending_angle,duration
1,-0.11323153972625732,-0.26644831895828247,0.43827009201049805,1.7647058823529411,63.204284932480014,17
