hand,first_max_height,min_height,second_max_height,dribbling_frequency,bending_angle,duration
1,0.4483398199081421,-0.014231204986572266,0.4765791893005371,2.0,24.259362034932707,15
