hand,first_max_height,min_height,second_max_height,dribbling_frequency,bending_angle,duration
1,0.41526854038238525,0.028463304042816162,0.44356536865234375,1.875,3.9989884418637227,16
