hand,first_max_height,min_height,second_max_height,dribbling_frequency,bending_angle,duration
1,0.07342123985290527,-0.14242929220199585,0.08809888362884521,2.5,49.09144057885832,12
