hand,first_max_height,min_height,second_max_height,dribbling_frequency,bending_angle,duration
1,-0.025645136833190918,-0.3612951636314392,-0.21370118856430054,2.7272727272727275,71.50414530473255,11
