hand,first_max_height,min_height,second_max_height,dribbling_frequency,bending_angle,duration
1,0.38780373334884644,-0.026924967765808105,0.18755632638931274,2.142857142857143,8.936605344413223,14
