hand,first_max_height,min_height,second_max_height,dribbling_frequency,bending_angle,duration
1,0.0866858959197998,-0.12310636043548584,0.07167840003967285,2.7272727272727275,48.82279400685625,11
