hand,first_max_height,min_height,second_max_height,dribbling_frequency,bending_angle,duration
1,0.392370343208313,-0.023301541805267334,0.43167930841445923,1.875,15.990350532627536,16
