hand,first_max_height,min_height,second_max_height,dribbling_frequency,bending_angle,duration
1,0.48805123567581177,0.031146764755249023,0.3578343987464905,2.0,5.162747968055396,15
