hand,first_max_height,min_height,second_max_height,dribbling_frequency,bending_angle,duration
1,0.45744168758392334,0.11787170171737671,0.3853757977485657,1.4285714285714284,10.372918021780475,21
