hand,first_max_height,min_height,second_max_height,dribbling_frequency,bending_angle,duration
1,0.3836085796356201,-0.10103631019592285,0.04368835687637329,2.142857142857143,18.199997482482928,14
