hand,first_max_height,min_height,second_max_height,dribbling_frequency,bending_angle,duration
1,0.47141754627227783,0.012710213661193848,0.48151493072509766,1.7647058823529411,7.916706779469763,17
