hand,first_max_height,min_height,second_max_height,dribbling_frequency,bending_angle,duration
1,0.5518237948417664,0.01164025068283081,0.467896044254303,1.5789473684210527,15.555116271750082,19
