hand,first_max_height,min_height,second_max_height,dribbling_frequency,bending_angle,duration
1,0.20315665006637573,-0.02198129892349243,0.21984845399856567,2.142857142857143,27.955865471551878,14
