hand,first_max_height,min_height,second_max_height,dribbling_frequency,bending_angle,duration
1,0.20844906568527222,0.009482026100158691,0.1809714436531067,2.7272727272727275,17.57567254436239,11
