hand,first_max_height,min_height,second_max_height,dribbling_frequency,bending_angle,duration
1,0.4582234025001526,0.06120431423187256,0.4203289747238159,2.0,2.557230030959085,15
