hand,first_max_height,min_height,second_max_height,dribbling_frequency,bending_angle,duration
1,0.6034445762634277,0.09319716691970825,0.6101270914077759,1.4285714285714284,6.11827844836872,21
