hand,first_max_height,min_height,second_max_height,dribbling_frequency,bending_angle,duration
1,0.30930835008621216,-0.07227867841720581,0.3292717933654785,1.5789473684210527,7.42341508726374,19
