hand,first_max_height,min_height,second_max_height,dribbling_frequency,bending_angle,duration
1,0.4490659832954407,-0.01123875379562378,0.37822866439819336,1.7647058823529411,6.823470117124456,17
