hand,first_max_height,min_height,second_max_height,dribbling_frequency,bending_angle,duration
1,0.3862704038619995,0.03550070524215698,0.3808698058128357,1.875,9.240369371697035,16
