hand,first_max_height,min_height,second_max_height,dribbling_frequency,bending_angle,duration
1,0.003450334072113037,-0.251636803150177,-0.06604129076004028,3.0,57.24541199396161,10
