hand,first_max_height,min_height,second_max_height,dribbling_frequency,bending_angle,duration
1,0.4930151104927063,0.05644726753234863,0.4340088367462158,1.7647058823529411,2.4097532437646647,17
