hand,first_max_height,min_height,second_max_height,dribbling_frequency,bending_angle,duration
1,0.5740180611610413,0.08282327651977539,0.5479316711425781,1.3636363636363638,4.170582794443706,22
