hand,first_max_height,min_height,second_max_height,dribbling_frequency,bending_angle,duration
1,0.43457239866256714,0.07122105360031128,0.46366363763809204,2.142857142857143,6.444582966363092,14
