hand,first_max_height,min_height,second_max_height,dribbling_frequency,bending_angle,duration
1,0.44904065132141113,0.11065936088562012,0.40833234786987305,2.142857142857143,0.6235925997427365,14
