hand,first_max_height,min_height,second_max_height,dribbling_frequency,bending_angle,duration
1,0.45567786693573,0.055559635162353516,0.43905359506607056,1.6666666666666665,7.358506701834628,18
