hand,first_max_height,min_height,second_max_height,dribbling_frequency,bending_angle,duration
1,0.5295664668083191,0.014749526977539062,0.5120594501495361,1.3636363636363638,6.043540513008364,22
