hand,first_max_height,min_height,second_max_height,dribbling_frequency,bending_angle,duration
1,-0.06954717636108398,-0.34175026416778564,0.34490668773651123,1.5,59.43653363225385,20
