hand,first_max_height,min_height,second_max_height,dribbling_frequency,bending_angle,duration
1,0.5179198384284973,0.03213924169540405,0.547982931137085,1.875,10.045546446627915,16
