hand,first_max_height,min_height,second_max_height,dribbling_frequency,bending_angle,duration
1,0.2609419822692871,0.07571607828140259,0.25519025325775146,2.0,11.948360858170425,15
