hand,first_max_height,min_height,second_max_height,dribbling_frequency,bending_angle,duration
1,0.2754143476486206,0.04646646976470947,0.3374316692352295,2.142857142857143,8.80078288742523,14
