hand,first_max_height,min_height,second_max_height,dribbling_frequency,bending_angle,duration
1,0.43209409713745117,0.01674330234527588,0.4895116090774536,1.5789473684210527,8.578776706512244,19
