hand,first_max_height,min_height,second_max_height,dribbling_frequency,bending_angle,duration
1,0.4906270503997803,0.10372155904769897,0.5194570422172546,1.875,6.648792709933566,16
