hand,first_max_height,min_height,second_max_height,dribbling_frequency,bending_angle,duration
1,0.5299103260040283,-0.00550532341003418,0.48204970359802246,1.5789473684210527,13.037060531435555,19
