hand,first_max_height,min_height,second_max_height,dribbling_frequency,bending_angle,duration
1,0.5106311440467834,0.03195047378540039,0.48761963844299316,1.7647058823529411,11.669811615764212,17
