hand,first_max_height,min_height,second_max_height,dribbling_frequency,bending_angle,duration
1,0.08619379997253418,-0.14249205589294434,0.0659099817276001,2.7272727272727275,51.79351343910789,11
