hand,first_max_height,min_height,second_max_height,dribbling_frequency,bending_angle,duration
1,0.42525970935821533,0.029471993446350098,0.4301040768623352,1.7647058823529411,4.1315688105258825,17
