hand,first_max_height,min_height,second_max_height,dribbling_frequency,bending_angle,duration
1,0.4499880075454712,0.10342687368392944,0.44138020277023315,2.0,3.579016561481215,15
