hand,first_max_height,min_height,second_max_height,dribbling_frequency,bending_angle,duration
1,0.29270607233047485,-0.045140206813812256,0.3327035903930664,2.142857142857143,26.373662809787447,14
