hand,first_max_height,min_height,second_max_height,dribbling_frequency,bending_angle,duration
1,0.24393218755722046,0.005195021629333496,0.2505832314491272,2.142857142857143,32.11570858401757,14
