hand,first_max_height,min_height,second_max_height,dribbling_frequency,bending_angle,duration
1,0.36458486318588257,-0.016167640686035156,0.3301998972892761,1.875,11.65056160968675,16
