hand,first_max_height,min_height,second_max_height,dribbling_frequency,bending_angle,duration
1,0.4752759337425232,0.055678486824035645,0.45661085844039917,1.7647058823529411,2.7773660764432413,17
