hand,first_max_height,min_height,second_max_height,dribbling_frequency,bending_angle,duration
1,0.585810124874115,0.05667799711227417,0.5337108373641968,1.7647058823529411,5.507654289047221,17
