hand,first_max_height,min_height,second_max_height,dribbling_frequency,bending_angle,duration
1,0.514069139957428,0.004841506481170654,0.5226392149925232,1.7647058823529411,18.180477309252836,17
