hand,first_max_height,min_height,second_max_height,dribbling_frequency,bending_angle,duration
1,0.6216931939125061,0.05984032154083252,0.5986061692237854,1.5789473684210527,4.266354558350059,19
