hand,first_max_height,min_height,second_max_height,dribbling_frequency,bending_angle,duration
1,0.3815267086029053,0.11089742183685303,0.3177393078804016,2.7272727272727275,6.691829612602005,11
