hand,first_max_height,min_height,second_max_height,dribbling_frequency,bending_angle,duration
1,0.48688793182373047,0.004016518592834473,0.48578912019729614,1.6666666666666665,13.110082469426239,18
