hand,first_max_height,min_height,second_max_height,dribbling_frequency,bending_angle,duration
1,0.6181831955909729,0.026696860790252686,0.5308577418327332,1.7647058823529411,18.465627058798084,17
