hand,first_max_height,min_height,second_max_height,dribbling_frequency,bending_angle,duration
1,0.11800903081893921,-0.09883362054824829,0.15136879682540894,2.5,44.479210725535374,12
