hand,first_max_height,min_height,second_max_height,dribbling_frequency,bending_angle,duration
1,0.48265552520751953,0.1016545295715332,0.4691389799118042,2.0,1.3186946442627625,15
