hand,first_max_height,min_height,second_max_height,dribbling_frequency,bending_angle,duration
1,0.18755632638931274,-0.08764034509658813,0.03193706274032593,3.0,28.693042913712485,10
