hand,first_max_height,min_height,second_max_height,dribbling_frequency,bending_angle,duration
1,0.4358710050582886,0.054750919342041016,0.3738594651222229,2.0,8.603300063327952,15
