hand,first_max_height,min_height,second_max_height,dribbling_frequency,bending_angle,duration
1,0.3909328579902649,-0.0481337308883667,0.3626716136932373,1.875,18.524624601278155,16
