hand,first_max_height,min_height,second_max_height,dribbling_frequency,bending_angle,duration
1,0.6188994646072388,0.07847034931182861,0.6204308271408081,1.3636363636363638,11.718099242906428,22
