hand,first_max_height,min_height,second_max_height,dribbling_frequency,bending_angle,duration
1,0.03532284498214722,-0.1401415467262268,0.05623847246170044,3.0,49.759257571389576,10
