hand,first_max_height,min_height,second_max_height,dribbling_frequency,bending_angle,duration
1,0.3485477566719055,0.05534273386001587,0.4692292809486389,2.0,22.338790024269368,15
