hand,first_max_height,min_height,second_max_height,dribbling_frequency,bending_angle,duration
1,0.06800305843353271,-0.2137729525566101,0.09283411502838135,2.307692307692308,60.582299442173145,13
