hand,first_max_height,min_height,second_max_height,dribbling_frequency,bending_angle,duration
1,0.18251419067382812,-0.030839502811431885,0.5029919743537903,1.7647058823529411,24.6484198910055,17
