hand,first_max_height,min_height,second_max_height,dribbling_frequency,bending_angle,duration
1,0.6016879677772522,-0.1138010025024414,0.06867748498916626,1.875,6.8553303924638795,16
