hand,first_max_height,min_height,second_max_height,dribbling_frequency,bending_angle,duration
1,0.0452502965927124,-0.22958308458328247,-0.02558833360671997,2.142857142857143,57.97620949295537,14
