hand,first_max_height,min_height,second_max_height,dribbling_frequency,bending_angle,duration
1,0.288674533367157,0.07308852672576904,0.3815267086029053,2.7272727272727275,16.979634904092546,11
