hand,first_max_height,min_height,second_max_height,dribbling_frequency,bending_angle,duration
1,-0.028246819972991943,-0.23118090629577637,0.022096574306488037,2.307692307692308,59.499527169140194,13
