hand,first_max_height,min_height,second_max_height,dribbling_frequency,bending_angle,duration
1,0.49484962224960327,-0.0066075921058654785,0.5067721605300903,1.5789473684210527,9.117906600165934,19
