hand,first_max_height,min_height,second_max_height,dribbling_frequency,bending_angle,duration
1,0.44861900806427,0.0625656247138977,0.4248015284538269,2.0,9.810386920096358,15
