hand,first_max_height,min_height,second_max_height,dribbling_frequency,bending_angle,duration
1,0.3240013122558594,-0.13174885511398315,0.13342046737670898,1.875,17.50052243539018,16
