hand,first_max_height,min_height,second_max_height,dribbling_frequency,bending_angle,duration
1,0.26909905672073364,-0.03538775444030762,0.2317187786102295,2.142857142857143,21.078105840141056,14
