hand,first_max_height,min_height,second_max_height,dribbling_frequency,bending_angle,duration
1,0.38592344522476196,0.06747633218765259,0.3456885814666748,2.0,11.138731265677366,15
