hand,first_max_height,min_height,second_max_height,dribbling_frequency,bending_angle,duration
1,0.436661958694458,0.08978044986724854,0.4288473129272461,2.142857142857143,5.304058971626359,14
