hand,first_max_height,min_height,second_max_height,dribbling_frequency,bending_angle,duration
1,0.5017471313476562,0.1098182201385498,0.5500883460044861,1.875,1.1967910141819196,16
