hand,first_max_height,min_height,second_max_height,dribbling_frequency,bending_angle,duration
1,0.0886189341545105,-0.11623352766036987,0.048650264739990234,2.7272727272727275,43.07032006707812,11
