hand,first_max_height,min_height,second_max_height,dribbling_frequency,bending_angle,duration
1,0.3593226671218872,-0.0534740686416626,0.37111854553222656,1.6666666666666665,25.11409832095327,18
