hand,first_max_height,min_height,second_max_height,dribbling_frequency,bending_angle,duration
1,0.47962385416030884,0.014696180820465088,0.47339266538619995,1.6666666666666665,12.261432458620678,18
