hand,first_max_height,min_height,second_max_height,dribbling_frequency,bending_angle,duration
1,0.41981542110443115,0.018137037754058838,0.38781261444091797,1.6666666666666665,3.326993539469776,18
