hand,first_max_height,min_height,second_max_height,dribbling_frequency,bending_angle,duration
1,0.421684205532074,0.009755611419677734,0.6587920784950256,1.5789473684210527,16.841860578123438,19
