hand,first_max_height,min_height,second_max_height,dribbling_frequency,bending_angle,duration
1,0.42463427782058716,0.03916943073272705,0.42477887868881226,2.142857142857143,7.385121464243494,14
