hand,first_max_height,min_height,second_max_height,dribbling_frequency,bending_angle,duration
1,0.07779276371002197,-0.16406434774398804,0.07293933629989624,2.307692307692308,49.61442701729548,13
