hand,first_max_height,min_height,second_max_height,dribbling_frequency,bending_angle,duration
1,0.3968299627304077,-0.04169982671737671,0.37820321321487427,1.6666666666666665,21.870736918202034,18
