hand,first_max_height,min_height,second_max_height,dribbling_frequency,bending_angle,duration
1,0.517779529094696,0.13515949249267578,0.5105160474777222,1.4285714285714284,10.37751526813347,21
