hand,first_max_height,min_height,second_max_height,dribbling_frequency,bending_angle,duration
1,0.5831533074378967,0.09318792819976807,0.5092233419418335,1.875,16.106297555320953,16
