hand,first_max_height,min_height,second_max_height,dribbling_frequency,bending_angle,duration
1,0.6331484913825989,0.008011221885681152,0.5747420787811279,1.4285714285714284,9.18744248116995,21
