hand,first_max_height,min_height,second_max_height,dribbling_frequency,bending_angle,duration
1,0.12959694862365723,-0.26823633909225464,0.054750025272369385,2.0,59.243820443193506,15
