hand,first_max_height,min_height,second_max_height,dribbling_frequency,bending_angle,duration
1,0.6472140550613403,0.08853495121002197,0.610672116279602,1.3636363636363638,4.73863962072115,22
