hand,first_max_height,min_height,second_max_height,dribbling_frequency,bending_angle,duration
1,0.18569880723953247,-0.193179190158844,0.11689651012420654,2.0,43.346963330204346,15
