hand,first_max_height,min_height,second_max_height,dribbling_frequency,bending_angle,duration
1,0.06261330842971802,-0.28185075521469116,0.12623733282089233,1.7647058823529411,60.49518652672501,17
