hand,first_max_height,min_height,second_max_height,dribbling_frequency,bending_angle,duration
1,0.3164857029914856,-0.01011437177658081,0.3296465277671814,1.7647058823529411,9.455702597882384,17
