hand,first_max_height,min_height,second_max_height,dribbling_frequency,bending_angle,duration
1,0.11521083116531372,-0.2870546579360962,0.02655041217803955,1.875,58.919588733731786,16
