hand,first_max_height,min_height,second_max_height,dribbling_frequency,bending_angle,duration
1,0.4218117594718933,0.007628321647644043,0.3661960959434509,1.7647058823529411,1.0105980136710702,17
