hand,first_max_height,min_height,second_max_height,dribbling_frequency,bending_angle,duration
1,0.33798152208328247,0.027453184127807617,0.354087769985199,2.307692307692308,10.76148287278612,13
