hand,first_max_height,min_height,second_max_height,dribbling_frequency,bending_angle,duration
1,0.1868467926979065,-0.29704785346984863,0.22640621662139893,1.6666666666666665,60.64979940934386,18
