hand,first_max_height,min_height,second_max_height,dribbling_frequency,bending_angle,duration
1,0.09091061353683472,-0.260398268699646,0.009864211082458496,2.0,61.693029711319134,15
