hand,first_max_height,min_height,second_max_height,dribbling_frequency,bending_angle,duration
1,0.41568267345428467,0.06019997596740723,0.3984859585762024,1.875,5.2096594111766255,16
