hand,first_max_height,min_height,second_max_height,dribbling_frequency,bending_angle,duration
1,0.48816925287246704,0.040396034717559814,0.46654677391052246,1.7647058823529411,6.948216805159105,17
