hand,first_max_height,min_height,second_max_height,dribbling_frequency,bending_angle,duration
1,0.7470467686653137,0.052570879459381104,0.6894688010215759,1.5,3.7906740561799848,20
