hand,first_max_height,min_height,second_max_height,dribbling_frequency,bending_angle,duration
1,0.1043856143951416,-0.1435040831565857,0.08998674154281616,2.5,49.866223992924674,12
