hand,first_max_height,min_height,second_max_height,dribbling_frequency,bending_angle,duration
1,0.12651598453521729,-0.2704606056213379,0.37811142206192017,1.5789473684210527,58.50954095847519,19
