hand,first_max_height,min_height,second_max_height,dribbling_frequency,bending_angle,duration
1,0.4136601686477661,-0.08056604862213135,0.43801242113113403,1.6666666666666665,24.114270195151665,18
