hand,first_max_height,min_height,second_max_height,dribbling_frequency,bending_angle,duration
1,-0.08044803142547607,-0.30218803882598877,-0.011892616748809814,2.7272727272727275,68.94840255003042,11
