hand,first_max_height,min_height,second_max_height,dribbling_frequency,bending_angle,duration
1,0.17023813724517822,-0.2562812566757202,0.19155490398406982,1.875,56.12297962416429,16
