hand,first_max_height,min_height,second_max_height,dribbling_frequency,bending_angle,duration
1,0.3124908208847046,-0.014034092426300049,0.035532236099243164,2.0,37.09222253900515,15
