hand,first_max_height,min_height,second_max_height,dribbling_frequency,bending_angle,duration
1,0.5100641250610352,0.08453875780105591,0.47004687786102295,1.6666666666666665,4.601662897847978,18
