hand,first_max_height,min_height,second_max_height,dribbling_frequency,bending_angle,duration
1,0.18260538578033447,-0.17121833562850952,0.016465812921524048,2.307692307692308,33.05895726977125,13
