hand,first_max_height,min_height,second_max_height,dribbling_frequency,bending_angle,duration
1,0.2757633328437805,0.09184139966964722,0.22140491008758545,3.0,5.541755266001587,10
