hand,first_max_height,min_height,second_max_height,dribbling_frequency,bending_angle,duration
1,0.41057252883911133,-0.1623944640159607,0.12167119979858398,2.0,18.9044284384564,15
