hand,first_max_height,min_height,second_max_height,dribbling_frequency,bending_angle,duration
1,0.44722139835357666,0.07682186365127563,0.4321752190589905,2.0,1.1029661460550744,15
