hand,first_max_height,min_height,second_max_height,dribbling_frequency,bending_angle,duration
1,0.22923916578292847,-0.0035054683685302734,0.19929349422454834,2.5,19.603313107158147,12
