hand,first_max_height,min_height,second_max_height,dribbling_frequency,bending_angle,duration
1,0.5500883460044861,0.11807644367218018,0.5549278259277344,1.7647058823529411,4.849173672429968,17
