hand,first_max_height,min_height,second_max_height,dribbling_frequency,bending_angle,duration
1,0.12980806827545166,-0.2777159810066223,0.0799940824508667,1.7647058823529411,60.68054150079913,17
