hand,first_max_height,min_height,second_max_height,dribbling_frequency,bending_angle,duration
1,0.18005305528640747,-0.23941075801849365,0.269578218460083,1.875,55.18474500777124,16
