hand,first_max_height,min_height,second_max_height,dribbling_frequency,bending_angle,duration
1,0.10657274723052979,-0.26910656690597534,0.11770480871200562,1.875,56.87144546371418,16
