hand,first_max_height,min_height,second_max_height,dribbling_frequency,bending_angle,duration
1,0.5691248774528503,0.08337736129760742,0.5912419557571411,1.5789473684210527,0.5420468252080163,19
