hand,first_max_height,min_height,second_max_height,dribbling_frequency,bending_angle,duration
1,0.46869319677352905,-0.16191565990447998,0.09847313165664673,1.7647058823529411,15.289337226401432,17
