hand,first_max_height,min_height,second_max_height,dribbling_frequency,bending_angle,duration
1,0.40081971883773804,-0.05038934946060181,0.4701709747314453,1.875,13.28402440639045,16
