hand,first_max_height,min_height,second_max_height,dribbling_frequency,bending_angle,duration
1,0.045790016651153564,-0.2774393558502197,0.3189544081687927,1.6666666666666665,60.73250932925473,18
