hand,first_max_height,min_height,second_max_height,dribbling_frequency,bending_angle,duration
1,0.40603017807006836,-0.05856895446777344,0.3521691560745239,1.7647058823529411,25.894272013895534,17
