hand,first_max_height,min_height,second_max_height,dribbling_frequency,bending_angle,duration
1,0.5253966450691223,0.10538679361343384,0.5600667595863342,1.7647058823529411,9.568082989821209,17
