hand,first_max_height,min_height,second_max_height,dribbling_frequency,bending_angle,duration
1,0.5378612279891968,0.04090893268585205,0.4736631512641907,1.875,4.807583020575677,16
