hand,first_max_height,min_height,second_max_height,dribbling_frequency,bending_angle,duration
1,0.49561065435409546,0.017575383186340332,0.5208967924118042,1.6666666666666665,1.8825407688071079,18
