hand,first_max_height,min_height,second_max_height,dribbling_frequency,bending_angle,duration
1,0.4893401265144348,0.06274360418319702,0.5380152463912964,1.7647058823529411,4.144186177540175,17
