hand,first_max_height,min_height,second_max_height,dribbling_frequency,bending_angle,duration
1,-0.12656128406524658,-0.3506581783294678,-0.25899744033813477,3.0,53.91368854535538,10
