hand,first_max_height,min_height,second_max_height,dribbling_frequency,bending_angle,duration
1,0.032153964042663574,-0.17347604036331177,0.041887521743774414,2.7272727272727275,47.024119218424936,11
