hand,first_max_height,min_height,second_max_height,dribbling_frequency,bending_angle,duration
1,0.42604368925094604,0.0306282639503479,0.5574890375137329,1.875,24.613237844575092,16
