hand,first_max_height,min_height,second_max_height,dribbling_frequency,bending_angle,duration
1,0.5012408494949341,0.04466527700424194,0.4999115467071533,1.7647058823529411,5.300087612851281,17
