hand,first_max_height,min_height,second_max_height,dribbling_frequency,bending_angle,duration
1,0.5615801215171814,0.06829017400741577,0.533449649810791,1.5789473684210527,10.789572770712589,19
