hand,first_max_height,min_height,second_max_height,dribbling_frequency,bending_angle,duration
1,0.190546452999115,-0.17968636751174927,0.5253966450691223,1.5,47.00059699552846,20
