hand,first_max_height,min_height,second_max_height,dribbling_frequency,bending_angle,duration
1,0.48149800300598145,0.012944519519805908,0.45731425285339355,1.6666666666666665,4.429443922941383,18
