hand,first_max_height,min_height,second_max_height,dribbling_frequency,bending_angle,duration
1,0.3330931067466736,0.01548779010772705,0.3396354913711548,2.5,27.937028296113088,12
