hand,first_max_height,min_height,second_max_height,dribbling_frequency,bending_angle,duration
1,-0.14067476987838745,-0.4426491856575012,0.08181828260421753,1.5789473684210527,76.64801726562803,19
