hand,first_max_height,min_height,second_max_height,dribbling_frequency,bending_angle,duration
1,0.47291213274002075,0.03556787967681885,0.3627595901489258,2.307692307692308,6.615723254464921,13
