hand,first_max_height,min_height,second_max_height,dribbling_frequency,bending_angle,duration
1,0.06716519594192505,-0.2606947422027588,0.4909785985946655,1.6666666666666665,58.733196783134545,18
