hand,first_max_height,min_height,second_max_height,dribbling_frequency,bending_angle,duration
1,0.0076749324798583984,-0.17117798328399658,0.03203940391540527,2.307692307692308,46.84732276767515,13
