hand,first_max_height,min_height,second_max_height,dribbling_frequency,bending_angle,duration
1,0.16188263893127441,-0.028818130493164062,0.5769898295402527,1.6666666666666665,31.046274094543026,18
