hand,first_max_height,min_height,second_max_height,dribbling_frequency,bending_angle,duration
1,0.5613430142402649,0.021574318408966064,0.511536180973053,1.5789473684210527,7.726527591600245,19
