hand,first_max_height,min_height,second_max_height,dribbling_frequency,bending_angle,duration
1,0.2723684310913086,-0.04478710889816284,0.2677457332611084,1.7647058823529411,25.59960748547597,17
