hand,first_max_height,min_height,second_max_height,dribbling_frequency,bending_angle,duration
1,-0.02027130126953125,-0.23689383268356323,-0.036163926124572754,2.5,56.974639347620375,12
