hand,first_max_height,min_height,second_max_height,dribbling_frequency,bending_angle,duration
1,0.07927840948104858,-0.1386914849281311,0.22546982765197754,2.7272727272727275,47.103942990826226,11
