hand,first_max_height,min_height,second_max_height,dribbling_frequency,bending_angle,duration
1,0.35099756717681885,-0.11259263753890991,0.24895387887954712,1.875,26.98868098962571,16
