hand,first_max_height,min_height,second_max_height,dribbling_frequency,bending_angle,duration
1,-0.025436043739318848,-0.2617400288581848,-0.09276270866394043,2.5,58.534691662109395,12
