hand,first_max_height,min_height,second_max_height,dribbling_frequency,bending_angle,duration
1,0.1446850299835205,-0.04841935634613037,0.06629765033721924,2.7272727272727275,37.13518123976449,11
