hand,first_max_height,min_height,second_max_height,dribbling_frequency,bending_angle,duration
1,0.4998055696487427,0.05140829086303711,0.6135227084159851,1.5789473684210527,10.149724393400122,19
