hand,first_max_height,min_height,second_max_height,dribbling_frequency,bending_angle,duration
1,0.44388800859451294,0.033247947692871094,0.4752759337425232,1.7647058823529411,1.1014443649957668,17
