hand,first_max_height,min_height,second_max_height,dribbling_frequency,bending_angle,duration
1,0.38117092847824097,-0.06272256374359131,0.3885398507118225,1.875,28.607021073756496,16
