hand,first_max_height,min_height,second_max_height,dribbling_frequency,bending_angle,duration
1,0.37459754943847656,0.05252683162689209,0.25971323251724243,2.142857142857143,9.678745726863474,14
