hand,first_max_height,min_height,second_max_height,dribbling_frequency,bending_angle,duration
1,0.4616905450820923,0.07051748037338257,0.4671698808670044,1.875,1.540428471903067,16
