hand,first_max_height,min_height,second_max_height,dribbling_frequency,bending_angle,duration
1,0.5013826489448547,0.025225341320037842,0.45085978507995605,1.7647058823529411,5.632457264127874,17
