hand,first_max_height,min_height,second_max_height,dribbling_frequency,bending_angle,duration
1,0.3594689965248108,0.07052254676818848,0.43661218881607056,2.142857142857143,8.629424161077834,14
