hand,first_max_height,min_height,second_max_height,dribbling_frequency,bending_angle,duration
1,0.5554896593093872,0.021028876304626465,0.059171319007873535,2.5,5.759752559310539,12
