hand,first_max_height,min_height,second_max_height,dribbling_frequency,bending_angle,duration
1,0.6583106517791748,0.12026816606521606,0.6977489590644836,1.3636363636363638,6.076656515750564,22
