hand,first_max_height,min_height,second_max_height,dribbling_frequency,bending_angle,duration
1,0.6532875895500183,0.11422538757324219,0.5044547319412231,1.6666666666666665,6.026088112457419,18
