hand,first_max_height,min_height,second_max_height,dribbling_frequency,bending_angle,duration
1,0.48833614587783813,0.05386650562286377,0.5489379167556763,1.6666666666666665,6.878627618643059,18
