hand,first_max_height,min_height,second_max_height,dribbling_frequency,bending_angle,duration
1,0.19266986846923828,-0.01565796136856079,0.24393218755722046,2.307692307692308,33.512843700671226,13
