hand,first_max_height,min_height,second_max_height,dribbling_frequency,bending_angle,duration
1,0.2512759566307068,-0.07400327920913696,0.13988566398620605,2.307692307692308,27.771385595716534,13
