hand,first_max_height,min_height,second_max_height,dribbling_frequency,bending_angle,duration
1,0.3585928678512573,0.05557936429977417,0.3732683062553406,2.0,4.375031515478325,15
