hand,first_max_height,min_height,second_max_height,dribbling_frequency,bending_angle,duration
1,0.5030936598777771,0.12657707929611206,0.48021239042282104,1.5,9.216132358803987,20
