hand,first_max_height,min_height,second_max_height,dribbling_frequency,bending_angle,duration
1,0.47720789909362793,0.005907237529754639,0.4903520941734314,1.6666666666666665,6.72875867457923,18
