hand,first_max_height,min_height,second_max_height,dribbling_frequency,bending_angle,duration
1,-0.0042798519134521484,-0.27005743980407715,0.014088273048400879,2.307692307692308,59.33680924082444,13
