hand,first_max_height,min_height,second_max_height,dribbling_frequency,bending_angle,duration
1,0.42498213052749634,0.05605125427246094,0.3910410404205322,2.0,8.057818957023628,15
