hand,first_max_height,min_height,second_max_height,dribbling_frequency,bending_angle,duration
1,0.4724389314651489,0.1149301528930664,0.4269157648086548,2.0,2.095645973374599,15
