hand,first_max_height,min_height,second_max_height,dribbling_frequency,bending_angle,duration
1,0.22404265403747559,-0.017687857151031494,0.2494981288909912,2.142857142857143,31.99990858606036,14
