hand,first_max_height,min_height,second_max_height,dribbling_frequency,bending_angle,duration
1,0.08411407470703125,-0.3252003788948059,0.04848825931549072,2.0,63.91597048920815,15
