hand,first_max_height,min_height,second_max_height,dribbling_frequency,bending_angle,duration
1,0.0437735915184021,-0.16594290733337402,0.029174745082855225,2.307692307692308,48.88682054727192,13
