hand,first_max_height,min_height,second_max_height,dribbling_frequency,bending_angle,duration
1,0.37355971336364746,0.04980123043060303,0.4249040484428406,1.875,8.80643301719052,16
