hand,first_max_height,min_height,second_max_height,dribbling_frequency,bending_angle,duration
1,0.5194570422172546,-0.18385279178619385,0.09802138805389404,1.875,16.8265342496697,16
