hand,first_max_height,min_height,second_max_height,dribbling_frequency,bending_angle,duration
1,0.643670380115509,0.0269508957862854,0.6561232805252075,1.5,2.3798474646967582,20
