hand,first_max_height,min_height,second_max_height,dribbling_frequency,bending_angle,duration
1,0.05887836217880249,-0.08839559555053711,0.09166842699050903,2.5,42.19150438088157,12
