hand,first_max_height,min_height,second_max_height,dribbling_frequency,bending_angle,duration
1,0.3021305203437805,0.0685686469078064,0.2956186532974243,2.142857142857143,20.338073454155385,14
