hand,first_max_height,min_height,second_max_height,dribbling_frequency,bending_angle,duration
1,0.11661839485168457,-0.10992515087127686,0.1185845136642456,2.5,44.18154928044583,12
