hand,first_max_height,min_height,second_max_height,dribbling_frequency,bending_angle,duration
1,0.113078773021698,-0.2603575587272644,0.1745564341545105,1.875,57.2514895205083,16
