hand,first_max_height,min_height,second_max_height,dribbling_frequency,bending_angle,duration
1,0.4623495936393738,-0.06029850244522095,0.46402037143707275,1.5789473684210527,24.76979699249073,19
