hand,first_max_height,min_height,second_max_height,dribbling_frequency,bending_angle,duration
1,0.4052470922470093,0.05639374256134033,0.4149353504180908,1.875,9.67658991631745,16
