hand,first_max_height,min_height,second_max_height,dribbling_frequency,bending_angle,duration
1,0.45281916856765747,-0.01355135440826416,0.5326250195503235,1.6666666666666665,8.307937238796328,18
