hand,first_max_height,min_height,second_max_height,dribbling_frequency,bending_angle,duration
1,0.5486711859703064,0.0631113052368164,0.5082377791404724,1.6666666666666665,5.314565677401422,18
