hand,first_max_height,min_height,second_max_height,dribbling_frequency,bending_angle,duration
1,0.5224015712738037,-0.0011092424392700195,0.501636803150177,1.875,10.829719349803442,16
