hand,first_max_height,min_height,second_max_height,dribbling_frequency,bending_angle,duration
1,0.3595174551010132,-0.00907433032989502,0.4974958300590515,1.875,28.891559298595446,16
