hand,first_max_height,min_height,second_max_height,dribbling_frequency,bending_angle,duration
1,0.5091358423233032,0.02257174253463745,0.5074973106384277,1.875,13.502491060657338,16
