hand,first_max_height,min_height,second_max_height,dribbling_frequency,bending_angle,duration
1,-0.0009115338325500488,-0.2182936668395996,0.3045189380645752,2.0,62.91888170757151,15
