hand,first_max_height,min_height,second_max_height,dribbling_frequency,bending_angle,duration
1,0.35572564601898193,0.09818553924560547,0.33935683965682983,2.142857142857143,9.18988148671348,14
