hand,first_max_height,min_height,second_max_height,dribbling_frequency,bending_angle,duration
1,0.45517444610595703,-0.007137775421142578,0.42470985651016235,1.7647058823529411,6.551774106101378,17
