hand,first_max_height,min_height,second_max_height,dribbling_frequency,bending_angle,duration
1,0.03877383470535278,-0.08787167072296143,0.17582863569259644,2.5,53.192887512418935,12
