hand,first_max_height,min_height,second_max_height,dribbling_frequency,bending_angle,duration
1,0.42148059606552124,0.05304604768753052,0.39809465408325195,2.0,6.721415111697281,15
