hand,first_max_height,min_height,second_max_height,dribbling_frequency,bending_angle,duration
1,0.37534672021865845,0.004161357879638672,0.42604368925094604,2.0,24.893290225235532,15
