hand,first_max_height,min_height,second_max_height,dribbling_frequency,bending_angle,duration
1,0.4643287658691406,0.02291494607925415,0.4871847629547119,1.875,17.29343032403308,16
