hand,first_max_height,min_height,second_max_height,dribbling_frequency,bending_angle,duration
1,0.3738594651222229,-0.10126841068267822,0.17202192544937134,1.7647058823529411,11.434242464082354,17
