hand,first_max_height,min_height,second_max_height,dribbling_frequency,bending_angle,duration
1,0.48545122146606445,0.12293726205825806,0.4396657347679138,2.142857142857143,0.15215560568505168,14
