hand,first_max_height,min_height,second_max_height,dribbling_frequency,bending_angle,duration
1,0.46932512521743774,0.0388568639755249,0.4447893500328064,1.875,4.960491531300489,16
