hand,first_max_height,min_height,second_max_height,dribbling_frequency,bending_angle,duration
1,0.3309211730957031,-0.012064695358276367,0.3130113482475281,1.7647058823529411,30.278272523244787,17
