hand,first_max_height,min_height,second_max_height,dribbling_frequency,bending_angle,duration
1,0.4699578881263733,0.07002490758895874,0.5001153945922852,1.6666666666666665,5.239215666999148,18
