hand,first_max_height,min_height,second_max_height,dribbling_frequency,bending_angle,duration
1,-0.012310802936553955,-0.20728254318237305,0.01883763074874878,2.5,57.16994784560897,12
