hand,first_max_height,min_height,second_max_height,dribbling_frequency,bending_angle,duration
1,0.2992437481880188,-0.0672340989112854,0.29104095697402954,2.0,28.224208526792932,15
