hand,first_max_height,min_height,second_max_height,dribbling_frequency,bending_angle,duration
1,0.5227399468421936,0.10247457027435303,0.5675007104873657,1.6666666666666665,2.6621285192963238,18
