hand,first_max_height,min_height,second_max_height,dribbling_frequency,bending_angle,duration
1,0.4794471263885498,0.03380787372589111,0.5152020454406738,1.6666666666666665,4.037406661987305,18
