hand,first_max_height,min_height,second_max_height,dribbling_frequency,bending_angle,duration
1,0.3072100877761841,0.07211703062057495,0.27168750762939453,2.142857142857143,25.470311370598115,14
