hand,first_max_height,min_height,second_max_height,dribbling_frequency,bending_angle,duration
1,0.45860403776168823,0.01582944393157959,0.4311714172363281,1.6666666666666665,14.051240864147927,18
