hand,first_max_height,min_height,second_max_height,dribbling_frequency,bending_angle,duration
1,0.4198567867279053,0.020883560180664062,0.432613730430603,1.6666666666666665,6.9723780569337945,18
