hand,first_max_height,min_height,second_max_height,dribbling_frequency,bending_angle,duration
1,0.34696078300476074,-0.07349658012390137,0.05500781536102295,2.5,11.534373920480732,12
