hand,first_max_height,min_height,second_max_height,dribbling_frequency,bending_angle,duration
1,0.6720513105392456,0.11502337455749512,0.6507042646408081,1.3636363636363638,4.516164733746691,22
