hand,first_max_height,min_height,second_max_height,dribbling_frequency,bending_angle,duration
1,0.13471442461013794,-0.13090252876281738,0.09953022003173828,2.5,34.08087348837927,12
