hand,first_max_height,min_height,second_max_height,dribbling_frequency,bending_angle,duration
1,0.3953675627708435,0.021194934844970703,0.41597479581832886,2.0,7.257468026354921,15
