hand,first_max_height,min_height,second_max_height,dribbling_frequency,bending_angle,duration
1,0.45573776960372925,-0.01887756586074829,0.4325300455093384,1.6666666666666665,16.86319522504056,18
