hand,first_max_height,min_height,second_max_height,dribbling_frequency,bending_angle,duration
1,-0.11795520782470703,-0.26256680488586426,-0.0391460657119751,2.142857142857143,53.53469269871735,14
