hand,first_max_height,min_height,second_max_height,dribbling_frequency,bending_angle,duration
1,0.3684080243110657,0.0709843635559082,0.3727380633354187,2.142857142857143,13.841364723586798,14
