hand,first_max_height,min_height,second_max_height,dribbling_frequency,bending_angle,duration
1,0.436808705329895,0.08867955207824707,0.3941800594329834,1.875,5.080427954149889,16
