hand,first_max_height,min_height,second_max_height,dribbling_frequency,bending_angle,duration
1,0.34679603576660156,0.006908237934112549,0.36861705780029297,2.0,8.89758196311315,15
