hand,first_max_height,min_height,second_max_height,dribbling_frequency,bending_angle,duration
1,0.37907010316848755,-0.11473947763442993,0.6445345282554626,1.5,33.319198287149106,20
