hand,first_max_height,min_height,second_max_height,dribbling_frequency,bending_angle,duration
1,0.4340088367462158,0.04248934984207153,0.42770665884017944,1.875,4.244686596880472,16
