hand,first_max_height,min_height,second_max_height,dribbling_frequency,bending_angle,duration
1,0.40319567918777466,0.1132664680480957,0.41307657957077026,2.142857142857143,2.671480299826385,14
