hand,first_max_height,min_height,second_max_height,dribbling_frequency,bending_angle,duration
1,0.43107032775878906,0.05871468782424927,0.4172217845916748,1.875,7.060336344172392,16
