hand,first_max_height,min_height,second_max_height,dribbling_frequency,bending_angle,duration
1,0.5833653807640076,0.09054917097091675,0.5740180611610413,1.4285714285714284,3.9413906414429754,21
