hand,first_max_height,min_height,second_max_height,dribbling_frequency,bending_angle,duration
1,0.4523952603340149,0.07630103826522827,0.5099069476127625,1.7647058823529411,4.040751653548658,17
