hand,first_max_height,min_height,second_max_height,dribbling_frequency,bending_angle,duration
1,0.5412606596946716,0.013154387474060059,0.6020029783248901,1.5789473684210527,1.598823437223239,19
