hand,first_max_height,min_height,second_max_height,dribbling_frequency,bending_angle,duration
1,0.3880036473274231,0.04190331697463989,0.4052470922470093,1.875,8.062368497368933,16
