hand,first_max_height,min_height,second_max_height,dribbling_frequency,bending_angle,duration
1,0.4347120523452759,0.018535315990447998,0.4746149182319641,1.7647058823529411,11.854792143412563,17
