hand,first_max_height,min_height,second_max_height,dribbling_frequency,bending_angle,duration
1,0.08875638246536255,-0.025194823741912842,0.5286661386489868,2.307692307692308,24.313455196494406,13
