hand,first_max_height,min_height,second_max_height,dribbling_frequency,bending_angle,duration
1,0.2509550452232361,-0.03138101100921631,0.4235990643501282,2.142857142857143,36.57631540079359,14
