hand,first_max_height,min_height,second_max_height,dribbling_frequency,bending_angle,duration
1,0.4754059910774231,0.09248846769332886,0.5274379849433899,2.0,8.872448712300342,15
