hand,first_max_height,min_height,second_max_height,dribbling_frequency,bending_angle,duration
1,0.3919858932495117,0.054063379764556885,0.30888962745666504,2.0,11.245061211720156,15
