hand,first_max_height,min_height,second_max_height,dribbling_frequency,bending_angle,duration
1,0.5614602565765381,0.0618056058883667,0.5681836009025574,1.6666666666666665,6.686983624497251,18
