hand,first_max_height,min_height,second_max_height,dribbling_frequency,bending_angle,duration
1,0.3309151530265808,-0.019216537475585938,0.29463082551956177,2.142857142857143,21.269296885664783,14
