hand,first_max_height,min_height,second_max_height,dribbling_frequency,bending_angle,duration
1,0.21713072061538696,-0.046319425106048584,0.3399657607078552,2.0,15.47380357488788,15
