hand,first_max_height,min_height,second_max_height,dribbling_frequency,bending_angle,duration
1,0.46205925941467285,0.11021262407302856,0.46091538667678833,2.0,3.8552074298971717,15
