hand,first_max_height,min_height,second_max_height,dribbling_frequency,bending_angle,duration
1,0.2494981288909912,-0.011405229568481445,0.2775610089302063,2.0,31.306964006902678,15
