hand,first_max_height,min_height,second_max_height,dribbling_frequency,bending_angle,duration
1,0.26588332653045654,-0.010622859001159668,0.2836746573448181,1.7647058823529411,25.015271422521344,17
