hand,first_max_height,min_height,second_max_height,dribbling_frequency,bending_angle,duration
1,0.4700378179550171,0.09431272745132446,0.4340354800224304,1.7647058823529411,2.8742827155228636,17
