hand,first_max_height,min_height,second_max_height,dribbling_frequency,bending_angle,duration
1,0.4527665376663208,0.007031083106994629,0.48215585947036743,1.6666666666666665,3.967865741876751,18
