hand,first_max_height,min_height,second_max_height,dribbling_frequency,bending_angle,duration
1,0.3368145823478699,-0.12244296073913574,0.10225838422775269,2.5,32.87905644314974,12
