hand,first_max_height,min_height,second_max_height,dribbling_frequency,bending_angle,duration
1,0.4691389799118042,0.08194667100906372,0.3949066400527954,1.875,3.6695093810041377,16
