hand,first_max_height,min_height,second_max_height,dribbling_frequency,bending_angle,duration
1,0.3364608883857727,0.10062342882156372,0.4075418710708618,2.5,14.759768743000665,12
