hand,first_max_height,min_height,second_max_height,dribbling_frequency,bending_angle,duration
1,0.15136879682540894,-0.07880240678787231,0.21072447299957275,2.5,41.17324753990633,12
