hand,first_max_height,min_height,second_max_height,dribbling_frequency,bending_angle,duration
1,0.36231279373168945,-0.03198426961898804,0.2754143476486206,1.875,9.824232394899505,16
