hand,first_max_height,min_height,second_max_height,dribbling_frequency,bending_angle,duration
1,-0.007451891899108887,-0.20353418588638306,-0.012520432472229004,2.5,58.465973299214916,12
