hand,first_max_height,min_height,second_max_height,dribbling_frequency,bending_angle,duration
1,0.013723015785217285,-0.2007041573524475,-0.04459041357040405,2.7272727272727275,53.82209959285538,11
