hand,first_max_height,min_height,second_max_height,dribbling_frequency,bending_angle,duration
1,0.5293757915496826,0.015964269638061523,0.4679003357887268,1.7647058823529411,3.905860262494314,17
