hand,first_max_height,min_height,second_max_height,dribbling_frequency,bending_angle,duration
1,0.3480343818664551,-0.004000425338745117,0.3466559052467346,2.0,11.268243699526057,15
