hand,first_max_height,min_height,second_max_height,dribbling_frequency,bending_angle,duration
1,-0.001127779483795166,-0.26197272539138794,0.4577236771583557,1.5,55.590402711507956,20
