hand,first_max_height,min_height,second_max_height,dribbling_frequency,bending_angle,duration
1,0.004830360412597656,-0.22165828943252563,0.013723015785217285,2.307692307692308,52.80327681076994,13
