hand,first_max_height,min_height,second_max_height,dribbling_frequency,bending_angle,duration
1,0.13524144887924194,-0.24126911163330078,0.14823168516159058,2.142857142857143,59.13672021928401,14
