hand,first_max_height,min_height,second_max_height,dribbling_frequency,bending_angle,duration
1,0.5337108373641968,0.035090863704681396,0.3136902451515198,2.0,6.945657773554942,15
