hand,first_max_height,min_height,second_max_height,dribbling_frequency,bending_angle,duration
1,0.4939243197441101,0.02631145715713501,0.5062347650527954,1.875,8.448374385122008,16
