hand,first_max_height,min_height,second_max_height,dribbling_frequency,bending_angle,duration
1,0.4722166061401367,0.04539459943771362,0.5386956334114075,1.7647058823529411,3.748522850445869,17
