hand,first_max_height,min_height,second_max_height,dribbling_frequency,bending_angle,duration
1,0.6070770025253296,0.08421683311462402,0.5583375096321106,1.5789473684210527,1.7075886552259925,19
