hand,first_max_height,min_height,second_max_height,dribbling_frequency,bending_angle,duration
1,-0.0515325665473938,-0.2954489588737488,-0.02528601884841919,2.5,65.20178507329955,12
