hand,first_max_height,min_height,second_max_height,dribbling_frequency,bending_angle,duration
1,0.3014377951622009,-0.007583558559417725,0.33350348472595215,2.0,12.09738707124539,15
