hand,first_max_height,min_height,second_max_height,dribbling_frequency,bending_angle,duration
1,0.40254026651382446,0.07584458589553833,0.39160269498825073,2.0,3.9197434188635243,15
