hand,first_max_height,min_height,second_max_height,dribbling_frequency,bending_angle,duration
1,0.39424818754196167,0.03777092695236206,0.554791271686554,1.875,25.152437725729808,16
