hand,first_max_height,min_height,second_max_height,dribbling_frequency,bending_angle,duration
1,0.09541589021682739,-0.27505946159362793,0.32317978143692017,1.5789473684210527,59.41460404484411,19
