hand,first_max_height,min_height,second_max_height,dribbling_frequency,bending_angle,duration
1,0.14919155836105347,-0.22122234106063843,0.30640488862991333,1.875,56.56539611870138,16
