hand,first_max_height,min_height,second_max_height,dribbling_frequency,bending_angle,duration
1,0.5747420787811279,-0.003408968448638916,0.5494390726089478,1.5789473684210527,9.553871512568037,19
