hand,first_max_height,min_height,second_max_height,dribbling_frequency,bending_angle,duration
1,0.48104244470596313,0.11153221130371094,0.41669732332229614,2.142857142857143,7.527380719436002,14
