hand,first_max_height,min_height,second_max_height,dribbling_frequency,bending_angle,duration
1,0.47789478302001953,0.06408321857452393,0.48058807849884033,1.875,6.020471043812437,16
