hand,first_max_height,min_height,second_max_height,dribbling_frequency,bending_angle,duration
1,0.4518657922744751,0.1460462212562561,0.45231276750564575,1.5,11.911285002530065,20
