hand,first_max_height,min_height,second_max_height,dribbling_frequency,bending_angle,duration
1,0.00854027271270752,-0.26370763778686523,-0.025869548320770264,2.7272727272727275,58.483730998711145,11
