hand,first_max_height,min_height,second_max_height,dribbling_frequency,bending_angle,duration
1,0.39618170261383057,-0.008421659469604492,0.43799591064453125,1.875,12.539472949194035,16
