hand,first_max_height,min_height,second_max_height,dribbling_frequency,bending_angle,duration
1,0.47312015295028687,0.022677600383758545,0.4846213459968567,1.5789473684210527,6.716819845332632,19
