hand,first_max_height,min_height,second_max_height,dribbling_frequency,bending_angle,duration
1,0.36552923917770386,-0.047617435455322266,0.4028847813606262,1.6666666666666665,23.670537648693198,18
