hand,first_max_height,min_height,second_max_height,dribbling_frequency,bending_angle,duration
1,0.32576483488082886,-0.015659570693969727,0.5088111162185669,1.5789473684210527,31.835158967148157,19
