hand,first_max_height,min_height,second_max_height,dribbling_frequency,bending_angle,duration
1,0.0012794733047485352,-0.26093822717666626,-0.11119729280471802,2.7272727272727275,60.05326696119337,11
