hand,first_max_height,min_height,second_max_height,dribbling_frequency,bending_angle,duration
1,0.40715569257736206,0.07785582542419434,0.6680680513381958,1.7647058823529411,4.795015042514146,17
