hand,first_max_height,min_height,second_max_height,dribbling_frequency,bending_angle,duration
1,0.2818155884742737,-0.030108988285064697,0.3064649701118469,1.875,28.444180892300565,16
