hand,first_max_height,min_height,second_max_height,dribbling_frequency,bending_angle,duration
1,0.4371284246444702,-0.026032209396362305,0.4037349224090576,1.6666666666666665,18.33238165282677,18
