hand,first_max_height,min_height,second_max_height,dribbling_frequency,bending_angle,duration
1,0.4301040768623352,0.02049785852432251,0.4479224681854248,1.7647058823529411,3.2973054099792596,17
