hand,first_max_height,min_height,second_max_height,dribbling_frequency,bending_angle,duration
1,0.37811142206192017,0.0022115111351013184,0.531834602355957,1.5789473684210527,28.303535706115806,19
