hand,first_max_height,min_height,second_max_height,dribbling_frequency,bending_angle,duration
1,0.004816174507141113,-0.21768754720687866,-0.04932135343551636,2.7272727272727275,53.88305035362173,11
