hand,first_max_height,min_height,second_max_height,dribbling_frequency,bending_angle,duration
1,0.4445260763168335,0.047958552837371826,0.4285033345222473,1.875,5.493297526909845,16
