hand,first_max_height,min_height,second_max_height,dribbling_frequency,bending_angle,duration
1,0.4499760866165161,0.009343922138214111,0.47341084480285645,1.6666666666666665,5.091290193663513,18
