hand,first_max_height,min_height,second_max_height,dribbling_frequency,bending_angle,duration
1,0.5055490136146545,0.0022621750831604004,0.4887493848800659,1.5,7.248255108445771,20
