hand,first_max_height,min_height,second_max_height,dribbling_frequency,bending_angle,duration
1,0.38781261444091797,-0.00209122896194458,0.3710535168647766,1.7647058823529411,4.86360270090972,17
