hand,first_max_height,min_height,second_max_height,dribbling_frequency,bending_angle,duration
1,0.5648948550224304,0.0905226469039917,0.5739927291870117,1.3636363636363638,10.78970228682441,22
