hand,first_max_height,min_height,second_max_height,dribbling_frequency,bending_angle,duration
1,0.54991614818573,0.08326244354248047,0.5836154222488403,1.4285714285714284,10.77321023168537,21
