hand,first_max_height,min_height,second_max_height,dribbling_frequency,bending_angle,duration
1,0.054015517234802246,-0.1705307960510254,0.027432262897491455,2.7272727272727275,48.101472321240756,11
