hand,first_max_height,min_height,second_max_height,dribbling_frequency,bending_angle,duration
1,0.35821759700775146,0.032096922397613525,0.39230942726135254,1.875,5.639163934194561,16
