hand,first_max_height,min_height,second_max_height,dribbling_frequency,bending_angle,duration
1,0.3646613359451294,-0.03085505962371826,0.38277530670166016,2.0,18.878164882444974,15
