hand,first_max_height,min_height,second_max_height,dribbling_frequency,bending_angle,duration
1,0.275518000125885,-0.22346711158752441,0.20847290754318237,1.875,50.877452838615454,16
