hand,first_max_height,min_height,second_max_height,dribbling_frequency,bending_angle,duration
1,0.13256460428237915,-0.1327153444290161,-0.007124423980712891,2.7272727272727275,47.07901217147564,11
