hand,first_max_height,min_height,second_max_height,dribbling_frequency,bending_angle,duration
1,0.08140146732330322,-0.2068716287612915,0.023887693881988525,2.5,51.60879510946469,12
