hand,first_max_height,min_height,second_max_height,dribbling_frequency,bending_angle,duration
1,0.048000872135162354,-0.2053067684173584,0.058947861194610596,2.307692307692308,50.341172357514566,13
