hand,first_max_height,min_height,second_max_height,dribbling_frequency,bending_angle,duration
1,0.2345048189163208,-0.02473771572113037,0.29813259840011597,2.142857142857143,32.584035065874374,14
