hand,first_max_height,min_height,second_max_height,dribbling_frequency,bending_angle,duration
1,0.24832111597061157,-0.2615499496459961,0.05862736701965332,2.0,44.45928805653726,15
