hand,first_max_height,min_height,second_max_height,dribbling_frequency,bending_angle,duration
1,0.26941460371017456,-0.025232791900634766,0.272910475730896,1.5,27.648393787618243,20
