hand,first_max_height,min_height,second_max_height,dribbling_frequency,bending_angle,duration
1,0.36941754817962646,0.0432247519493103,0.27883487939834595,2.307692307692308,7.734102154670033,13
