hand,first_max_height,min_height,second_max_height,dribbling_frequency,bending_angle,duration
1,0.14779651165008545,-0.2579314708709717,0.10681438446044922,1.6666666666666665,53.73788165826212,18
