hand,first_max_height,min_height,second_max_height,dribbling_frequency,bending_angle,duration
1,0.44766145944595337,-0.06090211868286133,0.4046100378036499,1.6666666666666665,25.93384014081136,18
