hand,first_max_height,min_height,second_max_height,dribbling_frequency,bending_angle,duration
1,-0.08532655239105225,-0.2925143241882324,-0.020267903804779053,2.7272727272727275,66.16607434438895,11
