hand,first_max_height,min_height,second_max_height,dribbling_frequency,bending_angle,duration
1,0.3374316692352295,-0.006258130073547363,0.38029974699020386,1.875,8.962863666589447,16
