hand,first_max_height,min_height,second_max_height,dribbling_frequency,bending_angle,duration
1,0.5060034394264221,0.08797812461853027,0.4890207052230835,2.0,6.605952864268261,15
