hand,first_max_height,min_height,second_max_height,dribbling_frequency,bending_angle,duration
1,0.16336548328399658,-0.040917396545410156,0.2532927393913269,2.5,32.675538511714834,12
