hand,first_max_height,min_height,second_max_height,dribbling_frequency,bending_angle,duration
1,0.4406067728996277,0.00603175163269043,0.485978364944458,1.6666666666666665,5.40182938610115,18
