hand,first_max_height,min_height,second_max_height,dribbling_frequency,bending_angle,duration
1,0.5904636383056641,0.06687295436859131,0.5798327326774597,1.6666666666666665,2.1832805480596846,18
