hand,first_max_height,min_height,second_max_height,dribbling_frequency,bending_angle,duration
1,0.44520920515060425,0.06842684745788574,0.42463427782058716,2.142857142857143,8.943326619963079,14
