hand,first_max_height,min_height,second_max_height,dribbling_frequency,bending_angle,duration
1,0.48121094703674316,0.03400862216949463,0.5435050129890442,1.875,17.86832891718451,16
