hand,first_max_height,min_height,second_max_height,dribbling_frequency,bending_angle,duration
1,0.11757403612136841,-0.28200632333755493,0.0074138641357421875,2.307692307692308,55.554595025710235,13
