hand,first_max_height,min_height,second_max_height,dribbling_frequency,bending_angle,duration
1,0.46654677391052246,0.0219879150390625,0.5232387781143188,1.6666666666666665,5.295087176370625,18
