hand,first_max_height,min_height,second_max_height,dribbling_frequency,bending_angle,duration
1,0.565478503704071,0.11313849687576294,0.5426807999610901,1.875,7.859971126716663,16
