hand,first_max_height,min_height,second_max_height,dribbling_frequency,bending_angle,duration
1,-0.07716798782348633,-0.23019325733184814,-0.06024742126464844,2.307692307692308,62.394907072697826,13
