hand,first_max_height,min_height,second_max_height,dribbling_frequency,bending_angle,duration
1,0.40600335597991943,0.19440871477127075,0.42513012886047363,2.307692307692308,4.469129249588049,13
