hand,first_max_height,min_height,second_max_height,dribbling_frequency,bending_angle,duration
1,0.39522212743759155,0.02568453550338745,0.47231990098953247,1.875,1.4390796407094675,16
