hand,first_max_height,min_height,second_max_height,dribbling_frequency,bending_angle,duration
1,0.04789400100708008,-0.1383955478668213,0.05887836217880249,2.307692307692308,43.268613136796,13
