hand,first_max_height,min_height,second_max_height,dribbling_frequency,bending_angle,duration
1,0.42191410064697266,-0.00408625602722168,0.47632139921188354,1.5789473684210527,5.756697462299147,19
