hand,first_max_height,min_height,second_max_height,dribbling_frequency,bending_angle,duration
1,0.6330044865608215,0.08514964580535889,0.5608651638031006,1.2,1.4183410909139373,25
