hand,first_max_height,min_height,second_max_height,dribbling_frequency,bending_angle,duration
1,0.4692292809486389,0.15602368116378784,0.48545122146606445,2.142857142857143,2.8473153839383785,14
