hand,first_max_height,min_height,second_max_height,dribbling_frequency,bending_angle,duration
1,0.5550747513771057,0.08163511753082275,0.5634421706199646,1.875,13.0702729758011,16
