hand,first_max_height,min_height,second_max_height,dribbling_frequency,bending_angle,duration
1,0.3643333315849304,0.05568122863769531,0.34204423427581787,2.0,8.500053059211446,15
