hand,first_max_height,min_height,second_max_height,dribbling_frequency,bending_angle,duration
1,0.42792195081710815,0.045057833194732666,0.3976747989654541,1.875,5.1813865301502355,16
