hand,first_max_height,min_height,second_max_height,dribbling_frequency,bending_angle,duration
1,0.4897516965866089,-0.026377856731414795,0.4720824360847473,1.5789473684210527,22.767930441824955,19
