hand,first_max_height,min_height,second_max_height,dribbling_frequency,bending_angle,duration
1,0.29537516832351685,-0.00748366117477417,0.3252602219581604,1.6666666666666665,24.867530919213177,18
