hand,first_max_height,min_height,second_max_height,dribbling_frequency,bending_angle,duration
1,0.6980197429656982,0.11976170539855957,0.40600335597991943,1.6666666666666665,10.531264577002243,18
