hand,first_max_height,min_height,second_max_height,dribbling_frequency,bending_angle,duration
1,0.16781824827194214,-0.06271016597747803,0.4974484443664551,2.0,47.44091173065556,15
