hand,first_max_height,min_height,second_max_height,dribbling_frequency,bending_angle,duration
1,0.38755637407302856,0.024041593074798584,0.30243808031082153,2.142857142857143,13.438583994053653,14
