hand,first_max_height,min_height,second_max_height,dribbling_frequency,bending_angle,duration
1,0.48133140802383423,0.018600642681121826,0.35096412897109985,1.7647058823529411,4.9358262082205835,17
