hand,first_max_height,min_height,second_max_height,dribbling_frequency,bending_angle,duration
1,0.4568898677825928,0.011998116970062256,0.4478706121444702,1.7647058823529411,10.438553958335147,17
