hand,first_max_height,min_height,second_max_height,dribbling_frequency,bending_angle,duration
1,0.0074138641357421875,-0.29236531257629395,-0.0543978214263916,2.5,65.4929042654968,12
