hand,first_max_height,min_height,second_max_height,dribbling_frequency,bending_angle,duration
1,0.11689651012420654,-0.1420600414276123,-0.02791696786880493,3.0,49.475970319210774,10
