hand,first_max_height,min_height,second_max_height,dribbling_frequency,bending_angle,duration
1,0.44147413969039917,0.09000027179718018,0.4533469080924988,2.142857142857143,4.791550556647686,14
