hand,first_max_height,min_height,second_max_height,dribbling_frequency,bending_angle,duration
1,0.5161080360412598,0.015414178371429443,0.297088623046875,2.142857142857143,5.318872883821989,14
