hand,first_max_height,min_height,second_max_height,dribbling_frequency,bending_angle,duration
1,0.5378367900848389,0.0039858222007751465,0.5629597902297974,1.7647058823529411,7.133580277263266,17
