hand,first_max_height,min_height,second_max_height,dribbling_frequency,bending_angle,duration
1,0.29912620782852173,0.04025214910507202,0.28508657217025757,2.0,27.52381407257029,15
