hand,first_max_height,min_height,second_max_height,dribbling_frequency,bending_angle,duration
1,0.13991856575012207,-0.2836875915527344,0.5518237948417664,1.5,67.59492224954836,20
