hand,first_max_height,min_height,second_max_height,dribbling_frequency,bending_angle,duration
1,0.3051961064338684,0.051351726055145264,0.26389819383621216,2.0,24.43229192133352,15
