hand,first_max_height,min_height,second_max_height,dribbling_frequency,bending_angle,duration
1,0.3843114376068115,0.013736486434936523,0.3978498578071594,1.875,3.841813392535577,16
