hand,first_max_height,min_height,second_max_height,dribbling_frequency,bending_angle,duration
1,-0.1464778184890747,-0.36024773120880127,-0.06963580846786499,2.142857142857143,68.47186765453833,14
