hand,first_max_height,min_height,second_max_height,dribbling_frequency,bending_angle,duration
1,0.32268184423446655,0.018163323402404785,0.3242780566215515,2.307692307692308,27.52883501447069,13
