hand,first_max_height,min_height,second_max_height,dribbling_frequency,bending_angle,duration
1,0.5029981732368469,-0.018441379070281982,0.5001846551895142,1.5789473684210527,8.078509941514351,19
