hand,first_max_height,min_height,second_max_height,dribbling_frequency,bending_angle,duration
1,0.3941800594329834,0.08911347389221191,0.44587838649749756,1.875,7.464304526741118,16
