hand,first_max_height,min_height,second_max_height,dribbling_frequency,bending_angle,duration
1,0.5348195433616638,0.06694930791854858,0.6147063374519348,1.5,3.3919359213906626,20
