hand,first_max_height,min_height,second_max_height,dribbling_frequency,bending_angle,duration
1,0.4141225814819336,-0.02036970853805542,0.5181336998939514,1.875,8.987862874062497,16
