hand,first_max_height,min_height,second_max_height,dribbling_frequency,bending_angle,duration
1,0.2601166367530823,0.14638054370880127,0.28876829147338867,2.5,9.610473222051944,12
