hand,first_max_height,min_height,second_max_height,dribbling_frequency,bending_angle,duration
1,0.4209071397781372,0.11493086814880371,0.4573493003845215,2.142857142857143,7.013197526833982,14
