hand,first_max_height,min_height,second_max_height,dribbling_frequency,bending_angle,duration
1,0.39519625902175903,-0.11486953496932983,0.00854027271270752,2.307692307692308,20.989619591613106,13
