hand,first_max_height,min_height,second_max_height,dribbling_frequency,bending_angle,duration
1,-0.11119729280471802,-0.26242512464523315,-0.08341693878173828,2.7272727272727275,68.67649879113561,11
