hand,first_max_height,min_height,second_max_height,dribbling_frequency,bending_angle,duration
1,0.2182927131652832,-0.009365200996398926,0.28386980295181274,2.142857142857143,32.63311676754202,14
