hand,first_max_height,min_height,second_max_height,dribbling_frequency,bending_angle,duration
1,0.3168196678161621,-0.025227010250091553,0.32806676626205444,2.0,6.881039645973988,15
