hand,first_max_height,min_height,second_max_height,dribbling_frequency,bending_angle,duration
1,0.3670042157173157,0.0555843710899353,0.379641592502594,2.142857142857143,11.597299054939294,14
