hand,first_max_height,min_height,second_max_height,dribbling_frequency,bending_angle,duration
1,0.49217385053634644,0.0029112696647644043,0.49421900510787964,1.5789473684210527,14.535252887242292,19
