hand,first_max_height,min_height,second_max_height,dribbling_frequency,bending_angle,duration
1,0.44830697774887085,0.0773572325706482,0.3838881254196167,2.142857142857143,7.742721976427365,14
