hand,first_max_height,min_height,second_max_height,dribbling_frequency,bending_angle,duration
1,0.3814017176628113,-0.14148718118667603,0.10761064291000366,1.6666666666666665,16.531271322667166,18
