hand,first_max_height,min_height,second_max_height,dribbling_frequency,bending_angle,duration
1,0.4114212393760681,0.027634739875793457,0.39564359188079834,2.0,7.413047088180387,15
