hand,first_max_height,min_height,second_max_height,dribbling_frequency,bending_angle,duration
1,0.3584672808647156,-0.20535391569137573,0.1500786542892456,1.5,28.6123983602673,20
