hand,first_max_height,min_height,second_max_height,dribbling_frequency,bending_angle,duration
1,0.392067551612854,-0.0009033679962158203,0.39617788791656494,1.6666666666666665,6.039387191162317,18
