hand,first_max_height,min_height,second_max_height,dribbling_frequency,bending_angle,duration
1,0.6147063374519348,0.03107661008834839,0.5856590867042542,1.5,4.285836327687979,20
