hand,first_max_height,min_height,second_max_height,dribbling_frequency,bending_angle,duration
1,0.11653202772140503,-0.22752928733825684,0.2255946397781372,1.875,54.721736655205156,16
