hand,first_max_height,min_height,second_max_height,dribbling_frequency,bending_angle,duration
1,0.5390620231628418,0.04048466682434082,0.4822441339492798,1.6666666666666665,5.030796605540364,18
