hand,first_max_height,min_height,second_max_height,dribbling_frequency,bending_angle,duration
1,0.26824408769607544,0.05277317762374878,0.2527572512626648,2.142857142857143,23.036275566803877,14
