hand,first_max_height,min_height,second_max_height,dribbling_frequency,bending_angle,duration
1,0.22193825244903564,-0.009005546569824219,0.20600247383117676,2.142857142857143,30.10977405039385,14
