hand,first_max_height,min_height,second_max_height,dribbling_frequency,bending_angle,duration
1,0.08921033143997192,-0.2241051197052002,0.21233010292053223,1.875,57.41863825173775,16
