hand,first_max_height,min_height,second_max_height,dribbling_frequency,bending_angle,duration
1,0.5212220549583435,0.027401626110076904,0.5084207653999329,1.7647058823529411,6.019350594730544,17
