hand,first_max_height,min_height,second_max_height,dribbling_frequency,bending_angle,duration
1,0.3860328197479248,-0.02383291721343994,0.38937288522720337,1.7647058823529411,6.763801151362053,17
