hand,first_max_height,min_height,second_max_height,dribbling_frequency,bending_angle,duration
1,0.5696108937263489,0.03892248868942261,0.5419188737869263,1.6666666666666665,5.310445181111226,18
