hand,first_max_height,min_height,second_max_height,dribbling_frequency,bending_angle,duration
1,0.05402374267578125,-0.20118051767349243,0.0325242280960083,2.5,50.594581135304374,12
