hand,first_max_height,min_height,second_max_height,dribbling_frequency,bending_angle,duration
1,-0.09276270866394043,-0.2686222195625305,-0.08903586864471436,2.7272727272727275,65.48108911860518,11
