hand,first_max_height,min_height,second_max_height,dribbling_frequency,bending_angle,duration
1,0.40166670083999634,0.0047416090965271,0.3121604323387146,2.142857142857143,7.666324278768265,14
