hand,first_max_height,min_height,second_max_height,dribbling_frequency,bending_angle,duration
1,0.3986435532569885,0.02753692865371704,0.3704736828804016,1.7647058823529411,11.622385214269828,17
