hand,first_max_height,min_height,second_max_height,dribbling_frequency,bending_angle,duration
1,0.059171319007873535,-0.2169768214225769,-0.07160699367523193,2.7272727272727275,55.124189538014896,11
