hand,first_max_height,min_height,second_max_height,dribbling_frequency,bending_angle,duration
1,0.5546492338180542,0.06952369213104248,0.4665563106536865,1.6666666666666665,10.551173547139072,18
