hand,first_max_height,min_height,second_max_height,dribbling_frequency,bending_angle,duration
1,0.522538423538208,0.07116132974624634,0.5742790102958679,1.7647058823529411,3.9468426835741957,17
