hand,first_max_height,min_height,second_max_height,dribbling_frequency,bending_angle,duration
1,0.28508657217025757,0.038630902767181396,0.2786979675292969,2.142857142857143,27.13440740186615,14
