hand,first_max_height,min_height,second_max_height,dribbling_frequency,bending_angle,duration
1,-0.16568630933761597,-0.39012885093688965,-0.12531745433807373,2.0,73.64271786210014,15
