hand,first_max_height,min_height,second_max_height,dribbling_frequency,bending_angle,duration
1,0.3346622586250305,-0.04022061824798584,0.325969398021698,2.0,21.199808418866294,15
