hand,first_max_height,min_height,second_max_height,dribbling_frequency,bending_angle,duration
1,0.3917609453201294,0.09110832214355469,0.32867079973220825,2.142857142857143,12.7319741041794,14
