hand,first_max_height,min_height,second_max_height,dribbling_frequency,bending_angle,duration
1,0.5485320687294006,0.05167287588119507,0.5347755551338196,1.7647058823529411,13.373637429046676,17
