hand,first_max_height,min_height,second_max_height,dribbling_frequency,bending_angle,duration
1,0.5215235352516174,0.09536802768707275,0.4728096127510071,1.6666666666666665,5.9417819730830415,18
