hand,first_max_height,min_height,second_max_height,dribbling_frequency,bending_angle,duration
1,0.381308376789093,0.0019432902336120605,0.39469003677368164,1.7647058823529411,5.005568858677067,17
