hand,first_max_height,min_height,second_max_height,dribbling_frequency,bending_angle,duration
1,0.403850793838501,0.031711697578430176,0.4273090362548828,1.875,2.2786805588527685,16
