hand,first_max_height,min_height,second_max_height,dribbling_frequency,bending_angle,duration
1,0.03608965873718262,-0.22310543060302734,0.07779276371002197,2.0,50.540357246108066,15
