hand,first_max_height,min_height,second_max_height,dribbling_frequency,bending_angle,duration
1,-0.1369936466217041,-0.30102401971817017,-0.02702200412750244,2.7272727272727275,66.8836500556401,11
