hand,first_max_height,min_height,second_max_height,dribbling_frequency,bending_angle,duration
1,0.025387227535247803,-0.11154836416244507,0.2497919201850891,2.5,56.287317306581066,12
