hand,first_max_height,min_height,second_max_height,dribbling_frequency,bending_angle,duration
1,0.5752764940261841,-0.005941629409790039,0.6061939597129822,1.5789473684210527,8.761938117945299,19
