hand,first_max_height,min_height,second_max_height,dribbling_frequency,bending_angle,duration
1,0.15129828453063965,-0.2229352593421936,0.10307180881500244,2.0,51.96090710530889,15
