hand,first_max_height,min_height,second_max_height,dribbling_frequency,bending_angle,duration
1,0.34992021322250366,0.02214568853378296,0.403850793838501,1.875,22.732732932172695,16
