hand,first_max_height,min_height,second_max_height,dribbling_frequency,bending_angle,duration
1,0.0022187232971191406,-0.1451234221458435,0.18251419067382812,2.5,51.57672731097225,12
