hand,first_max_height,min_height,second_max_height,dribbling_frequency,bending_angle,duration
1,0.1556791067123413,-0.04540592432022095,0.16899442672729492,2.307692307692308,37.701741843608566,13
