hand,first_max_height,min_height,second_max_height,dribbling_frequency,bending_angle,duration
1,0.17845553159713745,-0.11605453491210938,0.05402374267578125,2.7272727272727275,41.500688691541576,11
