hand,first_max_height,min_height,second_max_height,dribbling_frequency,bending_angle,duration
1,0.22948187589645386,-0.012243211269378662,0.26785731315612793,1.875,12.90509366569095,16
