hand,first_max_height,min_height,second_max_height,dribbling_frequency,bending_angle,duration
1,0.5339230298995972,0.07149684429168701,0.46524351835250854,1.7647058823529411,2.96883549354636,17
