hand,first_max_height,min_height,second_max_height,dribbling_frequency,bending_angle,duration
1,0.19331520795822144,-0.1814318299293518,0.6532875895500183,1.4285714285714284,43.56133376429101,21
