hand,first_max_height,min_height,second_max_height,dribbling_frequency,bending_angle,duration
1,0.4487708806991577,0.04260152578353882,0.46457386016845703,1.875,3.845070000143332,16
