hand,first_max_height,min_height,second_max_height,dribbling_frequency,bending_angle,duration
1,0.4072219729423523,0.03911858797073364,0.3623570203781128,2.307692307692308,17.27501709021263,13
