hand,first_max_height,min_height,second_max_height,dribbling_frequency,bending_angle,duration
1,0.3941228985786438,0.05780988931655884,0.3574985861778259,2.142857142857143,7.557939696262693,14
