hand,first_max_height,min_height,second_max_height,dribbling_frequency,bending_angle,duration
1,0.4771801829338074,0.04459869861602783,0.5061764717102051,1.6666666666666665,0.5871481681988483,18
