hand,first_max_height,min_height,second_max_height,dribbling_frequency,bending_angle,duration
1,0.3242780566215515,0.01904517412185669,0.30178868770599365,2.142857142857143,29.703467069794492,14
