hand,first_max_height,min_height,second_max_height,dribbling_frequency,bending_angle,duration
1,0.2533763647079468,-0.05231761932373047,0.13957422971725464,2.142857142857143,28.848517640062834,14
