hand,first_max_height,min_height,second_max_height,dribbling_frequency,bending_angle,duration
1,0.4726308584213257,-0.02718287706375122,0.227649986743927,2.142857142857143,10.193057917879226,14
