hand,first_max_height,min_height,second_max_height,dribbling_frequency,bending_angle,duration
1,0.3251330256462097,0.005762755870819092,0.34441518783569336,2.142857142857143,23.983740563114846,14
