hand,first_max_height,min_height,second_max_height,dribbling_frequency,bending_angle,duration
1,0.4770582318305969,0.03379124402999878,0.4670180678367615,1.6666666666666665,12.561687306770212,18
