hand,first_max_height,min_height,second_max_height,dribbling_frequency,bending_angle,duration
1,0.6090077757835388,0.0801241397857666,0.6208969950675964,1.4285714285714284,4.603626237764483,21
