hand,first_max_height,min_height,second_max_height,dribbling_frequency,bending_angle,duration
1,0.38220417499542236,-0.004260659217834473,0.3983527421951294,1.6666666666666665,6.961833041688321,18
