hand,first_max_height,min_height,second_max_height,dribbling_frequency,bending_angle,duration
1,0.03665190935134888,-0.29287630319595337,-0.04423254728317261,2.0,63.23447883281882,15
