hand,first_max_height,min_height,second_max_height,dribbling_frequency,bending_angle,duration
1,0.4287189841270447,-0.06014186143875122,0.28415483236312866,1.7647058823529411,15.538963244404533,17
