hand,first_max_height,min_height,second_max_height,dribbling_frequency,bending_angle,duration
1,0.0862659215927124,-0.1710648536682129,0.22947704792022705,1.875,35.601543182144106,16
