hand,first_max_height,min_height,second_max_height,dribbling_frequency,bending_angle,duration
1,0.194665789604187,-0.0004621148109436035,0.1911764144897461,2.5,22.42951234606485,12
