hand,first_max_height,min_height,second_max_height,dribbling_frequency,bending_angle,duration
1,0.5181336998939514,0.0028212666511535645,0.6218344569206238,1.7647058823529411,11.112061678549013,17
