hand,first_max_height,min_height,second_max_height,dribbling_frequency,bending_angle,duration
1,0.48017430305480957,0.03334158658981323,0.43472862243652344,2.0,7.569090251244546,15
