hand,first_max_height,min_height,second_max_height,dribbling_frequency,bending_angle,duration
1,0.3990706205368042,0.02646780014038086,0.3325789272785187,1.7647058823529411,10.204867682188151,17
