hand,first_max_height,min_height,second_max_height,dribbling_frequency,bending_angle,duration
1,-0.30051928758621216,-0.41976943612098694,-0.22871088981628418,3.0,78.41875424017314,10
