hand,first_max_height,min_height,second_max_height,dribbling_frequency,bending_angle,duration
1,0.539013683795929,0.036281466484069824,0.2874666452407837,2.0,6.555588563619683,15
