hand,first_max_height,min_height,second_max_height,dribbling_frequency,bending_angle,duration
1,0.4826614260673523,0.06729501485824585,0.4761332869529724,1.875,1.20270108801707,16
