hand,first_max_height,min_height,second_max_height,dribbling_frequency,bending_angle,duration
1,0.19196683168411255,-0.15958541631698608,-0.07865792512893677,3.0,40.52529293706347,10
