hand,first_max_height,min_height,second_max_height,dribbling_frequency,bending_angle,duration
1,0.21324092149734497,-0.025588035583496094,0.21630781888961792,2.5,32.63682886193774,12
