hand,first_max_height,min_height,second_max_height,dribbling_frequency,bending_angle,duration
1,0.055808424949645996,-0.25103759765625,0.034265995025634766,2.142857142857143,55.860881071902995,14
