hand,first_max_height,min_height,second_max_height,dribbling_frequency,bending_angle,duration
1,0.5756360292434692,0.06733351945877075,0.45802801847457886,2.142857142857143,12.929130881573752,14
