hand,first_max_height,min_height,second_max_height,dribbling_frequency,bending_angle,duration
1,-0.04275602102279663,-0.33201104402542114,0.004530906677246094,2.142857142857143,66.45026082578214,14
