hand,first_max_height,min_height,second_max_height,dribbling_frequency,bending_angle,duration
1,0.3670729994773865,0.045727550983428955,0.4405776262283325,2.307692307692308,10.201740893621666,13
