hand,first_max_height,min_height,second_max_height,dribbling_frequency,bending_angle,duration
1,0.5157339572906494,0.036044538021087646,0.5191096663475037,1.6666666666666665,1.2029809509235196,18
