hand,first_max_height,min_height,second_max_height,dribbling_frequency,bending_angle,duration
1,0.4292774796485901,0.10496324300765991,0.3767591714859009,2.5,28.933529437358118,12
