hand,first_max_height,min_height,second_max_height,dribbling_frequency,bending_angle,duration
1,0.4750368595123291,0.08858644962310791,0.4361909031867981,1.7647058823529411,7.989983921214449,17
