hand,first_max_height,min_height,second_max_height,dribbling_frequency,bending_angle,duration
1,0.4361909031867981,0.08066874742507935,0.42817360162734985,1.7647058823529411,9.9175087604292,17
