hand,first_max_height,min_height,second_max_height,dribbling_frequency,bending_angle,duration
1,0.2506222128868103,-0.12732714414596558,-0.003061532974243164,2.5,25.70727476113083,12
