hand,first_max_height,min_height,second_max_height,dribbling_frequency,bending_angle,duration
1,0.45547306537628174,0.037102341651916504,0.4526582360267639,1.6666666666666665,5.588967754039764,18
