hand,first_max_height,min_height,second_max_height,dribbling_frequency,bending_angle,duration
1,0.4974958300590515,0.009367704391479492,0.5320696234703064,1.7647058823529411,19.9311462927591,17
