hand,first_max_height,min_height,second_max_height,dribbling_frequency,bending_angle,duration
1,0.49814730882644653,0.036011457443237305,0.49011582136154175,1.6666666666666665,6.894772487172475,18
