hand,first_max_height,min_height,second_max_height,dribbling_frequency,bending_angle,duration
1,-0.07837986946105957,-0.23406517505645752,-0.0242423415184021,2.307692307692308,54.715099498734354,13
