hand,first_max_height,min_height,second_max_height,dribbling_frequency,bending_angle,duration
1,0.4002852439880371,0.08976864814758301,0.42218708992004395,2.0,5.308529131712161,15
