hand,first_max_height,min_height,second_max_height,dribbling_frequency,bending_angle,duration
1,0.41307657957077026,0.1428949236869812,0.42341965436935425,2.307692307692308,3.668159497311275,13
