hand,first_max_height,min_height,second_max_height,dribbling_frequency,bending_angle,duration
1,0.28054630756378174,-0.16339731216430664,0.34992021322250366,1.7647058823529411,46.93973676305739,17
