hand,first_max_height,min_height,second_max_height,dribbling_frequency,bending_angle,duration
1,0.5386956334114075,0.06847071647644043,0.5136082768440247,1.875,4.001099642631233,16
