hand,first_max_height,min_height,second_max_height,dribbling_frequency,bending_angle,duration
1,0.16898441314697266,-0.016218066215515137,0.1556791067123413,2.307692307692308,39.205080877555524,13
