hand,first_max_height,min_height,second_max_height,dribbling_frequency,bending_angle,duration
1,-0.21115630865097046,-0.40304994583129883,-0.201074481010437,3.0,71.7079961909629,10
