hand,first_max_height,min_height,second_max_height,dribbling_frequency,bending_angle,duration
1,0.4094352722167969,0.003943443298339844,0.40545177459716797,1.875,9.322088902534736,16
