hand,first_max_height,min_height,second_max_height,dribbling_frequency,bending_angle,duration
1,0.5810852646827698,0.10173475742340088,0.6042453646659851,2.0,1.6487082004346547,15
