hand,first_max_height,min_height,second_max_height,dribbling_frequency,bending_angle,duration
1,0.4340432286262512,-0.004314839839935303,0.44371336698532104,2.307692307692308,23.610102019954812,13
