hand,first_max_height,min_height,second_max_height,dribbling_frequency,bending_angle,duration
1,0.4138730764389038,0.029781103134155273,0.4016379117965698,1.7647058823529411,4.3024316001824365,17
