hand,first_max_height,min_height,second_max_height,dribbling_frequency,bending_angle,duration
1,0.4012981057167053,0.030525147914886475,0.37327754497528076,2.0,6.234288287028006,15
