hand,first_max_height,min_height,second_max_height,dribbling_frequency,bending_angle,duration
1,0.17324262857437134,-0.06827348470687866,0.21584099531173706,2.307692307692308,31.13990434152259,13
