hand,first_max_height,min_height,second_max_height,dribbling_frequency,bending_angle,duration
1,0.44785457849502563,0.03728640079498291,0.4213414788246155,1.875,6.509171466971062,16
