hand,first_max_height,min_height,second_max_height,dribbling_frequency,bending_angle,duration
1,0.004530906677246094,-0.21120721101760864,0.42721033096313477,1.875,63.669153924618904,16
