hand,first_max_height,min_height,second_max_height,dribbling_frequency,bending_angle,duration
1,0.3688805103302002,0.07274514436721802,0.41853779554367065,2.142857142857143,14.214952922158478,14
