hand,first_max_height,min_height,second_max_height,dribbling_frequency,bending_angle,duration
1,0.48433101177215576,0.08263200521469116,0.4993448257446289,1.875,2.772235429030796,16
