hand,first_max_height,min_height,second_max_height,dribbling_frequency,bending_angle,duration
1,0.01883763074874878,-0.24968808889389038,-0.033532679080963135,2.5,56.037735588164615,12
