hand,first_max_height,min_height,second_max_height,dribbling_frequency,bending_angle,duration
1,0.20783215761184692,-0.039306819438934326,0.20072096586227417,2.142857142857143,30.65112650193824,14
