hand,first_max_height,min_height,second_max_height,dribbling_frequency,bending_angle,duration
1,-0.1478545069694519,-0.27615678310394287,0.03877383470535278,2.5,67.83906328632897,12
