hand,first_max_height,min_height,second_max_height,dribbling_frequency,bending_angle,duration
1,0.42708659172058105,0.026124894618988037,0.4572012424468994,1.7647058823529411,3.1703697310671015,17
