hand,first_max_height,min_height,second_max_height,dribbling_frequency,bending_angle,duration
1,0.45743781328201294,0.06083881855010986,0.4456453323364258,1.7647058823529411,2.568480925622339,17
