hand,first_max_height,min_height,second_max_height,dribbling_frequency,bending_angle,duration
1,0.23612713813781738,0.035178542137145996,0.2647833824157715,2.142857142857143,27.74681048757646,14
