hand,first_max_height,min_height,second_max_height,dribbling_frequency,bending_angle,duration
1,0.2686874270439148,-0.18268555402755737,0.18944138288497925,2.0,40.21507033390647,15
