hand,first_max_height,min_height,second_max_height,dribbling_frequency,bending_angle,duration
1,-0.09461218118667603,-0.24884003400802612,0.025387227535247803,2.307692307692308,63.30520913737308,13
