hand,first_max_height,min_height,second_max_height,dribbling_frequency,bending_angle,duration
1,0.4197006821632385,0.024707674980163574,0.29334813356399536,2.142857142857143,7.5167949551920135,14
