hand,first_max_height,min_height,second_max_height,dribbling_frequency,bending_angle,duration
1,0.1540856957435608,-0.06001549959182739,0.2890123128890991,2.307692307692308,35.987502850656014,13
