hand,first_max_height,min_height,second_max_height,dribbling_frequency,bending_angle,duration
1,0.47546958923339844,0.04756814241409302,0.46160489320755005,1.7647058823529411,4.209743116109235,17
