hand,first_max_height,min_height,second_max_height,dribbling_frequency,bending_angle,duration
1,0.4217796325683594,0.033650100231170654,0.4394434094429016,1.875,5.694288263958694,16
