hand,first_max_height,min_height,second_max_height,dribbling_frequency,bending_angle,duration
1,0.45366203784942627,-0.0353701114654541,0.4295318126678467,1.5789473684210527,6.171048654030331,19
