hand,first_max_height,min_height,second_max_height,dribbling_frequency,bending_angle,duration
1,0.49960482120513916,0.03365194797515869,0.4198567867279053,1.7647058823529411,3.417987539808038,17
