hand,first_max_height,min_height,second_max_height,dribbling_frequency,bending_angle,duration
1,0.3838083744049072,0.03710442781448364,0.43183600902557373,1.875,0.8335314053449845,16
