hand,first_max_height,min_height,second_max_height,dribbling_frequency,bending_angle,duration
1,0.5559894442558289,0.01795673370361328,0.5365826487541199,1.6666666666666665,4.067623269998147,18
