hand,first_max_height,min_height,second_max_height,dribbling_frequency,bending_angle,duration
1,0.3759491443634033,-0.03877460956573486,0.3891635537147522,1.6666666666666665,23.867970240069422,18
