hand,first_max_height,min_height,second_max_height,dribbling_frequency,bending_angle,duration
1,0.16494262218475342,-0.19381964206695557,0.5284925103187561,1.5,51.926752028740886,20
