hand,first_max_height,min_height,second_max_height,dribbling_frequency,bending_angle,duration
1,0.11122375726699829,-0.2235260009765625,0.010738015174865723,2.7272727272727275,46.66486302136066,11
