hand,first_max_height,min_height,second_max_height,dribbling_frequency,bending_angle,duration
1,0.4075418710708618,0.07840299606323242,0.418578565120697,2.142857142857143,10.861329684509359,14
