hand,first_max_height,min_height,second_max_height,dribbling_frequency,bending_angle,duration
1,0.5421172380447388,-0.13655126094818115,0.5177212357521057,1.3636363636363638,26.412621307543713,22
