hand,first_max_height,min_height,second_max_height,dribbling_frequency,bending_angle,duration
1,0.2961907386779785,-0.050986647605895996,0.29066282510757446,2.142857142857143,21.521977109738007,14
