hand,first_max_height,min_height,second_max_height,dribbling_frequency,bending_angle,duration
1,0.0839795470237732,-0.24050283432006836,0.01309734582901001,2.0,53.80549995540249,15
