hand,first_max_height,min_height,second_max_height,dribbling_frequency,bending_angle,duration
1,0.4136497974395752,0.055188775062561035,0.4671948552131653,2.0,5.792383160790886,15
