hand,first_max_height,min_height,second_max_height,dribbling_frequency,bending_angle,duration
1,-0.18130844831466675,-0.4072763919830322,-0.16568630933761597,2.0,73.63119857068294,15
