hand,first_max_height,min_height,second_max_height,dribbling_frequency,bending_angle,duration
1,0.4543178081512451,-0.008525967597961426,0.48840534687042236,1.5,3.709820718829778,20
