hand,first_max_height,min_height,second_max_height,dribbling_frequency,bending_angle,duration
1,-0.10749733448028564,-0.23768430948257446,-0.09837627410888672,2.7272727272727275,70.91026217497462,11
