hand,first_max_height,min_height,second_max_height,dribbling_frequency,bending_angle,duration
1,0.6348633170127869,0.07849961519241333,0.6453826427459717,1.3636363636363638,3.3650577411176816,22
