hand,first_max_height,min_height,second_max_height,dribbling_frequency,bending_angle,duration
1,0.31827491521835327,0.030943632125854492,0.37761837244033813,2.142857142857143,9.722494153022202,14
