hand,first_max_height,min_height,second_max_height,dribbling_frequency,bending_angle,duration
1,0.4727063775062561,0.15042144060134888,0.4920036196708679,1.6666666666666665,7.640585335344247,18
