hand,first_max_height,min_height,second_max_height,dribbling_frequency,bending_angle,duration
1,0.19925141334533691,-0.1542680263519287,0.4948996305465698,1.7647058823529411,54.86407644614037,17
