hand,first_max_height,min_height,second_max_height,dribbling_frequency,bending_angle,duration
1,0.3389270305633545,-0.10434693098068237,0.18569880723953247,1.875,21.08067094178413,16
