hand,first_max_height,min_height,second_max_height,dribbling_frequency,bending_angle,duration
1,0.2290288209915161,-0.11179310083389282,-0.01953059434890747,2.142857142857143,11.342113995957817,14
