hand,first_max_height,min_height,second_max_height,dribbling_frequency,bending_angle,duration
1,0.5433312058448792,0.09728604555130005,0.5742090344429016,1.875,1.8469533474156847,16
