hand,first_max_height,min_height,second_max_height,dribbling_frequency,bending_angle,duration
1,0.4325300455093384,-0.023438334465026855,0.45593851804733276,1.6666666666666665,17.501498425163618,18
