hand,first_max_height,min_height,second_max_height,dribbling_frequency,bending_angle,duration
1,0.46488845348358154,0.05947005748748779,0.42376798391342163,2.0,2.258751736533516,15
