hand,first_max_height,min_height,second_max_height,dribbling_frequency,bending_angle,duration
1,0.034265995025634766,-0.22387254238128662,0.03591656684875488,2.142857142857143,55.45095585503737,14
