hand,first_max_height,min_height,second_max_height,dribbling_frequency,bending_angle,duration
1,0.2956186532974243,0.0671302080154419,0.2720531225204468,2.0,19.65662521726724,15
