hand,first_max_height,min_height,second_max_height,dribbling_frequency,bending_angle,duration
1,-0.17537260055541992,-0.2673270106315613,-0.12909072637557983,3.0,69.50816907201447,10
