hand,first_max_height,min_height,second_max_height,dribbling_frequency,bending_angle,duration
1,0.2598342299461365,0.054982125759124756,0.3012714385986328,2.0,21.19896588840031,15
