hand,first_max_height,min_height,second_max_height,dribbling_frequency,bending_angle,duration
1,0.5503531694412231,0.062220633029937744,0.5601909160614014,1.4285714285714284,9.860044646060695,21
