hand,first_max_height,min_height,second_max_height,dribbling_frequency,bending_angle,duration
1,-0.035844624042510986,-0.21097803115844727,-0.15719348192214966,2.142857142857143,47.29387575534741,14
