hand,first_max_height,min_height,second_max_height,dribbling_frequency,bending_angle,duration
1,0.5742790102958679,0.07417088747024536,0.5596572756767273,1.6666666666666665,2.8272283990372333,18
