hand,first_max_height,min_height,second_max_height,dribbling_frequency,bending_angle,duration
1,-0.34976452589035034,-0.4504525065422058,-0.2589893937110901,3.0,70.17960333736276,10
