hand,first_max_height,min_height,second_max_height,dribbling_frequency,bending_angle,duration
1,0.3978498578071594,0.030802369117736816,0.38110947608947754,1.875,4.029944080304142,16
