hand,first_max_height,min_height,second_max_height,dribbling_frequency,bending_angle,duration
1,-0.08207553625106812,-0.32072335481643677,-0.11323153972625732,2.0,63.297990926932194,15
