hand,first_max_height,min_height,second_max_height,dribbling_frequency,bending_angle,duration
1,0.1915287971496582,-0.2321605086326599,0.04686063528060913,2.142857142857143,49.85896482384277,14
