hand,first_max_height,min_height,second_max_height,dribbling_frequency,bending_angle,duration
1,0.3969722390174866,0.050877153873443604,0.4150136113166809,1.875,6.235072087078521,16
