hand,first_max_height,min_height,second_max_height,dribbling_frequency,bending_angle,duration
1,0.03738683462142944,-0.24414187669754028,0.07368099689483643,2.0,55.86250256552593,15
