hand,first_max_height,min_height,second_max_height,dribbling_frequency,bending_angle,duration
1,0.20007222890853882,-0.12779170274734497,-0.0030292272567749023,2.5,34.078667581423716,12
