hand,first_max_height,min_height,second_max_height,dribbling_frequency,bending_angle,duration
1,-0.04423254728317261,-0.318747341632843,-0.02302008867263794,2.0,64.65862775639587,15
