hand,first_max_height,min_height,second_max_height,dribbling_frequency,bending_angle,duration
1,0.37188661098480225,0.06846785545349121,0.35505223274230957,2.142857142857143,16.653216040467424,14
