hand,first_max_height,min_height,second_max_height,dribbling_frequency,bending_angle,duration
1,0.3473926782608032,-0.040484607219696045,0.3762379288673401,1.6666666666666665,5.825797433839944,18
