hand,first_max_height,min_height,second_max_height,dribbling_frequency,bending_angle,duration
1,0.42390626668930054,0.06959432363510132,0.38780373334884644,1.875,2.5494728732463448,16
