hand,first_max_height,min_height,second_max_height,dribbling_frequency,bending_angle,duration
1,-0.04459041357040405,-0.20563256740570068,-0.05726814270019531,2.5,52.91145831115219,12
