hand,first_max_height,min_height,second_max_height,dribbling_frequency,bending_angle,duration
1,0.04851573705673218,-0.1451479196548462,0.11055010557174683,2.5,51.08459147705574,12
