hand,first_max_height,min_height,second_max_height,dribbling_frequency,bending_angle,duration
1,0.265597403049469,0.04944634437561035,0.29870039224624634,2.0,30.38393105882639,15
