hand,first_max_height,min_height,second_max_height,dribbling_frequency,bending_angle,duration
1,0.00648045539855957,-0.21864014863967896,0.2632017135620117,2.0,57.3602915763484,15
