hand,first_max_height,min_height,second_max_height,dribbling_frequency,bending_angle,duration
1,0.47114962339401245,-0.005720317363739014,0.3633463382720947,1.5,9.615611469849748,20
