hand,first_max_height,min_height,second_max_height,dribbling_frequency,bending_angle,duration
1,0.24366581439971924,0.04550504684448242,0.23235207796096802,2.5,7.581147068084147,12
