hand,first_max_height,min_height,second_max_height,dribbling_frequency,bending_angle,duration
1,0.5274379849433899,0.015748918056488037,0.44968122243881226,1.875,8.964256941570998,16
