hand,first_max_height,min_height,second_max_height,dribbling_frequency,bending_angle,duration
1,0.21072447299957275,-0.0479317307472229,0.3053317070007324,2.307692307692308,37.49046258055459,13
