hand,first_max_height,min_height,second_max_height,dribbling_frequency,bending_angle,duration
1,0.14800173044204712,-0.03671920299530029,0.20860713720321655,2.0,9.151301850162051,15
