hand,first_max_height,min_height,second_max_height,dribbling_frequency,bending_angle,duration
1,0.1040467619895935,-0.14455795288085938,0.09771525859832764,2.307692307692308,45.31036330444832,13
