hand,first_max_height,min_height,second_max_height,dribbling_frequency,bending_angle,duration
1,0.3175475597381592,0.0957595705986023,0.29166609048843384,3.0,9.342388311769232,10
