hand,first_max_height,min_height,second_max_height,dribbling_frequency,bending_angle,duration
1,0.418870747089386,0.047526538372039795,0.38536834716796875,1.875,2.5342538287101726,16
