hand,first_max_height,min_height,second_max_height,dribbling_frequency,bending_angle,duration
1,0.3814402222633362,0.033877432346343994,0.3676307797431946,2.0,4.676838094691941,15
