hand,first_max_height,min_height,second_max_height,dribbling_frequency,bending_angle,duration
1,0.2627451419830322,0.012441694736480713,0.26861244440078735,2.142857142857143,30.44428754825188,14
