hand,first_max_height,min_height,second_max_height,dribbling_frequency,bending_angle,duration
1,0.2951624393463135,-0.04534769058227539,0.2664108872413635,1.6666666666666665,4.1814270961876225,18
