hand,first_max_height,min_height,second_max_height,dribbling_frequency,bending_angle,duration
1,0.30953449010849,-0.1920209527015686,0.07913923263549805,2.0,27.181156203525696,15
