hand,first_max_height,min_height,second_max_height,dribbling_frequency,bending_angle,duration
1,0.26194584369659424,0.030460596084594727,0.265597403049469,2.142857142857143,28.924582966332014,14
