hand,first_max_height,min_height,second_max_height,dribbling_frequency,bending_angle,duration
1,0.2809811234474182,-0.010241329669952393,0.4568898677825928,2.142857142857143,34.06240727413359,14
