hand,first_max_height,min_height,second_max_height,dribbling_frequency,bending_angle,duration
1,0.17709332704544067,-0.18725353479385376,0.1620463728904724,1.7647058823529411,43.495727999520255,17
