hand,first_max_height,min_height,second_max_height,dribbling_frequency,bending_angle,duration
1,0.20600247383117676,-0.028675854206085205,0.22840547561645508,2.0,30.822215305916814,15
