hand,first_max_height,min_height,second_max_height,dribbling_frequency,bending_angle,duration
1,0.5404219627380371,0.019536375999450684,0.5299103260040283,1.5789473684210527,10.201128047374937,19
