hand,first_max_height,min_height,second_max_height,dribbling_frequency,bending_angle,duration
1,-0.026444315910339355,-0.3120502829551697,-0.07426697015762329,2.5,62.322601279044946,12
