hand,first_max_height,min_height,second_max_height,dribbling_frequency,bending_angle,duration
1,0.3947542905807495,0.04772961139678955,0.4214385747909546,1.7647058823529411,3.878233660508483,17
