hand,first_max_height,min_height,second_max_height,dribbling_frequency,bending_angle,duration
1,0.07356494665145874,-0.2289147973060608,0.16298478841781616,2.142857142857143,53.4274190173926,14
