hand,first_max_height,min_height,second_max_height,dribbling_frequency,bending_angle,duration
1,0.37835973501205444,0.0833745002746582,0.4576151967048645,1.6666666666666665,13.358086665529552,18
