hand,first_max_height,min_height,second_max_height,dribbling_frequency,bending_angle,duration
1,0.5777130722999573,0.05268681049346924,0.6022831201553345,1.5789473684210527,1.961249395818203,19
