hand,first_max_height,min_height,second_max_height,dribbling_frequency,bending_angle,duration
1,0.4268289804458618,0.10305893421173096,0.3925706148147583,2.142857142857143,8.4448584906953,14
