hand,first_max_height,min_height,second_max_height,dribbling_frequency,bending_angle,duration
1,0.4469043016433716,0.055354297161102295,0.44520920515060425,2.142857142857143,7.981701214539345,14
