hand,first_max_height,min_height,second_max_height,dribbling_frequency,bending_angle,duration
1,0.46851277351379395,0.16457676887512207,0.43742281198501587,1.5789473684210527,10.246117531723776,19
