hand,first_max_height,min_height,second_max_height,dribbling_frequency,bending_angle,duration
1,-0.17116069793701172,-0.24332761764526367,-0.1301504373550415,2.7272727272727275,55.16731365102915,11
