hand,first_max_height,min_height,second_max_height,dribbling_frequency,bending_angle,duration
1,0.2688402533531189,-0.10244500637054443,0.4309360384941101,1.6666666666666665,43.93643496967871,18
