hand,first_max_height,min_height,second_max_height,dribbling_frequency,bending_angle,duration
1,0.3828730583190918,-0.0483555793762207,0.2209823727607727,2.0,19.281157386024983,15
