hand,first_max_height,min_height,second_max_height,dribbling_frequency,bending_angle,duration
1,0.5556995272636414,-0.07275664806365967,0.35099756717681885,1.6666666666666665,12.17081598142912,18
