hand,first_max_height,min_height,second_max_height,dribbling_frequency,bending_angle,duration
1,-0.16877233982086182,-0.21888256072998047,0.13658154010772705,3.0,59.920892203472235,10
