hand,first_max_height,min_height,second_max_height,dribbling_frequency,bending_angle,duration
1,0.591674268245697,0.0721898078918457,0.5591555237770081,1.4285714285714284,6.797366858700731,21
