hand,first_max_height,min_height,second_max_height,dribbling_frequency,bending_angle,duration
1,0.05026435852050781,-0.1684049367904663,0.03509443998336792,2.142857142857143,45.78927632659468,14
