hand,first_max_height,min_height,second_max_height,dribbling_frequency,bending_angle,duration
1,0.5204169154167175,0.10780739784240723,0.5810852646827698,2.0,10.679726209043004,15
