hand,first_max_height,min_height,second_max_height,dribbling_frequency,bending_angle,duration
1,0.4025722146034241,0.08133751153945923,0.4155008792877197,2.0,5.890231169943997,15
