hand,first_max_height,min_height,second_max_height,dribbling_frequency,bending_angle,duration
1,0.4581032395362854,-0.06650394201278687,0.4623495936393738,1.5,24.099133254070534,20
