hand,first_max_height,min_height,second_max_height,dribbling_frequency,bending_angle,duration
1,0.4670180678367615,0.04547762870788574,0.502459704875946,1.7647058823529411,12.007156564834196,17
