hand,first_max_height,min_height,second_max_height,dribbling_frequency,bending_angle,duration
1,0.3442234992980957,0.014875054359436035,0.2673349380493164,2.0,9.237310112603913,15
