hand,first_max_height,min_height,second_max_height,dribbling_frequency,bending_angle,duration
1,0.416673481464386,0.018272578716278076,0.36334991455078125,1.875,7.405078906785868,16
