hand,first_max_height,min_height,second_max_height,dribbling_frequency,bending_angle,duration
1,0.3048173189163208,-0.01567286252975464,0.31150317192077637,1.875,26.5104533243813,16
