hand,first_max_height,min_height,second_max_height,dribbling_frequency,bending_angle,duration
1,0.379299521446228,0.06494438648223877,0.3872867822647095,2.307692307692308,7.511139360203556,13
