hand,first_max_height,min_height,second_max_height,dribbling_frequency,bending_angle,duration
1,0.0045337677001953125,-0.17162346839904785,-0.05593669414520264,3.0,60.571041831893396,10
