hand,first_max_height,min_height,second_max_height,dribbling_frequency,bending_angle,duration
1,0.1500786542892456,-0.3053549528121948,0.10454672574996948,1.6666666666666665,56.300993909107234,18
