hand,first_max_height,min_height,second_max_height,dribbling_frequency,bending_angle,duration
1,0.43146997690200806,0.05772584676742554,0.4602445363998413,1.875,6.7385289186479245,16
