hand,first_max_height,min_height,second_max_height,dribbling_frequency,bending_angle,duration
1,0.20123326778411865,-0.05023902654647827,0.24117708206176758,2.7272727272727275,31.85770346070824,11
