hand,first_max_height,min_height,second_max_height,dribbling_frequency,bending_angle,duration
1,0.036513328552246094,-0.1324945092201233,-0.03096461296081543,2.7272727272727275,53.65124162708762,11
