hand,first_max_height,min_height,second_max_height,dribbling_frequency,bending_angle,duration
1,0.34014391899108887,-0.017274022102355957,0.30432677268981934,1.6666666666666665,25.0348329758409,18
