hand,first_max_height,min_height,second_max_height,dribbling_frequency,bending_angle,duration
1,0.23512381315231323,-0.22628018260002136,0.3263043165206909,1.5789473684210527,48.774537698246775,19
