hand,first_max_height,min_height,second_max_height,dribbling_frequency,bending_angle,duration
1,0.5840817093849182,0.0779731273651123,0.5962042808532715,1.3043478260869565,2.853073846599046,23
