hand,first_max_height,min_height,second_max_height,dribbling_frequency,bending_angle,duration
1,0.37467527389526367,0.011992812156677246,0.36714082956314087,2.0,6.295922535295282,15
