hand,first_max_height,min_height,second_max_height,dribbling_frequency,bending_angle,duration
1,0.4765791893005371,-0.0137559175491333,0.4633095860481262,1.875,23.74752136924204,16
