hand,first_max_height,min_height,second_max_height,dribbling_frequency,bending_angle,duration
1,0.6168705224990845,0.10598176717758179,0.6472140550613403,1.3043478260869565,5.082059563362531,23
