hand,first_max_height,min_height,second_max_height,dribbling_frequency,bending_angle,duration
1,-0.0005162358283996582,-0.2041250467300415,0.0022187232971191406,2.7272727272727275,56.92304005184498,11
