hand,first_max_height,min_height,second_max_height,dribbling_frequency,bending_angle,duration
1,0.4213144779205322,0.05502837896347046,0.42131245136260986,1.7647058823529411,6.09244754236426,17
