hand,first_max_height,min_height,second_max_height,dribbling_frequency,bending_angle,duration
1,0.5632016658782959,0.02704930305480957,0.45281916856765747,1.6666666666666665,6.402963697367651,18
