hand,first_max_height,min_height,second_max_height,dribbling_frequency,bending_angle,duration
1,0.4337831139564514,0.07036393880844116,0.40743017196655273,2.0,7.7039059606780285,15
