hand,first_max_height,min_height,second_max_height,dribbling_frequency,bending_angle,duration
1,0.5838912725448608,0.05000650882720947,0.5646417737007141,1.6666666666666665,4.139385168462897,18
