hand,first_max_height,min_height,second_max_height,dribbling_frequency,bending_angle,duration
1,0.38043534755706787,0.06196939945220947,0.3839139938354492,2.0,3.685687532789791,15
