hand,first_max_height,min_height,second_max_height,dribbling_frequency,bending_angle,duration
1,0.11163973808288574,-0.23844558000564575,0.004015028476715088,2.5,49.392538741135475,12
