hand,first_max_height,min_height,second_max_height,dribbling_frequency,bending_angle,duration
1,0.5579480528831482,0.07630860805511475,0.5627264976501465,1.875,0.964486584224058,16
