hand,first_max_height,min_height,second_max_height,dribbling_frequency,bending_angle,duration
1,0.4203289747238159,0.09340298175811768,0.4246634840965271,2.0,1.7878178547954338,15
