hand,first_max_height,min_height,second_max_height,dribbling_frequency,bending_angle,duration
1,0.5702779293060303,0.06446754932403564,0.5554139018058777,1.4285714285714284,10.414556869965066,21
