hand,first_max_height,min_height,second_max_height,dribbling_frequency,bending_angle,duration
1,0.3625592589378357,0.04816031455993652,0.4063888192176819,2.0,5.605242676056121,15
