hand,first_max_height,min_height,second_max_height,dribbling_frequency,bending_angle,duration
1,0.3521691560745239,-0.05799287557601929,0.39148932695388794,1.7647058823529411,25.107512804925346,17
