hand,first_max_height,min_height,second_max_height,dribbling_frequency,bending_angle,duration
1,0.379641592502594,0.09924757480621338,0.36844879388809204,2.142857142857143,10.900278967902848,14
