hand,first_max_height,min_height,second_max_height,dribbling_frequency,bending_angle,duration
1,0.06113088130950928,-0.21314841508865356,0.03462362289428711,2.0,52.598437967001345,15
