hand,first_max_height,min_height,second_max_height,dribbling_frequency,bending_angle,duration
1,0.4573493003845215,0.12017792463302612,0.4594678282737732,2.142857142857143,4.6478452127750725,14
