hand,first_max_height,min_height,second_max_height,dribbling_frequency,bending_angle,duration
1,-0.15791988372802734,-0.30794650316238403,-0.14373856782913208,3.0,66.56730569267873,10
