hand,first_max_height,min_height,second_max_height,dribbling_frequency,bending_angle,duration
1,0.3467864394187927,0.028531193733215332,0.34679603576660156,2.307692307692308,10.495659393217194,13
