hand,first_max_height,min_height,second_max_height,dribbling_frequency,bending_angle,duration
1,0.3292717933654785,-0.062259674072265625,0.31825441122055054,1.5789473684210527,8.183826262019707,19
