hand,first_max_height,min_height,second_max_height,dribbling_frequency,bending_angle,duration
1,0.477292001247406,0.05955922603607178,0.4691372513771057,1.6666666666666665,4.681714393639982,18
