hand,first_max_height,min_height,second_max_height,dribbling_frequency,bending_angle,duration
1,-0.018411576747894287,-0.2525354027748108,-0.08480322360992432,2.7272727272727275,55.90639386472083,11
