hand,first_max_height,min_height,second_max_height,dribbling_frequency,bending_angle,duration
1,0.2935062646865845,-0.04174399375915527,0.3570670485496521,1.7647058823529411,30.15071432271192,17
