hand,first_max_height,min_height,second_max_height,dribbling_frequency,bending_angle,duration
1,0.3740476965904236,0.03180962800979614,0.31797224283218384,1.875,7.406040303227902,16
