hand,first_max_height,min_height,second_max_height,dribbling_frequency,bending_angle,duration
1,0.126220703125,-0.19159096479415894,0.494631290435791,1.6666666666666665,57.91649130578707,18
