hand,first_max_height,min_height,second_max_height,dribbling_frequency,bending_angle,duration
1,0.5342792868614197,-0.014343798160552979,0.5360109806060791,1.7647058823529411,20.908332021019735,17
