hand,first_max_height,min_height,second_max_height,dribbling_frequency,bending_angle,duration
1,0.054750025272369385,-0.30150777101516724,0.05549633502960205,2.0,59.803713497287745,15
