hand,first_max_height,min_height,second_max_height,dribbling_frequency,bending_angle,duration
1,0.5968105792999268,0.06699782609939575,0.5679836273193359,1.4285714285714284,10.597892989618334,21
