hand,first_max_height,min_height,second_max_height,dribbling_frequency,bending_angle,duration
1,0.37560051679611206,0.05729156732559204,0.3661828637123108,2.142857142857143,8.782824063365437,14
