hand,first_max_height,min_height,second_max_height,dribbling_frequency,bending_angle,duration
1,0.4119347929954529,-0.07258206605911255,0.45037198066711426,1.7647058823529411,24.264340932375486,17
