hand,first_max_height,min_height,second_max_height,dribbling_frequency,bending_angle,duration
1,0.5029919743537903,0.01288902759552002,0.5126949548721313,1.6666666666666665,2.5115178793931587,18
