hand,first_max_height,min_height,second_max_height,dribbling_frequency,bending_angle,duration
1,0.2173060178756714,-0.045804500579833984,0.16188263893127441,2.5,29.33643155597932,12
