hand,first_max_height,min_height,second_max_height,dribbling_frequency,bending_angle,duration
1,-0.10523903369903564,-0.3425590395927429,-0.008970856666564941,2.7272727272727275,72.18204962660805,11
