hand,first_max_height,min_height,second_max_height,dribbling_frequency,bending_angle,duration
1,0.3533419966697693,0.01503598690032959,0.3794879913330078,2.0,8.18488295650195,15
