hand,first_max_height,min_height,second_max_height,dribbling_frequency,bending_angle,duration
1,0.5226392149925232,0.008930623531341553,0.5273649096488953,1.7647058823529411,16.922950895827473,17
