hand,first_max_height,min_height,second_max_height,dribbling_frequency,bending_angle,duration
1,0.4835558533668518,0.11149853467941284,0.4615274667739868,2.0,1.9336656565935968,15
