hand,first_max_height,min_height,second_max_height,dribbling_frequency,bending_angle,duration
1,0.2985132932662964,-0.04854375123977661,0.3533173203468323,1.875,20.875036678938002,16
