hand,first_max_height,min_height,second_max_height,dribbling_frequency,bending_angle,duration
1,-0.10518056154251099,-0.24475491046905518,-0.020292341709136963,3.0,58.935215105471556,10
