hand,first_max_height,min_height,second_max_height,dribbling_frequency,bending_angle,duration
1,0.44138020277023315,0.10560476779937744,0.4812677502632141,2.142857142857143,3.7379744464065103,14
