hand,first_max_height,min_height,second_max_height,dribbling_frequency,bending_angle,duration
1,0.6061939597129822,0.005564570426940918,0.5900107026100159,1.6666666666666665,7.836949841637169,18
