hand,first_max_height,min_height,second_max_height,dribbling_frequency,bending_angle,duration
1,0.19545376300811768,-0.03035348653793335,0.18103623390197754,2.307692307692308,38.08178696878186,13
