hand,first_max_height,min_height,second_max_height,dribbling_frequency,bending_angle,duration
1,0.49094951152801514,0.06496298313140869,0.28958427906036377,2.307692307692308,4.544972076411445,13
