hand,first_max_height,min_height,second_max_height,dribbling_frequency,bending_angle,duration
1,0.48417019844055176,0.041014909744262695,0.4981305003166199,1.7647058823529411,6.7520839615928985,17
