hand,first_max_height,min_height,second_max_height,dribbling_frequency,bending_angle,duration
1,0.5298928618431091,0.06654870510101318,0.524998128414154,2.0,13.755747998741517,15
