hand,first_max_height,min_height,second_max_height,dribbling_frequency,bending_angle,duration
1,-0.04940682649612427,-0.1920379400253296,0.004830360412597656,2.7272727272727275,55.16525771586986,11
