hand,first_max_height,min_height,second_max_height,dribbling_frequency,bending_angle,duration
1,0.09782016277313232,-0.2027531862258911,0.190546452999115,1.7647058823529411,46.468710170323774,17
