hand,first_max_height,min_height,second_max_height,dribbling_frequency,bending_angle,duration
1,0.590023934841156,0.10888636112213135,0.6142442226409912,1.4285714285714284,8.795581183746274,21
