hand,first_max_height,min_height,second_max_height,dribbling_frequency,bending_angle,duration
1,0.18942278623580933,0.03532296419143677,0.33295464515686035,2.307692307692308,18.255114087280486,13
