hand,first_max_height,min_height,second_max_height,dribbling_frequency,bending_angle,duration
1,0.31024980545043945,-0.014615893363952637,0.29537516832351685,1.5789473684210527,24.709527700746158,19
