hand,first_max_height,min_height,second_max_height,dribbling_frequency,bending_angle,duration
1,0.6005986928939819,0.08702945709228516,0.5840817093849182,1.3043478260869565,6.3358445125911365,23
