hand,first_max_height,min_height,second_max_height,dribbling_frequency,bending_angle,duration
1,0.5439788103103638,0.08255571126937866,0.4985044002532959,1.875,2.081676922742045,16
