hand,first_max_height,min_height,second_max_height,dribbling_frequency,bending_angle,duration
1,0.36675769090652466,-0.0010938644409179688,0.3215917944908142,1.7647058823529411,22.30718918139533,17
