hand,first_max_height,min_height,second_max_height,dribbling_frequency,bending_angle,duration
1,0.22947704792022705,-0.22786861658096313,0.06764763593673706,1.7647058823529411,32.786954122004296,17
