hand,first_max_height,min_height,second_max_height,dribbling_frequency,bending_angle,duration
1,0.5233576893806458,-0.0237351655960083,0.6010864973068237,1.5789473684210527,12.112622136029547,19
