hand,first_max_height,min_height,second_max_height,dribbling_frequency,bending_angle,duration
1,0.48835813999176025,0.10622960329055786,0.396751344203949,2.142857142857143,3.2541535503964476,14
