hand,first_max_height,min_height,second_max_height,dribbling_frequency,bending_angle,duration
1,0.04003220796585083,-0.24221372604370117,0.3962997794151306,1.7647058823529411,64.25665898858014,17
