hand,first_max_height,min_height,second_max_height,dribbling_frequency,bending_angle,duration
1,0.2660675048828125,0.01688331365585327,0.2321789264678955,2.142857142857143,9.719733071051659,14
