hand,first_max_height,min_height,second_max_height,dribbling_frequency,bending_angle,duration
1,0.33334624767303467,-0.008368968963623047,0.42013704776763916,2.0,25.800437224253265,15
