hand,first_max_height,min_height,second_max_height,dribbling_frequency,bending_angle,duration
1,0.058593034744262695,-0.2539592385292053,0.1024969220161438,2.0,50.81275307559371,15
