hand,first_max_height,min_height,second_max_height,dribbling_frequency,bending_angle,duration
1,0.38110947608947754,0.04602879285812378,0.3751266598701477,2.0,5.935059505006027,15
