hand,first_max_height,min_height,second_max_height,dribbling_frequency,bending_angle,duration
1,0.003785550594329834,-0.1628265380859375,0.010780036449432373,2.7272727272727275,50.772962084684785,11
