hand,first_max_height,min_height,second_max_height,dribbling_frequency,bending_angle,duration
1,0.060643553733825684,-0.269431471824646,0.2052011489868164,1.7647058823529411,62.1276394308866,17
