hand,first_max_height,min_height,second_max_height,dribbling_frequency,bending_angle,duration
1,0.24354881048202515,-0.060426175594329834,0.26540815830230713,2.307692307692308,28.94609893461113,13
