hand,first_max_height,min_height,second_max_height,dribbling_frequency,bending_angle,duration
1,0.29261553287506104,-0.009537100791931152,0.2761908769607544,1.7647058823529411,10.084742824001214,17
