hand,first_max_height,min_height,second_max_height,dribbling_frequency,bending_angle,duration
1,0.21630781888961792,-0.03445523977279663,0.22564566135406494,2.7272727272727275,33.41262799079988,11
