hand,first_max_height,min_height,second_max_height,dribbling_frequency,bending_angle,duration
1,0.4816390872001648,0.01663738489151001,0.5097733736038208,1.7647058823529411,6.370230856525568,17
