hand,first_max_height,min_height,second_max_height,dribbling_frequency,bending_angle,duration
1,0.5255465507507324,0.040260374546051025,0.5157339572906494,1.6666666666666665,1.2307284564269816,18
