hand,first_max_height,min_height,second_max_height,dribbling_frequency,bending_angle,duration
1,0.3681437373161316,0.018011510372161865,0.44100743532180786,1.5789473684210527,10.207616514333353,19
