hand,first_max_height,min_height,second_max_height,dribbling_frequency,bending_angle,duration
1,0.6040744781494141,0.10115408897399902,0.5781378746032715,1.3636363636363638,3.3367565167050106,22
