hand,first_max_height,min_height,second_max_height,dribbling_frequency,bending_angle,duration
1,0.3633439540863037,0.06163489818572998,0.36269527673721313,2.0,7.837504982708067,15
