hand,first_max_height,min_height,second_max_height,dribbling_frequency,bending_angle,duration
1,0.27481532096862793,-0.003383040428161621,0.2583341598510742,2.0,27.71093673856978,15
