hand,first_max_height,min_height,second_max_height,dribbling_frequency,bending_angle,duration
1,-0.020292341709136963,-0.21967065334320068,0.02085024118423462,3.0,57.01397309780658,10
