hand,first_max_height,min_height,second_max_height,dribbling_frequency,bending_angle,duration
1,0.45245635509490967,0.07625061273574829,0.3887127637863159,1.875,1.62437212006364,16
