hand,first_max_height,min_height,second_max_height,dribbling_frequency,bending_angle,duration
1,0.40240681171417236,0.04385131597518921,0.4337831139564514,1.7647058823529411,8.563218767976828,17
