hand,first_max_height,min_height,second_max_height,dribbling_frequency,bending_angle,duration
1,0.20860713720321655,-0.048724353313446045,0.2290288209915161,1.7647058823529411,8.754427733667457,17
