hand,first_max_height,min_height,second_max_height,dribbling_frequency,bending_angle,duration
1,0.04966604709625244,-0.16712933778762817,0.041657328605651855,2.7272727272727275,44.782043322140595,11
