hand,first_max_height,min_height,second_max_height,dribbling_frequency,bending_angle,duration
1,-0.06702321767807007,-0.2562575936317444,0.47962385416030884,1.5789473684210527,59.362257663715724,19
