hand,first_max_height,min_height,second_max_height,dribbling_frequency,bending_angle,duration
1,0.3580493927001953,0.05270928144454956,0.36938726902008057,2.142857142857143,8.222436191077502,14
