hand,first_max_height,min_height,second_max_height,dribbling_frequency,bending_angle,duration
1,0.5087761878967285,0.06415420770645142,0.46744346618652344,1.875,13.677313780276075,16
