hand,first_max_height,min_height,second_max_height,dribbling_frequency,bending_angle,duration
1,0.6019260287284851,0.09456062316894531,0.6370402574539185,1.25,3.924764279105179,24
