hand,first_max_height,min_height,second_max_height,dribbling_frequency,bending_angle,duration
1,0.3279237747192383,-0.0038203001022338867,0.41385483741760254,1.7647058823529411,9.068408113919679,17
