hand,first_max_height,min_height,second_max_height,dribbling_frequency,bending_angle,duration
1,0.3052314519882202,0.05406981706619263,0.2903096079826355,2.0,28.756765425910753,15
