hand,first_max_height,min_height,second_max_height,dribbling_frequency,bending_angle,duration
1,0.3751266598701477,0.019139766693115234,0.39958590269088745,1.875,5.847848523023944,16
