hand,first_max_height,min_height,second_max_height,dribbling_frequency,bending_angle,duration
1,0.494631290435791,0.027933120727539062,0.5017797946929932,1.7647058823529411,16.771759100520217,17
