hand,first_max_height,min_height,second_max_height,dribbling_frequency,bending_angle,duration
1,0.3427242040634155,-0.05605971813201904,0.3848488926887512,1.5789473684210527,25.642911458743246,19
