hand,first_max_height,min_height,second_max_height,dribbling_frequency,bending_angle,duration
1,0.5023599863052368,0.05282759666442871,0.48210209608078003,1.6666666666666665,5.292675315774423,18
