hand,first_max_height,min_height,second_max_height,dribbling_frequency,bending_angle,duration
1,0.4214385747909546,0.05155372619628906,0.39467310905456543,1.875,4.532281989113037,16
