hand,first_max_height,min_height,second_max_height,dribbling_frequency,bending_angle,duration
1,0.14965760707855225,-0.08485376834869385,0.34391260147094727,2.0,36.977040360874504,15
