hand,first_max_height,min_height,second_max_height,dribbling_frequency,bending_angle,duration
1,-0.0032097697257995605,-0.18491744995117188,0.03743845224380493,2.307692307692308,51.512175039510055,13
