hand,first_max_height,min_height,second_max_height,dribbling_frequency,bending_angle,duration
1,0.48831403255462646,0.08424824476242065,0.4857957363128662,2.307692307692308,5.228343697552983,13
