hand,first_max_height,min_height,second_max_height,dribbling_frequency,bending_angle,duration
1,0.4661813974380493,-0.01498866081237793,0.448031485080719,1.7647058823529411,15.521740692343348,17
