hand,first_max_height,min_height,second_max_height,dribbling_frequency,bending_angle,duration
1,0.4102690815925598,0.10083448886871338,0.48357152938842773,1.7647058823529411,9.370568604888403,17
