hand,first_max_height,min_height,second_max_height,dribbling_frequency,bending_angle,duration
1,0.47626131772994995,0.011342108249664307,0.4558700919151306,1.6666666666666665,5.121060214080291,18
