hand,first_max_height,min_height,second_max_height,dribbling_frequency,bending_angle,duration
1,-0.05593669414520264,-0.21045589447021484,-0.08424699306488037,2.7272727272727275,61.418536966125124,11
