hand,first_max_height,min_height,second_max_height,dribbling_frequency,bending_angle,duration
1,0.4720824360847473,-0.03788471221923828,0.44245851039886475,1.5789473684210527,21.9801798255241,19
