hand,first_max_height,min_height,second_max_height,dribbling_frequency,bending_angle,duration
1,0.3585349917411804,-0.011846959590911865,0.3161633610725403,1.7647058823529411,11.301727913034378,17
