hand,first_max_height,min_height,second_max_height,dribbling_frequency,bending_angle,duration
1,0.1620463728904724,-0.2211517095565796,0.13053929805755615,1.875,44.662512352758014,16
