hand,first_max_height,min_height,second_max_height,dribbling_frequency,bending_angle,duration
1,0.14305967092514038,-0.06370383501052856,0.1717028021812439,2.7272727272727275,42.924196202973036,11
