hand,first_max_height,min_height,second_max_height,dribbling_frequency,bending_angle,duration
1,0.47814804315567017,0.03568530082702637,0.48429423570632935,1.6666666666666665,3.5702177268974222,18
