hand,first_max_height,min_height,second_max_height,dribbling_frequency,bending_angle,duration
1,0.09166842699050903,-0.10349833965301514,0.056111931800842285,2.307692307692308,35.34274655925589,13
