hand,first_max_height,min_height,second_max_height,dribbling_frequency,bending_angle,duration
1,0.5393325090408325,0.08985882997512817,0.5627790689468384,1.875,6.846334929848092,16
