hand,first_max_height,min_height,second_max_height,dribbling_frequency,bending_angle,duration
1,0.4559553265571594,0.0603596568107605,0.4448574185371399,1.7647058823529411,2.0076031579585583,17
