hand,first_max_height,min_height,second_max_height,dribbling_frequency,bending_angle,duration
1,0.4626249670982361,0.013712823390960693,0.4644731879234314,1.875,5.901762520263406,16
