hand,first_max_height,min_height,second_max_height,dribbling_frequency,bending_angle,duration
1,0.5912419557571411,-0.1659984588623047,0.14041286706924438,1.6666666666666665,4.977224466250269,18
