hand,first_max_height,min_height,second_max_height,dribbling_frequency,bending_angle,duration
1,0.45204490423202515,0.0051326751708984375,0.3276907801628113,1.875,1.868533490244336,16
