hand,first_max_height,min_height,second_max_height,dribbling_frequency,bending_angle,duration
1,0.5527628064155579,0.004348337650299072,0.5716127157211304,1.4285714285714284,16.228299312283486,21
