hand,first_max_height,min_height,second_max_height,dribbling_frequency,bending_angle,duration
1,0.48594069480895996,0.08731454610824585,0.45900648832321167,1.875,2.930589555615082,16
