hand,first_max_height,min_height,second_max_height,dribbling_frequency,bending_angle,duration
1,0.2800283432006836,0.006192624568939209,0.35002678632736206,2.142857142857143,14.790237248979155,14
