hand,first_max_height,min_height,second_max_height,dribbling_frequency,bending_angle,duration
1,0.050249338150024414,-0.23866283893585205,0.0657186508178711,2.307692307692308,60.35744580576753,13
