hand,first_max_height,min_height,second_max_height,dribbling_frequency,bending_angle,duration
1,0.41115492582321167,0.03795814514160156,0.35540151596069336,1.875,5.7328433508078955,16
