hand,first_max_height,min_height,second_max_height,dribbling_frequency,bending_angle,duration
1,-0.16992461681365967,-0.2622101306915283,-0.12416881322860718,3.0,69.93971648741204,10
