hand,first_max_height,min_height,second_max_height,dribbling_frequency,bending_angle,duration
1,0.20329630374908447,-0.1448858380317688,0.11757403612136841,2.307692307692308,29.57355836560035,13
