hand,first_max_height,min_height,second_max_height,dribbling_frequency,bending_angle,duration
1,0.4971209764480591,0.07624512910842896,0.5092471837997437,1.875,4.017850640868659,16
