hand,first_max_height,min_height,second_max_height,dribbling_frequency,bending_angle,duration
1,0.3108142614364624,0.02520531415939331,0.5660669207572937,1.7647058823529411,19.478593542775865,17
