hand,first_max_height,min_height,second_max_height,dribbling_frequency,bending_angle,duration
1,0.3761265277862549,-0.0307578444480896,0.48020482063293457,1.6666666666666665,24.47967127662983,18
