hand,first_max_height,min_height,second_max_height,dribbling_frequency,bending_angle,duration
1,0.5583375096321106,0.0386044979095459,0.5870295763015747,1.5,3.5053457854319325,20
