hand,first_max_height,min_height,second_max_height,dribbling_frequency,bending_angle,duration
1,-0.009855568408966064,-0.239346444606781,-0.0015840530395507812,2.307692307692308,58.289177663803535,13
