hand,first_max_height,min_height,second_max_height,dribbling_frequency,bending_angle,duration
1,0.4149353504180908,0.10440099239349365,0.4569665193557739,2.0,9.991341894414552,15
