hand,first_max_height,min_height,second_max_height,dribbling_frequency,bending_angle,duration
1,0.47960811853408813,0.08460438251495361,0.4659351110458374,1.875,3.849233703768869,16
