hand,first_max_height,min_height,second_max_height,dribbling_frequency,bending_angle,duration
1,0.20940208435058594,-0.03125053644180298,0.18199759721755981,3.0,30.462435219528434,10
