hand,first_max_height,min_height,second_max_height,dribbling_frequency,bending_angle,duration
1,0.25256091356277466,-0.03328585624694824,0.2722012996673584,1.7647058823529411,28.658501739452458,17
