hand,first_max_height,min_height,second_max_height,dribbling_frequency,bending_angle,duration
1,-0.16236478090286255,-0.32102108001708984,-0.15007942914962769,2.7272727272727275,70.4425958214538,11
