hand,first_max_height,min_height,second_max_height,dribbling_frequency,bending_angle,duration
1,0.4746149182319641,0.052533090114593506,0.49662744998931885,1.875,10.573097087739022,16
