hand,first_max_height,min_height,second_max_height,dribbling_frequency,bending_angle,duration
1,0.5627790689468384,0.06081283092498779,0.5137055516242981,1.6666666666666665,3.248941727949288,18
