hand,first_max_height,min_height,second_max_height,dribbling_frequency,bending_angle,duration
1,0.4569665193557739,0.08633500337600708,0.3922460079193115,2.0,10.22579695142156,15
