hand,first_max_height,min_height,second_max_height,dribbling_frequency,bending_angle,duration
1,0.46473896503448486,-0.027888178825378418,0.4483398199081421,1.7647058823529411,24.341481682918204,17
