hand,first_max_height,min_height,second_max_height,dribbling_frequency,bending_angle,duration
1,0.5632035136222839,0.16102737188339233,0.5429452061653137,1.5,10.180833322667354,20
