hand,first_max_height,min_height,second_max_height,dribbling_frequency,bending_angle,duration
1,-0.23336857557296753,-0.3312227129936218,-0.2036166787147522,2.7272727272727275,70.22345846171774,11
