hand,first_max_height,min_height,second_max_height,dribbling_frequency,bending_angle,duration
1,-0.12228840589523315,-0.329367995262146,0.47584545612335205,1.875,63.63815129405815,16
