hand,first_max_height,min_height,second_max_height,dribbling_frequency,bending_angle,duration
1,0.42617279291152954,0.09001028537750244,0.4145466089248657,2.142857142857143,6.0920345405074485,14
