hand,first_max_height,min_height,second_max_height,dribbling_frequency,bending_angle,duration
1,0.43814617395401,0.1484851837158203,0.33798152208328247,2.7272727272727275,3.8454673440874556,11
