hand,first_max_height,min_height,second_max_height,dribbling_frequency,bending_angle,duration
1,0.5001153945922852,0.06390434503555298,0.4530864953994751,1.6666666666666665,5.271531968584586,18
