hand,first_max_height,min_height,second_max_height,dribbling_frequency,bending_angle,duration
1,0.5150147080421448,0.06922990083694458,0.48133140802383423,1.875,6.713777529299766,16
