hand,first_max_height,min_height,second_max_height,dribbling_frequency,bending_angle,duration
1,0.06506317853927612,-0.24913859367370605,0.04841315746307373,2.5,59.442989825755625,12
