hand,first_max_height,min_height,second_max_height,dribbling_frequency,bending_angle,duration
1,0.45802801847457886,0.007336616516113281,0.4340432286262512,2.142857142857143,17.966881829901798,14
