hand,first_max_height,min_height,second_max_height,dribbling_frequency,bending_angle,duration
1,-0.22813045978546143,-0.3184054493904114,0.3737642168998718,1.875,68.34136276081429,16
