hand,first_max_height,min_height,second_max_height,dribbling_frequency,bending_angle,duration
1,0.33558279275894165,0.05603909492492676,0.27887916564941406,2.307692307692308,10.681554638476088,13
