hand,first_max_height,min_height,second_max_height,dribbling_frequency,bending_angle,duration
1,0.0657186508178711,-0.2743719816207886,0.0868186354637146,2.142857142857143,59.64782252511429,14
