hand,first_max_height,min_height,second_max_height,dribbling_frequency,bending_angle,duration
1,0.47789686918258667,0.0455700159072876,0.48798394203186035,2.142857142857143,5.959404316851528,14
