hand,first_max_height,min_height,second_max_height,dribbling_frequency,bending_angle,duration
1,0.45697879791259766,0.020065128803253174,0.4904063940048218,1.6666666666666665,7.2362374490880725,18
