hand,first_max_height,min_height,second_max_height,dribbling_frequency,bending_angle,duration
1,0.3701435327529907,0.020550310611724854,0.261599600315094,2.7272727272727275,17.024353669637524,11
