hand,first_max_height,min_height,second_max_height,dribbling_frequency,bending_angle,duration
1,0.431671679019928,0.005027055740356445,0.44188058376312256,1.875,17.691824861947005,16
