hand,first_max_height,min_height,second_max_height,dribbling_frequency,bending_angle,duration
1,0.39900314807891846,0.09945666790008545,0.6745309829711914,1.6666666666666665,3.790180746785399,18
