hand,first_max_height,min_height,second_max_height,dribbling_frequency,bending_angle,duration
1,0.3623519539833069,0.01539987325668335,0.40922003984451294,1.875,14.596537182765758,16
