hand,first_max_height,min_height,second_max_height,dribbling_frequency,bending_angle,duration
1,0.27883487939834595,0.03947526216506958,0.22099316120147705,2.5,23.815447443634135,12
