hand,first_max_height,min_height,second_max_height,dribbling_frequency,bending_angle,duration
1,0.12651723623275757,-0.246862530708313,-0.06753349304199219,2.5,41.54995713589844,12
