hand,first_max_height,min_height,second_max_height,dribbling_frequency,bending_angle,duration
1,0.6105396747589111,0.07676512002944946,0.45455342531204224,1.5,4.094415281821568,20
