hand,first_max_height,min_height,second_max_height,dribbling_frequency,bending_angle,duration
1,0.3710535168647766,0.023548245429992676,0.40872323513031006,1.875,5.542006498068196,16
