hand,first_max_height,min_height,second_max_height,dribbling_frequency,bending_angle,duration
1,0.4530864953994751,0.1193164587020874,0.49005651473999023,1.6666666666666665,5.079210434209992,18
