hand,first_max_height,min_height,second_max_height,dribbling_frequency,bending_angle,duration
1,0.529542088508606,0.013411521911621094,0.5073196887969971,1.5789473684210527,7.635593388286792,19
