hand,first_max_height,min_height,second_max_height,dribbling_frequency,bending_angle,duration
1,0.4533469080924988,0.12387949228286743,0.4724389314651489,2.142857142857143,3.18456174097241,14
