hand,first_max_height,min_height,second_max_height,dribbling_frequency,bending_angle,duration
1,0.46160489320755005,0.05215311050415039,0.4778977036476135,1.7647058823529411,4.431572079670564,17
