hand,first_max_height,min_height,second_max_height,dribbling_frequency,bending_angle,duration
1,0.4942307472229004,0.12379759550094604,0.4813026785850525,1.7647058823529411,1.305560196309951,17
