hand,first_max_height,min_height,second_max_height,dribbling_frequency,bending_angle,duration
1,0.4152292013168335,0.10815978050231934,0.4505143165588379,2.0,1.2962176289644056,15
