hand,first_max_height,min_height,second_max_height,dribbling_frequency,bending_angle,duration
1,0.06933104991912842,-0.22964107990264893,-0.13765311241149902,2.7272727272727275,49.48361102622512,11
