hand,first_max_height,min_height,second_max_height,dribbling_frequency,bending_angle,duration
1,0.38704419136047363,0.04848700761795044,0.44524645805358887,2.0,8.386081985361178,15
