hand,first_max_height,min_height,second_max_height,dribbling_frequency,bending_angle,duration
1,0.47963446378707886,0.059371352195739746,0.4690437316894531,1.6666666666666665,4.573603059181204,18
