hand,first_max_height,min_height,second_max_height,dribbling_frequency,bending_angle,duration
1,0.4382680058479309,-0.15427714586257935,0.10752815008163452,2.0,16.75976005671426,15
