hand,first_max_height,min_height,second_max_height,dribbling_frequency,bending_angle,duration
1,0.0719292163848877,-0.17055732011795044,0.03532284498214722,2.5,49.30865104005293,12
