hand,first_max_height,min_height,second_max_height,dribbling_frequency,bending_angle,duration
1,0.1361280083656311,-0.2566224932670593,0.10657274723052979,1.875,56.435768869916785,16
