hand,first_max_height,min_height,second_max_height,dribbling_frequency,bending_angle,duration
1,0.17421722412109375,-0.20600265264511108,0.05661672353744507,2.5,38.941615940148104,12
