hand,first_max_height,min_height,second_max_height,dribbling_frequency,bending_angle,duration
1,0.5164939761161804,0.010567426681518555,0.4976269006729126,1.6666666666666665,5.673736566086678,18
