hand,first_max_height,min_height,second_max_height,dribbling_frequency,bending_angle,duration
1,0.29025644063949585,0.08235955238342285,0.4754059910774231,2.5,18.59301176013141,12
