hand,first_max_height,min_height,second_max_height,dribbling_frequency,bending_angle,duration
1,-0.13833880424499512,-0.19867420196533203,-0.14679372310638428,2.5,53.60387143066822,12
