hand,first_max_height,min_height,second_max_height,dribbling_frequency,bending_angle,duration
1,0.5097733736038208,0.03367561101913452,0.48417019844055176,1.875,6.546715118542335,16
