hand,first_max_height,min_height,second_max_height,dribbling_frequency,bending_angle,duration
1,0.03281038999557495,-0.14789259433746338,0.06986445188522339,2.307692307692308,49.070727629131056,13
