hand,first_max_height,min_height,second_max_height,dribbling_frequency,bending_angle,duration
1,0.45769190788269043,0.01911330223083496,0.41504156589508057,1.7647058823529411,2.8020250786335863,17
