hand,first_max_height,min_height,second_max_height,dribbling_frequency,bending_angle,duration
1,0.32738006114959717,-0.015336155891418457,0.32160377502441406,1.5789473684210527,26.69626503106891,19
