hand,first_max_height,min_height,second_max_height,dribbling_frequency,bending_angle,duration
1,0.48686134815216064,0.05261963605880737,0.5801925659179688,1.6666666666666665,4.7235796484995,18
