hand,first_max_height,min_height,second_max_height,dribbling_frequency,bending_angle,duration
1,0.09690392017364502,-0.22809547185897827,0.04233294725418091,2.142857142857143,52.50346906679128,14
