hand,first_max_height,min_height,second_max_height,dribbling_frequency,bending_angle,duration
1,0.4900597333908081,0.06587886810302734,0.4700378179550171,1.7647058823529411,1.6592941011911881,17
