hand,first_max_height,min_height,second_max_height,dribbling_frequency,bending_angle,duration
1,0.45507580041885376,0.048071980476379395,0.4495246410369873,2.0,18.051539279646676,15
