hand,first_max_height,min_height,second_max_height,dribbling_frequency,bending_angle,duration
1,0.21282047033309937,-0.0028505325317382812,0.2173060178756714,2.307692307692308,28.426697944791428,13
