hand,first_max_height,min_height,second_max_height,dribbling_frequency,bending_angle,duration
1,0.4691340923309326,0.05290037393569946,0.47724419832229614,1.6666666666666665,1.9408885454874432,18
