hand,first_max_height,min_height,second_max_height,dribbling_frequency,bending_angle,duration
1,-0.01953059434890747,-0.23871010541915894,-0.08773249387741089,2.307692307692308,55.60216155616957,13
