hand,first_max_height,min_height,second_max_height,dribbling_frequency,bending_angle,duration
1,0.2317187786102295,-0.08604258298873901,0.14463132619857788,2.0,28.246500789308847,15
