hand,first_max_height,min_height,second_max_height,dribbling_frequency,bending_angle,duration
1,0.0322839617729187,-0.18716174364089966,0.09486418962478638,2.307692307692308,49.60481520284388,13
