hand,first_max_height,min_height,second_max_height,dribbling_frequency,bending_angle,duration
1,0.2274196743965149,-0.017721891403198242,0.2985132932662964,2.142857142857143,22.24640729927532,14
