hand,first_max_height,min_height,second_max_height,dribbling_frequency,bending_angle,duration
1,0.4687357544898987,-0.0005704164505004883,0.4604990482330322,1.5789473684210527,6.240057858911408,19
