hand,first_max_height,min_height,second_max_height,dribbling_frequency,bending_angle,duration
1,0.34140121936798096,0.0330890417098999,0.361642062664032,1.875,6.302209130325748,16
