hand,first_max_height,min_height,second_max_height,dribbling_frequency,bending_angle,duration
1,-0.05545163154602051,-0.287414014339447,0.3843759298324585,1.7647058823529411,64.51852306000342,17
