hand,first_max_height,min_height,second_max_height,dribbling_frequency,bending_angle,duration
1,0.07825565338134766,-0.14027094841003418,0.10593593120574951,2.142857142857143,44.21607465905592,14
