hand,first_max_height,min_height,second_max_height,dribbling_frequency,bending_angle,duration
1,-0.033532679080963135,-0.1823863387107849,0.043513476848602295,2.5,56.308835176526635,12
