hand,first_max_height,min_height,second_max_height,dribbling_frequency,bending_angle,duration
1,0.3517801761627197,0.017886757850646973,0.3258770704269409,1.7647058823529411,12.872332426033248,17
