hand,first_max_height,min_height,second_max_height,dribbling_frequency,bending_angle,duration
1,0.07565838098526001,-0.2304585576057434,0.10917311906814575,2.142857142857143,56.48411456981287,14
