hand,first_max_height,min_height,second_max_height,dribbling_frequency,bending_angle,duration
1,0.48140662908554077,0.11686652898788452,0.45862263441085815,2.0,6.669612140110293,15
