hand,first_max_height,min_height,second_max_height,dribbling_frequency,bending_angle,duration
1,0.4288455843925476,0.0759209394454956,0.44624900817871094,1.7647058823529411,5.80157215056603,17
