hand,first_max_height,min_height,second_max_height,dribbling_frequency,bending_angle,duration
1,0.46755462884902954,0.016624808311462402,0.3879384994506836,2.0,11.666423703297061,15
