hand,first_max_height,min_height,second_max_height,dribbling_frequency,bending_angle,duration
1,0.42146116495132446,0.014007568359375,0.44045066833496094,1.7647058823529411,9.666519666663705,17
