hand,first_max_height,min_height,second_max_height,dribbling_frequency,bending_angle,duration
1,0.4571149945259094,0.06427133083343506,0.4138730764389038,1.875,3.2333338892533927,16
