hand,first_max_height,min_height,second_max_height,dribbling_frequency,bending_angle,duration
1,0.3392205238342285,0.020287156105041504,0.33702242374420166,2.0,5.470405025302232,15
