hand,first_max_height,min_height,second_max_height,dribbling_frequency,bending_angle,duration
1,0.09226137399673462,-0.28895723819732666,0.040496885776519775,1.875,62.71556439875685,16
