hand,first_max_height,min_height,second_max_height,dribbling_frequency,bending_angle,duration
1,0.2997913360595703,-0.019751131534576416,0.38924604654312134,1.875,31.034370522981582,16
