hand,first_max_height,min_height,second_max_height,dribbling_frequency,bending_angle,duration
1,0.11744135618209839,-0.22345465421676636,0.027175426483154297,2.142857142857143,52.184179824133786,14
