hand,first_max_height,min_height,second_max_height,dribbling_frequency,bending_angle,duration
1,0.44163423776626587,0.06822079420089722,0.49254727363586426,1.7647058823529411,1.059272255326668,17
