hand,first_max_height,min_height,second_max_height,dribbling_frequency,bending_angle,duration
1,0.4356693625450134,0.1137579083442688,0.4526864290237427,2.142857142857143,1.0865042165288932,14
