hand,first_max_height,min_height,second_max_height,dribbling_frequency,bending_angle,duration
1,0.1923694610595703,-0.07957327365875244,0.23416906595230103,2.142857142857143,29.572773521775577,14
