hand,first_max_height,min_height,second_max_height,dribbling_frequency,bending_angle,duration
1,0.4962477684020996,0.0669659972190857,0.4468567371368408,1.7647058823529411,1.6238580138319019,17
