hand,first_max_height,min_height,second_max_height,dribbling_frequency,bending_angle,duration
1,0.10109460353851318,-0.06074255704879761,0.18942278623580933,2.5,31.643414405240883,12
