hand,first_max_height,min_height,second_max_height,dribbling_frequency,bending_angle,duration
1,0.3641239404678345,-0.06868022680282593,0.35769498348236084,1.6666666666666665,24.19134172037114,18
