hand,first_max_height,min_height,second_max_height,dribbling_frequency,bending_angle,duration
1,0.427482545375824,0.0035226941108703613,0.370796263217926,1.5789473684210527,4.221402396671339,19
