hand,first_max_height,min_height,second_max_height,dribbling_frequency,bending_angle,duration
1,0.2720531225204468,0.0692974328994751,0.2980085611343384,2.142857142857143,19.121723810807204,14
