hand,first_max_height,min_height,second_max_height,dribbling_frequency,bending_angle,duration
1,0.5652363300323486,0.10685425996780396,0.588053822517395,1.7647058823529411,4.793808175792851,17
