hand,first_max_height,min_height,second_max_height,dribbling_frequency,bending_angle,duration
1,0.4078444242477417,0.017393887042999268,0.45467567443847656,1.875,9.656310395225082,16
