hand,first_max_height,min_height,second_max_height,dribbling_frequency,bending_angle,duration
1,0.07040441036224365,-0.10593640804290771,0.1040467619895935,3.0,44.07273886705481,10
