hand,first_max_height,min_height,second_max_height,dribbling_frequency,bending_angle,duration
1,0.19523167610168457,-0.24733537435531616,0.10320353507995605,1.6666666666666665,56.52736986348119,18
