hand,first_max_height,min_height,second_max_height,dribbling_frequency,bending_angle,duration
1,-0.12909072637557983,-0.2679535150527954,-0.16531533002853394,2.7272727272727275,68.65980395733213,11
