hand,first_max_height,min_height,second_max_height,dribbling_frequency,bending_angle,duration
1,0.06636601686477661,-0.1814286708831787,0.04604142904281616,2.142857142857143,49.03373520323254,14
