hand,first_max_height,min_height,second_max_height,dribbling_frequency,bending_angle,duration
1,0.05870133638381958,-0.13128989934921265,0.06925415992736816,2.7272727272727275,50.95144057816366,11
