hand,first_max_height,min_height,second_max_height,dribbling_frequency,bending_angle,duration
1,0.3839139938354492,0.057216644287109375,0.3725830912590027,2.0,7.255596352812961,15
