hand,first_max_height,min_height,second_max_height,dribbling_frequency,bending_angle,duration
1,0.44174402952194214,0.019195854663848877,0.40592873096466064,1.875,22.84485752020585,16
