hand,first_max_height,min_height,second_max_height,dribbling_frequency,bending_angle,duration
1,-0.1881943941116333,-0.2657053470611572,-0.1512274146080017,3.0,61.844611809482316,10
