hand,first_max_height,min_height,second_max_height,dribbling_frequency,bending_angle,duration
1,0.4213414788246155,0.035306334495544434,0.3179358243942261,2.0,6.23224833528377,15
