hand,first_max_height,min_height,second_max_height,dribbling_frequency,bending_angle,duration
1,0.46462345123291016,-0.006933331489562988,0.46109211444854736,1.5789473684210527,6.551946146199434,19
