hand,first_max_height,min_height,second_max_height,dribbling_frequency,bending_angle,duration
1,0.40582895278930664,0.012843012809753418,0.4848112463951111,1.6666666666666665,4.631232403810831,18
