hand,first_max_height,min_height,second_max_height,dribbling_frequency,bending_angle,duration
1,0.4286397099494934,-0.0007560849189758301,0.46931707859039307,1.6666666666666665,20.812274282673574,18
