hand,first_max_height,min_height,second_max_height,dribbling_frequency,bending_angle,duration
1,0.3562923073768616,-0.003323197364807129,0.364435613155365,1.875,7.937281223818411,16
