hand,first_max_height,min_height,second_max_height,dribbling_frequency,bending_angle,duration
1,0.05661672353744507,-0.27655160427093506,0.3151845932006836,1.875,54.11021955119282,16
