hand,first_max_height,min_height,second_max_height,dribbling_frequency,bending_angle,duration
1,0.6107204556465149,0.07643193006515503,0.6251198053359985,1.4285714285714284,6.123141801529589,21
