hand,first_max_height,min_height,second_max_height,dribbling_frequency,bending_angle,duration
1,0.46860271692276,0.014217972755432129,0.43359261751174927,1.7647058823529411,1.983959746233938,17
