hand,first_max_height,min_height,second_max_height,dribbling_frequency,bending_angle,duration
1,0.35590386390686035,-0.014570474624633789,0.4687357544898987,1.6666666666666665,23.899993726124134,18
