hand,first_max_height,min_height,second_max_height,dribbling_frequency,bending_angle,duration
1,0.5493485927581787,0.03939342498779297,0.5437962412834167,1.5,14.538329484229623,20
