hand,first_max_height,min_height,second_max_height,dribbling_frequency,bending_angle,duration
1,0.536959171295166,-0.004355490207672119,0.5151275396347046,1.6666666666666665,7.457683327621964,18
