hand,first_max_height,min_height,second_max_height,dribbling_frequency,bending_angle,duration
1,0.4161367416381836,0.03879725933074951,0.4493292570114136,1.5789473684210527,6.098094612180962,19
