hand,first_max_height,min_height,second_max_height,dribbling_frequency,bending_angle,duration
1,0.3737359046936035,-0.05624943971633911,0.37229979038238525,1.7647058823529411,24.68097029622904,17
