hand,first_max_height,min_height,second_max_height,dribbling_frequency,bending_angle,duration
1,0.24867689609527588,0.01216500997543335,0.27646404504776,2.0,33.75856994118894,15
