hand,first_max_height,min_height,second_max_height,dribbling_frequency,bending_angle,duration
1,0.5332170724868774,0.06771093606948853,0.4969610571861267,1.7647058823529411,6.602803569700125,17
