hand,first_max_height,min_height,second_max_height,dribbling_frequency,bending_angle,duration
1,0.07430189847946167,-0.12048846483230591,0.11339378356933594,2.5,43.79773960288284,12
