hand,first_max_height,min_height,second_max_height,dribbling_frequency,bending_angle,duration
1,0.47753483057022095,0.07702213525772095,0.5554896593093872,1.7647058823529411,1.8663407570853514,17
