hand,first_max_height,min_height,second_max_height,dribbling_frequency,bending_angle,duration
1,0.4813104271888733,0.08005058765411377,0.48180776834487915,1.7647058823529411,2.218062040229108,17
