hand,first_max_height,min_height,second_max_height,dribbling_frequency,bending_angle,duration
1,0.4321081042289734,-0.004604518413543701,0.4201151132583618,1.875,8.81457095776278,16
