hand,first_max_height,min_height,second_max_height,dribbling_frequency,bending_angle,duration
1,-0.06384176015853882,-0.2686285972595215,-0.05964207649230957,3.0,60.23758594791172,10
