hand,first_max_height,min_height,second_max_height,dribbling_frequency,bending_angle,duration
1,0.14858990907669067,-0.052876055240631104,0.4297095537185669,1.875,39.32676816846102,16
