hand,first_max_height,min_height,second_max_height,dribbling_frequency,bending_angle,duration
1,0.42585456371307373,0.16383719444274902,0.5030936598777771,1.5789473684210527,10.589255157947784,19
