hand,first_max_height,min_height,second_max_height,dribbling_frequency,bending_angle,duration
1,0.05281984806060791,-0.1461578607559204,0.06635165214538574,2.5,51.32659088023876,12
