hand,first_max_height,min_height,second_max_height,dribbling_frequency,bending_angle,duration
1,-0.14722728729248047,-0.23462706804275513,-0.07851332426071167,3.0,54.9003926223724,10
