hand,first_max_height,min_height,second_max_height,dribbling_frequency,bending_angle,duration
1,-0.08903586864471436,-0.2744982838630676,-0.0445900559425354,2.142857142857143,67.6356849762427,14
