hand,first_max_height,min_height,second_max_height,dribbling_frequency,bending_angle,duration
1,0.22564566135406494,-0.012507438659667969,0.2697766423225403,2.7272727272727275,32.45022833527886,11
