hand,first_max_height,min_height,second_max_height,dribbling_frequency,bending_angle,duration
1,0.41686952114105225,-0.01629406213760376,0.4141225814819336,1.7647058823529411,6.631646637963768,17
