hand,first_max_height,min_height,second_max_height,dribbling_frequency,bending_angle,duration
1,0.3709046244621277,0.06529223918914795,0.3838309049606323,2.0,13.099884672394243,15
