hand,first_max_height,min_height,second_max_height,dribbling_frequency,bending_angle,duration
1,0.4569122791290283,0.09376943111419678,0.46186405420303345,1.7647058823529411,7.252156435461363,17
