hand,first_max_height,min_height,second_max_height,dribbling_frequency,bending_angle,duration
1,0.3661960959434509,0.010964930057525635,0.39833372831344604,1.7647058823529411,1.6332070761712276,17
