hand,first_max_height,min_height,second_max_height,dribbling_frequency,bending_angle,duration
1,0.5149387121200562,0.06610006093978882,0.5120341777801514,1.875,2.3913061050450595,16
