hand,first_max_height,min_height,second_max_height,dribbling_frequency,bending_angle,duration
1,0.406765878200531,-0.03648567199707031,0.37950730323791504,1.7647058823529411,21.536720907229235,17
