hand,first_max_height,min_height,second_max_height,dribbling_frequency,bending_angle,duration
1,0.45016342401504517,0.016319453716278076,0.431671679019928,1.7647058823529411,16.612372378631452,17
