hand,first_max_height,min_height,second_max_height,dribbling_frequency,bending_angle,duration
1,0.5029560327529907,0.028632819652557373,0.5084643363952637,1.6666666666666665,3.7021813898102924,18
