hand,first_max_height,min_height,second_max_height,dribbling_frequency,bending_angle,duration
1,0.039652109146118164,-0.15267598628997803,0.032153964042663574,2.7272727272727275,45.85894482671812,11
