hand,first_max_height,min_height,second_max_height,dribbling_frequency,bending_angle,duration
1,0.4289602041244507,0.04199296236038208,0.3970221281051636,1.875,2.1290427117468473,16
