hand,first_max_height,min_height,second_max_height,dribbling_frequency,bending_angle,duration
1,0.1938580870628357,-0.15284466743469238,0.2966464161872864,1.875,35.39101474395878,16
