hand,first_max_height,min_height,second_max_height,dribbling_frequency,bending_angle,duration
1,0.08573365211486816,-0.17262929677963257,0.3541456460952759,2.142857142857143,48.22081946524293,14
