hand,first_max_height,min_height,second_max_height,dribbling_frequency,bending_angle,duration
1,0.26886439323425293,-0.012232959270477295,0.47291213274002075,2.142857142857143,27.38090275830395,14
