hand,first_max_height,min_height,second_max_height,dribbling_frequency,bending_angle,duration
1,0.1292518973350525,-0.2605705261230469,0.07928377389907837,1.7647058823529411,54.33115589837175,17
