hand,first_max_height,min_height,second_max_height,dribbling_frequency,bending_angle,duration
1,0.6891955733299255,-0.0014477968215942383,0.6700131893157959,1.3636363636363638,9.466428166257328,22
