hand,first_max_height,min_height,second_max_height,dribbling_frequency,bending_angle,duration
1,0.3594628572463989,0.018019378185272217,0.39255785942077637,2.0,9.136307500257015,15
