hand,first_max_height,min_height,second_max_height,dribbling_frequency,bending_angle,duration
1,0.09911870956420898,-0.22158873081207275,0.04915297031402588,2.142857142857143,52.01124820055789,14
