hand,first_max_height,min_height,second_max_height,dribbling_frequency,bending_angle,duration
1,0.14684134721755981,-0.10414648056030273,0.5546492338180542,1.7647058823529411,56.17743421716769,17
