hand,first_max_height,min_height,second_max_height,dribbling_frequency,bending_angle,duration
1,0.3879384994506836,0.01088804006576538,0.35756462812423706,2.142857142857143,14.834476067613734,14
