hand,first_max_height,min_height,second_max_height,dribbling_frequency,bending_angle,duration
1,0.2750002145767212,0.052632272243499756,0.3253244161605835,1.875,12.742499567556475,16
