hand,first_max_height,min_height,second_max_height,dribbling_frequency,bending_angle,duration
1,0.4329427480697632,0.02888864278793335,0.42244666814804077,1.875,9.432367671559975,16
