hand,first_max_height,min_height,second_max_height,dribbling_frequency,bending_angle,duration
1,0.09703207015991211,-0.15890222787857056,0.22017991542816162,2.0,40.36759321801521,15
