hand,first_max_height,min_height,second_max_height,dribbling_frequency,bending_angle,duration
1,0.4591032862663269,0.07631790637969971,0.4389985203742981,2.0,6.264241758811822,15
