hand,first_max_height,min_height,second_max_height,dribbling_frequency,bending_angle,duration
1,0.40160036087036133,0.06737804412841797,0.4156443476676941,2.142857142857143,7.313647184586948,14
