hand,first_max_height,min_height,second_max_height,dribbling_frequency,bending_angle,duration
1,0.3762379288673401,0.012272417545318604,0.4045347571372986,1.875,3.771292142719027,16
