hand,first_max_height,min_height,second_max_height,dribbling_frequency,bending_angle,duration
1,0.19224488735198975,-0.11231088638305664,0.37907010316848755,1.7647058823529411,40.70521506431141,17
