hand,first_max_height,min_height,second_max_height,dribbling_frequency,bending_angle,duration
1,0.28526997566223145,0.061055123805999756,0.3017299175262451,2.7272727272727275,16.33445232795665,11
