hand,first_max_height,min_height,second_max_height,dribbling_frequency,bending_angle,duration
1,0.4479224681854248,0.029637694358825684,0.4962477684020996,1.7647058823529411,2.080002761318302,17
