hand,first_max_height,min_height,second_max_height,dribbling_frequency,bending_angle,duration
1,0.5429919958114624,0.1497631072998047,0.4358710050582886,2.142857142857143,3.0829813311728427,14
