hand,first_max_height,min_height,second_max_height,dribbling_frequency,bending_angle,duration
1,0.4702675938606262,0.07515501976013184,0.4523952603340149,1.875,4.216586752283543,16
