hand,first_max_height,min_height,second_max_height,dribbling_frequency,bending_angle,duration
1,-0.06425237655639648,-0.2934269309043884,0.02448195219039917,2.7272727272727275,62.55996600071291,11
