hand,first_max_height,min_height,second_max_height,dribbling_frequency,bending_angle,duration
1,0.5555227994918823,0.04700857400894165,0.4406067728996277,1.4285714285714284,12.740781359346231,21
