hand,first_max_height,min_height,second_max_height,dribbling_frequency,bending_angle,duration
1,0.4825358986854553,0.0708005428314209,0.4628586173057556,1.7647058823529411,2.7842408676137826,17
