hand,first_max_height,min_height,second_max_height,dribbling_frequency,bending_angle,duration
1,0.29463082551956177,-0.06250256299972534,0.3258916735649109,2.307692307692308,21.405667947496806,13
