hand,first_max_height,min_height,second_max_height,dribbling_frequency,bending_angle,duration
1,0.4298499822616577,0.01670128107070923,0.3943338394165039,1.7647058823529411,3.8947309489311803,17
