hand,first_max_height,min_height,second_max_height,dribbling_frequency,bending_angle,duration
1,0.22654283046722412,0.002651810646057129,0.16636329889297485,2.307692307692308,29.853343630733484,13
