hand,first_max_height,min_height,second_max_height,dribbling_frequency,bending_angle,duration
1,0.22175592184066772,-0.04911071062088013,0.20123326778411865,3.0,31.118925119287624,10
