hand,first_max_height,min_height,second_max_height,dribbling_frequency,bending_angle,duration
1,0.5973453521728516,0.00957101583480835,0.2807953953742981,1.7647058823529411,8.57400877577312,17
