hand,first_max_height,min_height,second_max_height,dribbling_frequency,bending_angle,duration
1,0.49558109045028687,0.0866352915763855,0.48140662908554077,1.7647058823529411,7.792302294544107,17
