hand,first_max_height,min_height,second_max_height,dribbling_frequency,bending_angle,duration
1,0.3136902451515198,-0.17499959468841553,0.1772465705871582,2.0,29.493915185664914,15
