hand,first_max_height,min_height,second_max_height,dribbling_frequency,bending_angle,duration
1,0.31516504287719727,0.025284647941589355,0.3067277669906616,2.142857142857143,29.897147597409237,14
