hand,first_max_height,min_height,second_max_height,dribbling_frequency,bending_angle,duration
1,0.4895540475845337,0.08039438724517822,0.500784695148468,2.0,7.836582542451417,15
