hand,first_max_height,min_height,second_max_height,dribbling_frequency,bending_angle,duration
1,0.48122912645339966,0.05397754907608032,0.477292001247406,1.6666666666666665,6.2293974536050865,18
