hand,first_max_height,min_height,second_max_height,dribbling_frequency,bending_angle,duration
1,0.43617600202560425,-0.02456456422805786,0.4371284246444702,1.5789473684210527,19.096920048867783,19
