hand,first_max_height,min_height,second_max_height,dribbling_frequency,bending_angle,duration
1,0.5800065994262695,0.21621453762054443,0.502666175365448,1.5,8.436686277682579,20
