hand,first_max_height,min_height,second_max_height,dribbling_frequency,bending_angle,duration
1,0.22099316120147705,0.020414352416992188,0.21891534328460693,2.5,27.858839470005464,12
