hand,first_max_height,min_height,second_max_height,dribbling_frequency,bending_angle,duration
1,0.3064649701118469,-0.02870333194732666,0.28087300062179565,1.7647058823529411,31.409042884460455,17
