hand,first_max_height,min_height,second_max_height,dribbling_frequency,bending_angle,duration
1,0.45302915573120117,0.02913951873779297,0.4254964590072632,1.7647058823529411,7.546781404744827,17
