hand,first_max_height,min_height,second_max_height,dribbling_frequency,bending_angle,duration
1,0.11882269382476807,-0.08968329429626465,0.11496275663375854,2.7272727272727275,45.3626345537948,11
