hand,first_max_height,min_height,second_max_height,dribbling_frequency,bending_angle,duration
1,0.3276888132095337,0.062085747718811035,0.29258114099502563,2.307692307692308,10.213884614739069,13
