hand,first_max_height,min_height,second_max_height,dribbling_frequency,bending_angle,duration
1,0.41466695070266724,0.03220808506011963,0.41324079036712646,2.0,3.905921770937943,15
