hand,first_max_height,min_height,second_max_height,dribbling_frequency,bending_angle,duration
1,0.47374242544174194,0.0940554141998291,0.4557642936706543,1.7647058823529411,2.1816643784320915,17
