hand,first_max_height,min_height,second_max_height,dribbling_frequency,bending_angle,duration
1,0.5751611590385437,-0.03173321485519409,0.3584672808647156,1.6666666666666665,12.815937440464682,18
