hand,first_max_height,min_height,second_max_height,dribbling_frequency,bending_angle,duration
1,-0.06463688611984253,-0.24364519119262695,-0.03447365760803223,2.307692307692308,51.28514171082444,13
