hand,first_max_height,min_height,second_max_height,dribbling_frequency,bending_angle,duration
1,0.4989701509475708,0.05542248487472534,0.5357759594917297,1.6666666666666665,8.46673608822026,18
