hand,first_max_height,min_height,second_max_height,dribbling_frequency,bending_angle,duration
1,0.1922208070755005,-0.004438221454620361,0.3364608883857727,2.5,34.821085734776005,12
