hand,first_max_height,min_height,second_max_height,dribbling_frequency,bending_angle,duration
1,0.36269527673721313,0.10023701190948486,0.42498213052749634,2.142857142857143,8.269208328569253,14
