hand,first_max_height,min_height,second_max_height,dribbling_frequency,bending_angle,duration
1,0.041657328605651855,-0.14865338802337646,0.056794703006744385,2.7272727272727275,46.43839145728733,11
