hand,first_max_height,min_height,second_max_height,dribbling_frequency,bending_angle,duration
1,0.3570670485496521,-0.03444713354110718,0.2976868152618408,1.6666666666666665,29.330086098452885,18
