hand,first_max_height,min_height,second_max_height,dribbling_frequency,bending_angle,duration
1,0.3746955394744873,0.09932321310043335,0.4209071397781372,2.307692307692308,9.803582968851536,13
