hand,first_max_height,min_height,second_max_height,dribbling_frequency,bending_angle,duration
1,0.4615274667739868,0.06460416316986084,0.3856881856918335,1.875,0.3530350905454757,16
