hand,first_max_height,min_height,second_max_height,dribbling_frequency,bending_angle,duration
1,0.05438297986984253,-0.1600489616394043,0.06113088130950928,2.5,50.640117311802044,12
