hand,first_max_height,min_height,second_max_height,dribbling_frequency,bending_angle,duration
1,0.5069543719291687,0.03840583562850952,0.44577473402023315,1.6666666666666665,16.114504995904188,18
