hand,first_max_height,min_height,second_max_height,dribbling_frequency,bending_angle,duration
1,0.4553791284561157,0.05508613586425781,0.4400375485420227,1.5789473684210527,7.536088348882739,19
