hand,first_max_height,min_height,second_max_height,dribbling_frequency,bending_angle,duration
1,0.37265968322753906,-0.03162193298339844,0.4499760866165161,1.5789473684210527,4.964860351504581,19
