hand,first_max_height,min_height,second_max_height,dribbling_frequency,bending_angle,duration
1,0.10929691791534424,-0.24711930751800537,0.11003398895263672,1.7647058823529411,59.20167278687337,17
