hand,first_max_height,min_height,second_max_height,dribbling_frequency,bending_angle,duration
1,0.4869237542152405,-0.0014067888259887695,0.4758993983268738,1.6666666666666665,6.057143935926939,18
