hand,first_max_height,min_height,second_max_height,dribbling_frequency,bending_angle,duration
1,0.467896044254303,-0.004705309867858887,0.45949989557266235,1.6666666666666665,2.9864031137025724,18
