hand,first_max_height,min_height,second_max_height,dribbling_frequency,bending_angle,duration
1,0.4990583062171936,0.10185307264328003,0.517779529094696,1.5,9.551952733241881,20
