hand,first_max_height,min_height,second_max_height,dribbling_frequency,bending_angle,duration
1,0.2149437665939331,-0.05002737045288086,0.24056249856948853,2.307692307692308,25.635639155520114,13
