hand,first_max_height,min_height,second_max_height,dribbling_frequency,bending_angle,duration
1,0.4916682839393616,0.1504947543144226,0.4592415690422058,2.307692307692308,7.827779350669164,13
