hand,first_max_height,min_height,second_max_height,dribbling_frequency,bending_angle,duration
1,0.33614081144332886,0.03809553384780884,0.4134485125541687,2.0,5.405523634181038,15
