hand,first_max_height,min_height,second_max_height,dribbling_frequency,bending_angle,duration
1,0.2505832314491272,-0.007799386978149414,0.2832484245300293,2.0,32.388470403611464,15
