hand,first_max_height,min_height,second_max_height,dribbling_frequency,bending_angle,duration
1,0.18392324447631836,-0.04150909185409546,0.202694833278656,2.142857142857143,29.21624474450102,14
