hand,first_max_height,min_height,second_max_height,dribbling_frequency,bending_angle,duration
1,0.44357025623321533,0.031025826930999756,0.4065277576446533,1.875,5.344719249079192,16
