hand,first_max_height,min_height,second_max_height,dribbling_frequency,bending_angle,duration
1,-0.07250869274139404,-0.2769690155982971,0.004484117031097412,2.5,67.24273441892795,12
