hand,first_max_height,min_height,second_max_height,dribbling_frequency,bending_angle,duration
1,0.4385380744934082,0.07299590110778809,0.37746351957321167,1.875,2.527868283534631,16
