hand,first_max_height,min_height,second_max_height,dribbling_frequency,bending_angle,duration
1,0.02608656883239746,-0.3041396737098694,-0.009851157665252686,2.142857142857143,63.524646773398786,14
