hand,first_max_height,min_height,second_max_height,dribbling_frequency,bending_angle,duration
1,0.00910937786102295,-0.30270951986312866,-0.07078146934509277,2.0,60.315125142960206,15
