hand,first_max_height,min_height,second_max_height,dribbling_frequency,bending_angle,duration
1,0.2553674578666687,0.04465174674987793,0.24366581439971924,2.307692307692308,7.286647398281514,13
