hand,first_max_height,min_height,second_max_height,dribbling_frequency,bending_angle,duration
1,0.44412535429000854,0.04122602939605713,0.4218117594718933,1.7647058823529411,6.467169281347547,17
