hand,first_max_height,min_height,second_max_height,dribbling_frequency,bending_angle,duration
1,0.0325242280960083,-0.20880430936813354,0.44802868366241455,1.7647058823529411,52.805723817506,17
