hand,first_max_height,min_height,second_max_height,dribbling_frequency,bending_angle,duration
1,0.19671159982681274,-0.09806138277053833,0.16114944219589233,2.0,30.2643131057674,15
