hand,first_max_height,min_height,second_max_height,dribbling_frequency,bending_angle,duration
1,0.002208113670349121,-0.07583540678024292,0.24904072284698486,2.5,38.9333654320852,12
