hand,first_max_height,min_height,second_max_height,dribbling_frequency,bending_angle,duration
1,0.5925235748291016,0.040713489055633545,0.594379186630249,1.5789473684210527,4.597812074327201,19
