hand,first_max_height,min_height,second_max_height,dribbling_frequency,bending_angle,duration
1,-0.09265273809432983,-0.29759395122528076,0.00648045539855957,2.0,59.25151010831284,15
