hand,first_max_height,min_height,second_max_height,dribbling_frequency,bending_angle,duration
1,0.46426522731781006,-0.07650506496429443,0.01690959930419922,2.142857142857143,8.949937408500286,14
