hand,first_max_height,min_height,second_max_height,dribbling_frequency,bending_angle,duration
1,0.13410598039627075,-0.3010498881340027,-0.1351323127746582,2.142857142857143,38.415898325131096,14
