hand,first_max_height,min_height,second_max_height,dribbling_frequency,bending_angle,duration
1,0.047715723514556885,-0.17300134897232056,0.054015517234802246,2.5,48.503261501168275,12
