hand,first_max_height,min_height,second_max_height,dribbling_frequency,bending_angle,duration
1,0.4820430874824524,-0.07464843988418579,0.1915287971496582,2.0,13.23211595420655,15
