hand,first_max_height,min_height,second_max_height,dribbling_frequency,bending_angle,duration
1,0.3156076669692993,0.00533747673034668,0.33683812618255615,1.7647058823529411,24.82921652822359,17
