hand,first_max_height,min_height,second_max_height,dribbling_frequency,bending_angle,duration
1,0.4969610571861267,0.05036062002182007,0.43146997690200806,1.875,3.787262288145649,16
