hand,first_max_height,min_height,second_max_height,dribbling_frequency,bending_angle,duration
1,0.279502809047699,0.06259346008300781,0.21693134307861328,2.7272727272727275,5.455682218000698,11
