hand,first_max_height,min_height,second_max_height,dribbling_frequency,bending_angle,duration
1,0.05779826641082764,-0.21699577569961548,0.0780494213104248,2.142857142857143,45.44756582021121,14
