hand,first_max_height,min_height,second_max_height,dribbling_frequency,bending_angle,duration
1,0.47463399171829224,0.07045692205429077,0.4825358986854553,1.7647058823529411,2.1604484860600452,17
