hand,first_max_height,min_height,second_max_height,dribbling_frequency,bending_angle,duration
1,0.40244174003601074,0.0609586238861084,0.48104244470596313,2.0,8.750954377993093,15
