hand,first_max_height,min_height,second_max_height,dribbling_frequency,bending_angle,duration
1,0.41879338026046753,0.09609103202819824,0.42585456371307373,1.5789473684210527,9.296156997888934,19
