hand,first_max_height,min_height,second_max_height,dribbling_frequency,bending_angle,duration
1,0.30534154176712036,-0.0370023250579834,0.26588332653045654,1.6666666666666665,28.34870094972644,18
