hand,first_max_height,min_height,second_max_height,dribbling_frequency,bending_angle,duration
1,0.5003758668899536,0.02932184934616089,0.550073504447937,1.7647058823529411,5.3271273869650715,17
