hand,first_max_height,min_height,second_max_height,dribbling_frequency,bending_angle,duration
1,0.07145082950592041,-0.24203741550445557,-0.02440720796585083,2.142857142857143,52.33878654034999,14
