hand,first_max_height,min_height,second_max_height,dribbling_frequency,bending_angle,duration
1,-0.029345214366912842,-0.3122628927230835,-0.22813045978546143,2.7272727272727275,53.79216179441972,11
