hand,first_max_height,min_height,second_max_height,dribbling_frequency,bending_angle,duration
1,-0.02037358283996582,-0.37939906120300293,0.13991856575012207,1.7647058823529411,69.88661855099824,17
