hand,first_max_height,min_height,second_max_height,dribbling_frequency,bending_angle,duration
1,0.26583921909332275,0.04735994338989258,0.30612075328826904,2.142857142857143,25.421089723112804,14
