hand,first_max_height,min_height,second_max_height,dribbling_frequency,bending_angle,duration
1,0.2331923246383667,-0.2428649663925171,-0.019266963005065918,2.307692307692308,31.50151517393398,13
