hand,first_max_height,min_height,second_max_height,dribbling_frequency,bending_angle,duration
1,0.2775610089302063,-0.017754077911376953,0.27215421199798584,2.0,28.737106983079503,15
