hand,first_max_height,min_height,second_max_height,dribbling_frequency,bending_angle,duration
1,0.293728768825531,-0.02330094575881958,0.3131932020187378,1.5789473684210527,19.754006654890283,19
