hand,first_max_height,min_height,second_max_height,dribbling_frequency,bending_angle,duration
1,0.506706178188324,-0.04633963108062744,0.2876608967781067,1.875,10.781822797136895,16
