hand,first_max_height,min_height,second_max_height,dribbling_frequency,bending_angle,duration
1,0.5296518802642822,0.0672309398651123,0.5549876093864441,1.7647058823529411,3.999593190010035,17
