hand,first_max_height,min_height,second_max_height,dribbling_frequency,bending_angle,duration
1,0.2111087441444397,-0.203976571559906,0.05509507656097412,2.0,36.00876995294463,15
