hand,first_max_height,min_height,second_max_height,dribbling_frequency,bending_angle,duration
1,0.32031792402267456,0.04998147487640381,0.4035365581512451,2.307692307692308,21.353044279848323,13
