hand,first_max_height,min_height,second_max_height,dribbling_frequency,bending_angle,duration
1,0.14890271425247192,-0.2279810905456543,0.2688402533531189,1.6666666666666665,52.868434734650805,18
