hand,first_max_height,min_height,second_max_height,dribbling_frequency,bending_angle,duration
1,0.13460767269134521,-0.057831525802612305,0.15351349115371704,2.307692307692308,34.04001189162055,13
