hand,first_max_height,min_height,second_max_height,dribbling_frequency,bending_angle,duration
1,0.45819395780563354,0.07919102907180786,0.48265552520751953,1.875,2.679390519244979,16
