hand,first_max_height,min_height,second_max_height,dribbling_frequency,bending_angle,duration
1,0.1293795108795166,-0.2668721079826355,0.09817981719970703,2.0,51.059262033562995,15
