hand,first_max_height,min_height,second_max_height,dribbling_frequency,bending_angle,duration
1,-0.048572838306427,-0.09357106685638428,0.288674533367157,3.0,39.22273249637256,10
