hand,first_max_height,min_height,second_max_height,dribbling_frequency,bending_angle,duration
1,0.5208967924118042,0.039653241634368896,0.47626131772994995,1.7647058823529411,2.2475658793474227,17
