hand,first_max_height,min_height,second_max_height,dribbling_frequency,bending_angle,duration
1,0.6182053685188293,0.11333346366882324,0.6392003893852234,1.3636363636363638,6.3167982630371995,22
