hand,first_max_height,min_height,second_max_height,dribbling_frequency,bending_angle,duration
1,0.5502707958221436,-0.05913960933685303,0.3486245274543762,1.6666666666666665,13.068205020013407,18
