hand,first_max_height,min_height,second_max_height,dribbling_frequency,bending_angle,duration
1,0.5891799926757812,0.07337647676467896,0.5042111873626709,1.6666666666666665,3.2396806504480344,18
