hand,first_max_height,min_height,second_max_height,dribbling_frequency,bending_angle,duration
1,0.44624900817871094,0.08805221319198608,0.42707639932632446,1.875,2.0799251415052433,16
