hand,first_max_height,min_height,second_max_height,dribbling_frequency,bending_angle,duration
1,0.39974987506866455,0.029951035976409912,0.3705896735191345,1.7647058823529411,5.709802825485248,17
