hand,first_max_height,min_height,second_max_height,dribbling_frequency,bending_angle,duration
1,0.3270829916000366,-0.03491556644439697,0.2580665946006775,1.7647058823529411,4.721982881920627,17
