hand,first_max_height,min_height,second_max_height,dribbling_frequency,bending_angle,duration
1,0.3456885814666748,0.04225564002990723,0.400473415851593,1.875,8.613476950491382,16
