hand,first_max_height,min_height,second_max_height,dribbling_frequency,bending_angle,duration
1,0.2976868152618408,-0.008032739162445068,0.3309211730957031,1.7647058823529411,29.609683701570297,17
