hand,first_max_height,min_height,second_max_height,dribbling_frequency,bending_angle,duration
1,0.07167840003967285,-0.16720473766326904,0.08619379997253418,2.5,49.096386772043324,12
