hand,first_max_height,min_height,second_max_height,dribbling_frequency,bending_angle,duration
1,0.6310929656028748,0.07118028402328491,0.20007222890853882,2.0,2.827390201090284,15
