hand,first_max_height,min_height,second_max_height,dribbling_frequency,bending_angle,duration
1,0.261599600315094,0.032567620277404785,0.23749500513076782,3.0,19.647757716737345,10
