hand,first_max_height,min_height,second_max_height,dribbling_frequency,bending_angle,duration
1,0.40421348810195923,0.042123496532440186,0.43107032775878906,2.0,7.321531676537967,15
