hand,first_max_height,min_height,second_max_height,dribbling_frequency,bending_angle,duration
1,0.5697580575942993,0.036666035652160645,0.5777130722999573,1.5789473684210527,5.2393947376378796,19
