hand,first_max_height,min_height,second_max_height,dribbling_frequency,bending_angle,duration
1,-0.07674515247344971,-0.23084330558776855,-0.10906028747558594,2.5,61.332444925288684,12
