hand,first_max_height,min_height,second_max_height,dribbling_frequency,bending_angle,duration
1,0.4993448257446289,0.04335606098175049,0.46565330028533936,1.7647058823529411,3.8041328422852745,17
