hand,first_max_height,min_height,second_max_height,dribbling_frequency,bending_angle,duration
1,0.5135708451271057,0.026514172554016113,0.510716438293457,1.7647058823529411,16.05104174668519,17
