hand,first_max_height,min_height,second_max_height,dribbling_frequency,bending_angle,duration
1,0.46457386016845703,0.048182666301727295,0.4686211347579956,1.875,4.226572764085527,16
