hand,first_max_height,min_height,second_max_height,dribbling_frequency,bending_angle,duration
1,0.2845144271850586,-0.05114930868148804,0.2272663116455078,2.0,21.28662373025655,15
