hand,first_max_height,min_height,second_max_height,dribbling_frequency,bending_angle,duration
1,0.19492775201797485,-0.0015820860862731934,0.20096325874328613,2.7272727272727275,19.535692509343722,11
