hand,first_max_height,min_height,second_max_height,dribbling_frequency,bending_angle,duration
1,0.4495246410369873,0.010425746440887451,0.44492048025131226,1.875,19.31971608084335,16
