hand,first_max_height,min_height,second_max_height,dribbling_frequency,bending_angle,duration
1,0.2874666452407837,-0.1466088891029358,0.025662600994110107,2.7272727272727275,35.340279136592805,11
