hand,first_max_height,min_height,second_max_height,dribbling_frequency,bending_angle,duration
1,0.35096561908721924,-0.1649179458618164,-0.09921425580978394,2.5,18.718645280976975,12
