hand,first_max_height,min_height,second_max_height,dribbling_frequency,bending_angle,duration
1,0.45846331119537354,0.10038942098617554,0.48170357942581177,1.7647058823529411,0.8447703858957519,17
