hand,first_max_height,min_height,second_max_height,dribbling_frequency,bending_angle,duration
1,0.49254727363586426,0.05844360589981079,0.4198538661003113,1.6666666666666665,2.084553942165816,18
