hand,first_max_height,min_height,second_max_height,dribbling_frequency,bending_angle,duration
1,0.294014036655426,0.12876492738723755,0.2864701747894287,2.307692307692308,8.549915518262535,13
