hand,first_max_height,min_height,second_max_height,dribbling_frequency,bending_angle,duration
1,-0.02289736270904541,-0.1635623574256897,0.05320596694946289,2.7272727272727275,51.9366374034049,11
