hand,first_max_height,min_height,second_max_height,dribbling_frequency,bending_angle,duration
1,0.43138349056243896,0.020168840885162354,0.3756657838821411,1.7647058823529411,4.451434557656166,17
