hand,first_max_height,min_height,second_max_height,dribbling_frequency,bending_angle,duration
1,0.3014150857925415,-0.029498636722564697,0.2849627137184143,2.0,18.486382078377495,15
