hand,first_max_height,min_height,second_max_height,dribbling_frequency,bending_angle,duration
1,0.4948996305465698,0.03327268362045288,0.5379003882408142,1.6666666666666665,18.28071583668112,18
