hand,first_max_height,min_height,second_max_height,dribbling_frequency,bending_angle,duration
1,0.31699246168136597,-0.0026398897171020508,0.39503371715545654,1.7647058823529411,6.379360293930851,17
