hand,first_max_height,min_height,second_max_height,dribbling_frequency,bending_angle,duration
1,0.4309360384941101,0.03418290615081787,0.49561065435409546,1.7647058823529411,14.074945840395168,17
