hand,first_max_height,min_height,second_max_height,dribbling_frequency,bending_angle,duration
1,0.5204116106033325,0.08353984355926514,0.5190621018409729,1.875,7.115271172637259,16
