hand,first_max_height,min_height,second_max_height,dribbling_frequency,bending_angle,duration
1,0.28655725717544556,0.0689164400100708,0.31206685304641724,2.0,24.64011878096274,15
