hand,first_max_height,min_height,second_max_height,dribbling_frequency,bending_angle,duration
1,0.4532678723335266,-0.026424169540405273,0.3846508264541626,1.875,21.035027890952666,16
