hand,first_max_height,min_height,second_max_height,dribbling_frequency,bending_angle,duration
1,0.4691372513771057,0.020039081573486328,0.3523182272911072,1.7647058823529411,6.108685855449454,17
