hand,first_max_height,min_height,second_max_height,dribbling_frequency,bending_angle,duration
1,0.41638559103012085,-0.054166436195373535,0.406765878200531,1.6666666666666665,23.03382603634285,18
