hand,first_max_height,min_height,second_max_height,dribbling_frequency,bending_angle,duration
1,0.2650655508041382,-0.03287547826766968,0.3151344060897827,1.5789473684210527,24.870728371227695,19
