hand,first_max_height,min_height,second_max_height,dribbling_frequency,bending_angle,duration
1,0.4904349446296692,0.0547412633895874,0.448469877243042,1.7647058823529411,0.8869272254765492,17
