hand,first_max_height,min_height,second_max_height,dribbling_frequency,bending_angle,duration
1,0.4665563106536865,0.04893970489501953,0.3945898413658142,1.7647058823529411,7.2934706488596355,17
