hand,first_max_height,min_height,second_max_height,dribbling_frequency,bending_angle,duration
1,0.5574890375137329,0.1050422191619873,0.528203547000885,1.7647058823529411,6.2482936481595415,17
