hand,first_max_height,min_height,second_max_height,dribbling_frequency,bending_angle,duration
1,0.037100374698638916,-0.26075273752212524,0.06506317853927612,2.307692307692308,60.31967970108241,13
