hand,first_max_height,min_height,second_max_height,dribbling_frequency,bending_angle,duration
1,0.2534481883049011,0.11166715621948242,0.23591125011444092,2.307692307692308,10.294626717575447,13
