hand,first_max_height,min_height,second_max_height,dribbling_frequency,bending_angle,duration
1,0.5443335175514221,0.05330324172973633,0.548317015171051,1.7647058823529411,14.26515409017831,17
