hand,first_max_height,min_height,second_max_height,dribbling_frequency,bending_angle,duration
1,0.45311516523361206,0.06788408756256104,0.43753695487976074,1.7647058823529411,8.250896946438148,17
