hand,first_max_height,min_height,second_max_height,dribbling_frequency,bending_angle,duration
1,0.24056249856948853,-0.05200028419494629,0.25677919387817383,2.307692307692308,24.953629051297423,13
