hand,first_max_height,min_height,second_max_height,dribbling_frequency,bending_angle,duration
1,0.5704683661460876,0.07928735017776489,0.5549251437187195,1.5789473684210527,3.0457830932439443,19
