hand,first_max_height,min_height,second_max_height,dribbling_frequency,bending_angle,duration
1,0.39469003677368164,0.029960155487060547,0.4226304292678833,1.7647058823529411,4.697797288420681,17
