hand,first_max_height,min_height,second_max_height,dribbling_frequency,bending_angle,duration
1,0.40926289558410645,0.0637255311012268,0.42654097080230713,2.142857142857143,10.10018839081547,14
