hand,first_max_height,min_height,second_max_height,dribbling_frequency,bending_angle,duration
1,0.4758993983268738,-0.0025169849395751953,0.4672039747238159,1.5789473684210527,5.199441310843653,19
