hand,first_max_height,min_height,second_max_height,dribbling_frequency,bending_angle,duration
1,-0.0006108283996582031,-0.2823730707168579,0.09226137399673462,2.0,60.723962672026694,15
