hand,first_max_height,min_height,second_max_height,dribbling_frequency,bending_angle,duration
1,0.3589945435523987,0.009010255336761475,0.3557054400444031,2.0,8.2510079410557,15
