hand,first_max_height,min_height,second_max_height,dribbling_frequency,bending_angle,duration
1,0.31241798400878906,0.10157531499862671,0.27075082063674927,2.142857142857143,14.862001545853175,14
