hand,first_max_height,min_height,second_max_height,dribbling_frequency,bending_angle,duration
1,0.3925919532775879,0.09443151950836182,0.47173792123794556,1.875,5.002932993329732,16
