hand,first_max_height,min_height,second_max_height,dribbling_frequency,bending_angle,duration
1,0.48237144947052,0.0765809416770935,0.48747438192367554,1.875,4.163547655833588,16
