hand,first_max_height,min_height,second_max_height,dribbling_frequency,bending_angle,duration
1,0.5286398530006409,-0.149214506149292,0.03401291370391846,1.875,20.08355162688791,16
