hand,first_max_height,min_height,second_max_height,dribbling_frequency,bending_angle,duration
1,0.5600667595863342,0.12029480934143066,0.5372844934463501,1.7647058823529411,1.065888665624863,17
