hand,first_max_height,min_height,second_max_height,dribbling_frequency,bending_angle,duration
1,0.5065244436264038,0.07633340358734131,0.45455795526504517,1.875,6.865834118946352,16
