hand,first_max_height,min_height,second_max_height,dribbling_frequency,bending_angle,duration
1,0.36938726902008057,0.01833420991897583,0.33812224864959717,2.0,9.129686986522728,15
