hand,first_max_height,min_height,second_max_height,dribbling_frequency,bending_angle,duration
1,-0.07331806421279907,-0.19450342655181885,-0.11795520782470703,2.307692307692308,52.76189372953907,13
