hand,first_max_height,min_height,second_max_height,dribbling_frequency,bending_angle,duration
1,0.48915207386016846,0.1089678406715393,0.5415959358215332,1.7647058823529411,2.007871280921111,17
