hand,first_max_height,min_height,second_max_height,dribbling_frequency,bending_angle,duration
1,0.44371336698532104,0.03331923484802246,0.660011887550354,1.7647058823529411,23.042228037780752,17
