hand,first_max_height,min_height,second_max_height,dribbling_frequency,bending_angle,duration
1,0.6208969950675964,0.07787448167800903,0.6168705224990845,1.4285714285714284,4.964950429316502,21
