hand,first_max_height,min_height,second_max_height,dribbling_frequency,bending_angle,duration
1,0.057708799839019775,-0.11579155921936035,0.1922208070755005,2.5,49.49133669241355,12
