hand,first_max_height,min_height,second_max_height,dribbling_frequency,bending_angle,duration
1,0.41268056631088257,0.0032788515090942383,0.3891565203666687,1.6666666666666665,18.834561096267127,18
