hand,first_max_height,min_height,second_max_height,dribbling_frequency,bending_angle,duration
1,0.26836639642715454,0.01994335651397705,0.298206090927124,2.142857142857143,30.35825380565503,14
