hand,first_max_height,min_height,second_max_height,dribbling_frequency,bending_angle,duration
1,0.23850148916244507,-0.08839905261993408,0.38704419136047363,2.0,42.348460788537494,15
