hand,first_max_height,min_height,second_max_height,dribbling_frequency,bending_angle,duration
1,0.19503545761108398,-0.06077861785888672,0.13471442461013794,3.0,33.899918941119424,10
