hand,first_max_height,min_height,second_max_height,dribbling_frequency,bending_angle,duration
1,0.30341339111328125,-0.055690646171569824,0.28139829635620117,1.875,27.607610023119943,16
