hand,first_max_height,min_height,second_max_height,dribbling_frequency,bending_angle,duration
1,0.5773754715919495,0.07868045568466187,0.6027280688285828,1.3636363636363638,3.955706688224234,22
