hand,first_max_height,min_height,second_max_height,dribbling_frequency,bending_angle,duration
1,0.477120041847229,0.04383343458175659,0.48122912645339966,1.5789473684210527,4.685593328075338,19
