hand,first_max_height,min_height,second_max_height,dribbling_frequency,bending_angle,duration
1,0.35817623138427734,0.035560667514801025,0.3014377951622009,2.142857142857143,9.782760177306319,14
