hand,first_max_height,min_height,second_max_height,dribbling_frequency,bending_angle,duration
1,0.392566442489624,0.019071340560913086,0.4321632981300354,2.0,7.613259526680055,15
