hand,first_max_height,min_height,second_max_height,dribbling_frequency,bending_angle,duration
1,0.5735571384429932,0.0795859694480896,0.6070770025253296,1.5789473684210527,1.0811811793470567,19
