hand,first_max_height,min_height,second_max_height,dribbling_frequency,bending_angle,duration
1,0.15436339378356934,-0.21119415760040283,0.47473013401031494,1.6666666666666665,53.7600201665347,18
