hand,first_max_height,min_height,second_max_height,dribbling_frequency,bending_angle,duration
1,0.44035470485687256,0.10497033596038818,0.4257606863975525,2.0,13.005479264047022,15
