hand,first_max_height,min_height,second_max_height,dribbling_frequency,bending_angle,duration
1,0.4140288829803467,0.10902220010757446,0.38192951679229736,2.142857142857143,7.585532903925399,14
