hand,first_max_height,min_height,second_max_height,dribbling_frequency,bending_angle,duration
1,0.4594586491584778,0.05877596139907837,0.4597409963607788,1.875,2.4651597593526127,16
