hand,first_max_height,min_height,second_max_height,dribbling_frequency,bending_angle,duration
1,0.396751344203949,0.07905632257461548,0.40206611156463623,2.142857142857143,5.765197867419197,14
