hand,first_max_height,min_height,second_max_height,dribbling_frequency,bending_angle,duration
1,0.5257105231285095,0.12337684631347656,0.5741444230079651,1.875,3.2587284225074287,16
