hand,first_max_height,min_height,second_max_height,dribbling_frequency,bending_angle,duration
1,0.4958841800689697,0.014741957187652588,0.4942561984062195,1.5789473684210527,4.502737410049517,19
