hand,first_max_height,min_height,second_max_height,dribbling_frequency,bending_angle,duration
1,0.5415490865707397,0.012059330940246582,0.5279737114906311,1.6666666666666665,16.18644077987824,18
