hand,first_max_height,min_height,second_max_height,dribbling_frequency,bending_angle,duration
1,0.612415075302124,0.05334627628326416,0.7321667671203613,1.4285714285714284,3.021567537067259,21
