hand,first_max_height,min_height,second_max_height,dribbling_frequency,bending_angle,duration
1,0.43799591064453125,0.0007641911506652832,0.5007791519165039,1.5789473684210527,14.121690235881504,19
