hand,first_max_height,min_height,second_max_height,dribbling_frequency,bending_angle,duration
1,0.4351274371147156,0.07953983545303345,0.38043534755706787,1.875,16.321783161711515,16
