hand,first_max_height,min_height,second_max_height,dribbling_frequency,bending_angle,duration
1,0.45455342531204224,0.06562107801437378,0.4093967080116272,1.875,8.87823643365034,16
