hand,first_max_height,min_height,second_max_height,dribbling_frequency,bending_angle,duration
1,0.24930769205093384,-0.1840779185295105,0.10166871547698975,2.0,35.09111470481318,15
