hand,first_max_height,min_height,second_max_height,dribbling_frequency,bending_angle,duration
1,0.16282165050506592,-0.08600157499313354,0.21103370189666748,2.142857142857143,32.93788005163373,14
