hand,first_max_height,min_height,second_max_height,dribbling_frequency,bending_angle,duration
1,0.5222849249839783,0.025789082050323486,0.4487708806991577,1.6666666666666665,8.7670569818844,18
