hand,first_max_height,min_height,second_max_height,dribbling_frequency,bending_angle,duration
1,0.37010103464126587,0.10244894027709961,0.40244174003601074,2.142857142857143,11.81497146658536,14
