hand,first_max_height,min_height,second_max_height,dribbling_frequency,bending_angle,duration
1,0.5030663013458252,0.006173253059387207,0.46167922019958496,1.875,16.75094260479294,16
