hand,first_max_height,min_height,second_max_height,dribbling_frequency,bending_angle,duration
1,0.12126785516738892,-0.059719741344451904,0.677548885345459,1.6666666666666665,41.941432353977596,18
