hand,first_max_height,min_height,second_max_height,dribbling_frequency,bending_angle,duration
1,0.54291170835495,0.03424185514450073,0.6042358875274658,1.5789473684210527,4.610826858101716,19
