hand,first_max_height,min_height,second_max_height,dribbling_frequency,bending_angle,duration
1,0.30432677268981934,-0.02879154682159424,0.3156076669692993,1.6666666666666665,25.214563162154597,18
