hand,first_max_height,min_height,second_max_height,dribbling_frequency,bending_angle,duration
1,0.4162476062774658,-0.005059361457824707,0.3858809471130371,1.6666666666666665,21.96350479040685,18
