hand,first_max_height,min_height,second_max_height,dribbling_frequency,bending_angle,duration
1,0.25519025325775146,0.04268449544906616,0.31210434436798096,2.0,18.546059240181155,15
