hand,first_max_height,min_height,second_max_height,dribbling_frequency,bending_angle,duration
1,0.4325820207595825,0.08772861957550049,0.3814402222633362,2.0,4.369799451279968,15
