hand,first_max_height,min_height,second_max_height,dribbling_frequency,bending_angle,duration
1,0.5220049619674683,0.06486707925796509,0.48590296506881714,1.875,6.994387018944692,16
