hand,first_max_height,min_height,second_max_height,dribbling_frequency,bending_angle,duration
1,-0.12746268510818481,-0.22532141208648682,-0.1082640290260315,3.0,59.73018593470356,10
