hand,first_max_height,min_height,second_max_height,dribbling_frequency,bending_angle,duration
1,0.5429452061653137,0.18816447257995605,0.5298858880996704,1.5789473684210527,9.661133093873719,19
