hand,first_max_height,min_height,second_max_height,dribbling_frequency,bending_angle,duration
1,0.41008317470550537,-0.01223897933959961,0.41268056631088257,1.6666666666666665,18.91437203282161,18
