hand,first_max_height,min_height,second_max_height,dribbling_frequency,bending_angle,duration
1,0.29104095697402954,-0.032285213470458984,0.30797386169433594,2.142857142857143,24.43661354267575,14
