hand,first_max_height,min_height,second_max_height,dribbling_frequency,bending_angle,duration
1,0.4541173577308655,0.0805620551109314,0.4767147898674011,1.7647058823529411,8.798983550823694,17
