hand,first_max_height,min_height,second_max_height,dribbling_frequency,bending_angle,duration
1,0.3053317070007324,0.0852174162864685,0.47375643253326416,2.5,20.11077512017459,12
