hand,first_max_height,min_height,second_max_height,dribbling_frequency,bending_angle,duration
1,0.4846213459968567,0.024068772792816162,0.451491117477417,1.6666666666666665,5.545116862584077,18
