hand,first_max_height,min_height,second_max_height,dribbling_frequency,bending_angle,duration
1,0.43576639890670776,0.05348515510559082,0.4235072731971741,1.875,5.009645245494521,16
