hand,first_max_height,min_height,second_max_height,dribbling_frequency,bending_angle,duration
1,0.010738015174865723,-0.25132936239242554,-0.016007661819458008,2.5,59.21930427384577,12
