hand,first_max_height,min_height,second_max_height,dribbling_frequency,bending_angle,duration
1,0.4235990643501282,0.033460795879364014,0.567773163318634,2.0,21.141626628667147,15
