hand,first_max_height,min_height,second_max_height,dribbling_frequency,bending_angle,duration
1,0.004707455635070801,-0.2468019723892212,0.22410708665847778,2.142857142857143,66.77695610009256,14
