hand,first_max_height,min_height,second_max_height,dribbling_frequency,bending_angle,duration
1,0.4441632032394409,0.018642663955688477,0.4782663583755493,1.6666666666666665,7.421857625612549,18
