hand,first_max_height,min_height,second_max_height,dribbling_frequency,bending_angle,duration
1,0.3491472005844116,-0.016745924949645996,0.31612062454223633,2.142857142857143,12.182988639728464,14
