hand,first_max_height,min_height,second_max_height,dribbling_frequency,bending_angle,duration
1,-0.14921081066131592,-0.33941078186035156,-0.07368916273117065,2.307692307692308,67.01099299687155,13
