hand,first_max_height,min_height,second_max_height,dribbling_frequency,bending_angle,duration
1,0.06508278846740723,-0.35733562707901,-0.04670220613479614,1.7647058823529411,58.37978078121947,17
