hand,first_max_height,min_height,second_max_height,dribbling_frequency,bending_angle,duration
1,0.476909339427948,0.01901799440383911,0.4915965795516968,1.6666666666666665,8.896253647222249,18
