hand,first_max_height,min_height,second_max_height,dribbling_frequency,bending_angle,duration
1,-0.02440720796585083,-0.23216617107391357,0.03608965873718262,2.307692307692308,49.73601638628416,13
