hand,first_max_height,min_height,second_max_height,dribbling_frequency,bending_angle,duration
1,0.4201151132583618,-0.0002675056457519531,0.4150998592376709,1.875,8.103282380398339,16
