hand,first_max_height,min_height,second_max_height,dribbling_frequency,bending_angle,duration
1,0.4264468550682068,0.0024600625038146973,0.42615169286727905,1.7647058823529411,10.343684139769364,17
