hand,first_max_height,min_height,second_max_height,dribbling_frequency,bending_angle,duration
1,0.3846508264541626,-0.007548630237579346,0.45507580041885376,2.0,20.934886801992437,15
