hand,first_max_height,min_height,second_max_height,dribbling_frequency,bending_angle,duration
1,0.0639808177947998,-0.1329922080039978,0.07430189847946167,2.5,46.226477396663675,12
