hand,first_max_height,min_height,second_max_height,dribbling_frequency,bending_angle,duration
1,0.27137380838394165,0.04133957624435425,0.26824408769607544,2.0,24.894745252243396,15
