hand,first_max_height,min_height,second_max_height,dribbling_frequency,bending_angle,duration
1,0.29502516984939575,0.29502516984939575,0.6321114301681519,3.0,13.391939170178283,10
