hand,first_max_height,min_height,second_max_height,dribbling_frequency,bending_angle,duration
1,0.4300418496131897,0.045512497425079346,0.39618170261383057,2.0,12.39558156536554,15
