hand,first_max_height,min_height,second_max_height,dribbling_frequency,bending_angle,duration
1,0.4526582360267639,0.012325406074523926,0.45810866355895996,1.6666666666666665,8.635257139626791,18
