hand,first_max_height,min_height,second_max_height,dribbling_frequency,bending_angle,duration
1,0.48870760202407837,0.010039210319519043,0.5458508133888245,1.4285714285714284,10.03731443680267,21
