hand,first_max_height,min_height,second_max_height,dribbling_frequency,bending_angle,duration
1,0.3263043165206909,-0.010614573955535889,0.4875594973564148,1.7647058823529411,33.621797133257765,17
