hand,first_max_height,min_height,second_max_height,dribbling_frequency,bending_angle,duration
1,0.5122544169425964,0.018930554389953613,0.5086655616760254,1.6666666666666665,4.476401244125461,18
