hand,first_max_height,min_height,second_max_height,dribbling_frequency,bending_angle,duration
1,0.6135227084159851,0.01736241579055786,0.20821964740753174,1.875,8.727570451512983,16
