hand,first_max_height,min_height,second_max_height,dribbling_frequency,bending_angle,duration
1,0.28588366508483887,0.0023210644721984863,0.31827491521835327,2.0,8.126085791651104,15
