hand,first_max_height,min_height,second_max_height,dribbling_frequency,bending_angle,duration
1,0.5082377791404724,0.04355025291442871,0.5003758668899536,1.875,6.032098793743859,16
