hand,first_max_height,min_height,second_max_height,dribbling_frequency,bending_angle,duration
1,0.02594923973083496,-0.1834755539894104,-0.10676199197769165,3.0,58.036316316209096,10
