hand,first_max_height,min_height,second_max_height,dribbling_frequency,bending_angle,duration
1,0.29258114099502563,0.026029884815216064,0.4626566171646118,2.0,9.938211022047337,15
