hand,first_max_height,min_height,second_max_height,dribbling_frequency,bending_angle,duration
1,0.4282050132751465,0.08822011947631836,0.4444618821144104,1.875,4.6775999841255365,16
