hand,first_max_height,min_height,second_max_height,dribbling_frequency,bending_angle,duration
1,0.5981948971748352,0.08207625150680542,0.6019260287284851,1.3636363636363638,4.326725987433502,22
