hand,first_max_height,min_height,second_max_height,dribbling_frequency,bending_angle,duration
1,0.07123357057571411,-0.27150750160217285,0.15436339378356934,1.875,56.11936413135287,16
