hand,first_max_height,min_height,second_max_height,dribbling_frequency,bending_angle,duration
1,0.48170357942581177,0.1257380247116089,0.4669014811515808,1.7647058823529411,0.4511774281983571,17
