hand,first_max_height,min_height,second_max_height,dribbling_frequency,bending_angle,duration
1,0.5017797946929932,0.0635647177696228,0.5012408494949341,1.6666666666666665,4.059060314033193,18
