hand,first_max_height,min_height,second_max_height,dribbling_frequency,bending_angle,duration
1,0.590349018573761,0.05443394184112549,0.5809860825538635,1.5789473684210527,1.5111702511188907,19
