hand,first_max_height,min_height,second_max_height,dribbling_frequency,bending_angle,duration
1,0.47788166999816895,-0.08043617010116577,0.05779826641082764,1.875,18.64380918602517,16
