hand,first_max_height,min_height,second_max_height,dribbling_frequency,bending_angle,duration
1,0.6304168105125427,0.048912882804870605,0.5889168977737427,1.5,10.839287099471335,20
