hand,first_max_height,min_height,second_max_height,dribbling_frequency,bending_angle,duration
1,0.3149445652961731,0.06368440389633179,0.22321033477783203,1.875,5.034650530769885,16
