hand,first_max_height,min_height,second_max_height,dribbling_frequency,bending_angle,duration
1,0.27761954069137573,0.0212019681930542,0.2590230703353882,2.5,20.505259771663155,12
