hand,first_max_height,min_height,second_max_height,dribbling_frequency,bending_angle,duration
1,-0.0027025938034057617,-0.26233553886413574,-0.06463688611984253,2.307692307692308,55.178382329093935,13
