hand,first_max_height,min_height,second_max_height,dribbling_frequency,bending_angle,duration
1,0.04686063528060913,-0.28160619735717773,-0.01133507490158081,2.0,59.92040917167441,15
