hand,first_max_height,min_height,second_max_height,dribbling_frequency,bending_angle,duration
1,0.1702289581298828,-0.08970963954925537,0.2694705128669739,1.875,29.74892278622944,16
