hand,first_max_height,min_height,second_max_height,dribbling_frequency,bending_angle,duration
1,0.6587920784950256,0.007556319236755371,0.568943977355957,1.6666666666666665,5.779344411129961,18
