hand,first_max_height,min_height,second_max_height,dribbling_frequency,bending_angle,duration
1,0.4843611717224121,0.08046168088912964,0.49273931980133057,2.0,4.708038557041314,15
