hand,first_max_height,min_height,second_max_height,dribbling_frequency,bending_angle,duration
1,0.44880741834640503,0.1079099178314209,0.3924126625061035,2.142857142857143,8.228986168310232,14
