hand,first_max_height,min_height,second_max_height,dribbling_frequency,bending_angle,duration
1,-0.02546536922454834,-0.1567462682723999,-0.038749635219573975,3.0,58.81592291876498,10
