hand,first_max_height,min_height,second_max_height,dribbling_frequency,bending_angle,duration
1,0.21103370189666748,-0.07993322610855103,0.12618881464004517,2.307692307692308,29.662016704695052,13
