hand,first_max_height,min_height,second_max_height,dribbling_frequency,bending_angle,duration
1,0.4254964590072632,0.028468072414398193,0.38416510820388794,1.875,5.929031450491696,16
