hand,first_max_height,min_height,second_max_height,dribbling_frequency,bending_angle,duration
1,0.19828486442565918,-0.17952460050582886,0.23850148916244507,1.875,46.46083853103163,16
