hand,first_max_height,min_height,second_max_height,dribbling_frequency,bending_angle,duration
1,0.08641248941421509,-0.18783199787139893,0.05968731641769409,2.307692307692308,53.2921654076925,13
