hand,first_max_height,min_height,second_max_height,dribbling_frequency,bending_angle,duration
1,0.48807668685913086,0.02654123306274414,0.5040758848190308,1.5789473684210527,3.167406275185945,19
