hand,first_max_height,min_height,second_max_height,dribbling_frequency,bending_angle,duration
1,0.05535328388214111,-0.1564563512802124,0.043653011322021484,2.7272727272727275,48.48610844846536,11
