hand,first_max_height,min_height,second_max_height,dribbling_frequency,bending_angle,duration
1,0.37950730323791504,-0.026296615600585938,0.39803749322891235,1.6666666666666665,20.978362767151555,18
