hand,first_max_height,min_height,second_max_height,dribbling_frequency,bending_angle,duration
1,0.22840547561645508,-0.018193185329437256,0.19266986846923828,2.0,31.148157495940193,15
