hand,first_max_height,min_height,second_max_height,dribbling_frequency,bending_angle,duration
1,0.4457904100418091,0.08783918619155884,0.4393081068992615,1.5,9.189080001967906,20
