hand,first_max_height,min_height,second_max_height,dribbling_frequency,bending_angle,duration
1,0.5326250195503235,-0.05259430408477783,0.4818663001060486,1.5789473684210527,8.0442501799547,19
