hand,first_max_height,min_height,second_max_height,dribbling_frequency,bending_angle,duration
1,0.5690540671348572,0.05543452501296997,0.591674268245697,1.3636363636363638,8.223236061604846,22
