hand,first_max_height,min_height,second_max_height,dribbling_frequency,bending_angle,duration
1,0.4707135558128357,0.03756427764892578,0.45410794019699097,1.875,7.361213922360585,16
