hand,first_max_height,min_height,second_max_height,dribbling_frequency,bending_angle,duration
1,0.45728254318237305,0.11968183517456055,0.46426522731781006,2.142857142857143,4.543856974266353,14
