hand,first_max_height,min_height,second_max_height,dribbling_frequency,bending_angle,duration
1,0.4268485903739929,0.09097403287887573,0.4325820207595825,2.142857142857143,6.395341578256147,14
