hand,first_max_height,min_height,second_max_height,dribbling_frequency,bending_angle,duration
1,0.29870039224624634,0.050696492195129395,0.29912620782852173,2.142857142857143,28.448852014269928,14
