hand,first_max_height,min_height,second_max_height,dribbling_frequency,bending_angle,duration
1,0.4226304292678833,0.027414381504058838,0.41115492582321167,1.7647058823529411,5.948469996471572,17
