hand,first_max_height,min_height,second_max_height,dribbling_frequency,bending_angle,duration
1,0.39412033557891846,0.011974573135375977,0.5973453521728516,1.6666666666666665,8.183570348140892,18
