hand,first_max_height,min_height,second_max_height,dribbling_frequency,bending_angle,duration
1,0.5324516892433167,0.05369687080383301,0.5485426187515259,1.3636363636363638,9.779030793016728,22
