hand,first_max_height,min_height,second_max_height,dribbling_frequency,bending_angle,duration
1,0.5314379334449768,0.05860823392868042,0.4994046688079834,1.6666666666666665,4.751224955256242,18
