hand,first_max_height,min_height,second_max_height,dribbling_frequency,bending_angle,duration
1,0.5646417737007141,0.019194722175598145,0.4980943202972412,1.5,5.453634054596796,20
