hand,first_max_height,min_height,second_max_height,dribbling_frequency,bending_angle,duration
1,0.4268004298210144,-0.017664074897766113,0.3517581820487976,1.5789473684210527,1.384685942848145,19
