hand,first_max_height,min_height,second_max_height,dribbling_frequency,bending_angle,duration
1,0.3578343987464905,0.04549282789230347,0.43874651193618774,2.0,10.786920066791053,15
