hand,first_max_height,min_height,second_max_height,dribbling_frequency,bending_angle,duration
1,0.44045066833496094,0.029160618782043457,0.34507495164871216,1.875,11.220591901561853,16
