hand,first_max_height,min_height,second_max_height,dribbling_frequency,bending_angle,duration
1,0.36123591661453247,0.07180267572402954,0.392370343208313,2.307692307692308,12.541910074194934,13
