hand,first_max_height,min_height,second_max_height,dribbling_frequency,bending_angle,duration
1,0.4557642936706543,0.08708351850509644,0.45403218269348145,1.875,1.727896163880118,16
