hand,first_max_height,min_height,second_max_height,dribbling_frequency,bending_angle,duration
1,0.42654097080230713,0.06189531087875366,0.41562604904174805,2.307692307692308,10.854091804087854,13
