hand,first_max_height,min_height,second_max_height,dribbling_frequency,bending_angle,duration
1,0.41669732332229614,0.11148756742477417,0.39179396629333496,2.307692307692308,9.925323930391105,13
