hand,first_max_height,min_height,second_max_height,dribbling_frequency,bending_angle,duration
1,0.4031180143356323,0.09698426723480225,0.4237431287765503,2.0,0.8463757578761778,15
