hand,first_max_height,min_height,second_max_height,dribbling_frequency,bending_angle,duration
1,0.34490668773651123,0.01939249038696289,0.39611077308654785,1.875,20.31657809257919,16
