hand,first_max_height,min_height,second_max_height,dribbling_frequency,bending_angle,duration
1,0.3330124020576477,0.008509397506713867,0.37458574771881104,2.0,11.378703528205964,15
