hand,first_max_height,min_height,second_max_height,dribbling_frequency,bending_angle,duration
1,0.4670572280883789,-0.022746622562408447,0.4125174283981323,1.7647058823529411,16.63408975603097,17
