hand,first_max_height,min_height,second_max_height,dribbling_frequency,bending_angle,duration
1,0.48204970359802246,-0.014504969120025635,0.45366203784942627,1.6666666666666665,7.702576899207971,18
