hand,first_max_height,min_height,second_max_height,dribbling_frequency,bending_angle,duration
1,0.550150990486145,0.049158573150634766,0.5436018705368042,1.4285714285714284,11.790730489695946,21
