hand,first_max_height,min_height,second_max_height,dribbling_frequency,bending_angle,duration
1,0.22929656505584717,-0.08415943384170532,0.18750745058059692,2.0,28.546538839102283,15
