hand,first_max_height,min_height,second_max_height,dribbling_frequency,bending_angle,duration
1,0.4497535824775696,0.0460851788520813,0.4625380039215088,1.875,1.9903748371093428,16
