hand,first_max_height,min_height,second_max_height,dribbling_frequency,bending_angle,duration
1,0.4848112463951111,0.04994243383407593,0.4719846248626709,1.875,4.794733145550982,16
