hand,first_max_height,min_height,second_max_height,dribbling_frequency,bending_angle,duration
1,0.4942585229873657,0.060991644859313965,0.503443717956543,1.6666666666666665,7.904534024665509,18
