hand,first_max_height,min_height,second_max_height,dribbling_frequency,bending_angle,duration
1,0.49005651473999023,0.1524229645729065,0.4553791284561157,1.875,6.9433042044547175,16
