hand,first_max_height,min_height,second_max_height,dribbling_frequency,bending_angle,duration
1,0.4439472556114197,0.08868902921676636,0.42148035764694214,2.0,10.031305471917111,15
