hand,first_max_height,min_height,second_max_height,dribbling_frequency,bending_angle,duration
1,0.35787415504455566,0.04642373323440552,0.33231228590011597,2.0,10.474807558100347,15
