hand,first_max_height,min_height,second_max_height,dribbling_frequency,bending_angle,duration
1,0.4369928240776062,0.007230043411254883,0.45105475187301636,1.6666666666666665,6.660386179221249,18
