hand,first_max_height,min_height,second_max_height,dribbling_frequency,bending_angle,duration
1,0.08998674154281616,-0.05299663543701172,0.24267089366912842,2.5,40.65710398238648,12
