hand,first_max_height,min_height,second_max_height,dribbling_frequency,bending_angle,duration
1,0.18106627464294434,-0.0749671459197998,0.1889471411705017,2.7272727272727275,28.64686500717611,11
