hand,first_max_height,min_height,second_max_height,dribbling_frequency,bending_angle,duration
1,0.49460041522979736,0.03182816505432129,0.4594389796257019,1.875,9.168808046322921,16
