hand,first_max_height,min_height,second_max_height,dribbling_frequency,bending_angle,duration
1,-0.022150516510009766,-0.19317573308944702,0.03207343816757202,2.142857142857143,50.36679179451148,14
