hand,first_max_height,min_height,second_max_height,dribbling_frequency,bending_angle,duration
1,0.32211118936538696,0.059061288833618164,0.39489835500717163,2.0,21.491468100304587,15
