hand,first_max_height,min_height,second_max_height,dribbling_frequency,bending_angle,duration
1,-0.14985376596450806,-0.3234524130821228,-0.1464778184890747,2.5,67.77870967634128,12
