hand,first_max_height,min_height,second_max_height,dribbling_frequency,bending_angle,duration
1,0.5083759427070618,-0.0007952451705932617,0.48121094703674316,1.875,18.162194446935818,16
