hand,first_max_height,min_height,second_max_height,dribbling_frequency,bending_angle,duration
1,0.42905300855636597,0.010184824466705322,0.5268935561180115,1.875,9.362307908585631,16
