hand,first_max_height,min_height,second_max_height,dribbling_frequency,bending_angle,duration
1,0.1581578254699707,-0.10980939865112305,0.16700536012649536,2.307692307692308,40.23955257488435,13
