hand,first_max_height,min_height,second_max_height,dribbling_frequency,bending_angle,duration
1,-0.03269326686859131,-0.32021504640579224,-0.0918847918510437,2.142857142857143,67.5115567319957,14
