hand,first_max_height,min_height,second_max_height,dribbling_frequency,bending_angle,duration
1,0.4155008792877197,0.07030600309371948,0.3793874979019165,1.875,6.367055769142277,16
