hand,first_max_height,min_height,second_max_height,dribbling_frequency,bending_angle,duration
1,0.18944138288497925,-0.1719539761543274,0.195839524269104,1.875,51.21712931880631,16
