hand,first_max_height,min_height,second_max_height,dribbling_frequency,bending_angle,duration
1,0.2650941014289856,-0.28005319833755493,-0.10217481851577759,2.307692307692308,37.7007766968464,13
