hand,first_max_height,min_height,second_max_height,dribbling_frequency,bending_angle,duration
1,0.3949066400527954,0.08263641595840454,0.42617279291152954,2.0,6.955071200888887,15
