hand,first_max_height,min_height,second_max_height,dribbling_frequency,bending_angle,duration
1,0.47078078985214233,-0.0366286039352417,0.48779958486557007,1.7647058823529411,25.66144176718257,17
