hand,first_max_height,min_height,second_max_height,dribbling_frequency,bending_angle,duration
1,0.45467567443847656,0.0569995641708374,0.5286398530006409,1.5789473684210527,9.734372281449664,19
