hand,first_max_height,min_height,second_max_height,dribbling_frequency,bending_angle,duration
1,0.42570674419403076,0.015178442001342773,0.3881872296333313,1.7647058823529411,2.4654562458340292,17
