hand,first_max_height,min_height,second_max_height,dribbling_frequency,bending_angle,duration
1,0.0189703106880188,-0.17159122228622437,0.017856478691101074,2.142857142857143,45.67352039138125,14
