hand,first_max_height,min_height,second_max_height,dribbling_frequency,bending_angle,duration
1,-0.05841153860092163,-0.2930070757865906,0.23252016305923462,1.875,65.86138475589786,16
