hand,first_max_height,min_height,second_max_height,dribbling_frequency,bending_angle,duration
1,0.031447410583496094,-0.12078642845153809,0.19503545761108398,3.0,35.75013929026065,10
