hand,first_max_height,min_height,second_max_height,dribbling_frequency,bending_angle,duration
1,-0.18266147375106812,-0.32594943046569824,-0.12228840589523315,2.7272727272727275,64.02751778581322,11
