hand,first_max_height,min_height,second_max_height,dribbling_frequency,bending_angle,duration
1,0.4903520941734314,0.04415404796600342,0.5183374881744385,1.6666666666666665,5.199748937535052,18
