hand,first_max_height,min_height,second_max_height,dribbling_frequency,bending_angle,duration
1,-0.001429915428161621,-0.19071704149246216,0.00695270299911499,3.0,55.34848889296636,10
