hand,first_max_height,min_height,second_max_height,dribbling_frequency,bending_angle,duration
1,0.37338465452194214,0.008705615997314453,0.32264167070388794,1.7647058823529411,6.03875561859812,17
