hand,first_max_height,min_height,second_max_height,dribbling_frequency,bending_angle,duration
1,0.34792667627334595,-0.0012636780738830566,0.3493198752403259,2.142857142857143,19.24176539412296,14
