hand,first_max_height,min_height,second_max_height,dribbling_frequency,bending_angle,duration
1,0.3794879913330078,0.0444791316986084,0.3801373243331909,2.0,9.790769565706926,15
