hand,first_max_height,min_height,second_max_height,dribbling_frequency,bending_angle,duration
1,0.42679792642593384,0.040180742740631104,0.44764673709869385,1.875,4.401019670923036,16
