hand,first_max_height,min_height,second_max_height,dribbling_frequency,bending_angle,duration
1,-0.20224082469940186,-0.2563832998275757,0.5831533074378967,2.307692307692308,67.16629543693273,13
