hand,first_max_height,min_height,second_max_height,dribbling_frequency,bending_angle,duration
1,0.15444034337997437,-0.005547523498535156,0.3609345555305481,2.5,35.015075142544106,12
