hand,first_max_height,min_height,second_max_height,dribbling_frequency,bending_angle,duration
1,0.12681996822357178,-0.1481153964996338,0.21224582195281982,2.0,38.181774243590965,15
