hand,first_max_height,min_height,second_max_height,dribbling_frequency,bending_angle,duration
1,0.5139654278755188,0.07111459970474243,0.4699578881263733,1.6666666666666665,7.8481852963319305,18
