hand,first_max_height,min_height,second_max_height,dribbling_frequency,bending_angle,duration
1,0.5561594367027283,0.04143166542053223,0.4805935025215149,1.875,17.293337593574737,16
