hand,first_max_height,min_height,second_max_height,dribbling_frequency,bending_angle,duration
1,0.4884779453277588,0.031224846839904785,0.45016342401504517,1.875,15.54176677245572,16
