hand,first_max_height,min_height,second_max_height,dribbling_frequency,bending_angle,duration
1,0.5493847727775574,0.06780290603637695,0.5127436518669128,1.7647058823529411,12.311894833456025,17
