hand,first_max_height,min_height,second_max_height,dribbling_frequency,bending_angle,duration
1,0.4582940936088562,0.03238022327423096,0.42430204153060913,1.875,2.261458802155857,16
