hand,first_max_height,min_height,second_max_height,dribbling_frequency,bending_angle,duration
1,0.41562604904174805,0.05626082420349121,0.3749641180038452,2.307692307692308,9.614485961971774,13
