hand,first_max_height,min_height,second_max_height,dribbling_frequency,bending_angle,duration
1,0.6218344569206238,0.04351365566253662,0.5876858830451965,1.7647058823529411,6.766114385899834,17
