hand,first_max_height,min_height,second_max_height,dribbling_frequency,bending_angle,duration
1,0.2785990238189697,-0.007241964340209961,0.4181019067764282,2.307692307692308,30.380862461585917,13
