hand,first_max_height,min_height,second_max_height,dribbling_frequency,bending_angle,duration
1,0.04633992910385132,-0.18072885274887085,0.08140146732330322,2.307692307692308,53.720295014208475,13
