hand,first_max_height,min_height,second_max_height,dribbling_frequency,bending_angle,duration
1,0.26779282093048096,-0.0036126375198364258,0.21446138620376587,2.142857142857143,29.322706812357254,14
