hand,first_max_height,min_height,second_max_height,dribbling_frequency,bending_angle,duration
1,-0.038749635219573975,-0.17126965522766113,-0.03298729658126831,2.7272727272727275,59.3992796304576,11
