hand,first_max_height,min_height,second_max_height,dribbling_frequency,bending_angle,duration
1,0.5834705233573914,0.0861935019493103,0.5480124950408936,1.875,3.0331375852506,16
