hand,first_max_height,min_height,second_max_height,dribbling_frequency,bending_angle,duration
1,-0.044164836406707764,-0.3367536664009094,-0.1424991488456726,2.5,67.90882836402609,12
