hand,first_max_height,min_height,second_max_height,dribbling_frequency,bending_angle,duration
1,0.36513543128967285,0.037425994873046875,0.39375197887420654,1.875,8.488643645507366,16
