hand,first_max_height,min_height,second_max_height,dribbling_frequency,bending_angle,duration
1,0.4281166195869446,0.07087904214859009,0.5111293196678162,2.0,7.09116730920432,15
