hand,first_max_height,min_height,second_max_height,dribbling_frequency,bending_angle,duration
1,-0.07368916273117065,-0.28588616847991943,8.428096771240234e-05,2.307692307692308,62.41577361597017,13
