hand,first_max_height,min_height,second_max_height,dribbling_frequency,bending_angle,duration
1,0.6365695595741272,0.080616295337677,0.5065244436264038,1.7647058823529411,4.826535275124739,17
