hand,first_max_height,min_height,second_max_height,dribbling_frequency,bending_angle,duration
1,-0.14290601015090942,-0.21442484855651855,-0.1377105712890625,2.307692307692308,55.47053943662738,13
