hand,first_max_height,min_height,second_max_height,dribbling_frequency,bending_angle,duration
1,0.09847313165664673,-0.3403656482696533,0.03572547435760498,1.875,59.22248885968871,16
