hand,first_max_height,min_height,second_max_height,dribbling_frequency,bending_angle,duration
1,-0.0018796324729919434,-0.2268693447113037,-0.0577855110168457,2.142857142857143,46.44710137380374,14
