hand,first_max_height,min_height,second_max_height,dribbling_frequency,bending_angle,duration
1,0.4914972186088562,0.10175979137420654,0.5435755848884583,1.5,3.1050190657940386,20
