hand,first_max_height,min_height,second_max_height,dribbling_frequency,bending_angle,duration
1,0.4093002676963806,0.1146695613861084,0.3671688437461853,2.142857142857143,7.934524159606603,14
