hand,first_max_height,min_height,second_max_height,dribbling_frequency,bending_angle,duration
1,0.5669350624084473,0.06538045406341553,0.5781546831130981,1.4285714285714284,10.139027970505039,21
