hand,first_max_height,min_height,second_max_height,dribbling_frequency,bending_angle,duration
1,0.05817842483520508,-0.1977614164352417,0.04860454797744751,2.7272727272727275,43.493974813287565,11
