hand,first_max_height,min_height,second_max_height,dribbling_frequency,bending_angle,duration
1,0.27848780155181885,-0.018012821674346924,0.2274196743965149,2.307692307692308,25.397246320048207,13
