hand,first_max_height,min_height,second_max_height,dribbling_frequency,bending_angle,duration
1,-0.026230037212371826,-0.34628868103027344,-0.05864948034286499,2.0,64.50345968903629,15
