hand,first_max_height,min_height,second_max_height,dribbling_frequency,bending_angle,duration
1,0.2849627137184143,-0.008356809616088867,0.2845144271850586,2.142857142857143,17.65761840078659,14
