hand,first_max_height,min_height,second_max_height,dribbling_frequency,bending_angle,duration
1,0.37281501293182373,-0.008220255374908447,0.43309181928634644,1.875,23.478094991384612,16
