hand,first_max_height,min_height,second_max_height,dribbling_frequency,bending_angle,duration
1,0.4150136113166809,0.0699458122253418,0.42148059606552124,1.875,6.385543853501355,16
