hand,first_max_height,min_height,second_max_height,dribbling_frequency,bending_angle,duration
1,0.25896984338760376,-0.03980672359466553,0.2637166380882263,2.142857142857143,30.91745287867453,14
