hand,first_max_height,min_height,second_max_height,dribbling_frequency,bending_angle,duration
1,0.34775012731552124,0.06280785799026489,0.3544033169746399,2.142857142857143,5.695821786027898,14
