hand,first_max_height,min_height,second_max_height,dribbling_frequency,bending_angle,duration
1,-0.1589820384979248,-0.2762964963912964,-0.1647963523864746,2.7272727272727275,70.42264498580336,11
