hand,first_max_height,min_height,second_max_height,dribbling_frequency,bending_angle,duration
1,0.45900648832321167,0.0507349967956543,0.4445260763168335,1.7647058823529411,5.250390658916089,17
