hand,first_max_height,min_height,second_max_height,dribbling_frequency,bending_angle,duration
1,0.09286761283874512,-0.07185834646224976,0.2365095615386963,2.7272727272727275,43.86970208541961,11
