hand,first_max_height,min_height,second_max_height,dribbling_frequency,bending_angle,duration
1,0.040055274963378906,-0.20960348844528198,0.06291687488555908,2.142857142857143,54.25830072419504,14
