hand,first_max_height,min_height,second_max_height,dribbling_frequency,bending_angle,duration
1,0.43632447719573975,0.07218199968338013,0.3580493927001953,2.142857142857143,12.335564015729835,14
