hand,first_max_height,min_height,second_max_height,dribbling_frequency,bending_angle,duration
1,0.34507495164871216,0.005150794982910156,0.3986435532569885,1.7647058823529411,11.499363483122343,17
