hand,first_max_height,min_height,second_max_height,dribbling_frequency,bending_angle,duration
1,-0.08451706171035767,-0.11288350820541382,0.39268529415130615,2.142857142857143,36.93955162256091,14
