hand,first_max_height,min_height,second_max_height,dribbling_frequency,bending_angle,duration
1,0.433172345161438,0.06633520126342773,0.4235936999320984,2.142857142857143,5.2837744877037665,14
