hand,first_max_height,min_height,second_max_height,dribbling_frequency,bending_angle,duration
1,-0.02302008867263794,-0.28485357761383057,-0.08207553625106812,2.307692307692308,64.83515242356687,13
