hand,first_max_height,min_height,second_max_height,dribbling_frequency,bending_angle,duration
1,0.004484117031097412,-0.1912716031074524,0.057708799839019775,2.5,59.09642731836601,12
