hand,first_max_height,min_height,second_max_height,dribbling_frequency,bending_angle,duration
1,0.38784927129745483,-0.07673883438110352,0.3309151530265808,2.0,18.34069548136597,15
