hand,first_max_height,min_height,second_max_height,dribbling_frequency,bending_angle,duration
1,0.42179447412490845,0.08443021774291992,0.48941606283187866,1.875,5.817415236075771,16
