hand,first_max_height,min_height,second_max_height,dribbling_frequency,bending_angle,duration
1,0.36299431324005127,-0.08748841285705566,0.4181169271469116,1.3043478260869565,36.51270531466595,23
