hand,first_max_height,min_height,second_max_height,dribbling_frequency,bending_angle,duration
1,0.4824202060699463,0.050853610038757324,0.4634600281715393,1.7647058823529411,3.278563719402317,17
