hand,first_max_height,min_height,second_max_height,dribbling_frequency,bending_angle,duration
1,0.10505521297454834,-0.24565815925598145,-0.08167970180511475,2.5,43.97844833837581,12
