hand,first_max_height,min_height,second_max_height,dribbling_frequency,bending_angle,duration
1,0.4691559076309204,0.03287452459335327,0.42174839973449707,1.7647058823529411,7.202587941453388,17
