hand,first_max_height,min_height,second_max_height,dribbling_frequency,bending_angle,duration
1,0.3506218194961548,-0.018551528453826904,0.4806119203567505,1.875,29.107635329513545,16
