hand,first_max_height,min_height,second_max_height,dribbling_frequency,bending_angle,duration
1,0.3623608350753784,-0.10410934686660767,0.4191893935203552,1.7647058823529411,26.521176534268317,17
