hand,first_max_height,min_height,second_max_height,dribbling_frequency,bending_angle,duration
1,-0.10370838642120361,-0.2232062816619873,0.166046142578125,2.7272727272727275,59.322627736980735,11
