hand,first_max_height,min_height,second_max_height,dribbling_frequency,bending_angle,duration
1,0.54494708776474,-0.013244450092315674,0.5146378874778748,1.6666666666666665,7.176904293242194,18
