hand,first_max_height,min_height,second_max_height,dribbling_frequency,bending_angle,duration
1,0.6445345282554626,0.041082799434661865,0.5476709604263306,1.5789473684210527,7.112755135223374,19
