hand,first_max_height,min_height,second_max_height,dribbling_frequency,bending_angle,duration
1,0.3671688437461853,0.07578200101852417,0.4238671660423279,2.0,7.347539352196829,15
