hand,first_max_height,min_height,second_max_height,dribbling_frequency,bending_angle,duration
1,0.39467310905456543,0.0721282958984375,0.4408194422721863,1.875,4.77287739846691,16
