hand,first_max_height,min_height,second_max_height,dribbling_frequency,bending_angle,duration
1,0.28876829147338867,0.1448148488998413,0.2773142457008362,2.5,9.629477135133287,12
