hand,first_max_height,min_height,second_max_height,dribbling_frequency,bending_angle,duration
1,0.5765242576599121,0.0652359127998352,0.5833653807640076,1.3636363636363638,3.585328498435043,22
