hand,first_max_height,min_height,second_max_height,dribbling_frequency,bending_angle,duration
1,0.5298858880996704,0.14775562286376953,0.5359047055244446,1.3636363636363638,9.779671697960673,22
