hand,first_max_height,min_height,second_max_height,dribbling_frequency,bending_angle,duration
1,0.5415959358215332,0.13714194297790527,0.4385380744934082,1.7647058823529411,2.1708183853301906,17
