hand,first_max_height,min_height,second_max_height,dribbling_frequency,bending_angle,duration
1,0.4655768871307373,-0.0456080436706543,0.4900358319282532,1.5,14.053120001647294,20
