hand,first_max_height,min_height,second_max_height,dribbling_frequency,bending_angle,duration
1,0.6004197001457214,0.1061854362487793,0.6342753171920776,1.3636363636363638,5.355964096849011,22
