hand,first_max_height,min_height,second_max_height,dribbling_frequency,bending_angle,duration
1,0.05988353490829468,-0.1961236596107483,0.0839795470237732,2.0,49.72546636060015,15
