hand,first_max_height,min_height,second_max_height,dribbling_frequency,bending_angle,duration
1,0.0611194372177124,-0.25749266147613525,0.044210851192474365,2.0,56.51862621739256,15
