hand,first_max_height,min_height,second_max_height,dribbling_frequency,bending_angle,duration
1,0.12411618232727051,-0.12918120622634888,0.0639808177947998,2.5,48.52691407850002,12
