hand,first_max_height,min_height,second_max_height,dribbling_frequency,bending_angle,duration
1,-0.16077786684036255,-0.44808727502822876,-0.14067476987838745,1.875,75.09491232945409,16
