hand,first_max_height,min_height,second_max_height,dribbling_frequency,bending_angle,duration
1,0.3725830912590027,0.056401193141937256,0.3681437373161316,2.142857142857143,8.803666779043583,14
