hand,first_max_height,min_height,second_max_height,dribbling_frequency,bending_angle,duration
1,0.3638785481452942,-0.008785665035247803,0.46592235565185547,1.875,8.415274741150553,16
