hand,first_max_height,min_height,second_max_height,dribbling_frequency,bending_angle,duration
0,0.5321773329898554,0.6480671854500593,0.575199789503773,0.6153846153846155,0.17023899016924507,13
