hand,first_max_height,min_height,second_max_height,dribbling_frequency,bending_angle,duration
0,0.542966928986764,0.6046919690977278,0.5327931937897652,0.5238095238095238,0.3329117885915201,14
