hand,first_max_height,min_height,second_max_height,dribbling_frequency,bending_angle,duration
0,0.6632908449134999,0.7038356697217809,0.6192363154170233,0.2592592592592591,0.1874797508316456,18
