hand,first_max_height,min_height,second_max_height,dribbling_frequency,bending_angle,duration
0,0.642569238172058,0.7403464525473985,0.6459170847017595,0.44444444444444453,0.04226903342028678,15
