hand,first_max_height,min_height,second_max_height,dribbling_frequency,bending_angle,duration
0,0.5757320911819657,0.7745640856602563,0.5693212924657077,0.8484848484848487,0.057247784655340445,11
