hand,first_max_height,min_height,second_max_height,dribbling_frequency,bending_angle,duration
0,0.6594792334546187,0.749128501807657,0.6467924966886455,0.44444444444444453,0.024524485087775966,15
