hand,first_max_height,min_height,second_max_height,dribbling_frequency,bending_angle,duration
0,0.7033732299355432,0.6379527700821772,0.7031352042149908,0.2592592592592591,0.13998916007182238,18
