hand,first_max_height,min_height,second_max_height,dribbling_frequency,bending_angle,duration
0,0.652272357470111,0.717974053454284,0.6286918575882263,0.3750000000000001,0.030826777028435753,16
