hand,first_max_height,min_height,second_max_height,dribbling_frequency,bending_angle,duration
0,0.6244998309522147,0.812938959671013,0.6008195346260209,0.7222222222222222,0.11209620662307587,12
