hand,first_max_height,min_height,second_max_height,dribbling_frequency,bending_angle,duration
0,0.5947549229422809,0.7557829323075396,0.5766298525917968,0.6153846153846155,0.09070987129238864,13
