hand,first_max_height,min_height,second_max_height,dribbling_frequency,bending_angle,duration
0,0.6656557749878338,0.6553799319728135,0.6633025432518711,0.16666666666666674,0.11072666191643266,20
