hand,first_max_height,min_height,second_max_height,dribbling_frequency,bending_angle,duration
0,0.6482854629586616,0.7228584379151521,0.636727022080622,0.44444444444444453,0.020738801905967632,15
