hand,first_max_height,min_height,second_max_height,dribbling_frequency,bending_angle,duration
0,0.6706285869865747,0.6693453128696651,0.656139462939092,0.31372549019607854,0.09390672652021743,17
