hand,first_max_height,min_height,second_max_height,dribbling_frequency,bending_angle,duration
0,0.6458559941413329,0.758286300582225,0.646221653570048,0.5238095238095238,0.06339182531965472,14
