hand,first_max_height,min_height,second_max_height,dribbling_frequency,bending_angle,duration
0,0.47977709043547245,0.6900894880157817,0.5494341672180934,0.7222222222222222,0.13736667512587808,12
