hand,first_max_height,min_height,second_max_height,dribbling_frequency,bending_angle,duration
0,0.7195935698743681,0.4201291960461956,0.7384906730130103,0.16666666666666674,0.2536339100132614,20
