hand,first_max_height,min_height,second_max_height,dribbling_frequency,bending_angle,duration
0,0.6413983493682381,0.6994816452828313,0.6102653913880072,0.5238095238095238,0.08792360886978311,14
