hand,first_max_height,min_height,second_max_height,dribbling_frequency,bending_angle,duration
0,0.5332582451473596,0.6026114088329301,0.5225314282216185,0.6153846153846155,0.3217851798417021,13
