hand,first_max_height,min_height,second_max_height,dribbling_frequency,bending_angle,duration
0,0.7263167779119505,0.7199538869850356,0.6859978908158852,0.2105263157894739,0.12399360063977359,19
