hand,first_max_height,min_height,second_max_height,dribbling_frequency,bending_angle,duration
0,0.7617470076306256,0.7427095074757271,0.762524097111873,0.31372549019607854,0.051570364302517734,17
