hand,first_max_height,min_height,second_max_height,dribbling_frequency,bending_angle,duration
0,0.613165208003301,0.7205816688695551,0.6074701822880935,0.3750000000000001,0.284600803340229,16
