hand,first_max_height,min_height,second_max_height,dribbling_frequency,bending_angle,duration
0,0.4972878077669569,0.6498306217461836,0.5122333051173356,0.44444444444444453,0.3370188520921796,15
