hand,first_max_height,min_height,second_max_height,dribbling_frequency,bending_angle,duration
0,0.6293177797778107,0.6304805275896777,0.6235926634763591,0.2105263157894739,0.19940137196597063,19
