hand,first_max_height,min_height,second_max_height,dribbling_frequency,bending_angle,duration
0,0.7030477042664878,0.6657848168027136,0.6896343397922181,0.31372549019607854,0.16336487463378388,17
