hand,first_max_height,min_height,second_max_height,dribbling_frequency,bending_angle,duration
0,0.6383212076843334,0.7270623780834721,0.6466829770613499,0.5238095238095238,0.1530916627610563,14
