hand,first_max_height,min_height,second_max_height,dribbling_frequency,bending_angle,duration
0,0.6311628723864354,0.6831808697947467,0.6110120619354602,0.2105263157894739,0.10832842864966646,19
