hand,first_max_height,min_height,second_max_height,dribbling_frequency,bending_angle,duration
0,0.6747470928376651,0.7124529064799693,0.6523748188797434,0.31372549019607854,0.03371100976599205,17
