hand,first_max_height,min_height,second_max_height,dribbling_frequency,bending_angle,duration
0,0.5882176798893252,0.6327916385602919,0.6522544217928661,0.5238095238095238,0.19180049245596395,14
