hand,first_max_height,min_height,second_max_height,dribbling_frequency,bending_angle,duration
0,0.20381225734314512,0.33695700513124405,0.23604899376669414,0.44444444444444453,0.6580692744606462,15
