hand,first_max_height,min_height,second_max_height,dribbling_frequency,bending_angle,duration
0,0.7743913348167142,0.673911926756577,0.7465313507383449,0.2105263157894739,0.06528476589996648,19
