hand,first_max_height,min_height,second_max_height,dribbling_frequency,bending_angle,duration
0,0.5671552946735167,0.638939848968812,0.5379583480218358,0.6153846153846155,0.3108763073915136,13
