hand,first_max_height,min_height,second_max_height,dribbling_frequency,bending_angle,duration
0,0.6620804578027663,0.777291107517742,0.6489810018214777,0.7222222222222222,0.10511732879215405,12
