hand,first_max_height,min_height,second_max_height,dribbling_frequency,bending_angle,duration
0,0.5447699894348239,0.6022077834464308,0.5889448752450999,0.5238095238095238,0.2808392245910649,14
