hand,first_max_height,min_height,second_max_height,dribbling_frequency,bending_angle,duration
0,0.626463865632225,0.6352160491454503,0.5289539969138313,0.3750000000000001,0.30726131437479254,16
