hand,first_max_height,min_height,second_max_height,dribbling_frequency,bending_angle,duration
0,0.5585573827179753,0.6212161826335186,0.5346476764765374,0.6153846153846155,0.320683122471864,13
