hand,first_max_height,min_height,second_max_height,dribbling_frequency,bending_angle,duration
0,0.6384147118523985,0.6778654151453781,0.6584045573078834,0.3750000000000001,0.05617657258989688,16
