hand,first_max_height,min_height,second_max_height,dribbling_frequency,bending_angle,duration
0,0.5808475939196455,0.5809323142929872,0.5881109863459323,0.16666666666666674,0.20631871660820467,20
