hand,first_max_height,min_height,second_max_height,dribbling_frequency,bending_angle,duration
0,0.8405226793564706,0.7557591516021406,0.8481119722709217,0.31372549019607854,0.04210385542655356,17
