hand,first_max_height,min_height,second_max_height,dribbling_frequency,bending_angle,duration
0,0.26839352933270966,0.37286464891811805,0.252523477494027,0.8484848484848487,0.6992871539090724,11
