hand,first_max_height,min_height,second_max_height,dribbling_frequency,bending_angle,duration
0,0.6760267386148614,0.6287806023013258,0.7796589767414832,0.16666666666666674,0.22898813997431547,20
