hand,first_max_height,min_height,second_max_height,dribbling_frequency,bending_angle,duration
0,0.6543015767773803,0.7377086622189324,0.6337436676980799,0.5238095238095238,0.06732524675673984,14
