hand,first_max_height,min_height,second_max_height,dribbling_frequency,bending_angle,duration
0,0.4531610942173733,0.6067897003250342,0.4060036374920203,1.0,0.355144595741615,10
