hand,first_max_height,min_height,second_max_height,dribbling_frequency,bending_angle,duration
0,0.6731761035740005,0.7036734436408418,0.6604398343000324,0.3750000000000001,0.13052313987992548,16
