hand,first_max_height,min_height,second_max_height,dribbling_frequency,bending_angle,duration
0,0.5989787576118081,0.6744607509515695,0.5769568220731965,0.5238095238095238,0.2265164298093022,14
