hand,first_max_height,min_height,second_max_height,dribbling_frequency,bending_angle,duration
0,0.6639094529881959,0.6730053143051289,0.671683154006326,0.31372549019607854,0.06765674887404288,17
