hand,first_max_height,min_height,second_max_height,dribbling_frequency,bending_angle,duration
0,0.5753091860392613,0.7485560405973282,0.6050083996090572,0.6153846153846155,0.20436138715608437,13
