hand,first_max_height,min_height,second_max_height,dribbling_frequency,bending_angle,duration
0,0.27205748171215965,0.34023170166321975,0.25494676688002305,0.8484848484848487,0.7571577523636324,11
