hand,first_max_height,min_height,second_max_height,dribbling_frequency,bending_angle,duration
0,0.24315167672797022,0.2688333308067831,0.24541930433679096,0.6153846153846155,0.7878812785465918,13
