hand,first_max_height,min_height,second_max_height,dribbling_frequency,bending_angle,duration
0,0.6191240865395482,0.6374030837468077,0.6392465198648364,0.16666666666666674,0.18531372120557565,20
