hand,first_max_height,min_height,second_max_height,dribbling_frequency,bending_angle,duration
0,0.6102186839909387,0.7035044641269496,0.569614636193058,0.5238095238095238,0.16624750874131503,14
