hand,first_max_height,min_height,second_max_height,dribbling_frequency,bending_angle,duration
0,0.6134042348643853,0.6181922971062188,0.6821368893520225,0.31372549019607854,0.2986817785993454,17
