hand,first_max_height,min_height,second_max_height,dribbling_frequency,bending_angle,duration
0,0.6598388916228561,0.6971958237632758,0.6602165732003982,0.16666666666666674,0.08183987516223662,20
