hand,first_max_height,min_height,second_max_height,dribbling_frequency,bending_angle,duration
0,0.7812320937903444,0.7648832550569742,0.7397612993646991,0.12698412698412698,0.01321682506017523,21
