hand,first_max_height,min_height,second_max_height,dribbling_frequency,bending_angle,duration
0,0.6274995658912494,0.7151551418016162,0.6535139223411472,0.16666666666666674,0.06011692409960323,20
