hand,first_max_height,min_height,second_max_height,dribbling_frequency,bending_angle,duration
0,0.6367060001902873,0.8187018651760452,0.6460970843068928,0.6153846153846155,0.0689981865373013,13
