hand,first_max_height,min_height,second_max_height,dribbling_frequency,bending_angle,duration
0,0.4986629450484152,0.5527614464042893,0.46334220376089397,0.6153846153846155,0.35940946832444604,13
