hand,first_max_height,min_height,second_max_height,dribbling_frequency,bending_angle,duration
0,0.4394276571119682,0.4502128660513332,0.3163904565937832,0.7222222222222222,0.5172632943115805,12
