hand,first_max_height,min_height,second_max_height,dribbling_frequency,bending_angle,duration
0,0.5966768260949167,0.752985933389454,0.5857648325523126,0.7222222222222222,0.06027286112722967,12
