hand,first_max_height,min_height,second_max_height,dribbling_frequency,bending_angle,duration
0,0.5609954964477607,0.6424655720405578,0.5689605482239628,0.5238095238095238,0.2686091854520941,14
