hand,first_max_height,min_height,second_max_height,dribbling_frequency,bending_angle,duration
0,0.6478840707302889,0.6777210784772618,0.6521647200028907,0.44444444444444453,0.11696746503063117,15
