hand,first_max_height,min_height,second_max_height,dribbling_frequency,bending_angle,duration
0,0.5422644056411531,0.7548462886329593,0.5462751344129916,0.7222222222222222,0.2311268384190536,12
