hand,first_max_height,min_height,second_max_height,dribbling_frequency,bending_angle,duration
0,0.5985393078952643,0.6615782183682313,0.6015463376673884,0.44444444444444453,0.11865728960905789,15
