hand,first_max_height,min_height,second_max_height,dribbling_frequency,bending_angle,duration
0,0.524666990768078,0.6879084883970634,0.5410378114650658,0.7222222222222222,0.22231248308456444,12
