hand,first_max_height,min_height,second_max_height,dribbling_frequency,bending_angle,duration
0,0.5949458065839951,0.7340334296368083,0.6224387587229216,0.44444444444444453,0.2387421312912709,15
