hand,first_max_height,min_height,second_max_height,dribbling_frequency,bending_angle,duration
0,0.7014756219679148,0.6012601474820437,0.7021298090695414,0.2105263157894739,0.1675464762968541,19
