hand,first_max_height,min_height,second_max_height,dribbling_frequency,bending_angle,duration
0,0.03992056617220918,0.12772024148264594,0.06542198396667426,1.0,0.8649091734828658,10
