hand,first_max_height,min_height,second_max_height,dribbling_frequency,bending_angle,duration
0,0.5370433753514168,0.668308157996133,0.5763614425845837,0.6153846153846155,0.11876068614205693,13
