hand,first_max_height,min_height,second_max_height,dribbling_frequency,bending_angle,duration
0,0.24519689409162462,0.339835404469925,0.24136007483096172,0.8484848484848487,0.7419143173199085,11
