hand,first_max_height,min_height,second_max_height,dribbling_frequency,bending_angle,duration
0,0.6647255525974607,0.7274703141718564,0.6740197217282594,0.44444444444444453,0.09404068304075845,15
