hand,first_max_height,min_height,second_max_height,dribbling_frequency,bending_angle,duration
0,0.6757609820819284,0.719376109242382,0.6487246116554461,0.44444444444444453,0.06080651261609797,15
