hand,first_max_height,min_height,second_max_height,dribbling_frequency,bending_angle,duration
0,0.6857141082735538,0.7065966742791268,0.6638381712159322,0.44444444444444453,0.05708401111691022,15
