hand,first_max_height,min_height,second_max_height,dribbling_frequency,bending_angle,duration
0,0.6865457091051546,0.8134107659923269,0.6922293340995568,0.44444444444444453,0.19262551482290127,15
