hand,first_max_height,min_height,second_max_height,dribbling_frequency,bending_angle,duration
0,0.5676950055011949,0.6014390416102714,0.5561311061693448,0.2592592592592591,0.2834706990761196,18
