hand,first_max_height,min_height,second_max_height,dribbling_frequency,bending_angle,duration
0,0.5571127383530298,0.6200946098480716,0.5739761994727411,0.6153846153846155,0.32184991311858735,13
