hand,first_max_height,min_height,second_max_height,dribbling_frequency,bending_angle,duration
0,0.6683969574876493,0.6809819807632056,0.6636841980437708,0.16666666666666674,0.1879254086802475,20
