hand,first_max_height,min_height,second_max_height,dribbling_frequency,bending_angle,duration
0,0.1750972863172648,0.30013542069971755,0.177131954139339,0.8484848484848487,0.7124989389507179,11
