hand,first_max_height,min_height,second_max_height,dribbling_frequency,bending_angle,duration
0,0.6146269434595399,0.685046541570577,0.6013319176079621,0.2105263157894739,0.1655406537454209,19
