hand,first_max_height,min_height,second_max_height,dribbling_frequency,bending_angle,duration
0,0.6153098915436112,0.5457880958099477,0.5066192942540315,0.5238095238095238,0.3036128733311249,14
