hand,first_max_height,min_height,second_max_height,dribbling_frequency,bending_angle,duration
0,0.548672521524714,0.6102698018018304,0.547176721839145,0.6153846153846155,0.2616590119166875,13
