hand,first_max_height,min_height,second_max_height,dribbling_frequency,bending_angle,duration
0,0.5755612299524355,0.7613942447962824,0.5754343254131107,0.7222222222222222,0.18803721705861973,12
