hand,first_max_height,min_height,second_max_height,dribbling_frequency,bending_angle,duration
0,0.8031314456454854,0.7504749495414385,0.756012323317337,0.12698412698412698,0.0081964144370101,21
