hand,first_max_height,min_height,second_max_height,dribbling_frequency,bending_angle,duration
0,0.3739627160824436,0.3061010728834077,0.3033679520487807,0.6153846153846155,0.6168250509433787,13
