hand,first_max_height,min_height,second_max_height,dribbling_frequency,bending_angle,duration
0,0.6571887788042645,0.7541544928254474,0.6458145187015938,0.5238095238095238,0.19721654241493086,14
