hand,first_max_height,min_height,second_max_height,dribbling_frequency,bending_angle,duration
0,0.6366057887625578,0.6955384307335227,0.6061213772999587,0.3750000000000001,0.09061620628751935,16
