hand,first_max_height,min_height,second_max_height,dribbling_frequency,bending_angle,duration
0,0.6366355491221066,0.7227555558301633,0.6357483983996227,0.44444444444444453,0.06500069534904039,15
