hand,first_max_height,min_height,second_max_height,dribbling_frequency,bending_angle,duration
0,0.6014288947255848,0.6954280049202352,0.6355343260215529,0.44444444444444453,0.09853028082345403,15
