hand,first_max_height,min_height,second_max_height,dribbling_frequency,bending_angle,duration
0,0.5264099342961811,0.6594710035967778,0.5383218240456674,0.7222222222222222,0.3207501639074361,12
