hand,first_max_height,min_height,second_max_height,dribbling_frequency,bending_angle,duration
0,0.7520053340103525,0.7759659977582913,0.7471815148749881,0.16666666666666674,0.008549223092620462,20
