hand,first_max_height,min_height,second_max_height,dribbling_frequency,bending_angle,duration
0,0.4515252184268792,0.7023139201113425,0.6436277023067788,0.6153846153846155,0.49729299532972543,13
