hand,first_max_height,min_height,second_max_height,dribbling_frequency,bending_angle,duration
0,0.47618786189702655,0.5347128968369292,0.3384973782963142,0.8484848484848487,0.2457627030448044,11
