hand,first_max_height,min_height,second_max_height,dribbling_frequency,bending_angle,duration
0,0.5028755015850248,0.6510792883922067,0.5559522986145766,0.3750000000000001,0.3010737653579572,16
