hand,first_max_height,min_height,second_max_height,dribbling_frequency,bending_angle,duration
0,0.7017438626710941,0.7444310581185353,0.6920167517844436,0.44444444444444453,0.11573175567766018,15
