hand,first_max_height,min_height,second_max_height,dribbling_frequency,bending_angle,duration
0,0.6180582781371404,0.6442386355708919,0.6104107221950217,0.3750000000000001,0.08123582670796861,16
