hand,first_max_height,min_height,second_max_height,dribbling_frequency,bending_angle,duration
0,0.16732456603408924,0.22973864142626194,0.10292925268003342,0.6153846153846155,0.7165905840120965,13
