hand,first_max_height,min_height,second_max_height,dribbling_frequency,bending_angle,duration
0,0.15282670006053925,0.29943723068440947,0.2623691678159812,0.7222222222222222,0.698054066980922,12
