hand,first_max_height,min_height,second_max_height,dribbling_frequency,bending_angle,duration
0,0.6935760102685661,0.48399454351355414,0.6585911131900248,0.2592592592592591,0.22267297585345622,18
