hand,first_max_height,min_height,second_max_height,dribbling_frequency,bending_angle,duration
0,0.5938928165000574,0.6014409814261198,0.5653370131265855,0.5238095238095238,0.20399780680588026,14
