hand,first_max_height,min_height,second_max_height,dribbling_frequency,bending_angle,duration
0,0.5558214169756767,0.6752325102790484,0.5444921747481266,0.3750000000000001,0.28368396078897173,16
