hand,first_max_height,min_height,second_max_height,dribbling_frequency,bending_angle,duration
0,0.18959356242185732,0.27238635499046737,0.21806656632748284,1.0,0.7844030549555354,10
