hand,first_max_height,min_height,second_max_height,dribbling_frequency,bending_angle,duration
0,0.5335809885457393,0.603418013000646,0.697975364540798,0.16666666666666674,0.1381420380483642,20
