hand,first_max_height,min_height,second_max_height,dribbling_frequency,bending_angle,duration
0,0.4653688036409986,0.5729042786374476,0.5133751900295913,0.6153846153846155,0.38296414215576957,13
