hand,first_max_height,min_height,second_max_height,dribbling_frequency,bending_angle,duration
0,0.7408329273785121,0.7812648562054028,0.7366653955601835,0.09090909090909105,0.017269065430561746,22
