hand,first_max_height,min_height,second_max_height,dribbling_frequency,bending_angle,duration
0,0.6543018251944048,0.7559464515990442,0.6389901793675701,0.5238095238095238,0.10417594319381493,14
