hand,first_max_height,min_height,second_max_height,dribbling_frequency,bending_angle,duration
0,0.4447797522238912,0.3642251402001906,0.49594627130991803,0.3750000000000001,0.5195244084689371,16
