hand,first_max_height,min_height,second_max_height,dribbling_frequency,bending_angle,duration
0,0.6770678046816174,0.7659305400799363,0.6907550161417277,0.3750000000000001,0.05515473399282191,16
