hand,first_max_height,min_height,second_max_height,dribbling_frequency,bending_angle,duration
0,0.5668735897676033,0.6231445032767443,0.5733637835976602,0.2592592592592591,0.2662800813303312,18
