hand,first_max_height,min_height,second_max_height,dribbling_frequency,bending_angle,duration
0,0.6873494375465936,0.7391223569021199,0.648563933199981,0.44444444444444453,0.06110993876161268,15
