hand,first_max_height,min_height,second_max_height,dribbling_frequency,bending_angle,duration
0,0.20134155129973028,0.37594011917797515,0.398631948365345,0.8484848484848487,0.7687244530305242,11
