hand,first_max_height,min_height,second_max_height,dribbling_frequency,bending_angle,duration
0,0.5420970222499675,0.6368510983704327,0.4169192426854361,1.0,0.2906136132602979,10
