hand,first_max_height,min_height,second_max_height,dribbling_frequency,bending_angle,duration
0,0.10953372372896805,0.2410122045310219,0.12898419552308102,1.0,0.7809131186433448,10
