hand,first_max_height,min_height,second_max_height,dribbling_frequency,bending_angle,duration
0,0.5456669239438985,0.6777705078588766,0.5783983586459848,0.5238095238095238,0.07554228309041651,14
