hand,first_max_height,min_height,second_max_height,dribbling_frequency,bending_angle,duration
0,0.7888371822653097,0.7895202095403449,0.8090587632402959,0.3750000000000001,0.12623559751700572,16
