hand,first_max_height,min_height,second_max_height,dribbling_frequency,bending_angle,duration
0,0.6484603485439905,0.6941722256161018,0.6217450350791862,0.3750000000000001,0.07187138068460541,16
