hand,first_max_height,min_height,second_max_height,dribbling_frequency,bending_angle,duration
0,0.6628326645533001,0.7242731384287794,0.6160478290341498,0.3750000000000001,0.06136322030904945,16
