hand,first_max_height,min_height,second_max_height,dribbling_frequency,bending_angle,duration
0,0.5229019381247842,0.6203755239209111,0.5192905909602101,0.6153846153846155,0.16015936627888488,13
