hand,first_max_height,min_height,second_max_height,dribbling_frequency,bending_angle,duration
0,0.6532298560497867,0.7840294530143195,0.6858067157385789,0.5238095238095238,0.04245194485574103,14
