hand,first_max_height,min_height,second_max_height,dribbling_frequency,bending_angle,duration
0,0.5925098292406215,0.6569176311802264,0.5639850790062422,0.6153846153846155,0.18193981443867993,13
