hand,first_max_height,min_height,second_max_height,dribbling_frequency,bending_angle,duration
0,0.6234817186185331,0.6255824925728405,0.6318748804069263,0.2105263157894739,0.1605397329708607,19
