hand,first_max_height,min_height,second_max_height,dribbling_frequency,bending_angle,duration
0,0.6223274737553623,0.6893736959677766,0.5875165505638584,0.3750000000000001,0.2817409291423606,16
