hand,first_max_height,min_height,second_max_height,dribbling_frequency,bending_angle,duration
0,0.747106997435591,0.7368588073423036,0.7997086678576408,0.09090909090909105,0.005480553883799685,22
