hand,first_max_height,min_height,second_max_height,dribbling_frequency,bending_angle,duration
0,0.642967251928896,0.6548492845707694,0.667923327817203,0.2105263157894739,0.19797323235630224,19
