hand,first_max_height,min_height,second_max_height,dribbling_frequency,bending_angle,duration
0,0.5831055059397752,0.6425588268913368,0.5734201576461773,0.09090909090909105,0.15002572112012993,22
