hand,first_max_height,min_height,second_max_height,dribbling_frequency,bending_angle,duration
0,0.6592817916034548,0.7699231121658281,0.7263974213963851,0.2592592592592591,0.13607863985929136,18
