hand,first_max_height,min_height,second_max_height,dribbling_frequency,bending_angle,duration
0,0.26302960957041494,0.40706525475853006,0.46504484903240895,0.7222222222222222,0.6110670178814755,12
