hand,first_max_height,min_height,second_max_height,dribbling_frequency,bending_angle,duration
0,0.2109093330027731,0.3414085951228576,0.26324676522853657,0.5238095238095238,0.6551109608799041,14
