hand,first_max_height,min_height,second_max_height,dribbling_frequency,bending_angle,duration
0,0.48707265129776767,0.7333659174499153,0.5242916395920157,1.0,0.09017194451106184,10
