hand,first_max_height,min_height,second_max_height,dribbling_frequency,bending_angle,duration
0,0.6595002495349012,0.6536877659478548,0.6648867781871174,0.31372549019607854,0.07207083915242382,17
