hand,first_max_height,min_height,second_max_height,dribbling_frequency,bending_angle,duration
0,0.53664466602691,0.6590096866500509,0.5596077707279864,0.6153846153846155,0.16129526395611826,13
