hand,first_max_height,min_height,second_max_height,dribbling_frequency,bending_angle,duration
0,0.7608239396505616,0.6929590504155984,0.7448504603859933,0.31372549019607854,0.10856633312167988,17
