hand,first_max_height,min_height,second_max_height,dribbling_frequency,bending_angle,duration
0,0.6711411706751651,0.8169710465241842,0.6528544204766438,0.6153846153846155,0.07875305648655832,13
