hand,first_max_height,min_height,second_max_height,dribbling_frequency,bending_angle,duration
0,0.26087399568102165,0.36864641158854616,0.2551539849684933,0.7222222222222222,0.7428631021256632,12
