hand,first_max_height,min_height,second_max_height,dribbling_frequency,bending_angle,duration
0,0.6465788379995572,0.6949408956072296,0.6638617638794087,0.5238095238095238,0.22428799087101145,14
