hand,first_max_height,min_height,second_max_height,dribbling_frequency,bending_angle,duration
0,0.685304319549749,0.8386660188160701,0.710185188749379,0.6153846153846155,0.0927275854610977,13
