hand,first_max_height,min_height,second_max_height,dribbling_frequency,bending_angle,duration
0,0.6055670255216198,0.7211884720049011,0.6055966764642444,0.31372549019607854,0.13194341770432727,17
