hand,first_max_height,min_height,second_max_height,dribbling_frequency,bending_angle,duration
0,0.5635427646181619,0.6078634243195578,0.5510119452138619,0.6153846153846155,0.308239051968888,13
