hand,first_max_height,min_height,second_max_height,dribbling_frequency,bending_angle,duration
0,0.6108974089855915,0.6074562066814875,0.5805830392838955,0.16666666666666674,0.11036793042920114,20
