hand,first_max_height,min_height,second_max_height,dribbling_frequency,bending_angle,duration
0,0.8255042306661377,0.6700102386354273,0.8405696709357384,0.31372549019607854,0.0787343648877557,17
