hand,first_max_height,min_height,second_max_height,dribbling_frequency,bending_angle,duration
0,0.5732944246028245,0.6369856641142763,0.5604471231913274,0.16666666666666674,0.1197136335526568,20
