hand,first_max_height,min_height,second_max_height,dribbling_frequency,bending_angle,duration
0,0.6267635559307204,0.7820287844244571,0.6664239768017064,0.5238095238095238,0.04878410946096721,14
