hand,first_max_height,min_height,second_max_height,dribbling_frequency,bending_angle,duration
0,0.5499843124648955,0.5812385178168854,0.5475022012575883,0.6153846153846155,0.31945430430535776,13
