hand,first_max_height,min_height,second_max_height,dribbling_frequency,bending_angle,duration
0,0.2467401600153422,0.18823908330912764,0.21448688874978875,0.6153846153846155,0.7763702337465552,13
