hand,first_max_height,min_height,second_max_height,dribbling_frequency,bending_angle,duration
0,0.750886364364677,0.42069346692294274,0.6662290765670091,0.3750000000000001,0.5498506349731898,16
