hand,first_max_height,min_height,second_max_height,dribbling_frequency,bending_angle,duration
0,0.8195197651763548,0.8380026736409991,0.788899403490547,0.31372549019607854,0.11422595427469032,17
