hand,first_max_height,min_height,second_max_height,dribbling_frequency,bending_angle,duration
0,0.575074581001215,0.6366904528801848,0.531288577885156,0.6153846153846155,0.1794733456857607,13
