hand,first_max_height,min_height,second_max_height,dribbling_frequency,bending_angle,duration
0,0.5288151576119074,0.6106061083938923,0.4974359369161979,0.44444444444444453,0.3487327240512032,15
