hand,first_max_height,min_height,second_max_height,dribbling_frequency,bending_angle,duration
0,0.5274241713242788,0.7499603954264316,0.5020666552345725,1.0,0.11837747202107886,10
