hand,first_max_height,min_height,second_max_height,dribbling_frequency,bending_angle,duration
0,0.5286679456831207,0.7498145500126556,0.575857105942607,0.8484848484848487,0.13276378155879845,11
