hand,first_max_height,min_height,second_max_height,dribbling_frequency,bending_angle,duration
0,0.5575333083757028,0.6000850501481912,0.5351718806245995,0.6153846153846155,0.316806949767512,13
