hand,first_max_height,min_height,second_max_height,dribbling_frequency,bending_angle,duration
0,0.5578528720361675,0.6837486610780333,0.5458007977052037,0.5238095238095238,0.0825784520412822,14
