hand,first_max_height,min_height,second_max_height,dribbling_frequency,bending_angle,duration
0,0.5428851501022608,0.6317874605561798,0.5078516756565061,0.7222222222222222,0.15310873401233122,12
