hand,first_max_height,min_height,second_max_height,dribbling_frequency,bending_angle,duration
0,0.5684121854512582,0.6109277585995451,0.5241379644324455,0.3750000000000001,0.2113438721420428,16
