hand,first_max_height,min_height,second_max_height,dribbling_frequency,bending_angle,duration
0,0.49579770308650695,0.46646945684509655,0.5471986754333693,0.3750000000000001,0.48720398095614464,16
