hand,first_max_height,min_height,second_max_height,dribbling_frequency,bending_angle,duration
0,0.7168838369698687,0.6984536865733204,0.669317579725508,0.2592592592592591,0.031894409942417046,18
