hand,first_max_height,min_height,second_max_height,dribbling_frequency,bending_angle,duration
0,0.5673186537089034,0.6371100278636587,0.5586874581773474,0.7222222222222222,0.32020824277106436,12
