hand,first_max_height,min_height,second_max_height,dribbling_frequency,bending_angle,duration
0,0.7795940319300338,0.6695377138637992,0.6745813264565272,0.2105263157894739,0.060571294226237034,19
