hand,first_max_height,min_height,second_max_height,dribbling_frequency,bending_angle,duration
0,0.32868190671990405,0.3843734326557366,0.36424814962119484,0.6153846153846155,0.6550691126823054,13
