hand,first_max_height,min_height,second_max_height,dribbling_frequency,bending_angle,duration
0,0.8207483364132904,0.7092109712823197,0.7580039414648635,0.16666666666666674,0.04420993907144063,20
