hand,first_max_height,min_height,second_max_height,dribbling_frequency,bending_angle,duration
0,0.7670026672535932,0.802484070699247,0.7549903884730716,0.12698412698412698,0.03257854049604755,21
