hand,first_max_height,min_height,second_max_height,dribbling_frequency,bending_angle,duration
0,0.5735143233530137,0.6839058580067732,0.5728753906293169,0.7222222222222222,0.31844874733550727,12
