hand,first_max_height,min_height,second_max_height,dribbling_frequency,bending_angle,duration
0,0.6253234327556229,0.5803986493996236,0.608250528258361,0.16666666666666674,0.21307812639387638,20
