hand,first_max_height,min_height,second_max_height,dribbling_frequency,bending_angle,duration
0,0.43533573188251157,0.44996888032464194,0.43959283533028665,0.44444444444444453,0.3014121393107223,15
