hand,first_max_height,min_height,second_max_height,dribbling_frequency,bending_angle,duration
0,0.7579326139010689,0.7089013191969133,0.7618172112453561,0.2592592592592591,0.06562939686474069,18
