hand,first_max_height,min_height,second_max_height,dribbling_frequency,bending_angle,duration
0,0.7265963464314521,0.48698293759533395,0.7454076942629224,0.2105263157894739,0.25857179355913673,19
