hand,first_max_height,min_height,second_max_height,dribbling_frequency,bending_angle,duration
0,0.5946141201727293,0.6422650525578736,0.5950651598322239,0.31372549019607854,0.22600587380512854,17
