hand,first_max_height,min_height,second_max_height,dribbling_frequency,bending_angle,duration
0,0.5707744823051311,0.7317448061610277,0.5854103962437499,0.6153846153846155,0.10093155478119305,13
