hand,first_max_height,min_height,second_max_height,dribbling_frequency,bending_angle,duration
0,0.7767327646405193,0.5354391782595211,0.7753084399276773,0.12698412698412698,0.16918019035970489,21
