hand,first_max_height,min_height,second_max_height,dribbling_frequency,bending_angle,duration
0,0.5614780713597776,0.6081382315647267,0.5063714471156168,0.44444444444444453,0.10095134496731882,15
