hand,first_max_height,min_height,second_max_height,dribbling_frequency,bending_angle,duration
0,0.6354269009305452,0.6410886620134557,0.6853479253543029,0.3750000000000001,0.11104126593791823,16
