hand,first_max_height,min_height,second_max_height,dribbling_frequency,bending_angle,duration
0,0.6563423723179966,0.6913451954748838,0.6429734156626229,0.44444444444444453,0.11387304558631366,15
