hand,first_max_height,min_height,second_max_height,dribbling_frequency,bending_angle,duration
0,0.5609206732399467,0.5798306425812426,0.5397035097563734,0.6153846153846155,0.3710236284585306,13
