hand,first_max_height,min_height,second_max_height,dribbling_frequency,bending_angle,duration
0,0.6122414941389729,0.6957595697402235,0.6253844145126668,0.44444444444444453,0.0666856476809105,15
