hand,first_max_height,min_height,second_max_height,dribbling_frequency,bending_angle,duration
0,0.5561387448829198,0.7862019749193306,0.5756853016837338,0.8484848484848487,0.21301109537649188,11
