hand,first_max_height,min_height,second_max_height,dribbling_frequency,bending_angle,duration
0,0.6615091980129619,0.7416973546731278,0.6823960609689059,0.2105263157894739,0.0695901152154045,19
