hand,first_max_height,min_height,second_max_height,dribbling_frequency,bending_angle,duration
0,0.5955779782282351,0.6425576773708341,0.5959418135382402,0.31372549019607854,0.27239905235081835,17
