hand,first_max_height,min_height,second_max_height,dribbling_frequency,bending_angle,duration
0,0.6422207587699282,0.703807937539654,0.5931347336034403,0.6153846153846155,0.068731513795778,13
