hand,first_max_height,min_height,second_max_height,dribbling_frequency,bending_angle,duration
0,0.19138529505359475,0.2830332857312104,0.17534035210932689,0.7222222222222222,0.720981949210458,12
