hand,first_max_height,min_height,second_max_height,dribbling_frequency,bending_angle,duration
0,0.6414121116714018,0.5619009246958461,0.6690735074132494,0.2105263157894739,0.21513567758797905,19
