hand,first_max_height,min_height,second_max_height,dribbling_frequency,bending_angle,duration
0,0.657018066624949,0.6506550434816908,0.6326630243733322,0.44444444444444453,0.20273257668147884,15
