hand,first_max_height,min_height,second_max_height,dribbling_frequency,bending_angle,duration
0,0.6411149552265575,0.7197320295280206,0.6419030041035092,0.6153846153846155,0.08134871593647816,13
