hand,first_max_height,min_height,second_max_height,dribbling_frequency,bending_angle,duration
0,0.6751892254580747,0.6317761808862474,0.6632296295045379,0.31372549019607854,0.14175903413019258,17
