hand,first_max_height,min_height,second_max_height,dribbling_frequency,bending_angle,duration
0,0.7858042091283817,0.7943218285250209,0.7640336302242383,0.09090909090909105,0.008804889762155564,22
