hand,first_max_height,min_height,second_max_height,dribbling_frequency,bending_angle,duration
0,0.5019198909747361,0.6959447143861844,0.5190850616097572,0.8484848484848487,0.1241094388975799,11
