hand,first_max_height,min_height,second_max_height,dribbling_frequency,bending_angle,duration
0,0.5614817976151467,0.6647488114496841,0.5678223884690982,0.31372549019607854,0.2659599660957269,17
