hand,first_max_height,min_height,second_max_height,dribbling_frequency,bending_angle,duration
0,0.5604738206960694,0.6845499487134243,0.6172088364210129,0.3750000000000001,0.28117815307500965,16
