hand,first_max_height,min_height,second_max_height,dribbling_frequency,bending_angle,duration
0,0.6869997160593408,0.44885657554824776,0.6881079689684455,0.16666666666666674,0.18479431025768508,20
