hand,first_max_height,min_height,second_max_height,dribbling_frequency,bending_angle,duration
0,0.5853962090071541,0.7049373414335254,0.5579831550866217,0.5238095238095238,0.07737654927189129,14
