hand,first_max_height,min_height,second_max_height,dribbling_frequency,bending_angle,duration
0,0.5846401269510362,0.7492120575791946,0.5855183761393238,0.5238095238095238,0.08200230869631699,14
