hand,first_max_height,min_height,second_max_height,dribbling_frequency,bending_angle,duration
0,0.6385546203206616,0.7469303312264299,0.6253638516438684,0.44444444444444453,0.03787305930322659,15
