hand,first_max_height,min_height,second_max_height,dribbling_frequency,bending_angle,duration
0,0.602875625793537,0.7343533555617071,0.6533320353229357,0.5238095238095238,0.060585340096689415,14
