hand,first_max_height,min_height,second_max_height,dribbling_frequency,bending_angle,duration
0,0.7122305886315923,0.8023423922972931,0.7409092935350763,0.09090909090909105,0.01690401670839057,22
