hand,first_max_height,min_height,second_max_height,dribbling_frequency,bending_angle,duration
0,0.6284185598321097,0.6960732451473891,0.6366967738026071,0.2105263157894739,0.1962631600167942,19
