hand,first_max_height,min_height,second_max_height,dribbling_frequency,bending_angle,duration
0,0.5440312468870241,0.7576749712098998,0.5533917247615309,0.8484848484848487,0.11100085837825778,11
