hand,first_max_height,min_height,second_max_height,dribbling_frequency,bending_angle,duration
0,0.7448722875655602,0.7358875343625805,0.717903863869835,0.09090909090909105,0.015472039754007032,22
