hand,first_max_height,min_height,second_max_height,dribbling_frequency,bending_angle,duration
0,0.3270927333300377,0.46719351107171464,0.3296754108941732,0.8484848484848487,0.6401312555870365,11
