hand,first_max_height,min_height,second_max_height,dribbling_frequency,bending_angle,duration
0,0.5764428619727937,0.6914837126954554,0.5808001911254085,0.3750000000000001,0.26520509569543504,16
