hand,first_max_height,min_height,second_max_height,dribbling_frequency,bending_angle,duration
0,0.6279347428349698,0.7388563147507836,0.6384277799390589,0.5238095238095238,0.13773170127388848,14
