hand,first_max_height,min_height,second_max_height,dribbling_frequency,bending_angle,duration
0,0.7364967585304543,0.6941485886007657,0.7171613654986602,0.3750000000000001,0.0893711730206379,16
