hand,first_max_height,min_height,second_max_height,dribbling_frequency,bending_angle,duration
0,0.24208611674258707,0.31274063146178716,0.22167232000691386,0.5238095238095238,0.6928540245484565,14
