hand,first_max_height,min_height,second_max_height,dribbling_frequency,bending_angle,duration
0,0.34694771243940786,0.4703730847820945,0.32084266536998074,1.0,0.6698585960392027,10
