hand,first_max_height,min_height,second_max_height,dribbling_frequency,bending_angle,duration
0,0.18532312471851242,0.28405046768600883,0.151445851546766,0.5238095238095238,0.6967661452048614,14
