hand,first_max_height,min_height,second_max_height,dribbling_frequency,bending_angle,duration
0,0.6090085949806345,0.736907661963667,0.5694148684193697,0.7222222222222222,0.08683609310668673,12
