hand,first_max_height,min_height,second_max_height,dribbling_frequency,bending_angle,duration
0,0.48055056168331345,0.6435257173241434,0.44626454254880976,1.0,0.4034683741718244,10
