hand,first_max_height,min_height,second_max_height,dribbling_frequency,bending_angle,duration
0,0.4483122423139151,0.6349405234499669,0.5195043653256887,0.6153846153846155,0.11780089724559907,13
