hand,first_max_height,min_height,second_max_height,dribbling_frequency,bending_angle,duration
0,0.6644519957699548,0.7262851585336056,0.6052209322554052,0.5238095238095238,0.05516260027048148,14
