hand,first_max_height,min_height,second_max_height,dribbling_frequency,bending_angle,duration
0,0.7772185192904514,0.5729173544331655,0.6355915444390788,0.2592592592592591,0.11808830984734527,18
