hand,first_max_height,min_height,second_max_height,dribbling_frequency,bending_angle,duration
0,0.6486210743589162,0.7342279859818849,0.6544034402573538,0.44444444444444453,0.07678836240919724,15
