hand,first_max_height,min_height,second_max_height,dribbling_frequency,bending_angle,duration
0,0.6748106875959665,0.6303082432043402,0.6593554161491284,0.12698412698412698,0.17771858094440712,21
