hand,first_max_height,min_height,second_max_height,dribbling_frequency,bending_angle,duration
0,0.5419308312605002,0.6994017536078959,0.5777253965461084,0.6153846153846155,0.2947291539081433,13
