hand,first_max_height,min_height,second_max_height,dribbling_frequency,bending_angle,duration
0,0.7178207169365013,0.736821807151124,0.7183476046182514,0.12698412698412698,0.00834767065016798,21
