hand,first_max_height,min_height,second_max_height,dribbling_frequency,bending_angle,duration
0,0.5131496819392625,0.7155913129873473,0.7106665287530619,0.5238095238095238,0.3824718689987958,14
