hand,first_max_height,min_height,second_max_height,dribbling_frequency,bending_angle,duration
0,0.46290097923506923,0.6225739818822639,0.414091152862951,1.0,0.3950600334914336,10
