hand,first_max_height,min_height,second_max_height,dribbling_frequency,bending_angle,duration
0,0.4955923118905553,0.47728737876061156,0.48350285489853845,0.6153846153846155,0.43512042052677735,13
