hand,first_max_height,min_height,second_max_height,dribbling_frequency,bending_angle,duration
0,0.5773184823011563,0.7322999527187849,0.5850068375263912,0.6153846153846155,0.042075658841953086,13
