hand,first_max_height,min_height,second_max_height,dribbling_frequency,bending_angle,duration
0,0.5828777572116083,0.6678320409729341,0.5736399916010118,0.6153846153846155,0.31597062468538456,13
