hand,first_max_height,min_height,second_max_height,dribbling_frequency,bending_angle,duration
0,0.20993886705441256,0.34213631344607787,0.20404686198329117,0.6153846153846155,0.6682046964768249,13
