hand,first_max_height,min_height,second_max_height,dribbling_frequency,bending_angle,duration
0,0.24942723728719662,0.3524707183001582,0.22874023496554413,0.8484848484848487,0.6998578810945656,11
