hand,first_max_height,min_height,second_max_height,dribbling_frequency,bending_angle,duration
0,0.6515544322689739,0.6811113018197557,0.642203003445398,0.2105263157894739,0.11038072498031534,19
