hand,first_max_height,min_height,second_max_height,dribbling_frequency,bending_angle,duration
0,0.7639640798919087,0.7582078458079179,0.7812965559305685,0.05797101449275355,0.00725876729132979,23
