hand,first_max_height,min_height,second_max_height,dribbling_frequency,bending_angle,duration
0,0.2590561295782947,0.40106755969082797,0.2736503847901327,0.8484848484848487,0.7097159389535799,11
