hand,first_max_height,min_height,second_max_height,dribbling_frequency,bending_angle,duration
0,0.4257815137490128,0.35665777488609524,0.4469806668056564,0.3750000000000001,0.6019178218854259,16
