hand,first_max_height,min_height,second_max_height,dribbling_frequency,bending_angle,duration
0,0.6827585915649005,0.6807086104186647,0.6642548921560727,0.2105263157894739,0.18912278615017425,19
