hand,first_max_height,min_height,second_max_height,dribbling_frequency,bending_angle,duration
0,0.6885878460977038,0.6816691066436753,0.6443138762982017,0.2105263157894739,0.04795748134579202,19
