hand,first_max_height,min_height,second_max_height,dribbling_frequency,bending_angle,duration
0,0.7413023361882245,0.8904500494904499,0.7942076534351974,0.44444444444444453,0.05856957726082327,15
