hand,first_max_height,min_height,second_max_height,dribbling_frequency,bending_angle,duration
0,0.6185487030271353,0.6657435777546804,0.5981741761907559,0.5238095238095238,0.17521264160765943,14
