hand,first_max_height,min_height,second_max_height,dribbling_frequency,bending_angle,duration
0,0.6362285923523825,0.7411316468957523,0.6218759619442887,0.6153846153846155,0.17660518334476963,13
