hand,first_max_height,min_height,second_max_height,dribbling_frequency,bending_angle,duration
0,0.4801217938988281,0.48122664183319225,0.4957409406345259,0.7222222222222222,0.45544680032575413,12
