hand,first_max_height,min_height,second_max_height,dribbling_frequency,bending_angle,duration
0,0.7293270457328289,0.7458382149038638,0.7159715502279733,0.31372549019607854,0.029102904858759028,17
