hand,first_max_height,min_height,second_max_height,dribbling_frequency,bending_angle,duration
0,0.3031626219820747,0.2227839705400887,0.23044595970050236,0.6153846153846155,0.7585407669939629,13
