hand,first_max_height,min_height,second_max_height,dribbling_frequency,bending_angle,duration
0,0.5603175663875867,0.649471252899037,0.5804612514715923,0.2105263157894739,0.13116074126565958,19
