hand,first_max_height,min_height,second_max_height,dribbling_frequency,bending_angle,duration
0,0.6880160397904453,0.46047176177739446,0.646888506411803,0.2592592592592591,0.251392954674915,18
