hand,first_max_height,min_height,second_max_height,dribbling_frequency,bending_angle,duration
0,0.5698270694566547,0.5831179838387477,0.5175728463840704,0.7222222222222222,0.3249386737816841,12
