hand,first_max_height,min_height,second_max_height,dribbling_frequency,bending_angle,duration
0,0.7400930917958042,0.7016975615868183,0.7234475437615968,0.2105263157894739,0.1459483142287732,19
