hand,first_max_height,min_height,second_max_height,dribbling_frequency,bending_angle,duration
0,0.6985296941564116,0.6975810568217324,0.6942361012204733,0.31372549019607854,0.0581682195118217,17
