hand,first_max_height,min_height,second_max_height,dribbling_frequency,bending_angle,duration
0,0.8821578198325718,0.7187245466524633,0.8689422577011731,0.12698412698412698,0.08071807109293803,21
