hand,first_max_height,min_height,second_max_height,dribbling_frequency,bending_angle,duration
0,0.6719705854369493,0.5339871183295571,0.7765101757020152,0.05797101449275355,0.19259950182308874,23
