hand,first_max_height,min_height,second_max_height,dribbling_frequency,bending_angle,duration
0,0.5409025338288093,0.7145709698511666,0.5475801812189733,0.7222222222222222,0.24496353123420303,12
