hand,first_max_height,min_height,second_max_height,dribbling_frequency,bending_angle,duration
0,0.5062259516794108,0.5981153467668695,0.435502115827312,0.5238095238095238,0.18329755794071725,14
