hand,first_max_height,min_height,second_max_height,dribbling_frequency,bending_angle,duration
0,0.5977596759052128,0.6454820575296215,0.588776398793496,0.3750000000000001,0.22707963872521922,16
