hand,first_max_height,min_height,second_max_height,dribbling_frequency,bending_angle,duration
0,0.4433434546709728,0.6216780024954655,0.571726055402279,0.7222222222222222,0.31245573107266233,12
