hand,first_max_height,min_height,second_max_height,dribbling_frequency,bending_angle,duration
0,0.6484966671129893,0.658291882941166,0.6563695286595603,0.2592592592592591,0.19570612789040798,18
