hand,first_max_height,min_height,second_max_height,dribbling_frequency,bending_angle,duration
0,0.598055739315149,0.6888311941355487,0.6223358450413995,0.5238095238095238,0.16457056694279518,14
