hand,first_max_height,min_height,second_max_height,dribbling_frequency,bending_angle,duration
0,0.6823024482243026,0.6656060663645487,0.684109236018646,0.12698412698412698,0.08387653623909973,21
