hand,first_max_height,min_height,second_max_height,dribbling_frequency,bending_angle,duration
0,0.6245341621850165,0.7041845491943406,0.640169812541388,0.5238095238095238,0.10831532023626204,14
