hand,first_max_height,min_height,second_max_height,dribbling_frequency,bending_angle,duration
0,0.7275428152952348,0.7769909389764827,0.7393898266696683,0.09090909090909105,0.0024225366830446975,22
