hand,first_max_height,min_height,second_max_height,dribbling_frequency,bending_angle,duration
0,0.6868669123179817,0.7378162142309633,0.7310204410561516,0.02777777777777779,0.010205940633714343,24
