hand,first_max_height,min_height,second_max_height,dribbling_frequency,bending_angle,duration
0,0.6204832257646213,0.7309619108536792,0.5731468800999733,0.7222222222222222,0.14963502029605194,12
