hand,first_max_height,min_height,second_max_height,dribbling_frequency,bending_angle,duration
0,0.6198732626023818,0.762622148228226,0.6308138562444379,0.6153846153846155,0.14931303941772267,13
