hand,first_max_height,min_height,second_max_height,dribbling_frequency,bending_angle,duration
0,0.6307050398100702,0.7660981545382316,0.6183844960936137,0.5238095238095238,0.14317191584473418,14
