hand,first_max_height,min_height,second_max_height,dribbling_frequency,bending_angle,duration
0,0.5493013643808242,0.7784042744345132,0.562331258130932,1.0,0.15065550208066852,10
