hand,first_max_height,min_height,second_max_height,dribbling_frequency,bending_angle,duration
0,0.600283145724656,0.690888907680356,0.6228215558964212,0.5238095238095238,0.07532946008824024,14
