hand,first_max_height,min_height,second_max_height,dribbling_frequency,bending_angle,duration
0,0.5614143275512614,0.6210139388700805,0.4988106689997741,0.6153846153846155,0.18103242310898288,13
