hand,first_max_height,min_height,second_max_height,dribbling_frequency,bending_angle,duration
0,0.47339073588326774,0.33894890862727356,0.6135181491530668,0.2592592592592591,0.6695773155690941,18
