hand,first_max_height,min_height,second_max_height,dribbling_frequency,bending_angle,duration
0,0.316188964868616,0.3322048155281828,0.27455798213687693,0.7222222222222222,0.6793735830476482,12
