hand,first_max_height,min_height,second_max_height,dribbling_frequency,bending_angle,duration
0,0.5642965612376534,0.7504691300938935,0.5393383449945246,0.7222222222222222,0.15994606152665114,12
