hand,first_max_height,min_height,second_max_height,dribbling_frequency,bending_angle,duration
0,0.5642282962392892,0.6467015550928896,0.5830006664306573,0.6153846153846155,0.32803444456096753,13
