hand,first_max_height,min_height,second_max_height,dribbling_frequency,bending_angle,duration
0,0.6130736414880278,0.6918935167546565,0.5942689695258532,0.5238095238095238,0.19196457599115152,14
