hand,first_max_height,min_height,second_max_height,dribbling_frequency,bending_angle,duration
0,0.6398834526687316,0.7456389167867138,0.591755084312108,0.5238095238095238,0.061647660885930815,14
