hand,first_max_height,min_height,second_max_height,dribbling_frequency,bending_angle,duration
0,0.6447400551833578,0.7590944134956007,0.6260626415016557,0.5238095238095238,0.0892081173279292,14
