hand,first_max_height,min_height,second_max_height,dribbling_frequency,bending_angle,duration
0,0.5856427380623819,0.741486202125794,0.5732519295383995,0.6153846153846155,0.06541822286892558,13
