hand,first_max_height,min_height,second_max_height,dribbling_frequency,bending_angle,duration
0,0.6260972021038934,0.6703243451127814,0.6290342740556074,0.2105263157894739,0.056296889630336924,19
