hand,first_max_height,min_height,second_max_height,dribbling_frequency,bending_angle,duration
0,0.3093642039513709,0.4416214216594235,0.4310575560409573,0.7222222222222222,0.6841139926332662,12
