hand,first_max_height,min_height,second_max_height,dribbling_frequency,bending_angle,duration
0,0.6913345434554659,0.5904317361919419,0.6393376123802377,0.3750000000000001,0.23660475067449444,16
