hand,first_max_height,min_height,second_max_height,dribbling_frequency,bending_angle,duration
0,0.6322332019786912,0.6744986132831261,0.6569359015892887,0.3750000000000001,0.10646804592174319,16
