hand,first_max_height,min_height,second_max_height,dribbling_frequency,bending_angle,duration
0,0.6367068944915759,0.6973704790346499,0.6246447969298743,0.44444444444444453,0.10702253860753477,15
