hand,first_max_height,min_height,second_max_height,dribbling_frequency,bending_angle,duration
0,0.6057464322967967,0.6415853985606711,0.588339015647027,0.44444444444444453,0.21558567923836508,15
