hand,first_max_height,min_height,second_max_height,dribbling_frequency,bending_angle,duration
0,0.5890629933406848,0.7463195766143561,0.54239928198833,0.5238095238095238,0.10979428844224798,14
