hand,first_max_height,min_height,second_max_height,dribbling_frequency,bending_angle,duration
0,0.6289249330950848,0.7191195506351927,0.693260507334152,0.2105263157894739,0.05967147967645477,19
