hand,first_max_height,min_height,second_max_height,dribbling_frequency,bending_angle,duration
0,0.7549181726741769,0.7807582768888832,0.708912674984612,0.12698412698412698,0.035986815016133544,21
