hand,first_max_height,min_height,second_max_height,dribbling_frequency,bending_angle,duration
0,0.4853736775830215,0.2957348406804099,0.38255784455439723,0.44444444444444453,0.4983387843469397,15
