hand,first_max_height,min_height,second_max_height,dribbling_frequency,bending_angle,duration
0,0.6710078700997567,0.7338578403800258,0.6393634401381487,0.44444444444444453,0.07132697306156262,15
