hand,first_max_height,min_height,second_max_height,dribbling_frequency,bending_angle,duration
0,0.5967265591832445,0.6700930759566508,0.5926299002738115,0.5238095238095238,0.1652889190381475,14
