hand,first_max_height,min_height,second_max_height,dribbling_frequency,bending_angle,duration
0,0.5475099298495163,0.6949923366497239,0.5231441421092908,0.7222222222222222,0.13063428360530338,12
