hand,first_max_height,min_height,second_max_height,dribbling_frequency,bending_angle,duration
0,0.5782959039262061,0.7393268997065633,0.564424945590972,0.7222222222222222,0.10181307273525382,12
