hand,first_max_height,min_height,second_max_height,dribbling_frequency,bending_angle,duration
0,0.6159346603605176,0.7527961906614822,0.6842531761002345,0.44444444444444453,0.07373314548686799,15
