hand,first_max_height,min_height,second_max_height,dribbling_frequency,bending_angle,duration
0,0.7020420127840369,0.6033152027606886,0.6783340003434595,0.2592592592592591,0.14191584458156553,18
