hand,first_max_height,min_height,second_max_height,dribbling_frequency,bending_angle,duration
0,0.6399515189334761,0.6916547038702272,0.6135956820955649,0.44444444444444453,0.07563120581871582,15
