hand,first_max_height,min_height,second_max_height,dribbling_frequency,bending_angle,duration
0,0.582081829064742,0.696061678097331,0.5716151947183228,0.6153846153846155,0.1792690829637861,13
