hand,first_max_height,min_height,second_max_height,dribbling_frequency,bending_angle,duration
0,0.5592415728871696,0.6441856857827377,0.58648229786582,0.31372549019607854,0.3200890016022425,17
