hand,first_max_height,min_height,second_max_height,dribbling_frequency,bending_angle,duration
0,0.675298131481666,0.6636171803598387,0.6126332504320251,0.3750000000000001,0.08836396963209223,16
