hand,first_max_height,min_height,second_max_height,dribbling_frequency,bending_angle,duration
0,0.6296199542465524,0.7832283090689911,0.6853970477630988,0.6153846153846155,0.0821918146524868,13
