hand,first_max_height,min_height,second_max_height,dribbling_frequency,bending_angle,duration
0,0.5687896799618629,0.6743832301626709,0.5412803440456029,0.7222222222222222,0.18261588933572095,12
