hand,first_max_height,min_height,second_max_height,dribbling_frequency,bending_angle,duration
0,0.6048919770989312,0.7699468210261957,0.6164656923558901,0.6153846153846155,0.18503784085431654,13
