hand,first_max_height,min_height,second_max_height,dribbling_frequency,bending_angle,duration
0,0.5473688289795351,0.6015294945048251,0.5621882617558827,0.6153846153846155,0.34695345525488297,13
