hand,first_max_height,min_height,second_max_height,dribbling_frequency,bending_angle,duration
0,0.6259898362658548,0.7304036031145397,0.6280443755649046,0.6153846153846155,0.16129891581538966,13
