hand,first_max_height,min_height,second_max_height,dribbling_frequency,bending_angle,duration
0,0.6597211419531888,0.7176234497009703,0.6246510551942912,0.44444444444444453,0.06604588336271167,15
