hand,first_max_height,min_height,second_max_height,dribbling_frequency,bending_angle,duration
0,0.6147853341544344,0.6537764945616545,0.618661101447087,0.44444444444444453,0.17567301009034209,15
