hand,first_max_height,min_height,second_max_height,dribbling_frequency,bending_angle,duration
0,0.5486917490024192,0.6119853174619997,0.5513213816211413,0.6153846153846155,0.2854828860308933,13
