hand,first_max_height,min_height,second_max_height,dribbling_frequency,bending_angle,duration
0,0.5377150453025705,0.5225941487825825,0.5686595555067697,0.6153846153846155,0.3657905708292712,13
