hand,first_max_height,min_height,second_max_height,dribbling_frequency,bending_angle,duration
0,0.636472041036505,0.6423644860813544,0.6201266280334732,0.2105263157894739,0.18391590851035142,19
