hand,first_max_height,min_height,second_max_height,dribbling_frequency,bending_angle,duration
0,0.6501016398256212,0.6902592578250196,0.6611903293424066,0.44444444444444453,0.109473071653604,15
