hand,first_max_height,min_height,second_max_height,dribbling_frequency,bending_angle,duration
0,0.5632667733038147,0.7180376363070878,0.5615435611834129,0.6153846153846155,0.1396038554820864,13
