hand,first_max_height,min_height,second_max_height,dribbling_frequency,bending_angle,duration
0,0.5376720691573122,0.6205646918886314,0.5312055813784845,0.3750000000000001,0.10186933547440602,16
