hand,first_max_height,min_height,second_max_height,dribbling_frequency,bending_angle,duration
0,0.5443579152743927,0.6492636926032739,0.5551111084069227,0.31372549019607854,0.2687921512122019,17
