hand,first_max_height,min_height,second_max_height,dribbling_frequency,bending_angle,duration
0,0.7402185423932346,0.7019364463162789,0.755143169594868,0.2105263157894739,0.11295137661169787,19
