hand,first_max_height,min_height,second_max_height,dribbling_frequency,bending_angle,duration
0,0.5239977056203606,0.6058113865322323,0.5547608442746379,0.44444444444444453,0.29642232463308055,15
