hand,first_max_height,min_height,second_max_height,dribbling_frequency,bending_angle,duration
0,0.5922863532852778,0.6715834292883599,0.6461538060367665,0.2105263157894739,0.1599704310685103,19
