hand,first_max_height,min_height,second_max_height,dribbling_frequency,bending_angle,duration
0,0.38861892306748314,0.35222989375484925,0.6479228584473717,0.2592592592592591,0.6668199256981568,18
