hand,first_max_height,min_height,second_max_height,dribbling_frequency,bending_angle,duration
0,0.6325547529753528,0.6503374884428286,0.6056139115257735,0.5238095238095238,0.1862201547449508,14
