hand,first_max_height,min_height,second_max_height,dribbling_frequency,bending_angle,duration
0,0.48794653270695804,0.4529962862584811,0.48652966945064224,0.6153846153846155,0.44806789065834973,13
