hand,first_max_height,min_height,second_max_height,dribbling_frequency,bending_angle,duration
0,0.5223906958881268,0.6347695322751951,0.5670150723593197,0.7222222222222222,0.332829248029303,12
