hand,first_max_height,min_height,second_max_height,dribbling_frequency,bending_angle,duration
0,0.5884721086059358,0.6721637934521445,0.5616072862091817,0.5238095238095238,0.09083523024954042,14
