hand,first_max_height,min_height,second_max_height,dribbling_frequency,bending_angle,duration
0,0.6563594137258852,0.6468027847421558,0.6211140430859154,0.44444444444444453,0.11035561669365397,15
