hand,first_max_height,min_height,second_max_height,dribbling_frequency,bending_angle,duration
0,0.5568129983711295,0.6284567248996992,0.5496306568532775,0.7222222222222222,0.2778594431834003,12
