hand,first_max_height,min_height,second_max_height,dribbling_frequency,bending_angle,duration
0,0.6291880564075569,0.7042806060013449,0.64373737094037,0.6153846153846155,0.2322989823954483,13
