hand,first_max_height,min_height,second_max_height,dribbling_frequency,bending_angle,duration
0,0.6259524246619479,0.8016485129838701,0.6688123987145227,0.6153846153846155,0.08831256732141252,13
