hand,first_max_height,min_height,second_max_height,dribbling_frequency,bending_angle,duration
0,0.7038569475658734,0.6857029177776005,0.7597075801116827,0.44444444444444453,0.27417851197511117,15
