hand,first_max_height,min_height,second_max_height,dribbling_frequency,bending_angle,duration
0,0.6397131876400606,0.6687841313292688,0.6680237580604644,0.16666666666666674,0.13885484377232535,20
