hand,first_max_height,min_height,second_max_height,dribbling_frequency,bending_angle,duration
0,0.4569410076639135,0.2844372813351566,0.24553364183431223,0.6153846153846155,0.5582814288369109,13
