hand,first_max_height,min_height,second_max_height,dribbling_frequency,bending_angle,duration
0,0.6511400726719163,0.6512563145496175,0.6564606708437271,0.3750000000000001,0.11976296135843417,16
