hand,first_max_height,min_height,second_max_height,dribbling_frequency,bending_angle,duration
0,0.6400691195529287,0.7297541240305321,0.6165814702476025,0.44444444444444453,0.055925159954943474,15
