hand,first_max_height,min_height,second_max_height,dribbling_frequency,bending_angle,duration
0,0.6741035436936977,0.7999718654856973,0.7006946797674657,0.6153846153846155,0.09532515800464336,13
