hand,first_max_height,min_height,second_max_height,dribbling_frequency,bending_angle,duration
0,0.5819427652143627,0.6909248301960644,0.58989692613671,0.6153846153846155,0.10494371563415258,13
