hand,first_max_height,min_height,second_max_height,dribbling_frequency,bending_angle,duration
0,0.6317454103091574,0.6688818405719957,0.7008922124467194,0.16666666666666674,0.11569948702019522,20
