hand,first_max_height,min_height,second_max_height,dribbling_frequency,bending_angle,duration
0,0.6406292999434353,0.7082412788932877,0.6412207042757728,0.5238095238095238,0.0873019330279626,14
