hand,first_max_height,min_height,second_max_height,dribbling_frequency,bending_angle,duration
0,0.6400637537451972,0.6815204592736741,0.6323415681248712,0.44444444444444453,0.11317805025224892,15
