hand,first_max_height,min_height,second_max_height,dribbling_frequency,bending_angle,duration
0,0.715087781881903,0.7367006045831239,0.7179262644829463,0.09090909090909105,0.01726427799655997,22
