hand,first_max_height,min_height,second_max_height,dribbling_frequency,bending_angle,duration
0,0.7564225861752447,0.6106734271883297,0.7164618306093948,0.2105263157894739,0.21192351506845364,19
