hand,first_max_height,min_height,second_max_height,dribbling_frequency,bending_angle,duration
0,0.7005768988562631,0.7410841573299858,0.6833692210857318,0.2105263157894739,0.054611936911439576,19
