hand,first_max_height,min_height,second_max_height,dribbling_frequency,bending_angle,duration
0,0.5897760495681394,0.6877309593244326,0.5633954610943941,0.5238095238095238,0.12299192665787564,14
