hand,first_max_height,min_height,second_max_height,dribbling_frequency,bending_angle,duration
0,0.5701356034012265,0.6185240056162699,0.5665769441813724,0.5238095238095238,0.28548445216344126,14
