hand,first_max_height,min_height,second_max_height,dribbling_frequency,bending_angle,duration
0,0.6087971424092824,0.7434612220394405,0.5008194725400643,0.8484848484848487,0.06554943249730946,11
