hand,first_max_height,min_height,second_max_height,dribbling_frequency,bending_angle,duration
0,0.6673552952200341,0.7131258070442186,0.6368139424197454,0.44444444444444453,0.10631319425399371,15
