hand,first_max_height,min_height,second_max_height,dribbling_frequency,bending_angle,duration
0,0.6278485421274285,0.740369802182609,0.5923336260893136,0.7222222222222222,0.0626510607896654,12
