hand,first_max_height,min_height,second_max_height,dribbling_frequency,bending_angle,duration
0,0.7104062636862254,0.6899970234603484,0.6149533777926729,0.12698412698412698,0.1888972319791685,21
