hand,first_max_height,min_height,second_max_height,dribbling_frequency,bending_angle,duration
0,0.3482193591884116,0.4662148380537556,0.28607015886927073,1.0,0.6590108406861738,10
