hand,first_max_height,min_height,second_max_height,dribbling_frequency,bending_angle,duration
0,0.6506698192443203,0.7241830447593828,0.640057610800771,0.44444444444444453,0.07684995622889376,15
