hand,first_max_height,min_height,second_max_height,dribbling_frequency,bending_angle,duration
0,0.6959371147207208,0.6474942213245106,0.7404556687023824,0.3750000000000001,0.1450448711652118,16
