hand,first_max_height,min_height,second_max_height,dribbling_frequency,bending_angle,duration
0,0.6461173785346326,0.743101709502231,0.6443638927447717,0.44444444444444453,0.05724324688092837,15
