hand,first_max_height,min_height,second_max_height,dribbling_frequency,bending_angle,duration
0,0.4499602408552103,0.37310913756002934,0.2318496983429631,0.6153846153846155,0.3187645351581644,13
