hand,first_max_height,min_height,second_max_height,dribbling_frequency,bending_angle,duration
0,0.6173350368116768,0.6923291850251677,0.6196344105702085,0.44444444444444453,0.06564213750035935,15
