hand,first_max_height,min_height,second_max_height,dribbling_frequency,bending_angle,duration
0,0.22267356835405588,0.3174622150814648,0.20004574493276156,0.5238095238095238,0.6476745029157154,14
