hand,first_max_height,min_height,second_max_height,dribbling_frequency,bending_angle,duration
0,0.717433881945771,0.7248089586730855,0.6502431844830803,0.2592592592592591,0.07877186529176838,18
