hand,first_max_height,min_height,second_max_height,dribbling_frequency,bending_angle,duration
0,0.6745928755487842,0.7490613985483137,0.7136509261796735,0.44444444444444453,0.04339935851860677,15
