hand,first_max_height,min_height,second_max_height,dribbling_frequency,bending_angle,duration
0,0.37387706189235637,0.4318967655869772,0.34242503524309315,0.6153846153846155,0.6929839929373912,13
