hand,first_max_height,min_height,second_max_height,dribbling_frequency,bending_angle,duration
0,0.728271670845455,0.7342190053529578,0.7276230975155559,0.09090909090909105,0.009485480623939842,22
