hand,first_max_height,min_height,second_max_height,dribbling_frequency,bending_angle,duration
0,0.5851508226702395,0.7069260837481726,0.5744266455044613,0.5238095238095238,0.15649532721681875,14
