hand,first_max_height,min_height,second_max_height,dribbling_frequency,bending_angle,duration
0,0.6744863543286294,0.7475760025237723,0.6599882458867122,0.3750000000000001,0.06245444509696063,16
