hand,first_max_height,min_height,second_max_height,dribbling_frequency,bending_angle,duration
0,0.5381857458808109,0.6079497102022892,0.5459400689228621,0.5238095238095238,0.30292639020358036,14
