hand,first_max_height,min_height,second_max_height,dribbling_frequency,bending_angle,duration
0,0.5449352364395977,0.6036759366634321,0.5520478866499174,0.2592592592592591,0.31023921271112215,18
