hand,first_max_height,min_height,second_max_height,dribbling_frequency,bending_angle,duration
0,0.5524370827991332,0.6052747041475491,0.5420658058986874,0.31372549019607854,0.27415035353994166,17
