hand,first_max_height,min_height,second_max_height,dribbling_frequency,bending_angle,duration
0,0.5750642965363959,0.7050698955164892,0.6021202602494291,0.31372549019607854,0.28171037973131763,17
