hand,first_max_height,min_height,second_max_height,dribbling_frequency,bending_angle,duration
0,0.21368867235756947,0.3257101683781711,0.26052963542753815,1.0,0.7988012581087536,10
