hand,first_max_height,min_height,second_max_height,dribbling_frequency,bending_angle,duration
0,0.6087209777495355,0.6391293761616894,0.5949116336789493,0.6153846153846155,0.24341403612661833,13
