hand,first_max_height,min_height,second_max_height,dribbling_frequency,bending_angle,duration
0,0.5637449760761983,0.6346179392589056,0.5533724036118629,0.6153846153846155,0.24983670984131645,13
