hand,first_max_height,min_height,second_max_height,dribbling_frequency,bending_angle,duration
0,0.6562025632165434,0.7622093266777055,0.6464619013873851,0.44444444444444453,0.03686047868277801,15
