hand,first_max_height,min_height,second_max_height,dribbling_frequency,bending_angle,duration
0,0.6635850700374537,0.6964670996096157,0.6412043632520177,0.2105263157894739,0.19735376849972622,19
