hand,first_max_height,min_height,second_max_height,dribbling_frequency,bending_angle,duration
0,0.6663256563364102,0.7474614815436941,0.6563038665519483,0.3750000000000001,0.03283038364623921,16
