hand,first_max_height,min_height,second_max_height,dribbling_frequency,bending_angle,duration
0,0.6094436725575451,0.607044103581281,0.5809711013465078,0.2105263157894739,0.20988065012556936,19
