hand,first_max_height,min_height,second_max_height,dribbling_frequency,bending_angle,duration
0,0.5680864113651782,0.6247734456740563,0.572543056921274,0.6153846153846155,0.3025313712631511,13
