hand,first_max_height,min_height,second_max_height,dribbling_frequency,bending_angle,duration
0,0.6632715677523897,0.6365141451730881,0.6638223268798293,0.16666666666666674,0.18236271554756314,20
