hand,first_max_height,min_height,second_max_height,dribbling_frequency,bending_angle,duration
0,0.6135735062249579,0.7515110267394994,0.6363357812170362,0.6153846153846155,0.19963318579793327,13
