hand,first_max_height,min_height,second_max_height,dribbling_frequency,bending_angle,duration
0,0.6222245297403619,0.7011521859533337,0.6234460909502144,0.5238095238095238,0.13832545910210986,14
