hand,first_max_height,min_height,second_max_height,dribbling_frequency,bending_angle,duration
0,0.6679259091255745,0.6922594953446934,0.6088628944646768,0.2592592592592591,0.13584550286669275,18
