hand,first_max_height,min_height,second_max_height,dribbling_frequency,bending_angle,duration
0,0.5546296114583843,0.6772841888412166,0.6014498312565788,0.44444444444444453,0.30949237128258333,15
