hand,first_max_height,min_height,second_max_height,dribbling_frequency,bending_angle,duration
0,0.6372771606132819,0.5742259398353902,0.6384100481898778,0.31372549019607854,0.23098852326940789,17
