hand,first_max_height,min_height,second_max_height,dribbling_frequency,bending_angle,duration
0,0.5230035903712567,0.679105244852537,0.4799303792918004,1.0,0.1458814658886118,10
