hand,first_max_height,min_height,second_max_height,dribbling_frequency,bending_angle,duration
0,0.5885362995650962,0.6805825223885283,0.5851229134306949,0.3750000000000001,0.2792621875583755,16
