hand,first_max_height,min_height,second_max_height,dribbling_frequency,bending_angle,duration
0,0.6252739977677245,0.687156630143287,0.5925793374708241,0.44444444444444453,0.0843841685357949,15
