hand,first_max_height,min_height,second_max_height,dribbling_frequency,bending_angle,duration
0,0.5024320275126822,0.3454373052595521,0.44494335339413366,0.31372549019607854,0.5371643606055302,17
