hand,first_max_height,min_height,second_max_height,dribbling_frequency,bending_angle,duration
0,0.605480427346839,0.6994355207726617,0.591733180386649,0.2592592592592591,0.13071115542938755,18
