hand,first_max_height,min_height,second_max_height,dribbling_frequency,bending_angle,duration
0,0.446817666127022,0.36347220427094296,0.5025786408663921,0.31372549019607854,0.5465662531626955,17
