hand,first_max_height,min_height,second_max_height,dribbling_frequency,bending_angle,duration
0,0.5345105153684433,0.6262863583456304,0.5155624534432933,0.7222222222222222,0.3363914957819739,12
