hand,first_max_height,min_height,second_max_height,dribbling_frequency,bending_angle,duration
0,0.702356757154224,0.6645151714075167,0.6707256395505423,0.2592592592592591,0.0672731698717591,18
