hand,first_max_height,min_height,second_max_height,dribbling_frequency,bending_angle,duration
0,0.26614177805479033,0.31087912669777906,0.22520342153222928,0.7222222222222222,0.7292318150719784,12
