hand,first_max_height,min_height,second_max_height,dribbling_frequency,bending_angle,duration
0,0.5900125922589776,0.7870799930482748,0.594874332436274,0.8484848484848487,0.07664204213601354,11
