hand,first_max_height,min_height,second_max_height,dribbling_frequency,bending_angle,duration
0,0.6841601107343728,0.6966419704160841,0.6711048109041813,0.31372549019607854,0.07026534057603834,17
