hand,first_max_height,min_height,second_max_height,dribbling_frequency,bending_angle,duration
0,0.5585135122714283,0.7152402781638451,0.5698843375881666,0.7222222222222222,0.044242620997922706,12
