hand,first_max_height,min_height,second_max_height,dribbling_frequency,bending_angle,duration
0,0.26031167890410334,0.33824295934857257,0.3111080344070437,1.0,0.7695841450524332,10
