hand,first_max_height,min_height,second_max_height,dribbling_frequency,bending_angle,duration
0,0.7447752558757457,0.7176932830715074,0.7365744023823126,0.3750000000000001,0.1134144958338301,16
