hand,first_max_height,min_height,second_max_height,dribbling_frequency,bending_angle,duration
0,0.6562682446778514,0.6241301452627508,0.6752849341845399,0.31372549019607854,0.2034621649134322,17
