hand,first_max_height,min_height,second_max_height,dribbling_frequency,bending_angle,duration
0,0.6074270231517214,0.6960091593793652,0.6516571052224098,0.2592592592592591,0.11485832823714574,18
