hand,first_max_height,min_height,second_max_height,dribbling_frequency,bending_angle,duration
0,0.7348233717692434,0.716706276029904,0.704257867315109,0.09090909090909105,0.08725366337784855,22
