hand,first_max_height,min_height,second_max_height,dribbling_frequency,bending_angle,duration
0,0.6285824157015458,0.6757905306380623,0.6161837227757737,0.3750000000000001,0.0667902940846254,16
