hand,first_max_height,min_height,second_max_height,dribbling_frequency,bending_angle,duration
0,0.6687147822289417,0.755701460041913,0.6862957047321047,0.5238095238095238,0.08376491109669258,14
