hand,first_max_height,min_height,second_max_height,dribbling_frequency,bending_angle,duration
0,0.609259297441876,0.6680847917934583,0.6147404974649683,0.31372549019607854,0.1591634808301624,17
