hand,first_max_height,min_height,second_max_height,dribbling_frequency,bending_angle,duration
0,0.32294849147519716,0.36659286505556105,0.2608087738880374,0.8484848484848487,0.6926441639322795,11
