hand,first_max_height,min_height,second_max_height,dribbling_frequency,bending_angle,duration
0,0.26165546595705513,0.355043632565255,0.28822017070906264,1.0,0.7842124455630037,10
