hand,first_max_height,min_height,second_max_height,dribbling_frequency,bending_angle,duration
0,0.6715402774669114,0.7689760509616925,0.6690034247855333,0.44444444444444453,0.0604042070851743,15
