hand,first_max_height,min_height,second_max_height,dribbling_frequency,bending_angle,duration
0,0.6479795125511458,0.6837965817139883,0.6863465655476833,0.44444444444444453,0.13354051951920745,15
