hand,first_max_height,min_height,second_max_height,dribbling_frequency,bending_angle,duration
0,0.573317378335899,0.6178306292180669,0.5816818117079461,0.6153846153846155,0.3047273583164185,13
