hand,first_max_height,min_height,second_max_height,dribbling_frequency,bending_angle,duration
0,0.5818608372796448,0.7963045358570291,0.6048464794344615,1.0,0.08955077908484023,10
