hand,first_max_height,min_height,second_max_height,dribbling_frequency,bending_angle,duration
0,0.67158638366668,0.6788418609673632,0.7024444606971681,0.31372549019607854,0.058013161724530825,17
