hand,first_max_height,min_height,second_max_height,dribbling_frequency,bending_angle,duration
0,0.5519158541980862,0.6456220116508214,0.544541396494453,0.2592592592592591,0.2617199296357751,18
