hand,first_max_height,min_height,second_max_height,dribbling_frequency,bending_angle,duration
0,0.2544338340012854,0.24610163471155344,0.7564943586837329,0.2592592592592591,0.8123970749002398,18
