hand,first_max_height,min_height,second_max_height,dribbling_frequency,bending_angle,duration
0,0.03878992092637684,0.12111678503255341,0.04020346312982015,1.0,0.8457450432391819,10
