hand,first_max_height,min_height,second_max_height,dribbling_frequency,bending_angle,duration
0,0.6636871197511656,0.6944673650051618,0.6536421174241629,0.44444444444444453,0.11606078100976852,15
