hand,first_max_height,min_height,second_max_height,dribbling_frequency,bending_angle,duration
0,0.5661055836943039,0.6741539008223886,0.561124853492664,0.7222222222222222,0.2846258494280094,12
