hand,first_max_height,min_height,second_max_height,dribbling_frequency,bending_angle,duration
0,0.7154312929435405,0.6326753932994595,0.6588205828853106,0.31372549019607854,0.07811893138376536,17
