hand,first_max_height,min_height,second_max_height,dribbling_frequency,bending_angle,duration
0,0.5738506303209373,0.5930456739699776,0.551810122270841,0.6153846153846155,0.3121402044264694,13
