hand,first_max_height,min_height,second_max_height,dribbling_frequency,bending_angle,duration
0,0.6343379897448483,0.4101437425097066,0.5903068921247814,0.3750000000000001,0.5989320388779086,16
