hand,first_max_height,min_height,second_max_height,dribbling_frequency,bending_angle,duration
0,0.570133268281195,0.642616087381376,0.5568495648581565,0.6153846153846155,0.2618494940517592,13
