hand,first_max_height,min_height,second_max_height,dribbling_frequency,bending_angle,duration
0,0.5466809125549714,0.6134305521139791,0.5549759100280119,0.6153846153846155,0.369718009360299,13
