hand,first_max_height,min_height,second_max_height,dribbling_frequency,bending_angle,duration
0,0.5684745381244365,0.6995830186221603,0.5736543955429236,0.7222222222222222,0.3225975264933082,12
