hand,first_max_height,min_height,second_max_height,dribbling_frequency,bending_angle,duration
0,0.5370227567383737,0.7435265291729983,0.5340689856930363,0.7222222222222222,0.06591874577615392,12
