hand,first_max_height,min_height,second_max_height,dribbling_frequency,bending_angle,duration
0,0.2743441604237398,0.28901280400596413,0.24964840101965005,0.6153846153846155,0.7071120267061479,13
