hand,first_max_height,min_height,second_max_height,dribbling_frequency,bending_angle,duration
0,0.5688335007250049,0.6214926423144103,0.5292109334362801,0.6153846153846155,0.2823106483474169,13
