hand,first_max_height,min_height,second_max_height,dribbling_frequency,bending_angle,duration
0,0.5119511691623054,0.6209758610034295,0.5390068059867252,0.5238095238095238,0.1897880163433841,14
