hand,first_max_height,min_height,second_max_height,dribbling_frequency,bending_angle,duration
0,0.8086611092466033,0.7652616628374462,0.80697416516429,0.3750000000000001,0.043564307972534196,16
