hand,first_max_height,min_height,second_max_height,dribbling_frequency,bending_angle,duration
0,0.7783844397537789,0.7266211059005103,0.7708428702536372,0.2105263157894739,0.06742897407018549,19
