hand,first_max_height,min_height,second_max_height,dribbling_frequency,bending_angle,duration
0,0.1665031999839026,0.17895864506593123,0.21168030550264108,0.8484848484848487,0.8238102672391135,11
