hand,first_max_height,min_height,second_max_height,dribbling_frequency,bending_angle,duration
0,0.6604958056027478,0.6952804352257053,0.6831012580974056,0.2105263157894739,0.18756064031444933,19
