hand,first_max_height,min_height,second_max_height,dribbling_frequency,bending_angle,duration
0,0.1630864722273493,0.19715907502970625,0.19022578303118787,0.12698412698412698,0.7402646183230834,21
