hand,first_max_height,min_height,second_max_height,dribbling_frequency,bending_angle,duration
0,0.24517374162493055,0.3699452979115297,0.23486474139771135,1.0,0.6687032009036235,10
