hand,first_max_height,min_height,second_max_height,dribbling_frequency,bending_angle,duration
0,0.7707753269230148,0.7761412996349484,0.6312108586847884,0.2592592592592591,0.055562666519875945,18
