hand,first_max_height,min_height,second_max_height,dribbling_frequency,bending_angle,duration
0,0.5916128450481419,0.6945162196265251,0.5998010269265551,0.2105263157894739,0.14341069975730913,19
