hand,first_max_height,min_height,second_max_height,dribbling_frequency,bending_angle,duration
0,0.2388997212512567,0.2269596756110619,0.25465352249020323,0.7222222222222222,0.8083447326035493,12
