hand,first_max_height,min_height,second_max_height,dribbling_frequency,bending_angle,duration
0,0.3524345489454821,0.4424596376409628,0.32521634782837605,0.8484848484848487,0.6539995759975077,11
