hand,first_max_height,min_height,second_max_height,dribbling_frequency,bending_angle,duration
0,0.5566142150680327,0.6631559352581432,0.5385175189806082,0.7222222222222222,0.35279209404871475,12
