hand,first_max_height,min_height,second_max_height,dribbling_frequency,bending_angle,duration
0,0.34466485935000685,0.4075180939915499,0.45168683197839005,0.6153846153846155,0.7030911063790634,13
