hand,first_max_height,min_height,second_max_height,dribbling_frequency,bending_angle,duration
0,0.5930446214112124,0.7447123314165318,0.5422319479183261,0.8484848484848487,0.16058774936545012,11
