hand,first_max_height,min_height,second_max_height,dribbling_frequency,bending_angle,duration
0,0.3079370978283632,0.39594737983685,0.32855930407106315,0.7222222222222222,0.6751047252417669,12
