hand,first_max_height,min_height,second_max_height,dribbling_frequency,bending_angle,duration
0,0.14555533501644152,0.22776211276695552,0.1770195537236611,0.8484848484848487,0.7944502229611615,11
