hand,first_max_height,min_height,second_max_height,dribbling_frequency,bending_angle,duration
0,0.6535137967089215,0.7627031175786328,0.6459603461962604,0.5238095238095238,0.0570017474118191,14
