hand,first_max_height,min_height,second_max_height,dribbling_frequency,bending_angle,duration
0,0.6053319236495243,0.7616249391921616,0.6758565223346158,0.6153846153846155,0.077802229645687,13
