hand,first_max_height,min_height,second_max_height,dribbling_frequency,bending_angle,duration
0,0.4833506190179627,0.48322113175035275,0.47938839372579184,0.6153846153846155,0.43817668930210635,13
