hand,first_max_height,min_height,second_max_height,dribbling_frequency,bending_angle,duration
0,0.6087893917981144,0.6909193699736768,0.799159380983146,0.31372549019607854,0.08794693280733068,17
