hand,first_max_height,min_height,second_max_height,dribbling_frequency,bending_angle,duration
0,0.6587200213439908,0.5916015169934695,0.5608117415967588,0.3750000000000001,0.1359940684309709,16
