hand,first_max_height,min_height,second_max_height,dribbling_frequency,bending_angle,duration
0,0.5653989366260843,0.7756113706832183,0.6058187455135136,0.6153846153846155,0.23301558883105283,13
