hand,first_max_height,min_height,second_max_height,dribbling_frequency,bending_angle,duration
0,0.6689759678886217,0.567086986443633,0.6604408276753366,0.2105263157894739,0.20016811863839898,19
