hand,first_max_height,min_height,second_max_height,dribbling_frequency,bending_angle,duration
0,0.5606473648294653,0.6311103929801084,0.5607182649806273,0.7222222222222222,0.25094169162624286,12
