hand,first_max_height,min_height,second_max_height,dribbling_frequency,bending_angle,duration
0,0.765834660087259,0.7156638046240469,0.7780570100570557,0.05797101449275355,0.02868950555646949,23
