hand,first_max_height,min_height,second_max_height,dribbling_frequency,bending_angle,duration
0,0.6815405532098087,0.6922186873668488,0.6748429318429061,0.31372549019607854,0.1461739151924323,17
