hand,first_max_height,min_height,second_max_height,dribbling_frequency,bending_angle,duration
0,0.34569737987111615,0.39548599104509174,0.24539615869220155,0.8484848484848487,0.5858055476608732,11
