hand,first_max_height,min_height,second_max_height,dribbling_frequency,bending_angle,duration
0,0.7309411601919666,0.7407998665406696,0.7283517383012363,0.02777777777777779,0.010384808383484568,24
