hand,first_max_height,min_height,second_max_height,dribbling_frequency,bending_angle,duration
0,0.66681926096432,0.7253482274788997,0.6593984789685685,0.2592592592592591,0.12109113758115717,18
