hand,first_max_height,min_height,second_max_height,dribbling_frequency,bending_angle,duration
0,0.6374718698771751,0.697701469094387,0.6574033343387119,0.2592592592592591,0.13009965129618026,18
