hand,first_max_height,min_height,second_max_height,dribbling_frequency,bending_angle,duration
0,0.7116566956213269,0.5785581952298205,0.7767985525528441,0.2105263157894739,0.11809346592762299,19
