hand,first_max_height,min_height,second_max_height,dribbling_frequency,bending_angle,duration
0,0.6164417291911615,0.719997425074074,0.6448447360608025,0.5238095238095238,0.08218587304007635,14
