hand,first_max_height,min_height,second_max_height,dribbling_frequency,bending_angle,duration
0,0.6079526735758065,0.6810078449745155,0.6300427983332653,0.3750000000000001,0.07851778135182214,16
