hand,first_max_height,min_height,second_max_height,dribbling_frequency,bending_angle,duration
0,0.6573994364411379,0.7307304261624544,0.671637061392208,0.44444444444444453,0.0598771863969824,15
