hand,first_max_height,min_height,second_max_height,dribbling_frequency,bending_angle,duration
0,0.23785507797934613,0.28013182413744486,0.19393752985558435,0.6153846153846155,0.6763425463546585,13
