hand,first_max_height,min_height,second_max_height,dribbling_frequency,bending_angle,duration
0,0.582533451215492,0.6827956367362901,0.5764959952695468,0.5238095238095238,0.11816242158699586,14
