hand,first_max_height,min_height,second_max_height,dribbling_frequency,bending_angle,duration
0,0.7434723085816406,0.5071565195019387,0.43881705888641875,0.3750000000000001,0.13009421881768166,16
