hand,first_max_height,min_height,second_max_height,dribbling_frequency,bending_angle,duration
0,0.5575013619463374,0.6315521680782901,0.5495877927088985,0.6153846153846155,0.30459060620731815,13
