hand,first_max_height,min_height,second_max_height,dribbling_frequency,bending_angle,duration
0,0.6601164231227559,0.7138614283208947,0.6441572210127188,0.2105263157894739,0.04785990362565871,19
