hand,first_max_height,min_height,second_max_height,dribbling_frequency,bending_angle,duration
0,0.6054394385377775,0.730414164334158,0.609904299464906,0.6153846153846155,0.06222008011406696,13
