hand,first_max_height,min_height,second_max_height,dribbling_frequency,bending_angle,duration
0,0.5474468319252642,0.7713860206955361,0.5249577970710577,1.0,0.1762975840959634,10
