hand,first_max_height,min_height,second_max_height,dribbling_frequency,bending_angle,duration
0,0.6921386196807393,0.801403880651896,0.6557883544377986,0.6153846153846155,0.07675405389443113,13
