hand,first_max_height,min_height,second_max_height,dribbling_frequency,bending_angle,duration
0,0.15119574292713256,0.278087976683701,0.1814984842955436,0.7222222222222222,0.6746310118549707,12
