hand,first_max_height,min_height,second_max_height,dribbling_frequency,bending_angle,duration
0,0.5638565650036553,0.6272755207381763,0.5433635513961828,0.6153846153846155,0.17376964596179043,13
