hand,first_max_height,min_height,second_max_height,dribbling_frequency,bending_angle,duration
0,0.6488775400951288,0.7491780030343032,0.6480147953317816,0.6153846153846155,0.08828781861871793,13
