hand,first_max_height,min_height,second_max_height,dribbling_frequency,bending_angle,duration
0,0.7088268779271287,0.8024302587707157,0.7618594296957875,0.12698412698412698,0.0272652847505289,21
