hand,first_max_height,min_height,second_max_height,dribbling_frequency,bending_angle,duration
0,0.651551202847654,0.8196469147193012,0.6519942568006782,0.6153846153846155,0.07304120170325762,13
