hand,first_max_height,min_height,second_max_height,dribbling_frequency,bending_angle,duration
0,0.5393576283527293,0.6074600863131839,0.5610500523322527,0.7222222222222222,0.3859715619829889,12
