hand,first_max_height,min_height,second_max_height,dribbling_frequency,bending_angle,duration
0,0.5960943378555996,0.47524633326309296,0.697153495482812,0.44444444444444453,0.29953272650606805,15
