hand,first_max_height,min_height,second_max_height,dribbling_frequency,bending_angle,duration
0,0.7246975957455106,0.7814306026928812,0.738017876036944,0.09090909090909105,0.023539217584672874,22
