hand,first_max_height,min_height,second_max_height,dribbling_frequency,bending_angle,duration
0,0.5432960318609737,0.6102513376287563,0.5316397360552148,0.7222222222222222,0.30178175760563636,12
