hand,first_max_height,min_height,second_max_height,dribbling_frequency,bending_angle,duration
0,0.6264756405991917,0.7135598947240386,0.6123170094039114,0.5238095238095238,0.15317953019210193,14
