hand,first_max_height,min_height,second_max_height,dribbling_frequency,bending_angle,duration
0,0.3416397858744614,0.4035536133129419,0.3752575294433335,0.44444444444444453,0.5985682613957344,15
