hand,first_max_height,min_height,second_max_height,dribbling_frequency,bending_angle,duration
0,0.4648871727136752,0.6606428679042166,0.6712380722012488,0.6153846153846155,0.39860169576906596,13
