hand,first_max_height,min_height,second_max_height,dribbling_frequency,bending_angle,duration
0,0.22144291041411363,0.30306870964240074,0.24689461566992427,0.5238095238095238,0.6952642545625903,14
