hand,first_max_height,min_height,second_max_height,dribbling_frequency,bending_angle,duration
0,0.62489953394482,0.6816784464977595,0.6512146061931238,0.2105263157894739,0.12460741300303811,19
