hand,first_max_height,min_height,second_max_height,dribbling_frequency,bending_angle,duration
0,0.707645555608275,0.6675987601559239,0.6981750329769558,0.31372549019607854,0.0763380199457067,17
