hand,first_max_height,min_height,second_max_height,dribbling_frequency,bending_angle,duration
0,0.5077066165129254,0.7485410249857621,0.5406667361201567,1.0,0.17519758151482676,10
