hand,first_max_height,min_height,second_max_height,dribbling_frequency,bending_angle,duration
0,0.5675816776545657,0.6647835844448898,0.5685393570949533,0.3750000000000001,0.20474520378294167,16
