hand,first_max_height,min_height,second_max_height,dribbling_frequency,bending_angle,duration
0,0.5524879089223693,0.6663935597539078,0.5832744903332786,0.31372549019607854,0.27284143569972674,17
