hand,first_max_height,min_height,second_max_height,dribbling_frequency,bending_angle,duration
0,0.37507338859949674,0.3702627811053604,0.3971415873963521,0.3750000000000001,0.6686464643407074,16
