hand,first_max_height,min_height,second_max_height,dribbling_frequency,bending_angle,duration
0,0.26908457581178336,0.3728138544809064,0.2686091044585043,0.8484848484848487,0.6992340690757408,11
