hand,first_max_height,min_height,second_max_height,dribbling_frequency,bending_angle,duration
0,0.60118037833416,0.7338515898622925,0.5967956692810235,0.6153846153846155,0.05260438112239072,13
