hand,first_max_height,min_height,second_max_height,dribbling_frequency,bending_angle,duration
0,0.5681881629784604,0.6111884842185564,0.5825719753181005,0.2592592592592591,0.3221556134652267,18
