hand,first_max_height,min_height,second_max_height,dribbling_frequency,bending_angle,duration
0,0.6812970051588763,0.6921651628184432,0.7184588129835643,0.12698412698412698,0.04268527911311441,21
