hand,first_max_height,min_height,second_max_height,dribbling_frequency,bending_angle,duration
0,0.6470738337628048,0.7295236451697472,0.6266893619811181,0.2592592592592591,0.19926786795362178,18
