hand,first_max_height,min_height,second_max_height,dribbling_frequency,bending_angle,duration
0,0.6042442048655454,0.8050440528586887,0.6133598051295666,0.6153846153846155,0.07969601470905215,13
