hand,first_max_height,min_height,second_max_height,dribbling_frequency,bending_angle,duration
0,0.5508796074216076,0.6501346699191392,0.5734431046157059,0.7222222222222222,0.3199952263963516,12
