hand,first_max_height,min_height,second_max_height,dribbling_frequency,bending_angle,duration
0,0.4705113838343614,0.662660635611556,0.45393205884109605,1.0,0.1116498913287717,10
