hand,first_max_height,min_height,second_max_height,dribbling_frequency,bending_angle,duration
0,0.697852857131146,0.7030430753351913,0.7154744652257178,0.31372549019607854,0.061610002844651526,17
