hand,first_max_height,min_height,second_max_height,dribbling_frequency,bending_angle,duration
0,0.621633545638803,0.7118861928721538,0.5885933693936847,0.44444444444444453,0.07758297496389989,15
