hand,first_max_height,min_height,second_max_height,dribbling_frequency,bending_angle,duration
0,0.7182645884760832,0.7575292694861866,0.7879829651035948,0.09090909090909105,0.023195155797015952,22
