hand,first_max_height,min_height,second_max_height,dribbling_frequency,bending_angle,duration
0,0.683027925302988,0.6508941437462458,0.6617689207883775,0.16666666666666674,0.18150604828106404,20
