hand,first_max_height,min_height,second_max_height,dribbling_frequency,bending_angle,duration
0,0.6601767387763324,0.7557736642984869,0.6745661774831371,0.44444444444444453,0.06090164244969489,15
