hand,first_max_height,min_height,second_max_height,dribbling_frequency,bending_angle,duration
0,0.6486307626228762,0.7941835268395436,0.6399895645924287,0.5238095238095238,0.05388799830726991,14
