hand,first_max_height,min_height,second_max_height,dribbling_frequency,bending_angle,duration
0,0.8543255241785531,0.687472604591458,0.8088335650588183,0.2105263157894739,0.08706050738633997,19
