hand,first_max_height,min_height,second_max_height,dribbling_frequency,bending_angle,duration
0,0.6460495110035078,0.6510831680239031,0.6927838858631643,0.2592592592592591,0.17132998303258465,18
