hand,first_max_height,min_height,second_max_height,dribbling_frequency,bending_angle,duration
0,0.6040028925678346,0.6518477428482402,0.5499861362059097,0.6153846153846155,0.0790367425357498,13
