hand,first_max_height,min_height,second_max_height,dribbling_frequency,bending_angle,duration
0,0.06514652008737326,0.12690203434235614,0.06430051291692113,1.0,0.8671147702017167,10
