hand,first_max_height,min_height,second_max_height,dribbling_frequency,bending_angle,duration
0,0.6089807722738777,0.680371800911383,0.5902709319387669,0.6153846153846155,0.06316847249598379,13
