hand,first_max_height,min_height,second_max_height,dribbling_frequency,bending_angle,duration
0,0.6877049223088176,0.7543254840002193,0.6940839657926248,0.5238095238095238,0.037260808887368775,14
