hand,first_max_height,min_height,second_max_height,dribbling_frequency,bending_angle,duration
0,0.15625480531681993,0.21921528413955566,0.14355929599988876,1.0,0.87866857125857,10
