hand,first_max_height,min_height,second_max_height,dribbling_frequency,bending_angle,duration
0,0.6728316982110744,0.7257804471879029,0.6674533122919887,0.3750000000000001,0.10428981908993967,16
