hand,first_max_height,min_height,second_max_height,dribbling_frequency,bending_angle,duration
0,0.6007018774613468,0.8044202224508971,0.5819840461442696,0.8484848484848487,0.05989385993061893,11
