hand,first_max_height,min_height,second_max_height,dribbling_frequency,bending_angle,duration
0,0.5930148113682585,0.6623933720946857,0.602992642441637,0.44444444444444453,0.0702024869859265,15
