hand,first_max_height,min_height,second_max_height,dribbling_frequency,bending_angle,duration
0,0.12700916584295718,0.24418940735536504,0.19258743347955404,0.6153846153846155,0.6792985881711557,13
