hand,first_max_height,min_height,second_max_height,dribbling_frequency,bending_angle,duration
0,0.6579259314831067,0.7284236258937253,0.6410666814348461,0.6153846153846155,0.1129459218057047,13
