hand,first_max_height,min_height,second_max_height,dribbling_frequency,bending_angle,duration
0,0.7344241656106871,0.756678049553961,0.7123153827518507,0.05797101449275355,0.010801635524637905,23
