hand,first_max_height,min_height,second_max_height,dribbling_frequency,bending_angle,duration
0,0.5594779665277932,0.6687992187858665,0.585632912311906,0.6153846153846155,0.1450285086086508,13
