hand,first_max_height,min_height,second_max_height,dribbling_frequency,bending_angle,duration
0,0.5377954827351409,0.7038125356216647,0.5656849428269052,0.7222222222222222,0.18656659684816423,12
