hand,first_max_height,min_height,second_max_height,dribbling_frequency,bending_angle,duration
0,0.43208395303030256,0.30187371123484597,0.42595071293924724,0.3750000000000001,0.6917260604856911,16
