hand,first_max_height,min_height,second_max_height,dribbling_frequency,bending_angle,duration
0,0.6580990284658583,0.7514771158846707,0.6745822701630663,0.44444444444444453,0.07596282208818772,15
