hand,first_max_height,min_height,second_max_height,dribbling_frequency,bending_angle,duration
0,0.6141535599774337,0.7287040370513449,0.5851123339837043,0.6153846153846155,0.13683516477959015,13
