hand,first_max_height,min_height,second_max_height,dribbling_frequency,bending_angle,duration
0,0.544305499282199,0.6500081508188144,0.5287646595808378,0.6153846153846155,0.06158703871738333,13
