hand,first_max_height,min_height,second_max_height,dribbling_frequency,bending_angle,duration
0,0.6436323636706,0.7485247880086621,0.6297290904121775,0.6153846153846155,0.11761142085751454,13
