hand,first_max_height,min_height,second_max_height,dribbling_frequency,bending_angle,duration
0,0.6554337622087651,0.8704581636682982,0.6285414605671602,0.8484848484848487,0.0547886009001021,11
