hand,first_max_height,min_height,second_max_height,dribbling_frequency,bending_angle,duration
0,0.64352266271253,0.7489712330338857,0.6748252000937249,0.3750000000000001,0.13808372758519352,16
