hand,first_max_height,min_height,second_max_height,dribbling_frequency,bending_angle,duration
0,0.7568355546369645,0.7281555720815094,0.7772841640703354,0.05797101449275355,0.08078031397100573,23
