hand,first_max_height,min_height,second_max_height,dribbling_frequency,bending_angle,duration
0,0.5916347554297129,0.7790658234837987,0.6748182961353603,0.6153846153846155,0.05023181038720291,13
