hand,first_max_height,min_height,second_max_height,dribbling_frequency,bending_angle,duration
0,0.5901501656072095,0.6889754589586335,0.5850656453444038,0.6153846153846155,0.0757891390915066,13
