hand,first_max_height,min_height,second_max_height,dribbling_frequency,bending_angle,duration
0,0.5671720379809757,0.6514109969022578,0.5367811982862785,0.6153846153846155,0.17910568825295886,13
