hand,first_max_height,min_height,second_max_height,dribbling_frequency,bending_angle,duration
0,0.7039907449753309,0.6638907662394737,0.698618525381546,0.2105263157894739,0.055602905669407204,19
