hand,first_max_height,min_height,second_max_height,dribbling_frequency,bending_angle,duration
0,0.5650516496256728,0.5946751911275411,0.5380390597653075,0.5238095238095238,0.26899490520636576,14
