hand,first_max_height,min_height,second_max_height,dribbling_frequency,bending_angle,duration
0,0.23021913610992356,0.20730208472009226,0.2433746896167819,0.5238095238095238,0.8049067691370154,14
