hand,first_max_height,min_height,second_max_height,dribbling_frequency,bending_angle,duration
0,0.6720531095725264,0.5398233057666344,0.6936663011459453,0.2105263157894739,0.22967471788649477,19
