hand,first_max_height,min_height,second_max_height,dribbling_frequency,bending_angle,duration
0,0.6095323077519277,0.7109283549133057,0.6089124142235947,0.6153846153846155,0.09843087610868331,13
