hand,first_max_height,min_height,second_max_height,dribbling_frequency,bending_angle,duration
0,0.6521519248965777,0.6089370764690496,0.607020133606495,0.44444444444444453,0.18724219090163657,15
