hand,first_max_height,min_height,second_max_height,dribbling_frequency,bending_angle,duration
0,0.5470432536270748,0.6152051962350045,0.5599306673706386,0.5238095238095238,0.2722982545592734,14
