hand,first_max_height,min_height,second_max_height,dribbling_frequency,bending_angle,duration
0,0.796794625447989,0.7601217255998288,0.7479210331202502,0.09090909090909105,0.00837326903541308,22
