hand,first_max_height,min_height,second_max_height,dribbling_frequency,bending_angle,duration
0,0.6024879461849231,0.740252910316494,0.6091238044883428,0.5238095238095238,0.06798772848245278,14
