hand,first_max_height,min_height,second_max_height,dribbling_frequency,bending_angle,duration
0,0.5886551919530769,0.6567679061347539,0.5947773293378122,0.3750000000000001,0.24447516458618004,16
