hand,first_max_height,min_height,second_max_height,dribbling_frequency,bending_angle,duration
0,0.6742778827615725,0.7413384168961696,0.6367128664825363,0.44444444444444453,0.08899453721225305,15
