hand,first_max_height,min_height,second_max_height,dribbling_frequency,bending_angle,duration
0,0.562202256669935,0.7369053629226616,0.5050372447444548,0.8484848484848487,0.16892053009520486,11
