hand,first_max_height,min_height,second_max_height,dribbling_frequency,bending_angle,duration
0,0.5896134854672314,0.6360742380457234,0.5702599327907103,0.6153846153846155,0.28094846084333547,13
