hand,first_max_height,min_height,second_max_height,dribbling_frequency,bending_angle,duration
0,0.48637832571396905,0.44343004848030887,0.4802749811848508,0.5238095238095238,0.44460050396055284,14
