hand,first_max_height,min_height,second_max_height,dribbling_frequency,bending_angle,duration
0,0.683096289668162,0.7241533727614077,0.6602768710813672,0.5238095238095238,0.06665467771690628,14
