hand,first_max_height,min_height,second_max_height,dribbling_frequency,bending_angle,duration
0,0.6170960099505922,0.6481732287164303,0.5978782000188492,0.3750000000000001,0.26867577270616966,16
