hand,first_max_height,min_height,second_max_height,dribbling_frequency,bending_angle,duration
0,0.6970642324448035,0.4650990128708219,0.7266769075382409,0.2592592592592591,0.2822444944951299,18
