hand,first_max_height,min_height,second_max_height,dribbling_frequency,bending_angle,duration
0,0.5659381009363086,0.5476636822001134,0.8029624189980047,0.2105263157894739,0.43744435518085795,19
