hand,first_max_height,min_height,second_max_height,dribbling_frequency,bending_angle,duration
0,0.6188935058573007,0.7314858048227703,0.6377619204726082,0.44444444444444453,0.07352404331301576,15
