hand,first_max_height,min_height,second_max_height,dribbling_frequency,bending_angle,duration
0,0.17677698287090088,0.22351635879035103,0.268595991904488,0.5238095238095238,0.7965001027718208,14
