hand,first_max_height,min_height,second_max_height,dribbling_frequency,bending_angle,duration
0,0.6229273015029975,0.6339266463666137,0.6086808087714045,0.5238095238095238,0.19240950853821565,14
