hand,first_max_height,min_height,second_max_height,dribbling_frequency,bending_angle,duration
0,0.5625916255143164,0.6385532508547584,0.5278375424093646,0.6153846153846155,0.1737106401746649,13
