hand,first_max_height,min_height,second_max_height,dribbling_frequency,bending_angle,duration
0,0.6148398865330398,0.6261087574279681,0.6190888985218699,0.2105263157894739,0.20868244571610683,19
