hand,first_max_height,min_height,second_max_height,dribbling_frequency,bending_angle,duration
0,0.5313912918405688,0.4394943058142676,0.25978251786119844,0.8484848484848487,0.2992166946454403,11
