hand,first_max_height,min_height,second_max_height,dribbling_frequency,bending_angle,duration
0,0.5731261469103505,0.8038456058896258,0.6465264211133974,0.7222222222222222,0.03766547469111449,12
