hand,first_max_height,min_height,second_max_height,dribbling_frequency,bending_angle,duration
0,0.36903581154985143,0.3921217037589393,0.31248231947173294,0.7222222222222222,0.7008107563458676,12
