hand,first_max_height,min_height,second_max_height,dribbling_frequency,bending_angle,duration
0,0.10266484394815137,0.21897417221412102,0.1855631773655463,0.7222222222222222,0.7213172474691975,12
