hand,first_max_height,min_height,second_max_height,dribbling_frequency,bending_angle,duration
0,0.5977139671726839,0.7275308076883092,0.5969773576241741,0.6153846153846155,0.15248491082867024,13
