hand,first_max_height,min_height,second_max_height,dribbling_frequency,bending_angle,duration
0,0.5958227186808855,0.6017066643522989,0.5606033314579235,0.31372549019607854,0.2667662719797922,17
