hand,first_max_height,min_height,second_max_height,dribbling_frequency,bending_angle,duration
0,0.212417522442615,0.35036767054052687,0.22303567794325613,0.5238095238095238,0.6683245646741864,14
