hand,first_max_height,min_height,second_max_height,dribbling_frequency,bending_angle,duration
0,0.6859053396991024,0.7040819544894774,0.6781151597639292,0.2592592592592591,0.11190984428679085,18
