hand,first_max_height,min_height,second_max_height,dribbling_frequency,bending_angle,duration
0,0.7996496326284831,0.7889007616794697,0.7873267413775955,0.12698412698412698,0.026106697357033748,21
