hand,first_max_height,min_height,second_max_height,dribbling_frequency,bending_angle,duration
0,0.3804541510360604,0.4985333914511742,0.3471401407935652,1.0,0.5925370970738528,10
