hand,first_max_height,min_height,second_max_height,dribbling_frequency,bending_angle,duration
0,0.6354841362130166,0.5752595743023831,0.6377234271795679,0.3750000000000001,0.23859967825904838,16
