hand,first_max_height,min_height,second_max_height,dribbling_frequency,bending_angle,duration
0,0.5586960491011154,0.6314495733734269,0.5329576967401519,0.2592592592592591,0.08338555719575745,18
