hand,first_max_height,min_height,second_max_height,dribbling_frequency,bending_angle,duration
0,0.6132458441694908,0.7669865183516997,0.5774430296158704,0.5238095238095238,0.05308635653703397,14
