hand,first_max_height,min_height,second_max_height,dribbling_frequency,bending_angle,duration
0,0.5803930404480051,0.6238818488341744,0.5378082986821262,0.44444444444444453,0.08228305523723765,15
