hand,first_max_height,min_height,second_max_height,dribbling_frequency,bending_angle,duration
0,0.6478190848366496,0.6790999283202122,0.7113180339463658,0.3750000000000001,0.18438169742320407,16
