hand,first_max_height,min_height,second_max_height,dribbling_frequency,bending_angle,duration
0,0.8029043428015825,0.6757666780876319,0.704077967047506,0.2105263157894739,0.1021994749642476,19
