hand,first_max_height,min_height,second_max_height,dribbling_frequency,bending_angle,duration
0,0.6073158813749087,0.6625924546767415,0.6596005811742217,0.31372549019607854,0.05687082491458397,17
