hand,first_max_height,min_height,second_max_height,dribbling_frequency,bending_angle,duration
0,0.6537955512982396,0.7211592310771144,0.6866380715307205,0.5238095238095238,0.2537124497345055,14
