hand,first_max_height,min_height,second_max_height,dribbling_frequency,bending_angle,duration
0,0.670711607956201,0.6850854097325735,0.669289417535632,0.2105263157894739,0.07553448143146742,19
