hand,first_max_height,min_height,second_max_height,dribbling_frequency,bending_angle,duration
0,0.643705199542217,0.6514302513706774,0.6402652759081282,0.2592592592592591,0.18851474333110038,18
