hand,first_max_height,min_height,second_max_height,dribbling_frequency,bending_angle,duration
0,0.5768321314503653,0.6609464850069837,0.5722519979571237,0.5238095238095238,0.21538728958920345,14
