hand,first_max_height,min_height,second_max_height,dribbling_frequency,bending_angle,duration
0,0.669282762914021,0.71341289978976,0.651653876752671,0.44444444444444453,0.13718236381427917,15
