hand,first_max_height,min_height,second_max_height,dribbling_frequency,bending_angle,duration
0,0.7178431241521215,0.7399829166884297,0.7283962415148675,0.05797101449275355,0.01075161307263424,23
