hand,first_max_height,min_height,second_max_height,dribbling_frequency,bending_angle,duration
0,0.7183152158656998,0.7416183251385693,0.7151717341017423,0.09090909090909105,0.009550515836515987,22
