hand,first_max_height,min_height,second_max_height,dribbling_frequency,bending_angle,duration
0,0.8139080245903043,0.40510869901795765,0.7196761944189444,0.16666666666666674,0.20540051475439974,20
