hand,first_max_height,min_height,second_max_height,dribbling_frequency,bending_angle,duration
0,0.5888237180625757,0.6094845356084453,0.5615651174275156,0.5238095238095238,0.2539984224595974,14
