hand,first_max_height,min_height,second_max_height,dribbling_frequency,bending_angle,duration
0,0.6666339418639573,0.5702314997786816,0.7015635851461086,0.2105263157894739,0.17745456134492307,19
