hand,first_max_height,min_height,second_max_height,dribbling_frequency,bending_angle,duration
0,0.627057979788294,0.7212256158861434,0.6398193497340423,0.2592592592592591,0.13445419383237583,18
