hand,first_max_height,min_height,second_max_height,dribbling_frequency,bending_angle,duration
0,0.5074319666505113,0.6141112837866529,0.5832283480503954,0.05797101449275355,0.19248226332350582,23
