hand,first_max_height,min_height,second_max_height,dribbling_frequency,bending_angle,duration
0,0.5692879548298355,0.7213226066785561,0.5709009578745543,0.6153846153846155,0.10123777185499301,13
