hand,first_max_height,min_height,second_max_height,dribbling_frequency,bending_angle,duration
0,0.531067405723876,0.6382240569208069,0.4501223155429336,0.5238095238095238,0.13251191936319234,14
