hand,first_max_height,min_height,second_max_height,dribbling_frequency,bending_angle,duration
0,0.5411451378950481,0.6602111511104333,0.5627205122439094,0.5238095238095238,0.17351849006370368,14
