hand,first_max_height,min_height,second_max_height,dribbling_frequency,bending_angle,duration
0,0.235823821652475,0.40366202746534985,0.22290261532124955,0.7222222222222222,0.6639029937962514,12
