hand,first_max_height,min_height,second_max_height,dribbling_frequency,bending_angle,duration
0,0.848067203760835,0.7227583577863885,0.8087174891545147,0.31372549019607854,0.05230263251977858,17
