hand,first_max_height,min_height,second_max_height,dribbling_frequency,bending_angle,duration
0,0.5664491941227512,0.6090023836026074,0.5281207537086114,0.5238095238095238,0.2884441110743662,14
