hand,first_max_height,min_height,second_max_height,dribbling_frequency,bending_angle,duration
0,0.5863604148464943,0.6568362307596312,0.5677090940156464,0.31372549019607854,0.21504890486362555,17
