hand,first_max_height,min_height,second_max_height,dribbling_frequency,bending_angle,duration
0,0.6678254492808202,0.684102713392855,0.7104915953619804,0.2105263157894739,0.2095020032471569,19
