hand,first_max_height,min_height,second_max_height,dribbling_frequency,bending_angle,duration
0,0.642312524018821,0.7101591820069579,0.6564436344572588,0.44444444444444453,0.10348370249112218,15
