hand,first_max_height,min_height,second_max_height,dribbling_frequency,bending_angle,duration
0,0.3250174575064048,0.38338829358495,0.2532066216907719,1.0,0.7679344641505665,10
