hand,first_max_height,min_height,second_max_height,dribbling_frequency,bending_angle,duration
0,0.5248177799020193,0.7183367990179073,0.5756862950590381,0.6153846153846155,0.15855847540129964,13
