hand,first_max_height,min_height,second_max_height,dribbling_frequency,bending_angle,duration
0,0.5474934349590819,0.7787471189244339,0.558643600657664,1.0,0.03865002903433786,10
