hand,first_max_height,min_height,second_max_height,dribbling_frequency,bending_angle,duration
0,0.6978863437460641,0.6547538025240166,0.5400557606392669,0.3750000000000001,0.132809305214136,16
