hand,first_max_height,min_height,second_max_height,dribbling_frequency,bending_angle,duration
0,0.615560295904423,0.74962258008871,0.6595795712865364,0.5238095238095238,0.07745212515752234,14
