hand,first_max_height,min_height,second_max_height,dribbling_frequency,bending_angle,duration
0,0.4341029375561577,0.6609477782175492,0.48722379044449937,1.0,0.08105143654602402,10
