hand,first_max_height,min_height,second_max_height,dribbling_frequency,bending_angle,duration
0,0.5869810102573872,0.7227536160143151,0.5847625168703064,0.5238095238095238,0.0861547318985338,14
