hand,first_max_height,min_height,second_max_height,dribbling_frequency,bending_angle,duration
0,0.6043763627226406,0.6357015778677646,0.5956971452007991,0.3750000000000001,0.26664901968523297,16
