hand,first_max_height,min_height,second_max_height,dribbling_frequency,bending_angle,duration
0,0.6573023550679185,0.706434160818062,0.6413004226439403,0.2592592592592591,0.12743961751700889,18
