hand,first_max_height,min_height,second_max_height,dribbling_frequency,bending_angle,duration
0,0.6411946970914588,0.7223441711802709,0.6593821876135784,0.2592592592592591,0.20170550851148902,18
