hand,first_max_height,min_height,second_max_height,dribbling_frequency,bending_angle,duration
0,0.738320536958367,0.7225102768929065,0.7294068022118991,0.2592592592592591,0.03042958030020199,18
