hand,first_max_height,min_height,second_max_height,dribbling_frequency,bending_angle,duration
0,0.6051045723885966,0.6898479450201587,0.602842742108223,0.6153846153846155,0.07498129158112427,13
