hand,first_max_height,min_height,second_max_height,dribbling_frequency,bending_angle,duration
0,0.32947783486677024,0.37889927233196846,0.35173350820049937,0.6153846153846155,0.6768191500860443,13
