hand,first_max_height,min_height,second_max_height,dribbling_frequency,bending_angle,duration
0,0.6539190145594733,0.6860459059575841,0.654696336965817,0.3750000000000001,0.11706946460099883,16
