hand,first_max_height,min_height,second_max_height,dribbling_frequency,bending_angle,duration
0,0.7879204737610759,0.7883047352988363,0.7858673240493306,0.05797101449275355,0.01346139809213155,23
