hand,first_max_height,min_height,second_max_height,dribbling_frequency,bending_angle,duration
0,0.24113646814088924,0.3589926665621083,0.24362536787481387,1.0,0.7244207662682185,10
