hand,first_max_height,min_height,second_max_height,dribbling_frequency,bending_angle,duration
0,0.5417733845502992,0.6257789168887339,0.5317316729396246,0.7222222222222222,0.32401196434580026,12
