hand,first_max_height,min_height,second_max_height,dribbling_frequency,bending_angle,duration
0,0.6869483931020552,0.7860827121671788,0.6696107744465627,0.5238095238095238,0.12820990656726688,14
