hand,first_max_height,min_height,second_max_height,dribbling_frequency,bending_angle,duration
0,0.7216195100769123,0.609588423523874,0.6667321714898555,0.2105263157894739,0.1678798594110026,19
