hand,first_max_height,min_height,second_max_height,dribbling_frequency,bending_angle,duration
0,0.659888028510325,0.7979425307282997,0.6771629598660235,0.5238095238095238,0.05319080590796648,14
