hand,first_max_height,min_height,second_max_height,dribbling_frequency,bending_angle,duration
0,0.6198743556372902,0.57650335548627,0.5763340750949512,0.2592592592592591,0.19175529766541222,18
