hand,first_max_height,min_height,second_max_height,dribbling_frequency,bending_angle,duration
0,0.6747224498688233,0.7466211102112121,0.6507727528577856,0.44444444444444453,0.07102142885821949,15
