hand,first_max_height,min_height,second_max_height,dribbling_frequency,bending_angle,duration
0,0.25591926844167256,0.3418402400716095,0.2610917865122233,0.7222222222222222,0.7591132766732421,12
