hand,first_max_height,min_height,second_max_height,dribbling_frequency,bending_angle,duration
0,0.5445346888291086,0.7185059940668936,0.5527211964311501,0.7222222222222222,0.23363030643003166,12
