hand,first_max_height,min_height,second_max_height,dribbling_frequency,bending_angle,duration
0,0.5897255712287377,0.7296017407188972,0.6155830287292829,0.5238095238095238,0.049582708776531224,14
