hand,first_max_height,min_height,second_max_height,dribbling_frequency,bending_angle,duration
0,0.6391401889310838,0.6565133591884443,0.6318539201880062,0.16666666666666674,0.16634319819495938,20
