hand,first_max_height,min_height,second_max_height,dribbling_frequency,bending_angle,duration
0,0.6695133932796735,0.7302140040766308,0.6627913026515297,0.6153846153846155,0.15032759586570024,13
