hand,first_max_height,min_height,second_max_height,dribbling_frequency,bending_angle,duration
0,0.6362502046335239,0.708303568535526,0.6428834158600563,0.44444444444444453,0.07785113119199365,15
