hand,first_max_height,min_height,second_max_height,dribbling_frequency,bending_angle,duration
0,0.45377110706301765,0.6551467230008348,0.46264400992828947,1.0,0.12116220480851238,10
