hand,first_max_height,min_height,second_max_height,dribbling_frequency,bending_angle,duration
0,0.5685324192911718,0.6058016156079596,0.5468144875344436,0.7222222222222222,0.37793088264982344,12
