hand,first_max_height,min_height,second_max_height,dribbling_frequency,bending_angle,duration
0,0.4031246887024159,0.48365141164350767,0.341833778261993,0.6153846153846155,0.5177967944171555,13
