hand,first_max_height,min_height,second_max_height,dribbling_frequency,bending_angle,duration
0,0.6057025618502496,0.7342363918505607,0.5234103666908346,0.7222222222222222,0.2347450302036944,12
