hand,first_max_height,min_height,second_max_height,dribbling_frequency,bending_angle,duration
0,0.3383024025155702,0.4070072039731454,0.256507905839445,1.0,0.6791733418917393,10
