hand,first_max_height,min_height,second_max_height,dribbling_frequency,bending_angle,duration
0,0.5383814984962074,0.6137741868992455,0.5431015983284473,0.6153846153846155,0.352925108529206,13
