hand,first_max_height,min_height,second_max_height,dribbling_frequency,bending_angle,duration
0,0.7464788501471498,0.7841960616421748,0.7247787163380808,0.05797101449275355,0.010612632169048009,23
