hand,first_max_height,min_height,second_max_height,dribbling_frequency,bending_angle,duration
0,0.6603407436959832,0.5780639014136733,0.6483507051909199,0.2105263157894739,0.2004143040886385,19
