hand,first_max_height,min_height,second_max_height,dribbling_frequency,bending_angle,duration
0,0.2228066701958445,0.3158408882574829,0.21114184641896275,0.7222222222222222,0.6668393185728265,12
