hand,first_max_height,min_height,second_max_height,dribbling_frequency,bending_angle,duration
0,0.6862032413950205,0.7915386956979986,0.6268735337625294,0.5238095238095238,0.07629553026962156,14
