hand,first_max_height,min_height,second_max_height,dribbling_frequency,bending_angle,duration
0,0.5494979119306995,0.6305378599247482,0.5551138898577747,0.7222222222222222,0.2859616653930876,12
