hand,first_max_height,min_height,second_max_height,dribbling_frequency,bending_angle,duration
0,0.5855107789389065,0.7116402673296144,0.5379316758949162,0.6153846153846155,0.17610512944358547,13
