hand,first_max_height,min_height,second_max_height,dribbling_frequency,bending_angle,duration
0,0.6109172823475606,0.6688080557247307,0.5890915967775401,0.5238095238095238,0.2057466937542329,14
