hand,first_max_height,min_height,second_max_height,dribbling_frequency,bending_angle,duration
0,0.7135665257065662,0.7205574570939677,0.7086933873861948,0.3750000000000001,0.0635451701093825,16
