hand,first_max_height,min_height,second_max_height,dribbling_frequency,bending_angle,duration
0,0.48531942330484557,0.603534904866761,0.35262536054867094,1.0,0.3504651499015653,10
