hand,first_max_height,min_height,second_max_height,dribbling_frequency,bending_angle,duration
0,0.5985783093681288,0.7028110877287465,0.6245096482197285,0.5238095238095238,0.09750378731543256,14
