hand,first_max_height,min_height,second_max_height,dribbling_frequency,bending_angle,duration
0,0.49816844611921673,0.6822409212487213,0.5430198435409062,1.0,0.15616419258843953,10
