hand,first_max_height,min_height,second_max_height,dribbling_frequency,bending_angle,duration
0,0.48168339299896223,0.7263312111987437,0.6054482165250217,0.8484848484848487,0.35053605069271115,11
