hand,first_max_height,min_height,second_max_height,dribbling_frequency,bending_angle,duration
0,0.5378221627235846,0.6491585114772798,0.5770734443339176,0.6153846153846155,0.3179823334921894,13
