hand,first_max_height,min_height,second_max_height,dribbling_frequency,bending_angle,duration
0,0.2316232884998568,0.2635086799933933,0.14673000096481578,0.7222222222222222,0.6928489246437171,12
