hand,first_max_height,min_height,second_max_height,dribbling_frequency,bending_angle,duration
1,0.18639151665797618,0.2610529449745372,0.15621380466342524,1.0,0.8310097448620115,10
