hand,first_max_height,min_height,second_max_height,dribbling_frequency,bending_angle,duration
1,0.8049197501222832,0.6734660564916045,0.8133987206071112,0.2592592592592591,0.0880394601198112,18
