hand,first_max_height,min_height,second_max_height,dribbling_frequency,bending_angle,duration
1,0.7067515524200909,0.6636334891819703,0.7163270295806057,0.31372549019607854,0.210050865461816,17
