hand,first_max_height,min_height,second_max_height,dribbling_frequency,bending_angle,duration
1,0.549107946885459,0.6966944891340497,0.5552670683296927,0.5238095238095238,0.2774879768919334,14
