hand,first_max_height,min_height,second_max_height,dribbling_frequency,bending_angle,duration
1,0.689712131867706,0.7065293554846892,0.6674998022562284,0.3750000000000001,0.05413953565133202,16
