hand,first_max_height,min_height,second_max_height,dribbling_frequency,bending_angle,duration
1,0.6340456029068766,0.7203215898558264,0.6442341579300344,0.5238095238095238,0.17194346415041087,14
