hand,first_max_height,min_height,second_max_height,dribbling_frequency,bending_angle,duration
1,0.24010086724867463,0.32790115445625645,0.3059967211164644,0.5238095238095238,0.6444630465316026,14
