hand,first_max_height,min_height,second_max_height,dribbling_frequency,bending_angle,duration
1,0.824773735563555,0.748282742097819,0.795278064994311,0.3750000000000001,0.036079604007374526,16
