hand,first_max_height,min_height,second_max_height,dribbling_frequency,bending_angle,duration
1,0.8563834604938679,0.7514899761452943,0.8359416843994506,0.09090909090909105,0.11208142106569384,22
