hand,first_max_height,min_height,second_max_height,dribbling_frequency,bending_angle,duration
1,0.708424839814492,0.6844643094359755,0.7346664264354056,0.31372549019607854,0.012808832075720372,17
