hand,first_max_height,min_height,second_max_height,dribbling_frequency,bending_angle,duration
1,0.8174981474300389,0.6402795432696402,0.7964668372209283,0.2105263157894739,0.11463375042073996,19
