hand,first_max_height,min_height,second_max_height,dribbling_frequency,bending_angle,duration
1,0.7744109597616586,0.660266615474687,0.7268539766862266,0.31372549019607854,0.08666130486735614,17
