hand,first_max_height,min_height,second_max_height,dribbling_frequency,bending_angle,duration
1,0.7340372312531471,0.707709841195898,0.7524587218413801,0.3750000000000001,0.12691218348558453,16
