hand,first_max_height,min_height,second_max_height,dribbling_frequency,bending_angle,duration
1,0.6883185123596164,0.7558829405912717,0.6954420588398543,0.31372549019607854,0.12345960160195603,17
