hand,first_max_height,min_height,second_max_height,dribbling_frequency,bending_angle,duration
1,0.6901085060721814,0.6394631681776517,0.7355376165772484,0.2105263157894739,0.0688898556956005,19
