hand,first_max_height,min_height,second_max_height,dribbling_frequency,bending_angle,duration
1,0.5753573292586316,0.7449577540438516,0.6025160209706493,0.44444444444444453,0.2670800679517491,15
