hand,first_max_height,min_height,second_max_height,dribbling_frequency,bending_angle,duration
1,0.46180804369357353,0.31817692945399867,0.4253888598671534,0.2592592592592591,0.707184233148954,18
