hand,first_max_height,min_height,second_max_height,dribbling_frequency,bending_angle,duration
1,0.7407055888116947,0.7634977954711335,0.742429654438258,0.16666666666666674,0.12567472643889038,20
