hand,first_max_height,min_height,second_max_height,dribbling_frequency,bending_angle,duration
1,0.5476057194542079,0.6065631729409772,0.6916039050079898,0.5238095238095238,0.4401684275450204,14
