hand,first_max_height,min_height,second_max_height,dribbling_frequency,bending_angle,duration
1,0.5659066513409923,0.6262629368653885,0.5689888594201344,0.2592592592592591,0.2945079201945004,18
