hand,first_max_height,min_height,second_max_height,dribbling_frequency,bending_angle,duration
1,0.6329502825619446,0.6625123474667118,0.654845988955405,0.44444444444444453,0.09814178361606499,15
