hand,first_max_height,min_height,second_max_height,dribbling_frequency,bending_angle,duration
1,0.373145771855295,0.465207786248387,0.38594450931047203,0.8484848484848487,0.5589751408869128,11
