hand,first_max_height,min_height,second_max_height,dribbling_frequency,bending_angle,duration
1,0.41278354008668255,0.3742613163288598,0.5155527183653115,0.3750000000000001,0.6912522624441462,16
