hand,first_max_height,min_height,second_max_height,dribbling_frequency,bending_angle,duration
1,0.6622894262038723,0.6428765974652931,0.6047893603544661,0.5238095238095238,0.3393261239818529,14
