hand,first_max_height,min_height,second_max_height,dribbling_frequency,bending_angle,duration
1,0.776382695369432,0.7514028281221857,0.8278988212484468,0.31372549019607854,0.04516036005894117,17
