hand,first_max_height,min_height,second_max_height,dribbling_frequency,bending_angle,duration
1,0.6869308548601176,0.5909599408629179,0.41509227649459207,0.7222222222222222,0.20672323258866424,12
