hand,first_max_height,min_height,second_max_height,dribbling_frequency,bending_angle,duration
1,0.38910974542471727,0.26928387099879764,0.6100782891494484,0.16666666666666674,0.7415956083142741,20
