hand,first_max_height,min_height,second_max_height,dribbling_frequency,bending_angle,duration
1,0.5265091023724073,0.6293126147589669,0.563423126596618,0.8484848484848487,0.39046217498641034,11
