hand,first_max_height,min_height,second_max_height,dribbling_frequency,bending_angle,duration
1,0.4568882438878854,0.33811622471315345,0.38470835308184126,0.44444444444444453,0.5992419701698435,15
