hand,first_max_height,min_height,second_max_height,dribbling_frequency,bending_angle,duration
1,0.7272649360115007,0.6004990212192146,0.7265841759535875,0.16666666666666674,0.16003455147324705,20
