hand,first_max_height,min_height,second_max_height,dribbling_frequency,bending_angle,duration
1,0.4995600782911094,0.42569797627633965,0.8830041804957961,0.12698412698412698,0.5243157277327392,21
