hand,first_max_height,min_height,second_max_height,dribbling_frequency,bending_angle,duration
1,0.7494963717451468,0.6957701309598417,0.7183234159295925,0.3750000000000001,0.08681250743521877,16
