hand,first_max_height,min_height,second_max_height,dribbling_frequency,bending_angle,duration
1,0.6886089615447961,0.6440661356504603,0.6845214867699172,0.3750000000000001,0.09715875568177001,16
