hand,first_max_height,min_height,second_max_height,dribbling_frequency,bending_angle,duration
1,0.7333216411720413,0.7898875531859788,0.7766937514582439,0.6153846153846155,0.034967879238083734,13
