hand,first_max_height,min_height,second_max_height,dribbling_frequency,bending_angle,duration
1,0.6970119158194197,0.7244183372372726,0.7677808902157623,0.31372549019607854,0.08690892666839295,17
