hand,first_max_height,min_height,second_max_height,dribbling_frequency,bending_angle,duration
1,0.7170473450554702,0.8202698829867159,0.5796303923671028,0.8484848484848487,0.06421684109437498,11
