hand,first_max_height,min_height,second_max_height,dribbling_frequency,bending_angle,duration
1,0.8294629050035909,0.7685702702242507,0.7196724692615533,0.3750000000000001,0.0265267462297312,16
