hand,first_max_height,min_height,second_max_height,dribbling_frequency,bending_angle,duration
1,0.5859309514943402,0.6053133567744513,0.6208579509324752,0.3750000000000001,0.11272378479349414,16
