hand,first_max_height,min_height,second_max_height,dribbling_frequency,bending_angle,duration
1,0.844450897766706,0.7459001453209451,0.8038819368484,0.2105263157894739,0.020110946815120424,19
