hand,first_max_height,min_height,second_max_height,dribbling_frequency,bending_angle,duration
1,0.7277149682932931,0.7378740494812538,0.7567249707606187,0.3750000000000001,0.0997624144827584,16
