hand,first_max_height,min_height,second_max_height,dribbling_frequency,bending_angle,duration
1,0.5646257634786729,0.6942176316759571,0.5621460433054513,0.44444444444444453,0.2994425856358847,15
