hand,first_max_height,min_height,second_max_height,dribbling_frequency,bending_angle,duration
1,0.6997579176095128,0.7816184056050046,0.6696395326616211,0.5238095238095238,0.013146719132576699,14
