hand,first_max_height,min_height,second_max_height,dribbling_frequency,bending_angle,duration
1,0.5675789947506997,0.6477984131875292,0.6204005016048599,0.44444444444444453,0.15634041541661267,15
