hand,first_max_height,min_height,second_max_height,dribbling_frequency,bending_angle,duration
1,0.6802308489726341,0.6983625152284525,0.7075575620632951,0.3750000000000001,0.07824308722009923,16
