hand,first_max_height,min_height,second_max_height,dribbling_frequency,bending_angle,duration
1,0.4439840724940497,0.34676356453950546,0.4274954115373836,0.31372549019607854,0.5527480254966112,17
