hand,first_max_height,min_height,second_max_height,dribbling_frequency,bending_angle,duration
1,0.7225009433636509,0.7564347822775838,0.6853855246095694,0.2592592592592591,0.07868945689262204,18
