hand,first_max_height,min_height,second_max_height,dribbling_frequency,bending_angle,duration
1,0.792704886288349,0.716883661412472,0.8306527556044683,0.2592592592592591,0.01631900042250267,18
