hand,first_max_height,min_height,second_max_height,dribbling_frequency,bending_angle,duration
1,0.26759596163348104,0.385877795768572,0.3981162872448996,1.0,0.7896407096172059,10
