hand,first_max_height,min_height,second_max_height,dribbling_frequency,bending_angle,duration
1,0.7540895528468714,0.7322388125970493,0.7469858199400473,0.31372549019607854,0.016873063765406676,17
