hand,first_max_height,min_height,second_max_height,dribbling_frequency,bending_angle,duration
1,0.6832198026128005,0.7109108965706714,0.7279324345853049,0.44444444444444453,0.06931975509272809,15
