hand,first_max_height,min_height,second_max_height,dribbling_frequency,bending_angle,duration
1,0.7259425128226658,0.76799213325644,0.7395903394748347,0.31372549019607854,0.025946330954335288,17
