hand,first_max_height,min_height,second_max_height,dribbling_frequency,bending_angle,duration
1,0.31058100022133955,0.3163574540333694,0.38862259946201266,0.7222222222222222,0.7165218842342608,12
