hand,first_max_height,min_height,second_max_height,dribbling_frequency,bending_angle,duration
1,0.7642711730177376,0.8151391419131198,0.7611469312588015,0.31372549019607854,0.005069183866011392,17
