hand,first_max_height,min_height,second_max_height,dribbling_frequency,bending_angle,duration
1,0.8671220316339207,0.772210729811169,0.830412706462192,0.05797101449275355,0.05464279312940914,23
