hand,first_max_height,min_height,second_max_height,dribbling_frequency,bending_angle,duration
1,0.4686898411596703,0.5040758763998197,0.5052431217762643,0.44444444444444453,0.34487804533683636,15
