hand,first_max_height,min_height,second_max_height,dribbling_frequency,bending_angle,duration
1,0.6651618722594943,0.7095543905324917,0.5960161180109993,0.44444444444444453,0.135007218303461,15
