hand,first_max_height,min_height,second_max_height,dribbling_frequency,bending_angle,duration
1,0.7677124443763229,0.7278355024665477,0.7397124749684945,0.3750000000000001,0.08041963264256596,16
