hand,first_max_height,min_height,second_max_height,dribbling_frequency,bending_angle,duration
1,0.3421990719636793,0.3898079345221628,0.6946131864859733,0.3750000000000001,0.7665511365892128,16
