hand,first_max_height,min_height,second_max_height,dribbling_frequency,bending_angle,duration
1,0.5938268369383197,0.560484715436559,0.5933541205393879,0.3750000000000001,0.3411482537608577,16
