hand,first_max_height,min_height,second_max_height,dribbling_frequency,bending_angle,duration
1,0.7581690572250973,0.7864091759899366,0.7504615407921498,0.31372549019607854,0.033525577455607365,17
