hand,first_max_height,min_height,second_max_height,dribbling_frequency,bending_angle,duration
1,0.5617355804474934,0.5647506578669915,0.5938107751667597,0.3750000000000001,0.37449172491616045,16
