hand,first_max_height,min_height,second_max_height,dribbling_frequency,bending_angle,duration
1,0.6568977831016305,0.8526477803800847,0.6779015840735116,0.8484848484848487,0.039602451450023744,11
