hand,first_max_height,min_height,second_max_height,dribbling_frequency,bending_angle,duration
1,0.646324806750186,0.666487892280158,0.6203757665597835,0.44444444444444453,0.10952367328269683,15
