hand,first_max_height,min_height,second_max_height,dribbling_frequency,bending_angle,duration
1,0.5726339334177786,0.6320440910084005,0.7193452514363275,0.5238095238095238,0.4098838139949872,14
