hand,first_max_height,min_height,second_max_height,dribbling_frequency,bending_angle,duration
1,0.8389017085874535,0.7723802122402812,0.8671611854493863,0.09090909090909105,0.06406229060658282,22
