hand,first_max_height,min_height,second_max_height,dribbling_frequency,bending_angle,duration
1,0.32236237634732073,0.2992341966256258,0.35361809015899087,0.6153846153846155,0.6838910172257064,13
