hand,first_max_height,min_height,second_max_height,dribbling_frequency,bending_angle,duration
1,0.5751345985543619,0.6919687385025498,0.5612159956768306,0.44444444444444453,0.31864814200017133,15
