hand,first_max_height,min_height,second_max_height,dribbling_frequency,bending_angle,duration
1,0.7029957354249383,0.6825974881396426,0.7252617947485462,0.3750000000000001,0.096822865415792,16
