hand,first_max_height,min_height,second_max_height,dribbling_frequency,bending_angle,duration
1,0.7165719742371671,0.6017548723683794,0.6965476855535044,0.2105263157894739,0.07388147236706835,19
