hand,first_max_height,min_height,second_max_height,dribbling_frequency,bending_angle,duration
1,0.6368517216169265,0.6364512807705984,0.6442377837498949,0.31372549019607854,0.2650855460195993,17
