hand,first_max_height,min_height,second_max_height,dribbling_frequency,bending_angle,duration
1,0.7232546902997374,0.6444740717388445,0.7255441120100192,0.3750000000000001,0.21041512832406786,16
