hand,first_max_height,min_height,second_max_height,dribbling_frequency,bending_angle,duration
1,0.7390360276726629,0.6734126037882304,0.7873142745175269,0.31372549019607854,0.12997543162143133,17
