hand,first_max_height,min_height,second_max_height,dribbling_frequency,bending_angle,duration
1,0.393016450920621,0.34716718992600476,0.29785531513527724,0.7222222222222222,0.645786050425664,12
