hand,first_max_height,min_height,second_max_height,dribbling_frequency,bending_angle,duration
1,0.48242784913832826,0.5748856209138589,0.5025377634726215,0.5238095238095238,0.3757461668272474,14
