hand,first_max_height,min_height,second_max_height,dribbling_frequency,bending_angle,duration
1,0.7825279860409504,0.6828815633938645,0.8086219761190093,0.3750000000000001,0.1641253306238175,16
