hand,first_max_height,min_height,second_max_height,dribbling_frequency,bending_angle,duration
1,0.574879126486248,0.5862064580492912,0.6231534922543422,0.2105263157894739,0.31711426770935824,19
