hand,first_max_height,min_height,second_max_height,dribbling_frequency,bending_angle,duration
1,0.43678867337607924,0.5252585217726728,0.46475344238690197,0.7222222222222222,0.5353732316896146,12
