hand,first_max_height,min_height,second_max_height,dribbling_frequency,bending_angle,duration
1,0.3549923499977269,0.44244512494461663,0.3743286241963128,0.8484848484848487,0.5402971015458184,11
