hand,first_max_height,min_height,second_max_height,dribbling_frequency,bending_angle,duration
1,0.806329367686758,0.6703933881879728,0.764882221077909,0.2105263157894739,0.09262005633119594,19
