hand,first_max_height,min_height,second_max_height,dribbling_frequency,bending_angle,duration
1,0.698650772614209,0.6723945596930551,0.7297075962540314,0.31372549019607854,0.0753914048481978,17
