hand,first_max_height,min_height,second_max_height,dribbling_frequency,bending_angle,duration
1,0.7311487374577348,0.6374935366413613,0.6413950913104371,0.16666666666666674,0.1153775209376667,20
