hand,first_max_height,min_height,second_max_height,dribbling_frequency,bending_angle,duration
1,0.6900279692728013,0.6894624245815764,0.7685242329559459,0.31372549019607854,0.07706020770522855,17
