hand,first_max_height,min_height,second_max_height,dribbling_frequency,bending_angle,duration
1,0.8168946431104394,0.7442204084864213,0.7952107141486817,0.09090909090909105,0.049782208422165374,22
