hand,first_max_height,min_height,second_max_height,dribbling_frequency,bending_angle,duration
1,0.8369794576509835,0.7330043932518261,0.8179622370861521,0.2105263157894739,0.04425492171691682,19
