hand,first_max_height,min_height,second_max_height,dribbling_frequency,bending_angle,duration
1,0.1438981450452355,0.24514609579371055,0.1689427668060165,0.8484848484848487,0.845509702294233,11
