hand,first_max_height,min_height,second_max_height,dribbling_frequency,bending_angle,duration
1,0.7893482257683475,0.7376960174934031,0.6824061933970095,0.2592592592592591,0.1371987676014419,18
