hand,first_max_height,min_height,second_max_height,dribbling_frequency,bending_angle,duration
1,0.6268858267902357,0.6181865495037054,0.588434479013767,0.3750000000000001,0.35832857106436505,16
