hand,first_max_height,min_height,second_max_height,dribbling_frequency,bending_angle,duration
1,0.366773775807113,0.2729550802591624,0.22223615982961628,0.8484848484848487,0.7751727385789952,11
