hand,first_max_height,min_height,second_max_height,dribbling_frequency,bending_angle,duration
1,0.7741518111215804,0.7679072842743369,0.8115176651309498,0.2592592592592591,0.03161012237961429,18
