hand,first_max_height,min_height,second_max_height,dribbling_frequency,bending_angle,duration
1,0.3896759375072195,0.5374365419779384,0.7680054427032921,0.3750000000000001,0.5925911322654419,16
