hand,first_max_height,min_height,second_max_height,dribbling_frequency,bending_angle,duration
1,0.42877568414669615,0.37878654747767554,0.7738391881839001,0.16666666666666674,0.6792577649216213,20
