hand,first_max_height,min_height,second_max_height,dribbling_frequency,bending_angle,duration
1,0.7546508262722864,0.6966482209338173,0.726647851310591,0.31372549019607854,0.04536764964459744,17
