hand,first_max_height,min_height,second_max_height,dribbling_frequency,bending_angle,duration
1,0.7148315148793103,0.6388267648893621,0.7342455829877526,0.2105263157894739,0.09465725669142265,19
