hand,first_max_height,min_height,second_max_height,dribbling_frequency,bending_angle,duration
1,0.7103576236328057,0.7435106514210553,0.7063836407974766,0.3750000000000001,0.20923579326397687,16
