hand,first_max_height,min_height,second_max_height,dribbling_frequency,bending_angle,duration
1,0.7699684684270656,0.47736540246473014,0.7809135104132429,0.09090909090909105,0.30825547172813245,22
