hand,first_max_height,min_height,second_max_height,dribbling_frequency,bending_angle,duration
1,0.5009939910405915,0.5711284849959197,0.4508752940235685,1.0,0.4079263453351197,10
