hand,first_max_height,min_height,second_max_height,dribbling_frequency,bending_angle,duration
1,0.6250904175865342,0.6428972888343412,0.5814751399758932,0.44444444444444453,0.10287842785367989,15
