hand,first_max_height,min_height,second_max_height,dribbling_frequency,bending_angle,duration
1,0.6343103906134135,0.5126289555449529,0.5345467992143891,0.3750000000000001,0.32892401838267965,16
