hand,first_max_height,min_height,second_max_height,dribbling_frequency,bending_angle,duration
1,0.7041391493058358,0.7355127188336793,0.7277951997870203,0.3750000000000001,0.13045204440470154,16
