hand,first_max_height,min_height,second_max_height,dribbling_frequency,bending_angle,duration
1,0.26729845740480224,0.29180362425134787,0.3217279614411442,0.8484848484848487,0.7966311021917704,11
