hand,first_max_height,min_height,second_max_height,dribbling_frequency,bending_angle,duration
1,0.6658758724716425,0.6600437521872322,0.7752644334016983,0.2592592592592591,0.30495410867499123,18
