hand,first_max_height,min_height,second_max_height,dribbling_frequency,bending_angle,duration
1,0.7039046436345994,0.6570472396169021,0.7186166603194123,0.31372549019607854,0.08088129271049062,17
