hand,first_max_height,min_height,second_max_height,dribbling_frequency,bending_angle,duration
1,0.46598840538379305,0.497245425572966,0.47139713642184466,0.6153846153846155,0.4382469708343666,13
