hand,first_max_height,min_height,second_max_height,dribbling_frequency,bending_angle,duration
1,0.5600491766341926,0.6315842109623019,0.5750043925814236,0.31372549019607854,0.30089454342655486,17
