hand,first_max_height,min_height,second_max_height,dribbling_frequency,bending_angle,duration
1,0.5717356077733662,0.6533999547519992,0.5596217773197765,0.5238095238095238,0.3578242275871885,14
