hand,first_max_height,min_height,second_max_height,dribbling_frequency,bending_angle,duration
1,0.457669614797109,0.5676025463890797,0.4816978423019188,0.8484848484848487,0.5166402424522324,11
