hand,first_max_height,min_height,second_max_height,dribbling_frequency,bending_angle,duration
1,0.7117311710453065,0.6893320976945865,0.6897226508567675,0.3750000000000001,0.07795477903001513,16
