hand,first_max_height,min_height,second_max_height,dribbling_frequency,bending_angle,duration
1,0.46796163149371417,0.5383603972369264,0.5788130928355165,0.44444444444444453,0.4661384492466483,15
