hand,first_max_height,min_height,second_max_height,dribbling_frequency,bending_angle,duration
1,0.5874038160332818,0.7054960802428534,0.5878802252627509,0.5238095238095238,0.34225829105569167,14
