hand,first_max_height,min_height,second_max_height,dribbling_frequency,bending_angle,duration
1,0.698233432012856,0.6749429748024387,0.7211161415912456,0.3750000000000001,0.08538115028971954,16
