hand,first_max_height,min_height,second_max_height,dribbling_frequency,bending_angle,duration
1,0.44005635091786355,0.369032866012537,0.39085367072663285,0.5238095238095238,0.6399468282773423,14
