hand,first_max_height,min_height,second_max_height,dribbling_frequency,bending_angle,duration
1,0.7231927350937984,0.7072518291206161,0.7368511567420817,0.31372549019607854,0.052926300905089985,17
