hand,first_max_height,min_height,second_max_height,dribbling_frequency,bending_angle,duration
1,0.6616758361530735,0.6119343074896938,0.4949086411358451,0.5238095238095238,0.10719765235421481,14
