hand,first_max_height,min_height,second_max_height,dribbling_frequency,bending_angle,duration
1,0.5935890521623584,0.7226727903539711,0.5946165515448165,0.44444444444444453,0.3085114393929948,15
