hand,first_max_height,min_height,second_max_height,dribbling_frequency,bending_angle,duration
1,0.4082815777163966,0.5732147928632308,0.44104952087646493,0.6153846153846155,0.38624391028548866,13
