hand,first_max_height,min_height,second_max_height,dribbling_frequency,bending_angle,duration
1,0.5895469097046346,0.7309122659369702,0.5903837297045664,0.44444444444444453,0.25803954454677647,15
