hand,first_max_height,min_height,second_max_height,dribbling_frequency,bending_angle,duration
1,0.4616180046697431,0.33348839885947457,0.42762609005866004,0.2592592592592591,0.6469108285536219,18
