hand,first_max_height,min_height,second_max_height,dribbling_frequency,bending_angle,duration
1,0.6969352543256235,0.6690958669205862,0.7118726850475039,0.31372549019607854,0.039261987802318356,17
