hand,first_max_height,min_height,second_max_height,dribbling_frequency,bending_angle,duration
1,0.7195898436189987,0.7886482263940398,0.7254911651063016,0.5238095238095238,0.05427897748235918,14
