hand,first_max_height,min_height,second_max_height,dribbling_frequency,bending_angle,duration
1,0.7074713655906151,0.7310860590679674,0.6754498344850485,0.44444444444444453,0.07276260223871056,15
