hand,first_max_height,min_height,second_max_height,dribbling_frequency,bending_angle,duration
1,0.6674159089740401,0.6805013375030274,0.690796737904507,0.31372549019607854,0.05613346964716575,17
