hand,first_max_height,min_height,second_max_height,dribbling_frequency,bending_angle,duration
1,0.6796746432545213,0.7071360867750037,0.6993900303116056,0.3750000000000001,0.11204809460403234,16
