hand,first_max_height,min_height,second_max_height,dribbling_frequency,bending_angle,duration
1,0.3057921658710283,0.4219794929853027,0.2491304054672397,0.8484848484848487,0.6344889986101566,11
