hand,first_max_height,min_height,second_max_height,dribbling_frequency,bending_angle,duration
1,0.6475895971893104,0.7230892041560627,0.6584649545263829,0.44444444444444453,0.1573519536238728,15
