hand,first_max_height,min_height,second_max_height,dribbling_frequency,bending_angle,duration
1,0.8009371283836572,0.6152261031391467,0.4873249160504738,0.6153846153846155,0.054697941684612006,13
