hand,first_max_height,min_height,second_max_height,dribbling_frequency,bending_angle,duration
1,0.7598701176428503,0.6142762399787858,0.7371491196645967,0.31372549019607854,0.2609884257934904,17
