hand,first_max_height,min_height,second_max_height,dribbling_frequency,bending_angle,duration
1,0.538729431380883,0.5881978586301008,0.5999324008105444,0.6153846153846155,0.4852408405233026,13
