hand,first_max_height,min_height,second_max_height,dribbling_frequency,bending_angle,duration
1,0.5244791378140643,0.6747118493363711,0.6177531564189863,0.12698412698412698,0.07302535675646289,21
