hand,first_max_height,min_height,second_max_height,dribbling_frequency,bending_angle,duration
1,0.5320992306773165,0.6500006070905154,0.7106585817506277,0.44444444444444453,0.17421214241556654,15
