hand,first_max_height,min_height,second_max_height,dribbling_frequency,bending_angle,duration
1,0.6853852041329637,0.6382902261947416,0.6601732620371321,0.2592592592592591,0.2641304420982912,18
