hand,first_max_height,min_height,second_max_height,dribbling_frequency,bending_angle,duration
1,0.6123856256966544,0.7202783391469135,0.6182596288178672,0.44444444444444453,0.16271381954805894,15
