hand,first_max_height,min_height,second_max_height,dribbling_frequency,bending_angle,duration
1,0.873123538531592,0.7619800691824546,0.9087656306051978,0.05797101449275355,0.05791065719888841,23
