hand,first_max_height,min_height,second_max_height,dribbling_frequency,bending_angle,duration
1,0.5216768447261934,0.5126454799021788,0.5344362365430241,0.31372549019607854,0.33218737931735237,17
