hand,first_max_height,min_height,second_max_height,dribbling_frequency,bending_angle,duration
1,0.267734677700026,0.3955633681439276,0.3087101257600718,1.0,0.6710241200864012,10
