hand,first_max_height,min_height,second_max_height,dribbling_frequency,bending_angle,duration
1,0.6780354386758973,0.5213296043846162,0.337760641501904,0.5238095238095238,0.12369871161455395,14
