hand,first_max_height,min_height,second_max_height,dribbling_frequency,bending_angle,duration
1,0.3151521715746832,0.3838169210423824,0.31873750442517657,0.8484848484848487,0.6314746309462533,11
