hand,first_max_height,min_height,second_max_height,dribbling_frequency,bending_angle,duration
1,0.415804142055785,0.3589339691714408,0.4045689055400664,0.44444444444444453,0.7304555171839512,15
