hand,first_max_height,min_height,second_max_height,dribbling_frequency,bending_angle,duration
1,0.7455322322331521,0.6254827716692339,0.7512272344766793,0.2105263157894739,0.03976630249023952,19
