hand,first_max_height,min_height,second_max_height,dribbling_frequency,bending_angle,duration
1,0.7506567773505279,0.7663159168284558,0.7495642248798047,0.31372549019607854,0.03689092817575798,17
