hand,first_max_height,min_height,second_max_height,dribbling_frequency,bending_angle,duration
1,0.4226896657772508,0.5711719512399268,0.4964639688497372,0.7222222222222222,0.38074262803126885,12
