hand,first_max_height,min_height,second_max_height,dribbling_frequency,bending_angle,duration
1,0.7063687417851594,0.6823368343656627,0.7053896694680264,0.44444444444444453,0.09866128236749057,15
