hand,first_max_height,min_height,second_max_height,dribbling_frequency,bending_angle,duration
1,0.678569187494985,0.7419307791802008,0.6719667129869293,0.44444444444444453,0.1338969475205617,15
