hand,first_max_height,min_height,second_max_height,dribbling_frequency,bending_angle,duration
1,0.7953897278069819,0.7448285766773641,0.7704598247363117,0.3750000000000001,0.03395008580732542,16
