hand,first_max_height,min_height,second_max_height,dribbling_frequency,bending_angle,duration
1,0.6870874569524348,0.6206693700994057,0.6618134736707737,0.5238095238095238,0.1813975614455135,14
