hand,first_max_height,min_height,second_max_height,dribbling_frequency,bending_angle,duration
1,0.7048211534052136,0.7870291626885475,0.6368351013137263,0.5238095238095238,0.1250812902853806,14
