hand,first_max_height,min_height,second_max_height,dribbling_frequency,bending_angle,duration
1,0.5373703418392151,0.37980286729209695,0.526393770742142,0.3750000000000001,0.603136001767059,16
