hand,first_max_height,min_height,second_max_height,dribbling_frequency,bending_angle,duration
1,0.5625139206690168,0.5209055031641631,0.6977178319931665,0.2592592592592591,0.5288345066518442,18
