hand,first_max_height,min_height,second_max_height,dribbling_frequency,bending_angle,duration
1,0.3693473264987185,0.3300877579874254,0.39283465975840365,0.6153846153846155,0.726200603735663,13
