hand,first_max_height,min_height,second_max_height,dribbling_frequency,bending_angle,duration
1,0.7796831142750607,0.6636312619859964,0.7285203140903705,0.31372549019607854,0.0465931421659036,17
