hand,first_max_height,min_height,second_max_height,dribbling_frequency,bending_angle,duration
1,0.6400602262234476,0.7385119615152032,0.7398768289125855,0.6153846153846155,0.3183058138660323,13
