hand,first_max_height,min_height,second_max_height,dribbling_frequency,bending_angle,duration
1,0.8005709120059699,0.7252307608525332,0.7928024247297802,0.2592592592592591,0.04257902203268636,18
