hand,first_max_height,min_height,second_max_height,dribbling_frequency,bending_angle,duration
1,0.6945684362819026,0.7446221659021038,0.715382081322421,0.2105263157894739,0.06506426146977319,19
