hand,first_max_height,min_height,second_max_height,dribbling_frequency,bending_angle,duration
1,0.6076361406030422,0.6211594969037307,0.6055676699053598,0.3750000000000001,0.12060420381272362,16
