hand,first_max_height,min_height,second_max_height,dribbling_frequency,bending_angle,duration
1,0.7850179692454755,0.6800857858413129,0.6958703526022894,0.2105263157894739,0.12932125659594218,19
