hand,first_max_height,min_height,second_max_height,dribbling_frequency,bending_angle,duration
1,0.6548722900497306,0.7640175942734337,0.645646985956529,0.5238095238095238,0.13085368663609917,14
