hand,first_max_height,min_height,second_max_height,dribbling_frequency,bending_angle,duration
1,0.30036524755129124,0.4799434177270575,0.34676618466027365,0.7222222222222222,0.6481595787747562,12
