hand,first_max_height,min_height,second_max_height,dribbling_frequency,bending_angle,duration
1,0.2404945585492843,0.24643011019519084,0.7592596175182231,0.16666666666666674,0.7776009288464909,20
