hand,first_max_height,min_height,second_max_height,dribbling_frequency,bending_angle,duration
1,0.7463114170725593,0.7200171824577137,0.7869473216801304,0.31372549019607854,0.0494642129737741,17
