hand,first_max_height,min_height,second_max_height,dribbling_frequency,bending_angle,duration
1,0.6851096102858558,0.7512512351058963,0.7022080373747523,0.5238095238095238,0.14584392690303094,14
