hand,first_max_height,min_height,second_max_height,dribbling_frequency,bending_angle,duration
1,0.7066377277394125,0.6675264840543186,0.6768791525415941,0.3750000000000001,0.2747479449975288,16
