hand,first_max_height,min_height,second_max_height,dribbling_frequency,bending_angle,duration
1,0.7341672527238305,0.6332287437314313,0.7132701157567825,0.2105263157894739,0.0996842411870957,19
