hand,first_max_height,min_height,second_max_height,dribbling_frequency,bending_angle,duration
1,0.8402214488724227,0.6581938863183137,0.7324622756415311,0.31372549019607854,0.08975582704595415,17
