hand,first_max_height,min_height,second_max_height,dribbling_frequency,bending_angle,duration
1,0.41551925741195656,0.37463505418228976,0.377306415677151,0.3750000000000001,0.7026376604647946,16
