hand,first_max_height,min_height,second_max_height,dribbling_frequency,bending_angle,duration
1,0.6824606898689823,0.467580252875831,0.47710790203978437,0.44444444444444453,0.14766953820295783,15
