hand,first_max_height,min_height,second_max_height,dribbling_frequency,bending_angle,duration
1,0.678186674960483,0.7449535151869979,0.7073814366218485,0.3750000000000001,0.012404023599846383,16
