hand,first_max_height,min_height,second_max_height,dribbling_frequency,bending_angle,duration
1,0.24403827708882075,0.323222534165366,0.7038293252088478,0.31372549019607854,0.7609509407709892,17
