hand,first_max_height,min_height,second_max_height,dribbling_frequency,bending_angle,duration
1,0.5255182662280284,0.5096225283602874,0.6307917039751527,0.3750000000000001,0.5363133023017846,16
