hand,first_max_height,min_height,second_max_height,dribbling_frequency,bending_angle,duration
1,0.4619807432090858,0.35442619636525935,0.4811238203823477,0.3750000000000001,0.6647127714492534,16
