hand,first_max_height,min_height,second_max_height,dribbling_frequency,bending_angle,duration
1,0.7190299613289217,0.7485204054617456,0.7145263381665594,0.31372549019607854,0.03256632788270485,17
