hand,first_max_height,min_height,second_max_height,dribbling_frequency,bending_angle,duration
1,0.390613612408331,0.30465705959696243,0.4438113028973901,0.31372549019607854,0.728314903909807,17
