hand,first_max_height,min_height,second_max_height,dribbling_frequency,bending_angle,duration
1,0.7314311876147219,0.7151364620934479,0.7489242428400302,0.12698412698412698,0.18725159530609883,21
