hand,first_max_height,min_height,second_max_height,dribbling_frequency,bending_angle,duration
1,0.7895897367996783,0.6602443435149478,0.8402685292122497,0.2105263157894739,0.01880067116901922,19
