hand,first_max_height,min_height,second_max_height,dribbling_frequency,bending_angle,duration
1,0.5674944335955209,0.6403107958583065,0.5538880647323083,0.44444444444444453,0.33336875419463846,15
