hand,first_max_height,min_height,second_max_height,dribbling_frequency,bending_angle,duration
1,0.39922086484399777,0.3821158462335279,0.383934811732408,0.44444444444444453,0.6250742182402297,15
