hand,first_max_height,min_height,second_max_height,dribbling_frequency,bending_angle,duration
1,0.30361722513712,0.3792389556405068,0.3414924545074466,0.8484848484848487,0.663546795885913,11
