hand,first_max_height,min_height,second_max_height,dribbling_frequency,bending_angle,duration
1,0.6628093133529864,0.6228624396834022,0.6488414822599933,0.31372549019607854,0.25880196730615973,17
