hand,first_max_height,min_height,second_max_height,dribbling_frequency,bending_angle,duration
1,0.5706483361400316,0.635659404834323,0.6870231037986547,0.6153846153846155,0.36553288456652483,13
