hand,first_max_height,min_height,second_max_height,dribbling_frequency,bending_angle,duration
1,0.7016829011332535,0.611005494923538,0.650987222585977,0.31372549019607854,0.06098995165528427,17
