hand,first_max_height,min_height,second_max_height,dribbling_frequency,bending_angle,duration
1,0.7971687911704639,0.7193868141520631,0.8054263871027104,0.12698412698412698,0.11832216485756637,21
