hand,first_max_height,min_height,second_max_height,dribbling_frequency,bending_angle,duration
1,0.7396357560534881,0.6668090395705909,0.6310769516937731,0.31372549019607854,0.059000962605012766,17
