hand,first_max_height,min_height,second_max_height,dribbling_frequency,bending_angle,duration
1,0.3402629096738309,0.5529796397647019,0.5461438101977674,0.7222222222222222,0.46856339892792426,12
