hand,first_max_height,min_height,second_max_height,dribbling_frequency,bending_angle,duration
1,0.5850731675083448,0.7198457602127533,0.5732553070144341,0.5238095238095238,0.27192306816989503,14
