hand,first_max_height,min_height,second_max_height,dribbling_frequency,bending_angle,duration
1,0.745158215560892,0.4554148055510634,0.7903655261021157,0.02777777777777779,0.3372927102750561,24
