hand,first_max_height,min_height,second_max_height,dribbling_frequency,bending_angle,duration
1,0.7184695325213905,0.5209917890468947,0.5149087131555548,0.2592592592592591,0.1896526014332782,18
