hand,first_max_height,min_height,second_max_height,dribbling_frequency,bending_angle,duration
1,0.7136733450271506,0.6804866092715869,0.7260199387807633,0.31372549019607854,0.18733473911023354,17
