hand,first_max_height,min_height,second_max_height,dribbling_frequency,bending_angle,duration
1,0.7669242668406248,0.6502243325183473,0.7741344193243285,0.31372549019607854,0.21855696862847104,17
