hand,first_max_height,min_height,second_max_height,dribbling_frequency,bending_angle,duration
1,0.4273266676421174,0.3975475842215955,0.3874430656257251,0.44444444444444453,0.5928215396467074,15
