hand,first_max_height,min_height,second_max_height,dribbling_frequency,bending_angle,duration
1,0.6784450286660825,0.7291608277610926,0.5813618951912067,0.8484848484848487,0.32070710495245575,11
