hand,first_max_height,min_height,second_max_height,dribbling_frequency,bending_angle,duration
1,0.3460154530294331,0.2795147471626063,0.27963482530439815,0.44444444444444453,0.726145735766878,15
