hand,first_max_height,min_height,second_max_height,dribbling_frequency,bending_angle,duration
1,0.6452882618732779,0.6660989232800677,0.7061103632512726,0.2105263157894739,0.12250930264508986,19
