hand,first_max_height,min_height,second_max_height,dribbling_frequency,bending_angle,duration
1,0.6316300951263312,0.6498987308359665,0.6863039994158953,0.3750000000000001,0.04544475838221343,16
