hand,first_max_height,min_height,second_max_height,dribbling_frequency,bending_angle,duration
1,0.661995499180348,0.7035708489359788,0.7273805649350189,0.44444444444444453,0.0355896378282737,15
