hand,first_max_height,min_height,second_max_height,dribbling_frequency,bending_angle,duration
1,0.6077813651956321,0.6822335212104854,0.6326783720217832,0.5238095238095238,0.12397394245012903,14
