hand,first_max_height,min_height,second_max_height,dribbling_frequency,bending_angle,duration
1,0.7259391840345358,0.5479938819645048,0.6409492148051165,0.2592592592592591,0.23103952608826014,18
