hand,first_max_height,min_height,second_max_height,dribbling_frequency,bending_angle,duration
1,0.7665089135754686,0.6763476888566992,0.7641991265499293,0.31372549019607854,0.1929040291243772,17
