hand,first_max_height,min_height,second_max_height,dribbling_frequency,bending_angle,duration
1,0.5183364306796018,0.5043820080786866,0.4814577434908772,0.3750000000000001,0.36922918753351636,16
