hand,first_max_height,min_height,second_max_height,dribbling_frequency,bending_angle,duration
1,0.5830742550780786,0.5940720520887974,0.6361625365639719,0.31372549019607854,0.3627603300045095,17
