hand,first_max_height,min_height,second_max_height,dribbling_frequency,bending_angle,duration
1,0.837390041309267,0.7344895737412733,0.8323693081302429,0.2592592592592591,0.05887362396316953,18
