hand,first_max_height,min_height,second_max_height,dribbling_frequency,bending_angle,duration
1,0.4310975387089617,0.28777139370811405,0.3525446488051992,0.31372549019607854,0.7061869610010313,17
