hand,first_max_height,min_height,second_max_height,dribbling_frequency,bending_angle,duration
1,0.7679432237921902,0.7997482837479284,0.7897588718037994,0.44444444444444453,0.00670374986828779,15
