hand,first_max_height,min_height,second_max_height,dribbling_frequency,bending_angle,duration
1,0.2030833024261152,0.25744273214584523,0.21355554973327256,0.8484848484848487,0.8481496119168646,11
