hand,first_max_height,min_height,second_max_height,dribbling_frequency,bending_angle,duration
1,0.7714153485452326,0.42277984663528534,0.4202988544768506,0.3750000000000001,0.20224625230062226,16
