hand,first_max_height,min_height,second_max_height,dribbling_frequency,bending_angle,duration
1,0.5051923878067981,0.49035361908928254,0.33609301270986447,0.7222222222222222,0.41007969908611847,12
