hand,first_max_height,min_height,second_max_height,dribbling_frequency,bending_angle,duration
1,0.42145215152742926,0.32742554034827753,0.488656138295723,0.44444444444444453,0.7005992904065435,15
