hand,first_max_height,min_height,second_max_height,dribbling_frequency,bending_angle,duration
1,0.5143918664291468,0.3985234552833292,0.38452820447041236,0.44444444444444453,0.4333313063400294,15
