hand,first_max_height,min_height,second_max_height,dribbling_frequency,bending_angle,duration
1,0.6739442090141098,0.7073996861952718,0.6852023958722275,0.44444444444444453,0.12129851945945326,15
