hand,first_max_height,min_height,second_max_height,dribbling_frequency,bending_angle,duration
1,0.6853008417114044,0.7960612685806518,0.6942985348583465,0.5238095238095238,0.04295288290382833,14
