hand,first_max_height,min_height,second_max_height,dribbling_frequency,bending_angle,duration
1,0.7138765004698808,0.7489651980512467,0.7139451639447976,0.44444444444444453,0.11901312523664129,15
