hand,first_max_height,min_height,second_max_height,dribbling_frequency,bending_angle,duration
1,0.5129692814959871,0.6067204417147485,0.4902765320920446,1.0,0.366515577380276,10
