hand,first_max_height,min_height,second_max_height,dribbling_frequency,bending_angle,duration
1,0.42521949507252405,0.321256423035615,0.390793174170603,0.31372549019607854,0.7285567236326594,17
