hand,first_max_height,min_height,second_max_height,dribbling_frequency,bending_angle,duration
1,0.5718618036218704,0.6355102545491018,0.6078969363188069,0.3750000000000001,0.13115777649957513,16
