hand,first_max_height,min_height,second_max_height,dribbling_frequency,bending_angle,duration
1,0.7654116058943397,0.6672067018194827,0.7624901236764671,0.2592592592592591,0.053466350044869486,18
