hand,first_max_height,min_height,second_max_height,dribbling_frequency,bending_angle,duration
1,0.7680406529492441,0.6965696224694474,0.7801789093757369,0.31372549019607854,0.1513368797494302,17
