hand,first_max_height,min_height,second_max_height,dribbling_frequency,bending_angle,duration
1,0.713369332272427,0.7773395310689168,0.7421711781840876,0.2592592592592591,0.03130714404078091,18
