hand,first_max_height,min_height,second_max_height,dribbling_frequency,bending_angle,duration
1,0.7519302623855137,0.7570709700307792,0.7153079258559574,0.3750000000000001,0.01703667462304077,16
