hand,first_max_height,min_height,second_max_height,dribbling_frequency,bending_angle,duration
1,0.4783071075340163,0.5688002749078284,0.7531428594134293,0.44444444444444453,0.5710523280892026,15
