hand,first_max_height,min_height,second_max_height,dribbling_frequency,bending_angle,duration
1,0.6971611647678082,0.7306987425035997,0.6464549974290206,0.6153846153846155,0.09252170008372153,13
