hand,first_max_height,min_height,second_max_height,dribbling_frequency,bending_angle,duration
1,0.6409371880037431,0.5889114953271634,0.611424263017966,0.16666666666666674,0.3461771238540003,20
