hand,first_max_height,min_height,second_max_height,dribbling_frequency,bending_angle,duration
1,0.7489289872609264,0.7531388196163088,0.7170349088224268,0.2592592592592591,0.08734617996421246,18
