hand,first_max_height,min_height,second_max_height,dribbling_frequency,bending_angle,duration
1,0.655285506928475,0.6925556405641934,0.665874540920916,0.3750000000000001,0.1175218297427248,16
