hand,first_max_height,min_height,second_max_height,dribbling_frequency,bending_angle,duration
1,0.8326662922194048,0.6539770140443386,0.8445536522622694,0.05797101449275355,0.16186129190288015,23
