hand,first_max_height,min_height,second_max_height,dribbling_frequency,bending_angle,duration
1,0.7407443915509395,0.725503269056697,0.735380861954235,0.3750000000000001,0.014028654189950588,16
