hand,first_max_height,min_height,second_max_height,dribbling_frequency,bending_angle,duration
1,0.6423496872057033,0.625834812323176,0.5005437612243648,0.8484848484848487,0.2365958906058906,11
