hand,first_max_height,min_height,second_max_height,dribbling_frequency,bending_angle,duration
1,0.7457841767795166,0.6564894347929825,0.7934767278863171,0.12698412698412698,0.12045770316534402,21
