hand,first_max_height,min_height,second_max_height,dribbling_frequency,bending_angle,duration
1,0.6976287352915385,0.6855912705987788,0.7516114223756049,0.31372549019607854,0.1690983457642192,17
