hand,first_max_height,min_height,second_max_height,dribbling_frequency,bending_angle,duration
1,0.5913323325439468,0.5772613205677166,0.5731074927691591,0.3750000000000001,0.33212399524199127,16
