hand,first_max_height,min_height,second_max_height,dribbling_frequency,bending_angle,duration
1,0.511983662109125,0.280766431299949,0.40870984016467177,0.2592592592592591,0.6031804061550505,18
