hand,first_max_height,min_height,second_max_height,dribbling_frequency,bending_angle,duration
1,0.8035877380362981,0.672732446875808,0.7889528470819166,0.2592592592592591,0.09287837314973843,18
