hand,first_max_height,min_height,second_max_height,dribbling_frequency,bending_angle,duration
1,0.2825551877051459,0.3355060228767513,0.7382895641826612,0.2105263157894739,0.714666707131232,19
