hand,first_max_height,min_height,second_max_height,dribbling_frequency,bending_angle,duration
1,0.30612261019717113,0.4379470512176764,0.31112884561966814,0.8484848484848487,0.715112704319335,11
