hand,first_max_height,min_height,second_max_height,dribbling_frequency,bending_angle,duration
1,0.3873527911764259,0.48613703419543314,0.3963270196468525,0.8484848484848487,0.6133430579593818,11
