hand,first_max_height,min_height,second_max_height,dribbling_frequency,bending_angle,duration
1,0.452269773933055,0.625948758543003,0.5040185383699282,1.0,0.44492437789593603,10
