hand,first_max_height,min_height,second_max_height,dribbling_frequency,bending_angle,duration
1,0.6109044143456857,0.636118997500296,0.6591976681508107,0.44444444444444453,0.16235685782213768,15
