hand,first_max_height,min_height,second_max_height,dribbling_frequency,bending_angle,duration
1,0.7220588107432413,0.6745155687105404,0.6983223505345787,0.31372549019607854,0.11210291155187964,17
