hand,first_max_height,min_height,second_max_height,dribbling_frequency,bending_angle,duration
1,0.7205420260743477,0.699475394765098,0.7899170171522388,0.31372549019607854,0.09753924527226873,17
