hand,first_max_height,min_height,second_max_height,dribbling_frequency,bending_angle,duration
1,0.6423217651321367,0.6249007550697269,0.6137740426314462,0.3750000000000001,0.13989221100330115,16
