hand,first_max_height,min_height,second_max_height,dribbling_frequency,bending_angle,duration
1,0.21930314553089075,0.38592952419119214,0.22386256354652861,0.6153846153846155,0.6677838551673538,13
