hand,first_max_height,min_height,second_max_height,dribbling_frequency,bending_angle,duration
1,0.7399361419196524,0.6668344727117125,0.7314505228941344,0.2592592592592591,0.15119046334201758,18
