hand,first_max_height,min_height,second_max_height,dribbling_frequency,bending_angle,duration
1,0.6937596898165663,0.7222071627053591,0.7205153978759897,0.44444444444444453,0.06636065749077426,15
