hand,first_max_height,min_height,second_max_height,dribbling_frequency,bending_angle,duration
1,0.7622523872255023,0.655628084711327,0.7690135696308282,0.2592592592592591,0.04546517084966372,18
