hand,first_max_height,min_height,second_max_height,dribbling_frequency,bending_angle,duration
1,0.6823696698711634,0.7185889032331486,0.6802505689867484,0.44444444444444453,0.09603709685643214,15
