hand,first_max_height,min_height,second_max_height,dribbling_frequency,bending_angle,duration
1,0.48364096883633256,0.396081298975411,0.38579619837754486,0.7222222222222222,0.4686627913622087,12
