hand,first_max_height,min_height,second_max_height,dribbling_frequency,bending_angle,duration
1,0.7389580744103387,0.6829770454406173,0.7534957559902703,0.3750000000000001,0.17852027459424644,16
