hand,first_max_height,min_height,second_max_height,dribbling_frequency,bending_angle,duration
1,0.22957593474979068,0.3638514023467606,0.2619002946723668,1.0,0.8147346387938715,10
