hand,first_max_height,min_height,second_max_height,dribbling_frequency,bending_angle,duration
1,0.6365787113068746,0.5659493203711488,0.6533419690759784,0.31372549019607854,0.2980965890824348,17
