hand,first_max_height,min_height,second_max_height,dribbling_frequency,bending_angle,duration
1,0.3779305818498075,0.37816982972799407,0.37509397019948587,0.5238095238095238,0.5978695461804308,14
