hand,first_max_height,min_height,second_max_height,dribbling_frequency,bending_angle,duration
1,0.3170932028382142,0.35436599022893217,0.3150791018546193,0.7222222222222222,0.729716934419172,12
