hand,first_max_height,min_height,second_max_height,dribbling_frequency,bending_angle,duration
1,0.39083972158413544,0.20438373954394368,0.3775244118876725,0.2592592592592591,0.7493552075565464,18
