hand,first_max_height,min_height,second_max_height,dribbling_frequency,bending_angle,duration
1,0.6560565436894747,0.5920918593328889,0.6648463478122336,0.16666666666666674,0.09212892780082799,20
