hand,first_max_height,min_height,second_max_height,dribbling_frequency,bending_angle,duration
1,0.5315084701510797,0.6580629128260408,0.6235068358500704,0.44444444444444453,0.20007378415014632,15
