hand,first_max_height,min_height,second_max_height,dribbling_frequency,bending_angle,duration
1,0.7971001287048605,0.5731040796698176,0.6291273533216173,0.2592592592592591,0.1569703143668218,18
