hand,first_max_height,min_height,second_max_height,dribbling_frequency,bending_angle,duration
1,0.6477586698162632,0.6133804761270817,0.6405664673003821,0.31372549019607854,0.21142825568278728,17
