hand,first_max_height,min_height,second_max_height,dribbling_frequency,bending_angle,duration
1,0.7361755056342223,0.6981460461487938,0.7604159560411561,0.2592592592592591,0.006613195327873134,18
