hand,first_max_height,min_height,second_max_height,dribbling_frequency,bending_angle,duration
1,0.6704531052003868,0.6305918873883737,0.7006773453684062,0.2592592592592591,0.05364267352343994,18
