hand,first_max_height,min_height,second_max_height,dribbling_frequency,bending_angle,duration
1,0.38375322848975607,0.45147202207194326,0.3895578623109808,0.7222222222222222,0.6095926007684812,12
