hand,first_max_height,min_height,second_max_height,dribbling_frequency,bending_angle,duration
1,0.6843566086008432,0.7286984331388944,0.6898385777547755,0.3750000000000001,0.07646545869315091,16
