hand,first_max_height,min_height,second_max_height,dribbling_frequency,bending_angle,duration
1,0.4418792847278926,0.4886787677168951,0.39193272465089374,0.7222222222222222,0.5841352093091281,12
