hand,first_max_height,min_height,second_max_height,dribbling_frequency,bending_angle,duration
1,0.5767204431560984,0.6471862935198583,0.603836912112734,0.44444444444444453,0.09743346440723565,15
