hand,first_max_height,min_height,second_max_height,dribbling_frequency,bending_angle,duration
1,0.7843711409967832,0.6971181592843143,0.8400060297880969,0.16666666666666674,0.07634785934338625,20
