hand,first_max_height,min_height,second_max_height,dribbling_frequency,bending_angle,duration
1,0.2814234494244054,0.37124289102394775,0.3426306142623114,0.8484848484848487,0.7875755695112944,11
