hand,first_max_height,min_height,second_max_height,dribbling_frequency,bending_angle,duration
1,0.7319262827447794,0.5987238741829695,0.7073195493403925,0.2105263157894739,0.26433132334335485,19
