hand,first_max_height,min_height,second_max_height,dribbling_frequency,bending_angle,duration
1,0.6967234539704368,0.6645196257994647,0.6672170876446339,0.31372549019607854,0.046459069262935394,17
