hand,first_max_height,min_height,second_max_height,dribbling_frequency,bending_angle,duration
1,0.43267906085447005,0.3305640905457184,0.4840757841052749,0.3750000000000001,0.6892386507783184,16
