hand,first_max_height,min_height,second_max_height,dribbling_frequency,bending_angle,duration
1,0.5922538603384582,0.6850043685371354,0.6721764145136602,0.44444444444444453,0.338664380134497,15
