hand,first_max_height,min_height,second_max_height,dribbling_frequency,bending_angle,duration
1,0.2211629941107776,0.1108371260924127,0.4067967483349477,0.2105263157894739,0.922905243739253,19
