hand,first_max_height,min_height,second_max_height,dribbling_frequency,bending_angle,duration
1,0.7877980538513457,0.6507694926167377,0.8033417890267045,0.05797101449275355,0.21907124361631253,23
