hand,first_max_height,min_height,second_max_height,dribbling_frequency,bending_angle,duration
1,0.7262484135467765,0.7056174265009164,0.7546704719563322,0.31372549019607854,0.03156179887071036,17
