hand,first_max_height,min_height,second_max_height,dribbling_frequency,bending_angle,duration
1,0.5899780622925561,0.6909357506408398,0.5976136145065576,0.6153846153846155,0.3209401871075309,13
