hand,first_max_height,min_height,second_max_height,dribbling_frequency,bending_angle,duration
1,0.679594255505356,0.782606634012142,0.6445803988923369,0.5238095238095238,0.09512575477538482,14
