hand,first_max_height,min_height,second_max_height,dribbling_frequency,bending_angle,duration
1,0.6871290916457602,0.7059823274154821,0.6317569667583096,0.31372549019607854,0.1108884327087389,17
