hand,first_max_height,min_height,second_max_height,dribbling_frequency,bending_angle,duration
1,0.5229742274789472,0.7141906222548463,0.611863930927635,0.5238095238095238,0.10395314258326674,14
