hand,first_max_height,min_height,second_max_height,dribbling_frequency,bending_angle,duration
1,0.4595315500800026,0.41518058212724096,0.37632451385764754,0.5238095238095238,0.5930809590192455,14
