hand,first_max_height,min_height,second_max_height,dribbling_frequency,bending_angle,duration
1,0.7327102868744642,0.8066923934144834,0.7064992696828934,0.6153846153846155,0.043215764758189355,13
