hand,first_max_height,min_height,second_max_height,dribbling_frequency,bending_angle,duration
1,0.6681625014998177,0.561453042769994,0.6621511219366943,0.2592592592592591,0.07823223901936359,18
