hand,first_max_height,min_height,second_max_height,dribbling_frequency,bending_angle,duration
1,0.8182432991370737,0.7255496809469922,0.7202936765080772,0.5238095238095238,0.15529491243276436,14
