hand,first_max_height,min_height,second_max_height,dribbling_frequency,bending_angle,duration
1,0.9611225865975537,0.7077553909458162,0.9131541143556267,0.16666666666666674,0.04520551399145693,20
