hand,first_max_height,min_height,second_max_height,dribbling_frequency,bending_angle,duration
1,0.7353028663101551,0.7123661176820177,0.7472984848170656,0.44444444444444453,0.010476028620493036,15
