hand,first_max_height,min_height,second_max_height,dribbling_frequency,bending_angle,duration
1,0.27470843914863513,0.36571951685365905,0.4046802629116748,0.8484848484848487,0.6788950151788723,11
