hand,first_max_height,min_height,second_max_height,dribbling_frequency,bending_angle,duration
1,0.35833390676263177,0.4505343725669232,0.40432269747090366,0.7222222222222222,0.6257240602025527,12
