hand,first_max_height,min_height,second_max_height,dribbling_frequency,bending_angle,duration
1,0.43562950985582116,0.5118892391014861,0.43743418112534765,0.7222222222222222,0.5317873560811618,12
