hand,first_max_height,min_height,second_max_height,dribbling_frequency,bending_angle,duration
1,0.5639823633849204,0.342318368755688,0.4071506382870931,0.31372549019607854,0.4492336964803653,17
