hand,first_max_height,min_height,second_max_height,dribbling_frequency,bending_angle,duration
1,0.7488502390641236,0.7297252423279026,0.6946584347310827,0.2105263157894739,0.10101133102730511,19
