hand,first_max_height,min_height,second_max_height,dribbling_frequency,bending_angle,duration
1,0.28973344604841794,0.29120968137662556,0.5323771682123379,0.3750000000000001,0.7929605597633043,16
