hand,first_max_height,min_height,second_max_height,dribbling_frequency,bending_angle,duration
1,0.5936910521926653,0.57461842924202,0.49852368287437115,0.5238095238095238,0.345799780827036,14
