hand,first_max_height,min_height,second_max_height,dribbling_frequency,bending_angle,duration
1,0.7281521325732103,0.6644274486241569,0.6618878278122983,0.44444444444444453,0.1400832988835575,15
