hand,first_max_height,min_height,second_max_height,dribbling_frequency,bending_angle,duration
1,0.5795064897705595,0.6190764220628333,0.3860297905803435,1.0,0.2777157625970186,10
