hand,first_max_height,min_height,second_max_height,dribbling_frequency,bending_angle,duration
1,0.34737300238554863,0.3414463137643515,0.32527803643477105,0.7222222222222222,0.7129445725305412,12
