hand,first_max_height,min_height,second_max_height,dribbling_frequency,bending_angle,duration
1,0.4986679133889075,0.509013569873999,0.6544977612424939,0.31372549019607854,0.4899085629821222,17
