hand,first_max_height,min_height,second_max_height,dribbling_frequency,bending_angle,duration
1,0.21144725522787416,0.3236032409868433,0.2802319431997935,0.6153846153846155,0.7372512573686727,13
