hand,first_max_height,min_height,second_max_height,dribbling_frequency,bending_angle,duration
1,0.5686410272143334,0.5936986734605246,0.6144727331517028,0.3750000000000001,0.12626957105332998,16
