hand,first_max_height,min_height,second_max_height,dribbling_frequency,bending_angle,duration
1,0.8018669036233859,0.6660328976961957,0.7857535329082266,0.2592592592592591,0.04854187295562162,18
