hand,first_max_height,min_height,second_max_height,dribbling_frequency,bending_angle,duration
1,0.36830506803024415,0.28594897264119656,0.37491377191929165,0.31372549019607854,0.6650693202683433,17
