hand,first_max_height,min_height,second_max_height,dribbling_frequency,bending_angle,duration
1,0.7250231710979709,0.6863564201833672,0.7592331440663644,0.5238095238095238,0.10476952085200719,14
