hand,first_max_height,min_height,second_max_height,dribbling_frequency,bending_angle,duration
1,0.5175885463852963,0.5840876043827482,0.5390788753650498,0.6153846153846155,0.3083680055047969,13
