hand,first_max_height,min_height,second_max_height,dribbling_frequency,bending_angle,duration
1,0.34506808986436177,0.24797621527127944,0.3719762618070415,0.3750000000000001,0.795427332767225,16
