hand,first_max_height,min_height,second_max_height,dribbling_frequency,bending_angle,duration
1,0.6414476353059217,0.7046263961375536,0.6539058088986808,0.2592592592592591,0.21400451599620562,18
