hand,first_max_height,min_height,second_max_height,dribbling_frequency,bending_angle,duration
1,0.8202206489696033,0.6738787343520625,0.5137181528533898,0.6153846153846155,0.09825678023492124,13
