hand,first_max_height,min_height,second_max_height,dribbling_frequency,bending_angle,duration
1,0.5567670909049807,0.6811045483868025,0.5599405514549161,0.5238095238095238,0.34798933901412726,14
