hand,first_max_height,min_height,second_max_height,dribbling_frequency,bending_angle,duration
1,0.7092328907121594,0.7082352439106487,0.6846620493754711,0.3750000000000001,0.02929275391173071,16
