hand,first_max_height,min_height,second_max_height,dribbling_frequency,bending_angle,duration
1,0.49671162932006513,0.5211784424385153,0.507908447055145,0.44444444444444453,0.3426626163677357,15
