hand,first_max_height,min_height,second_max_height,dribbling_frequency,bending_angle,duration
1,0.6945307762609709,0.6938428879920874,0.7185664948665469,0.3750000000000001,0.052746140392933974,16
