hand,first_max_height,min_height,second_max_height,dribbling_frequency,bending_angle,duration
1,0.40148732240977425,0.36660313889505364,0.4295916321044494,0.5238095238095238,0.6799942183412971,14
