hand,first_max_height,min_height,second_max_height,dribbling_frequency,bending_angle,duration
1,0.48065390316555323,0.40981964957298556,0.3983092503977536,0.3750000000000001,0.5547735404696971,16
