hand,first_max_height,min_height,second_max_height,dribbling_frequency,bending_angle,duration
1,0.3639085835286097,0.4680651349928626,0.36595829487625703,0.6153846153846155,0.583298433877999,13
