hand,first_max_height,min_height,second_max_height,dribbling_frequency,bending_angle,duration
1,0.8176826715959229,0.6632722523640069,0.8560057794575202,0.31372549019607854,0.16860074715213072,17
