hand,first_max_height,min_height,second_max_height,dribbling_frequency,bending_angle,duration
1,0.7007900406633827,0.7049183025002,0.6910789558284495,0.44444444444444453,0.13772967321557894,15
