hand,first_max_height,min_height,second_max_height,dribbling_frequency,bending_angle,duration
1,0.7515602203856475,0.7353571743406621,0.7142565871026856,0.31372549019607854,0.03036713585569745,17
