hand,first_max_height,min_height,second_max_height,dribbling_frequency,bending_angle,duration
1,0.8128159336666924,0.7448882798984715,0.8313013303406247,0.2105263157894739,0.006069867300655384,19
