hand,first_max_height,min_height,second_max_height,dribbling_frequency,bending_angle,duration
1,0.6378794725311632,0.8426895561105026,0.6393558904858363,1.0,0.013173323750866248,10
