hand,first_max_height,min_height,second_max_height,dribbling_frequency,bending_angle,duration
1,0.6441292970866396,0.751832820635215,0.6060428013133912,0.6153846153846155,0.15668291283908128,13
