hand,first_max_height,min_height,second_max_height,dribbling_frequency,bending_angle,duration
1,0.7476529186888847,0.7226923322025165,0.5799289016460352,0.6153846153846155,0.0542924109237705,13
