hand,first_max_height,min_height,second_max_height,dribbling_frequency,bending_angle,duration
1,0.68839363366786,0.669560776118884,0.6991158587276278,0.2592592592592591,0.08353494817863386,18
