hand,first_max_height,min_height,second_max_height,dribbling_frequency,bending_angle,duration
1,0.7845357918006979,0.7178262682246597,0.8202736227441223,0.31372549019607854,0.05830407121767413,17
