hand,first_max_height,min_height,second_max_height,dribbling_frequency,bending_angle,duration
1,0.421042660904054,0.37729446986521237,0.37957662592875924,0.5238095238095238,0.6261103758821062,14
