hand,first_max_height,min_height,second_max_height,dribbling_frequency,bending_angle,duration
1,0.6596458219113255,0.7139301121709292,0.6995813543952076,0.3750000000000001,0.04198310708231788,16
