hand,first_max_height,min_height,second_max_height,dribbling_frequency,bending_angle,duration
1,0.801487471459989,0.6999256475769868,0.79152683150157,0.2592592592592591,0.0915508223620516,18
