hand,first_max_height,min_height,second_max_height,dribbling_frequency,bending_angle,duration
1,0.6953522913613724,0.75072554501102,0.7089889662079798,0.3750000000000001,0.055890156238515634,16
