hand,first_max_height,min_height,second_max_height,dribbling_frequency,bending_angle,duration
1,0.4281211052868359,0.37337079716444915,0.36849120322707896,0.3750000000000001,0.6358873883242325,16
