hand,first_max_height,min_height,second_max_height,dribbling_frequency,bending_angle,duration
1,0.6017809513328691,0.5401239053780822,0.4837931191624455,0.5238095238095238,0.25448352427870186,14
