hand,first_max_height,min_height,second_max_height,dribbling_frequency,bending_angle,duration
1,0.5288095433871511,0.6224592453670913,0.4991697741722668,0.44444444444444453,0.37477635426529693,15
