hand,first_max_height,min_height,second_max_height,dribbling_frequency,bending_angle,duration
1,0.6309694548910703,0.4456031451455714,0.25594168191601235,0.7222222222222222,0.2250401844929762,12
