hand,first_max_height,min_height,second_max_height,dribbling_frequency,bending_angle,duration
1,0.6753947657042412,0.6976029695563146,0.6855605076694161,0.3750000000000001,0.08084067893225834,16
