hand,first_max_height,min_height,second_max_height,dribbling_frequency,bending_angle,duration
1,0.7117445358812308,0.6866169302672844,0.7098983516302717,0.3750000000000001,0.08786227399990701,16
