hand,first_max_height,min_height,second_max_height,dribbling_frequency,bending_angle,duration
1,0.7058812978994601,0.6883794325780003,0.7602717676157416,0.31372549019607854,0.08072434874028418,17
