hand,first_max_height,min_height,second_max_height,dribbling_frequency,bending_angle,duration
1,0.37676550600436365,0.45575887140651816,0.402842170917423,0.8484848484848487,0.5812060046701231,11
