hand,first_max_height,min_height,second_max_height,dribbling_frequency,bending_angle,duration
1,0.7356745478623838,0.6278077487309115,0.7246948257936354,0.3750000000000001,0.28562217924011685,16
