hand,first_max_height,min_height,second_max_height,dribbling_frequency,bending_angle,duration
1,0.7277605279756074,0.7375197097863064,0.7024892619233907,0.44444444444444453,0.05553693345178691,15
