hand,first_max_height,min_height,second_max_height,dribbling_frequency,bending_angle,duration
1,0.6436537772181218,0.651864770120686,0.4425214547335637,0.7222222222222222,0.11632638271641539,12
