hand,first_max_height,min_height,second_max_height,dribbling_frequency,bending_angle,duration
1,0.32649131571344503,0.585854058170192,0.5926226486340903,0.8484848484848487,0.3523233740921743,11
