hand,first_max_height,min_height,second_max_height,dribbling_frequency,bending_angle,duration
1,0.7029346248368831,0.6088999325878072,0.6792731373561143,0.2592592592592591,0.20546077885395173,18
