hand,first_max_height,min_height,second_max_height,dribbling_frequency,bending_angle,duration
1,0.8378539849444377,0.7064975999808031,0.8144198607511333,0.2105263157894739,0.04185295857373894,19
