hand,first_max_height,min_height,second_max_height,dribbling_frequency,bending_angle,duration
1,0.5409693083250258,0.33076274205758577,0.4035724011035903,0.3750000000000001,0.43469250422292427,16
