hand,first_max_height,min_height,second_max_height,dribbling_frequency,bending_angle,duration
1,0.7285350922583566,0.6792630883865596,0.7095347762689096,0.44444444444444453,0.07991880094458163,15
