hand,first_max_height,min_height,second_max_height,dribbling_frequency,bending_angle,duration
1,0.738199309450355,0.7463672817152168,0.72688268523252,0.3750000000000001,0.04591097187118133,16
