hand,first_max_height,min_height,second_max_height,dribbling_frequency,bending_angle,duration
1,0.7226179974656495,0.7310718337517469,0.6872485999927236,0.5238095238095238,0.06293440230995585,14
