hand,first_max_height,min_height,second_max_height,dribbling_frequency,bending_angle,duration
1,0.6955494847955117,0.7341720187024112,0.7295665866295906,0.2592592592592591,0.06382235720409357,18
