hand,first_max_height,min_height,second_max_height,dribbling_frequency,bending_angle,duration
1,0.7198350809056986,0.7362902257636714,0.6675551829294414,0.44444444444444453,0.06709472995254015,15
