hand,first_max_height,min_height,second_max_height,dribbling_frequency,bending_angle,duration
1,0.7169515057673739,0.741494823529564,0.7358654304276567,0.31372549019607854,0.10553974656572494,17
