hand,first_max_height,min_height,second_max_height,dribbling_frequency,bending_angle,duration
1,0.7988716401907942,0.7060701938889048,0.8020669408299725,0.3750000000000001,0.18183573642295434,16
