hand,first_max_height,min_height,second_max_height,dribbling_frequency,bending_angle,duration
1,0.6037030532191243,0.5891213546639318,0.6268223252655944,0.2105263157894739,0.06644442352898403,19
