hand,first_max_height,min_height,second_max_height,dribbling_frequency,bending_angle,duration
1,0.5910952930190592,0.6787251846363425,0.6743803169637086,0.5238095238095238,0.20639810274576637,14
