hand,first_max_height,min_height,second_max_height,dribbling_frequency,bending_angle,duration
1,0.6427806907434102,0.6895003587581644,0.6667322211586207,0.3750000000000001,0.10180113575414138,16
