hand,first_max_height,min_height,second_max_height,dribbling_frequency,bending_angle,duration
1,0.869034395572811,0.7415602025081532,0.7607059222924718,0.31372549019607854,0.05768435376070798,17
