hand,first_max_height,min_height,second_max_height,dribbling_frequency,bending_angle,duration
1,0.6839353430105013,0.6353314322659055,0.657514145353903,0.44444444444444453,0.0927848662356822,15
