hand,first_max_height,min_height,second_max_height,dribbling_frequency,bending_angle,duration
1,0.4963310544383551,0.43712219841198063,0.5018110597687844,0.3750000000000001,0.6165437639635618,16
