hand,first_max_height,min_height,second_max_height,dribbling_frequency,bending_angle,duration
1,0.8038241316769217,0.6909208787193365,0.8277911393654641,0.16666666666666674,0.041768213987186456,20
