hand,first_max_height,min_height,second_max_height,dribbling_frequency,bending_angle,duration
1,0.5724791199280386,0.3995543596391282,0.43126517147954924,0.3750000000000001,0.49712042268861234,16
