hand,first_max_height,min_height,second_max_height,dribbling_frequency,bending_angle,duration
1,0.7370716452088181,0.6070781581261725,0.740324990181106,0.3750000000000001,0.2670238645918366,16
