hand,first_max_height,min_height,second_max_height,dribbling_frequency,bending_angle,duration
1,0.6115687311529108,0.4659019529419356,0.317421331815787,0.7222222222222222,0.1975212944416193,12
