hand,first_max_height,min_height,second_max_height,dribbling_frequency,bending_angle,duration
1,0.7882311937754642,0.7881449519489654,0.7913771298432168,0.3750000000000001,0.025759962093237096,16
