hand,first_max_height,min_height,second_max_height,dribbling_frequency,bending_angle,duration
1,0.6100690872587156,0.5765695247602048,0.5329372828776493,0.6153846153846155,0.2801651361496453,13
