hand,first_max_height,min_height,second_max_height,dribbling_frequency,bending_angle,duration
1,0.37179115382007,0.3524339336440728,0.6688553125276671,0.31372549019607854,0.7736287078146947,17
