hand,first_max_height,min_height,second_max_height,dribbling_frequency,bending_angle,duration
1,0.34583520163637255,0.4358993241322361,0.4744856395803436,0.6153846153846155,0.5924496446963877,13
