hand,first_max_height,min_height,second_max_height,dribbling_frequency,bending_angle,duration
1,0.6822759172860737,0.6284386199517822,0.6643830375703232,0.3750000000000001,0.1750139931461597,16
