hand,first_max_height,min_height,second_max_height,dribbling_frequency,bending_angle,duration
1,0.6747899199327088,0.5907822681002242,0.6390342355623143,0.44444444444444453,0.26002947139859356,15
