hand,first_max_height,min_height,second_max_height,dribbling_frequency,bending_angle,duration
1,0.6729858658165504,0.7595662916619459,0.6740555329079783,0.44444444444444453,0.044992314577166063,15
