hand,first_max_height,min_height,second_max_height,dribbling_frequency,bending_angle,duration
1,0.38277213029274193,0.43318940139222756,0.3576175681402685,0.7222222222222222,0.6188034676872928,12
