hand,first_max_height,min_height,second_max_height,dribbling_frequency,bending_angle,duration
1,0.7100839177550851,0.7944002832993279,0.7221875961944288,0.44444444444444453,0.09169094505924123,15
