hand,first_max_height,min_height,second_max_height,dribbling_frequency,bending_angle,duration
1,0.7303329856323044,0.29760748142428767,0.24835795683064105,0.44444444444444453,0.31102869991003834,15
