hand,first_max_height,min_height,second_max_height,dribbling_frequency,bending_angle,duration
1,0.709997518313924,0.6660243481374571,0.5952048780687691,0.3750000000000001,0.14757994313184714,16
