hand,first_max_height,min_height,second_max_height,dribbling_frequency,bending_angle,duration
1,0.6699038551589632,0.7114979423223777,0.6943117467498933,0.5238095238095238,0.068259822904434,14
