hand,first_max_height,min_height,second_max_height,dribbling_frequency,bending_angle,duration
1,0.6582940358301811,0.6613845241635318,0.791027561073645,0.2592592592592591,0.1506885136786356,18
