hand,first_max_height,min_height,second_max_height,dribbling_frequency,bending_angle,duration
1,0.21977747299769052,0.14509513611292674,0.18753229556243112,0.44444444444444453,0.857042996299439,15
