hand,first_max_height,min_height,second_max_height,dribbling_frequency,bending_angle,duration
1,0.7157352560148593,0.6592451228180036,0.7203608783474109,0.2592592592592591,0.10356736299352981,18
