hand,first_max_height,min_height,second_max_height,dribbling_frequency,bending_angle,duration
1,0.8297275685016154,0.7220106665444344,0.8566764567941966,0.2105263157894739,0.032323073966060004,19
