hand,first_max_height,min_height,second_max_height,dribbling_frequency,bending_angle,duration
1,0.6732313018368699,0.6501039202456929,0.598741691502084,0.5238095238095238,0.09189479750243729,14
