hand,first_max_height,min_height,second_max_height,dribbling_frequency,bending_angle,duration
1,0.584835034948549,0.7253046175448298,0.5653201257464129,0.44444444444444453,0.23633986549045818,15
