hand,first_max_height,min_height,second_max_height,dribbling_frequency,bending_angle,duration
1,0.6636503540315226,0.7019134559062256,0.7650771213126064,0.3750000000000001,0.265423759425961,16
