hand,first_max_height,min_height,second_max_height,dribbling_frequency,bending_angle,duration
1,0.8676121584234858,0.7390088417524814,0.876416959846901,0.09090909090909105,0.04007818834038936,22
