hand,first_max_height,min_height,second_max_height,dribbling_frequency,bending_angle,duration
1,0.4675023084152012,0.4663282813583627,0.38548313615040486,0.6153846153846155,0.5452891326565782,13
