hand,first_max_height,min_height,second_max_height,dribbling_frequency,bending_angle,duration
1,0.6704689542065572,0.618698804577707,0.6741731485440037,0.2105263157894739,0.07606599324844907,19
