hand,first_max_height,min_height,second_max_height,dribbling_frequency,bending_angle,duration
1,0.3285092568877967,0.3225222606441468,0.6162433252940297,0.5238095238095238,0.751426103223357,14
