hand,first_max_height,min_height,second_max_height,dribbling_frequency,bending_angle,duration
1,0.7047200476761952,0.6781553098471447,0.6731523064125728,0.3750000000000001,0.0721785334162679,16
