hand,first_max_height,min_height,second_max_height,dribbling_frequency,bending_angle,duration
1,0.251976294060175,0.3753447394026244,0.4769841274768727,0.8484848484848487,0.7141892923031173,11
