hand,first_max_height,min_height,second_max_height,dribbling_frequency,bending_angle,duration
1,0.6744410430633396,0.7612894947404768,0.6917239544135105,0.44444444444444453,0.009736064971210056,15
