hand,first_max_height,min_height,second_max_height,dribbling_frequency,bending_angle,duration
1,0.6803744340128615,0.7154282247660313,0.6424498572085087,0.5238095238095238,0.10517040237174752,14
