hand,first_max_height,min_height,second_max_height,dribbling_frequency,bending_angle,duration
1,0.4556974817220963,0.3402349346896335,0.36704117329543934,0.3750000000000001,0.6556735408181664,16
