hand,first_max_height,min_height,second_max_height,dribbling_frequency,bending_angle,duration
1,0.34243685673964075,0.3819967990164704,0.29751761720059144,0.8484848484848487,0.6486596505538791,11
