hand,first_max_height,min_height,second_max_height,dribbling_frequency,bending_angle,duration
1,0.1686978153461604,0.2462226217444592,0.19473352148689407,1.0,0.8506495042861838,10
