hand,first_max_height,min_height,second_max_height,dribbling_frequency,bending_angle,duration
1,0.5233253897849428,0.629617740607394,0.46880810236633164,0.8484848484848487,0.25165888326033037,11
