hand,first_max_height,min_height,second_max_height,dribbling_frequency,bending_angle,duration
1,0.5620169872529771,0.7079992329824446,0.5492408067151178,0.5238095238095238,0.2770539248805031,14
