hand,first_max_height,min_height,second_max_height,dribbling_frequency,bending_angle,duration
1,0.8277403813549111,0.7106827885959233,0.8015459651516492,0.16666666666666674,0.062372664070181244,20
