hand,first_max_height,min_height,second_max_height,dribbling_frequency,bending_angle,duration
1,0.6410352133616561,0.7056511936656822,0.6538899645625778,0.6153846153846155,0.12072336278368574,13
