hand,first_max_height,min_height,second_max_height,dribbling_frequency,bending_angle,duration
1,0.5293291324358357,0.5096376876619164,0.3223423640668338,0.5238095238095238,0.13617639629903766,14
