hand,first_max_height,min_height,second_max_height,dribbling_frequency,bending_angle,duration
1,0.38642863016145357,0.4268145199095875,0.701210539562972,0.31372549019607854,0.6386718516371688,17
