hand,first_max_height,min_height,second_max_height,dribbling_frequency,bending_angle,duration
1,0.2462931087378452,0.3731704213718278,0.2116796101399281,0.8484848484848487,0.7434888940202733,11
