hand,first_max_height,min_height,second_max_height,dribbling_frequency,bending_angle,duration
1,0.22578290488435065,0.18194747021789964,0.18619461637770415,0.6153846153846155,0.820440223879763,13
