hand,first_max_height,min_height,second_max_height,dribbling_frequency,bending_angle,duration
1,0.7345882202137429,0.7115011753487915,0.7191127519463636,0.31372549019607854,0.03299836916860136,17
