hand,first_max_height,min_height,second_max_height,dribbling_frequency,bending_angle,duration
1,0.44387963797690155,0.31838628587554707,0.6536988888228017,0.2105263157894739,0.7043941774345411,19
