hand,first_max_height,min_height,second_max_height,dribbling_frequency,bending_angle,duration
1,0.6433294439507845,0.7407380798136514,0.5560611725479244,0.3750000000000001,0.08387138209574281,16
