hand,first_max_height,min_height,second_max_height,dribbling_frequency,bending_angle,duration
1,0.7760322286311054,0.7616332013707745,0.801683696637586,0.31372549019607854,0.01893081483796886,17
