hand,first_max_height,min_height,second_max_height,dribbling_frequency,bending_angle,duration
1,0.423659734258372,0.3538531603946793,0.37297917351423027,0.7222222222222222,0.5993091987914427,12
