hand,first_max_height,min_height,second_max_height,dribbling_frequency,bending_angle,duration
1,0.42543288529666823,0.47141455035751173,0.4136035545948512,0.7222222222222222,0.6002696426847692,12
