hand,first_max_height,min_height,second_max_height,dribbling_frequency,bending_angle,duration
1,0.3215076727324308,0.3796064429762036,0.3559918597860691,1.0,0.6863773317837913,10
