hand,first_max_height,min_height,second_max_height,dribbling_frequency,bending_angle,duration
1,0.7971359504398099,0.724257045141742,0.7616500261816479,0.2592592592592591,0.044635509836412623,18
