hand,first_max_height,min_height,second_max_height,dribbling_frequency,bending_angle,duration
1,0.5511359737910102,0.6958387429648447,0.5986949531940182,0.44444444444444453,0.2229610705053955,15
