hand,first_max_height,min_height,second_max_height,dribbling_frequency,bending_angle,duration
1,0.728002684891202,0.8495167739109426,0.8219388674354315,0.16666666666666674,0.13588525481525376,20
