hand,first_max_height,min_height,second_max_height,dribbling_frequency,bending_angle,duration
1,0.5929313432479879,0.7471062078633381,0.7334002206038206,0.7222222222222222,0.24181093030681947,12
