hand,first_max_height,min_height,second_max_height,dribbling_frequency,bending_angle,duration
1,0.6372224591844617,0.39686326029735086,0.46367836196385825,0.16666666666666674,0.344228505413776,20
