hand,first_max_height,min_height,second_max_height,dribbling_frequency,bending_angle,duration
1,0.7129603881665059,0.7324404097552046,0.7435055792303105,0.31372549019607854,0.07664851350342136,17
