hand,first_max_height,min_height,second_max_height,dribbling_frequency,bending_angle,duration
1,0.7991773421812852,0.649629886728405,0.814944213905491,0.12698412698412698,0.19503942015797726,21
