hand,first_max_height,min_height,second_max_height,dribbling_frequency,bending_angle,duration
1,0.7760341166004925,0.6887923259735523,0.7825920663336293,0.3750000000000001,0.16227362931565292,16
