hand,first_max_height,min_height,second_max_height,dribbling_frequency,bending_angle,duration
1,0.5260544495339572,0.6131357719500762,0.5929403300563951,0.44444444444444453,0.2951499017790129,15
