hand,first_max_height,min_height,second_max_height,dribbling_frequency,bending_angle,duration
1,0.6951163448713932,0.6986994684257971,0.6700011212723747,0.3750000000000001,0.06195918505315836,16
