hand,first_max_height,min_height,second_max_height,dribbling_frequency,bending_angle,duration
1,0.5951337092214137,0.560640762844796,0.5825303032240864,0.3750000000000001,0.32926551587570047,16
