hand,first_max_height,min_height,second_max_height,dribbling_frequency,bending_angle,duration
1,0.8337674752061177,0.7472564358240306,0.8302863491234891,0.16666666666666674,0.1075744360340307,20
