hand,first_max_height,min_height,second_max_height,dribbling_frequency,bending_angle,duration
1,0.6983789050224705,0.6766895993612114,0.6945100741293904,0.3750000000000001,0.018273454270379234,16
