hand,first_max_height,min_height,second_max_height,dribbling_frequency,bending_angle,duration
1,0.38833821182966827,0.40798903817248666,0.4085977377615852,0.44444444444444453,0.598573959992964,15
