hand,first_max_height,min_height,second_max_height,dribbling_frequency,bending_angle,duration
1,0.721026836739586,0.7055424921331488,0.7090424594681146,0.31372549019607854,0.06279046577931881,17
