hand,first_max_height,min_height,second_max_height,dribbling_frequency,bending_angle,duration
1,0.9999999999999999,0.7330987257780763,0.9611340422142286,0.12698412698412698,0.06440416090258455,21
