hand,first_max_height,min_height,second_max_height,dribbling_frequency,bending_angle,duration
1,0.6570083286775842,0.6392529496157262,0.6705660538079117,0.2592592592592591,0.08340791421577672,18
