hand,first_max_height,min_height,second_max_height,dribbling_frequency,bending_angle,duration
1,0.7956596080625236,0.731316825308878,0.7906482407137103,0.12698412698412698,0.11630121425709516,21
