hand,first_max_height,min_height,second_max_height,dribbling_frequency,bending_angle,duration
1,0.6136602037665486,0.35370695575574623,0.3165811349834374,0.5238095238095238,0.22963547793582292,14
