hand,first_max_height,min_height,second_max_height,dribbling_frequency,bending_angle,duration
1,0.4932114334432412,0.4115381827244743,0.4360275616945045,0.44444444444444453,0.5217332444335213,15
