hand,first_max_height,min_height,second_max_height,dribbling_frequency,bending_angle,duration
1,0.6073935365368033,0.6662819125750862,0.6088393514699657,0.6153846153846155,0.33117500642690967,13
