hand,first_max_height,min_height,second_max_height,dribbling_frequency,bending_angle,duration
1,0.5781309053384569,0.5693112367712643,0.6047858338721359,0.44444444444444453,0.23810643571514484,15
