hand,first_max_height,min_height,second_max_height,dribbling_frequency,bending_angle,duration
1,0.7131910682155633,0.666172420747207,0.7922391809322604,0.3750000000000001,0.17953490058597849,16
