hand,first_max_height,min_height,second_max_height,dribbling_frequency,bending_angle,duration
1,0.8644693849616779,0.7301864155845668,0.5053381877928826,0.44444444444444453,0.03360100108941351,15
