hand,first_max_height,min_height,second_max_height,dribbling_frequency,bending_angle,duration
1,0.796331427063892,0.6918718195551686,0.7917646455494116,0.16666666666666674,0.1746806478500069,20
