hand,first_max_height,min_height,second_max_height,dribbling_frequency,bending_angle,duration
1,0.3322108196047735,0.39905668910650444,0.3281839572123455,0.7222222222222222,0.7038693254282231,12
