hand,first_max_height,min_height,second_max_height,dribbling_frequency,bending_angle,duration
1,0.6412923746655375,0.6624628462400658,0.6733275874850109,0.44444444444444453,0.08883461696683492,15
