hand,first_max_height,min_height,second_max_height,dribbling_frequency,bending_angle,duration
1,0.6002508515114561,0.6178001669247462,0.5860529610593155,0.3750000000000001,0.09287461399255603,16
