hand,first_max_height,min_height,second_max_height,dribbling_frequency,bending_angle,duration
1,0.6029412078880354,0.25735508120751677,0.3910192167210891,0.2105263157894739,0.44424981400597907,19
