hand,first_max_height,min_height,second_max_height,dribbling_frequency,bending_angle,duration
1,0.6664282525675762,0.7438019111784188,0.6862856716415315,0.12698412698412698,0.21276386893478896,21
