hand,first_max_height,min_height,second_max_height,dribbling_frequency,bending_angle,duration
1,0.5858196606673127,0.6421306305040929,0.6003686415754137,0.3750000000000001,0.12811900122612455,16
