hand,first_max_height,min_height,second_max_height,dribbling_frequency,bending_angle,duration
1,0.6926658599737819,0.7119504941752719,0.6644731863791855,0.44444444444444453,0.09661106573520305,15
