hand,first_max_height,min_height,second_max_height,dribbling_frequency,bending_angle,duration
1,0.6420033938733902,0.6328677942935935,0.6118773414942426,0.44444444444444453,0.10099290542780419,15
