hand,first_max_height,min_height,second_max_height,dribbling_frequency,bending_angle,duration
1,0.7715166033244656,0.7845695839605106,0.7820523158620554,0.3750000000000001,0.031737157384264886,16
