hand,first_max_height,min_height,second_max_height,dribbling_frequency,bending_angle,duration
1,0.6802468470290193,0.6296362047804679,0.682505481258671,0.2592592592592591,0.22739807059794434,18
