hand,first_max_height,min_height,second_max_height,dribbling_frequency,bending_angle,duration
1,0.7357875776085836,0.7600154667983634,0.7589156116503553,0.3750000000000001,0.10428977264174154,16
