hand,first_max_height,min_height,second_max_height,dribbling_frequency,bending_angle,duration
1,0.7516020538125926,0.6603973734318654,0.780566723094523,0.2592592592592591,0.03779098957965644,18
