hand,first_max_height,min_height,second_max_height,dribbling_frequency,bending_angle,duration
1,0.6697354780996793,0.6366826217717604,0.6676786098109966,0.31372549019607854,0.13355429704712007,17
