hand,first_max_height,min_height,second_max_height,dribbling_frequency,bending_angle,duration
1,0.6014968616235195,0.650822155024766,0.6193057026820263,0.31372549019607854,0.2986531725056589,17
