hand,first_max_height,min_height,second_max_height,dribbling_frequency,bending_angle,duration
1,0.7565321877665048,0.6083776192094074,0.7309206068380727,0.3750000000000001,0.32540236115349247,16
