hand,first_max_height,min_height,second_max_height,dribbling_frequency,bending_angle,duration
1,0.5869917915562556,0.663655832986741,0.5858778786619383,0.44444444444444453,0.36787938261255587,15
