hand,first_max_height,min_height,second_max_height,dribbling_frequency,bending_angle,duration
1,0.5895520767787465,0.6306411730799255,0.6286355828772395,0.44444444444444453,0.12266298000507149,15
