hand,first_max_height,min_height,second_max_height,dribbling_frequency,bending_angle,duration
1,0.6942216461155402,0.7540450009975683,0.6990894349445342,0.5238095238095238,0.07658349017756426,14
