hand,first_max_height,min_height,second_max_height,dribbling_frequency,bending_angle,duration
1,0.37843342759103293,0.3969200897172015,0.3877387437850404,0.6153846153846155,0.6059912629481699,13
