hand,first_max_height,min_height,second_max_height,dribbling_frequency,bending_angle,duration
1,0.44093495225052154,0.38944993073061307,0.3885184440613602,0.5238095238095238,0.610987773808736,14
