hand,first_max_height,min_height,second_max_height,dribbling_frequency,bending_angle,duration
1,0.6852927929998069,0.6911532255509383,0.7130449672440702,0.2105263157894739,0.0730026077256399,19
