hand,first_max_height,min_height,second_max_height,dribbling_frequency,bending_angle,duration
1,0.1815530485861469,0.32411808248197577,0.21259892931526264,1.0,0.7445711953667449,10
