hand,first_max_height,min_height,second_max_height,dribbling_frequency,bending_angle,duration
1,0.33723043337095193,0.41450595728223766,0.3444109911513852,1.0,0.6663135335159193,10
