hand,first_max_height,min_height,second_max_height,dribbling_frequency,bending_angle,duration
1,0.6719505133413604,0.7132462911619044,0.6651996417391965,0.44444444444444453,0.14448004115348534,15
