hand,first_max_height,min_height,second_max_height,dribbling_frequency,bending_angle,duration
1,0.3954621662113596,0.31763399655158225,0.34620815608310124,0.44444444444444453,0.6801469363048704,15
