hand,first_max_height,min_height,second_max_height,dribbling_frequency,bending_angle,duration
1,0.4343606453774932,0.534875266607931,0.47038940684443026,0.8484848484848487,0.3906271733983999,11
