hand,first_max_height,min_height,second_max_height,dribbling_frequency,bending_angle,duration
1,0.30968684798294066,0.3315473616456881,0.20642927397551653,0.7222222222222222,0.6394756585501298,12
