hand,first_max_height,min_height,second_max_height,dribbling_frequency,bending_angle,duration
1,0.6628034507112055,0.6678912412788215,0.647513736828309,0.3750000000000001,0.24012805007672477,16
