hand,first_max_height,min_height,second_max_height,dribbling_frequency,bending_angle,duration
1,0.3781957421818814,0.43585973751992546,0.3836286037948674,0.7222222222222222,0.5838502708277423,12
