hand,first_max_height,min_height,second_max_height,dribbling_frequency,bending_angle,duration
1,0.501342669176341,0.6078017094375706,0.48947542457791793,0.6153846153846155,0.4583045814336918,13
