hand,first_max_height,min_height,second_max_height,dribbling_frequency,bending_angle,duration
1,0.7178326409536828,0.6357849899492395,0.6925295321165065,0.31372549019607854,0.07846800560683014,17
