hand,first_max_height,min_height,second_max_height,dribbling_frequency,bending_angle,duration
1,0.5081835275167811,0.7051224142344549,0.5571721634882174,1.0,0.19035792820568784,10
