hand,first_max_height,min_height,second_max_height,dribbling_frequency,bending_angle,duration
1,0.368857994643632,0.48468504611050045,0.3128143551671844,0.8484848484848487,0.6458670911814179,11
