hand,first_max_height,min_height,second_max_height,dribbling_frequency,bending_angle,duration
1,0.7381968252801088,0.727631606267387,0.6590164764953123,0.3750000000000001,0.09002561129847107,16
