hand,first_max_height,min_height,second_max_height,dribbling_frequency,bending_angle,duration
1,0.5654548304566227,0.5904040040098151,0.5617307627595022,0.31372549019607854,0.30793393824860843,17
