hand,first_max_height,min_height,second_max_height,dribbling_frequency,bending_angle,duration
1,0.7394840229348534,0.6845531817398381,0.7295585899583912,0.16666666666666674,0.05977394570490033,20
