hand,first_max_height,min_height,second_max_height,dribbling_frequency,bending_angle,duration
1,0.6584335468312048,0.7133552082295322,0.6490921108492601,0.44444444444444453,0.08694682968298907,15
