hand,first_max_height,min_height,second_max_height,dribbling_frequency,bending_angle,duration
1,0.6289540475703697,0.7110964722868209,0.7296277288795683,0.44444444444444453,0.26865143797639446,15
