hand,first_max_height,min_height,second_max_height,dribbling_frequency,bending_angle,duration
1,0.7448773055894575,0.6385112215113796,0.7739363899574228,0.31372549019607854,0.15420063476466236,17
