hand,first_max_height,min_height,second_max_height,dribbling_frequency,bending_angle,duration
1,0.6195806770307904,0.6104029306450457,0.6247682238114295,0.2592592592592591,0.29082986134988636,18
