hand,first_max_height,min_height,second_max_height,dribbling_frequency,bending_angle,duration
1,0.42316821633346896,0.3542087933001923,0.4302890809055757,0.44444444444444453,0.6634851815971817,15
