hand,first_max_height,min_height,second_max_height,dribbling_frequency,bending_angle,duration
1,0.3884423979297918,0.41368735499427517,0.642455072428856,0.3750000000000001,0.6355009565580664,16
