hand,first_max_height,min_height,second_max_height,dribbling_frequency,bending_angle,duration
1,0.3000449883231578,0.35744102941860073,0.2743129164493141,0.5238095238095238,0.7744708774045059,14
