hand,first_max_height,min_height,second_max_height,dribbling_frequency,bending_angle,duration
1,0.7772227423798699,0.6141079789152077,0.7784439297380681,0.16666666666666674,0.10700352655029799,20
