hand,first_max_height,min_height,second_max_height,dribbling_frequency,bending_angle,duration
1,0.7476820828475745,0.735267008826234,0.7214272170677771,0.5238095238095238,0.05471362689560633,14
