hand,first_max_height,min_height,second_max_height,dribbling_frequency,bending_angle,duration
1,0.7624772046327788,0.6652262935284797,0.6942716143876009,0.16666666666666674,0.02263586331943505,20
