hand,first_max_height,min_height,second_max_height,dribbling_frequency,bending_angle,duration
1,0.6710673411354495,0.6762917934222569,0.6157564968917908,0.31372549019607854,0.12247618794278689,17
