hand,first_max_height,min_height,second_max_height,dribbling_frequency,bending_angle,duration
1,0.7213451086315228,0.7041342576723488,0.7007480240213049,0.5238095238095238,0.07336217871766793,14
