hand,first_max_height,min_height,second_max_height,dribbling_frequency,bending_angle,duration
1,0.6998888333814848,0.7880511223379351,0.719345350773858,0.5238095238095238,0.10314869286942431,14
