hand,first_max_height,min_height,second_max_height,dribbling_frequency,bending_angle,duration
1,0.5271430626192246,0.30812264837741243,0.4619666273083093,0.2592592592592591,0.6946123051654173,18
