hand,first_max_height,min_height,second_max_height,dribbling_frequency,bending_angle,duration
1,0.5601174913159618,0.719154754700587,0.6087624642214153,0.7222222222222222,0.16525950537000691,12
