hand,first_max_height,min_height,second_max_height,dribbling_frequency,bending_angle,duration
1,0.44616015594627134,0.33030738824846634,0.40468473310054404,0.31372549019607854,0.6540579000397947,17
