hand,first_max_height,min_height,second_max_height,dribbling_frequency,bending_angle,duration
1,0.7352673426756351,0.7531034718608518,0.740820783795466,0.3750000000000001,0.013318358039837712,16
