hand,first_max_height,min_height,second_max_height,dribbling_frequency,bending_angle,duration
1,0.29731056276641177,0.39384641558313,0.4624377852151234,0.5238095238095238,0.6789745255881832,14
