hand,first_max_height,min_height,second_max_height,dribbling_frequency,bending_angle,duration
1,0.8102669762605238,0.7446762652107607,0.8774962124462227,0.2592592592592591,0.023585877423222292,18
