hand,first_max_height,min_height,second_max_height,dribbling_frequency,bending_angle,duration
1,0.7329976060051338,0.6431686475180022,0.7510210097635133,0.2592592592592591,0.12245524904301712,18
