hand,first_max_height,min_height,second_max_height,dribbling_frequency,bending_angle,duration
1,0.7011224723257223,0.7402626812407667,0.6556354243097066,0.3750000000000001,0.1961656038172261,16
