hand,first_max_height,min_height,second_max_height,dribbling_frequency,bending_angle,duration
1,0.757042287284849,0.7465470379838215,0.7115399539893392,0.31372549019607854,0.05704161039490341,17
