hand,first_max_height,min_height,second_max_height,dribbling_frequency,bending_angle,duration
1,0.7007926242004386,0.6873201494347916,0.7121744227961752,0.5238095238095238,0.12862235542655306,14
