hand,first_max_height,min_height,second_max_height,dribbling_frequency,bending_angle,duration
1,0.4301410834807895,0.33369789897108587,0.4467868096150285,0.2592592592592591,0.7219458367084469,18
