hand,first_max_height,min_height,second_max_height,dribbling_frequency,bending_angle,duration
1,0.7467548414614968,0.728755262558745,0.7776275739130207,0.31372549019607854,0.03823428095744973,17
