hand,first_max_height,min_height,second_max_height,dribbling_frequency,bending_angle,duration
1,0.7294868772464662,0.6840142003141496,0.6900617395168793,0.31372549019607854,0.08630824657969217,17
