hand,first_max_height,min_height,second_max_height,dribbling_frequency,bending_angle,duration
1,0.2765171635048562,0.2204742964701028,0.3029885323513156,0.5238095238095238,0.7985739720406838,14
