hand,first_max_height,min_height,second_max_height,dribbling_frequency,bending_angle,duration
1,0.6423855089406529,0.6071971334981987,0.6575853206944537,0.44444444444444453,0.22696188936074005,15
