hand,first_max_height,min_height,second_max_height,dribbling_frequency,bending_angle,duration
1,0.7330335767902979,0.6726383298846521,0.7312450432124467,0.2592592592592591,0.06427566975849075,18
