hand,first_max_height,min_height,second_max_height,dribbling_frequency,bending_angle,duration
1,0.38456202463849726,0.4558024094955567,0.3749934902874591,0.8484848484848487,0.5836436309880432,11
