hand,first_max_height,min_height,second_max_height,dribbling_frequency,bending_angle,duration
1,0.8319628745725053,0.7277497913440676,0.8338164572735002,0.12698412698412698,0.10151544898871262,21
