hand,first_max_height,min_height,second_max_height,dribbling_frequency,bending_angle,duration
1,0.7131232503678435,0.6569553498217202,0.7093711176875315,0.3750000000000001,0.23228117977721816,16
