hand,first_max_height,min_height,second_max_height,dribbling_frequency,bending_angle,duration
1,0.7109390685206194,0.7111104102229158,0.7096117131862252,0.5238095238095238,0.09569408854300146,14
