hand,first_max_height,min_height,second_max_height,dribbling_frequency,bending_angle,duration
1,0.3979310339687923,0.5017266157175233,0.41085294804609906,0.7222222222222222,0.5901296347113631,12
