hand,first_max_height,min_height,second_max_height,dribbling_frequency,bending_angle,duration
1,0.431132813926457,0.37495936265410496,0.3475653054237919,0.8484848484848487,0.5617034043923674,11
