hand,first_max_height,min_height,second_max_height,dribbling_frequency,bending_angle,duration
1,0.8085655680589363,0.7040472533393032,0.8310199071169255,0.31372549019607854,0.15471734867317255,17
