hand,first_max_height,min_height,second_max_height,dribbling_frequency,bending_angle,duration
1,0.7493746970864905,0.7124278325640048,0.7002784058462124,0.31372549019607854,0.028569801371855694,17
