hand,first_max_height,min_height,second_max_height,dribbling_frequency,bending_angle,duration
1,0.6128865834684929,0.5693432796552762,0.6038198260575007,0.2105263157894739,0.0981290538015997,19
