hand,first_max_height,min_height,second_max_height,dribbling_frequency,bending_angle,duration
1,0.3881746540606618,0.3716830136864067,0.4033453651777998,0.6153846153846155,0.650822529959081,13
