hand,first_max_height,min_height,second_max_height,dribbling_frequency,bending_angle,duration
1,0.7739838315295359,0.7301635688645762,0.8171660467797814,0.31372549019607854,0.04708685025793238,17
