hand,first_max_height,min_height,second_max_height,dribbling_frequency,bending_angle,duration
1,0.4904523649176534,0.5505500563372815,0.4748177249445603,0.8484848484848487,0.36377645857333885,11
