hand,first_max_height,min_height,second_max_height,dribbling_frequency,bending_angle,duration
1,0.7622160686565036,0.683549147425789,0.7241243303563945,0.31372549019607854,0.06691812441640402,17
