hand,first_max_height,min_height,second_max_height,dribbling_frequency,bending_angle,duration
1,0.6022287478614399,0.6321971209253181,0.613312917815205,0.31372549019607854,0.11345112659596596,17
