hand,first_max_height,min_height,second_max_height,dribbling_frequency,bending_angle,duration
1,0.6700060539228898,0.7051094821288,0.6902799840712269,0.31372549019607854,0.06479059449891643,17
