hand,first_max_height,min_height,second_max_height,dribbling_frequency,bending_angle,duration
1,0.5463913079876754,0.6306411730799255,0.5699098673334864,0.44444444444444453,0.3766894686558844,15
