hand,first_max_height,min_height,second_max_height,dribbling_frequency,bending_angle,duration
1,0.7173724732572861,0.6718169974854958,0.7243552901146366,0.31372549019607854,0.09332542594289187,17
