hand,first_max_height,min_height,second_max_height,dribbling_frequency,bending_angle,duration
1,0.7872515860805979,0.681013448886966,0.7542904562336845,0.31372549019607854,0.1032259516886139,17
