hand,first_max_height,min_height,second_max_height,dribbling_frequency,bending_angle,duration
1,0.5001823629377697,0.5517658179589159,0.5198708711441982,0.5238095238095238,0.3640417589388472,14
