hand,first_max_height,min_height,second_max_height,dribbling_frequency,bending_angle,duration
1,0.4198728154517376,0.4891765819395817,0.41750270167039777,0.8484848484848487,0.5604792867959792,11
