hand,first_max_height,min_height,second_max_height,dribbling_frequency,bending_angle,duration
1,0.3384925905896153,0.36641562336305605,0.6351932506108326,0.31372549019607854,0.7051301091086882,17
