hand,first_max_height,min_height,second_max_height,dribbling_frequency,bending_angle,duration
1,0.6034472830505808,0.7082061466729249,0.6281376535059753,0.6153846153846155,0.13512700421944593,13
