hand,first_max_height,min_height,second_max_height,dribbling_frequency,bending_angle,duration
1,0.6811402043329393,0.6901417911986532,0.6347746422576142,0.3750000000000001,0.06860248936728054,16
