hand,first_max_height,min_height,second_max_height,dribbling_frequency,bending_angle,duration
1,0.3710835627671569,0.43554735532332545,0.29664285090765324,0.8484848484848487,0.6160901096511809,11
