hand,first_max_height,min_height,second_max_height,dribbling_frequency,bending_angle,duration
1,0.15596510138271405,0.22939285129005305,0.17447050302414485,1.0,0.8746969492177376,10
