hand,first_max_height,min_height,second_max_height,dribbling_frequency,bending_angle,duration
1,0.7402781624791421,0.6946213289074878,0.7159092655963959,0.2592592592592591,0.06753098107061069,18
