hand,first_max_height,min_height,second_max_height,dribbling_frequency,bending_angle,duration
1,0.6535968176785478,0.6470542423521144,0.7817969687400934,0.2105263157894739,0.34050769078979726,19
