hand,first_max_height,min_height,second_max_height,dribbling_frequency,bending_angle,duration
1,0.6817830082258329,0.7037507488946463,0.6506899053574096,0.31372549019607854,0.09550555515348516,17
