hand,first_max_height,min_height,second_max_height,dribbling_frequency,bending_angle,duration
1,0.7184835432415788,0.7171436685811692,0.7093185681339358,0.31372549019607854,0.023725169299349647,17
