hand,first_max_height,min_height,second_max_height,dribbling_frequency,bending_angle,duration
1,0.5559750380636985,0.5976075460848159,0.5793013864663293,0.2592592592592591,0.3676036380593849,18
