hand,first_max_height,min_height,second_max_height,dribbling_frequency,bending_angle,duration
1,0.7376344091363806,0.7036870223517796,0.7091782042034427,0.31372549019607854,0.05091747630477383,17
