hand,first_max_height,min_height,second_max_height,dribbling_frequency,bending_angle,duration
1,0.18126577913888223,0.24858517375756778,0.19593004204088463,1.0,0.8443243548325572,10
