hand,first_max_height,min_height,second_max_height,dribbling_frequency,bending_angle,duration
1,0.598898817013287,0.6274724479692896,0.36822641903972636,0.44444444444444453,0.4463834710236374,15
