hand,first_max_height,min_height,second_max_height,dribbling_frequency,bending_angle,duration
1,0.8549372759433698,0.6920084688049233,0.8407919883288335,0.2105263157894739,0.114738032495475,19
