hand,first_max_height,min_height,second_max_height,dribbling_frequency,bending_angle,duration
1,0.7207068756118821,0.7263625356324415,0.6775411875131234,0.3750000000000001,0.039548618264515854,16
