hand,first_max_height,min_height,second_max_height,dribbling_frequency,bending_angle,duration
1,0.5964345698125122,0.4129342753749647,0.4045642863449016,0.44444444444444453,0.3269865803196304,15
