hand,first_max_height,min_height,second_max_height,dribbling_frequency,bending_angle,duration
1,0.7277262961096154,0.5961171568305911,0.6344181446952952,0.44444444444444453,0.10168674385001131,15
