hand,first_max_height,min_height,second_max_height,dribbling_frequency,bending_angle,duration
1,0.31829991337698355,0.42744639696089776,0.37126887925287244,1.0,0.7203666732523712,10
