hand,first_max_height,min_height,second_max_height,dribbling_frequency,bending_angle,duration
1,0.31685879653378757,0.2884095212771576,0.33686973286027144,0.8484848484848487,0.8160573627904059,11
