hand,first_max_height,min_height,second_max_height,dribbling_frequency,bending_angle,duration
1,0.7545981618630679,0.7174033883697407,0.7763460701017502,0.2592592592592591,0.02766983374305821,18
