hand,first_max_height,min_height,second_max_height,dribbling_frequency,bending_angle,duration
1,0.7035252114712025,0.6891648424614483,0.6685831276942977,0.2592592592592591,0.1365330197576841,18
