hand,first_max_height,min_height,second_max_height,dribbling_frequency,bending_angle,duration
1,0.6423444704481864,0.7189706158850658,0.6588108974760941,0.6153846153846155,0.14135300179650193,13
