hand,first_max_height,min_height,second_max_height,dribbling_frequency,bending_angle,duration
1,0.43631548862759273,0.3750453611567109,0.36126265948174857,0.5238095238095238,0.6281936530452752,14
