hand,first_max_height,min_height,second_max_height,dribbling_frequency,bending_angle,duration
1,0.34428527813639526,0.3967913434209027,0.48423551885420113,0.6153846153846155,0.6569120482836209,13
