hand,first_max_height,min_height,second_max_height,dribbling_frequency,bending_angle,duration
1,0.885333384341629,0.7096842863492931,0.8297777409677041,0.2592592592592591,0.019932020055874116,18
