hand,first_max_height,min_height,second_max_height,dribbling_frequency,bending_angle,duration
1,0.7598223222073144,0.6471153106288187,0.7458939018055961,0.16666666666666674,0.08685839099015104,20
