hand,first_max_height,min_height,second_max_height,dribbling_frequency,bending_angle,duration
1,0.5979393310974144,0.45331384129734326,0.4145277413091767,0.31372549019607854,0.11183707930353166,17
