hand,first_max_height,min_height,second_max_height,dribbling_frequency,bending_angle,duration
1,0.682411900765348,0.6483407713296943,0.6629028090294338,0.2592592592592591,0.22643660213973538,18
