hand,first_max_height,min_height,second_max_height,dribbling_frequency,bending_angle,duration
1,0.5057331419859797,0.5595908914007031,0.49738219531223704,0.44444444444444453,0.3634489521656167,15
