hand,first_max_height,min_height,second_max_height,dribbling_frequency,bending_angle,duration
1,0.5315713445000098,0.5406763218246455,0.45913908384224145,0.44444444444444453,0.3398206010763589,15
