hand,first_max_height,min_height,second_max_height,dribbling_frequency,bending_angle,duration
1,0.5705556269064453,0.6226766484321583,0.5281269126354979,0.6153846153846155,0.3054961285182041,13
