hand,first_max_height,min_height,second_max_height,dribbling_frequency,bending_angle,duration
1,0.86885444228018,0.7775271902909774,0.8475328344685337,0.09090909090909105,0.06442746897933899,22
