hand,first_max_height,min_height,second_max_height,dribbling_frequency,bending_angle,duration
1,0.31704585455332257,0.20889797840295254,0.1605393084195635,0.8484848484848487,0.8609379137344202,11
