hand,first_max_height,min_height,second_max_height,dribbling_frequency,bending_angle,duration
1,0.70836487194475,0.6905589234510588,0.7211897010325268,0.3750000000000001,0.0845424114939683,16
