hand,first_max_height,min_height,second_max_height,dribbling_frequency,bending_angle,duration
1,0.6767839137058875,0.6690202859475358,0.6882536474568164,0.2592592592592591,0.1573952633878722,18
