hand,first_max_height,min_height,second_max_height,dribbling_frequency,bending_angle,duration
1,0.5616408341943052,0.6400340487972892,0.5173287244030466,0.5238095238095238,0.35278546767693025,14
