hand,first_max_height,min_height,second_max_height,dribbling_frequency,bending_angle,duration
1,0.7196454890325126,0.7892461925905214,0.7214934752005717,0.5238095238095238,0.05553170568813071,14
