hand,first_max_height,min_height,second_max_height,dribbling_frequency,bending_angle,duration
1,0.30160877349310855,0.23847930794842426,0.21987222461805028,0.7222222222222222,0.8176257564664275,12
