hand,first_max_height,min_height,second_max_height,dribbling_frequency,bending_angle,duration
1,0.5387324620685834,0.5624009661145066,0.5123503743969435,0.6153846153846155,0.26036025100606414,13
