hand,first_max_height,min_height,second_max_height,dribbling_frequency,bending_angle,duration
1,0.6882635128303667,0.6741702096445201,0.583065335162965,0.5238095238095238,0.09009344377320566,14
