hand,first_max_height,min_height,second_max_height,dribbling_frequency,bending_angle,duration
1,0.6547442559152441,0.6980019250157719,0.6553870804836397,0.44444444444444453,0.11748762002479685,15
