hand,first_max_height,min_height,second_max_height,dribbling_frequency,bending_angle,duration
1,0.28486482014980047,0.290703604975326,0.3590181776505208,0.8484848484848487,0.7531889427709024,11
