hand,first_max_height,min_height,second_max_height,dribbling_frequency,bending_angle,duration
1,0.7591886600609268,0.6440521977143655,0.6939769792723551,0.2105263157894739,0.20915110919154553,19
