hand,first_max_height,min_height,second_max_height,dribbling_frequency,bending_angle,duration
1,0.7958280348052125,0.6177458520809951,0.49140411239991894,0.44444444444444453,0.1693179206663959,15
