hand,first_max_height,min_height,second_max_height,dribbling_frequency,bending_angle,duration
1,0.8170538287398126,0.7931398340681524,0.7821840870961665,0.31372549019607854,0.017681336095264823,17
