hand,first_max_height,min_height,second_max_height,dribbling_frequency,bending_angle,duration
1,0.6886950132021228,0.7113771708245662,0.6730204358409313,0.3750000000000001,0.06069311068774305,16
