hand,first_max_height,min_height,second_max_height,dribbling_frequency,bending_angle,duration
1,0.7332360366653591,0.7442084822112062,0.6964320566680875,0.3750000000000001,0.1231681780083572,16
