hand,first_max_height,min_height,second_max_height,dribbling_frequency,bending_angle,duration
1,0.3748387338780455,0.3029296895066093,0.4649564386303291,0.2105263157894739,0.6710865516858755,19
