hand,first_max_height,min_height,second_max_height,dribbling_frequency,bending_angle,duration
1,0.187292823306684,0.15347406290190563,0.20055028024979912,0.44444444444444453,0.8865621541259052,15
