hand,first_max_height,min_height,second_max_height,dribbling_frequency,bending_angle,duration
1,0.6161302142422944,0.5840169807168656,0.6617587386915086,0.5238095238095238,0.3672675346241087,14
