hand,first_max_height,min_height,second_max_height,dribbling_frequency,bending_angle,duration
1,0.7058670387622472,0.7172874304890341,0.6922890359553433,0.3750000000000001,0.06721891361369944,16
