hand,first_max_height,min_height,second_max_height,dribbling_frequency,bending_angle,duration
1,0.3308827821911823,0.23307519653028747,0.43096457611247785,0.2592592592592591,0.7315092466445391,18
