hand,first_max_height,min_height,second_max_height,dribbling_frequency,bending_angle,duration
1,0.3910228049312766,0.4319645154516032,0.36527947186208565,0.5238095238095238,0.5706779505019898,14
