hand,first_max_height,min_height,second_max_height,dribbling_frequency,bending_angle,duration
1,0.6647935194953953,0.6164290045001575,0.6647744771089699,0.2105263157894739,0.0630418633766215,19
