hand,first_max_height,min_height,second_max_height,dribbling_frequency,bending_angle,duration
1,0.6421058410543414,0.6374570393654015,0.4261601661221521,0.8484848484848487,0.1306252481533598,11
