hand,first_max_height,min_height,second_max_height,dribbling_frequency,bending_angle,duration
1,0.31933735255518025,0.39372600331047547,0.3299990028995383,0.5238095238095238,0.5549766723325205,14
