hand,first_max_height,min_height,second_max_height,dribbling_frequency,bending_angle,duration
1,0.6432797605458616,0.7210676286620581,0.5744084667363933,0.5238095238095238,0.26118440522221503,14
