hand,first_max_height,min_height,second_max_height,dribbling_frequency,bending_angle,duration
1,0.7842161784568284,0.7310141421915192,0.741594275476134,0.31372549019607854,0.06312626652072253,17
