hand,first_max_height,min_height,second_max_height,dribbling_frequency,bending_angle,duration
1,0.5985766698157664,0.6966896036719135,0.519620838580114,0.3750000000000001,0.22368712935850313,16
