hand,first_max_height,min_height,second_max_height,dribbling_frequency,bending_angle,duration
1,0.667401798887042,0.7313291108092503,0.7059537079657896,0.3750000000000001,0.05703794666202985,16
