hand,first_max_height,min_height,second_max_height,dribbling_frequency,bending_angle,duration
1,0.7362687117018578,0.7161788616542735,0.7295510403060788,0.2592592592592591,0.055939721813649486,18
