hand,first_max_height,min_height,second_max_height,dribbling_frequency,bending_angle,duration
1,0.6507495114258168,0.7641087656183017,0.6893607145646576,0.6153846153846155,0.11764198086176621,13
