hand,first_max_height,min_height,second_max_height,dribbling_frequency,bending_angle,duration
1,0.5865589497325666,0.6347062368025169,0.6143750843592934,0.31372549019607854,0.35624262830083686,17
