hand,first_max_height,min_height,second_max_height,dribbling_frequency,bending_angle,duration
1,0.7180815548123469,0.6891102402375715,0.7158190174500031,0.2592592592592591,0.0668692451006365,18
