hand,first_max_height,min_height,second_max_height,dribbling_frequency,bending_angle,duration
1,0.6496568243013456,0.6548819740600641,0.6074757451897973,0.31372549019607854,0.07228776120040438,17
