hand,first_max_height,min_height,second_max_height,dribbling_frequency,bending_angle,duration
1,0.8227028318795555,0.7718959767285322,0.8370274932757804,0.2592592592592591,0.018661207479366025,18
