hand,first_max_height,min_height,second_max_height,dribbling_frequency,bending_angle,duration
1,0.6901886950877272,0.6948372950719266,0.685031187638537,0.3750000000000001,0.06712953198577927,16
