hand,first_max_height,min_height,second_max_height,dribbling_frequency,bending_angle,duration
1,0.6911836052713098,0.5951635218060808,0.6790357703271594,0.31372549019607854,0.11218383415982845,17
