hand,first_max_height,min_height,second_max_height,dribbling_frequency,bending_angle,duration
1,0.4488629331740814,0.5614776856157699,0.4485497030987473,0.8484848484848487,0.5312067865925242,11
