hand,first_max_height,min_height,second_max_height,dribbling_frequency,bending_angle,duration
1,0.4608218281058524,0.5188546148973404,0.8008084833257609,0.31372549019607854,0.6762996935236433,17
