hand,first_max_height,min_height,second_max_height,dribbling_frequency,bending_angle,duration
1,0.6157274308785838,0.6738028659988864,0.6740402845970578,0.5238095238095238,0.1380854892243523,14
