hand,first_max_height,min_height,second_max_height,dribbling_frequency,bending_angle,duration
1,0.6691341101664915,0.7396798743459139,0.6736604178807057,0.5238095238095238,0.06899225859622735,14
