hand,first_max_height,min_height,second_max_height,dribbling_frequency,bending_angle,duration
1,0.5814895035112504,0.7360783547660235,0.5929382936370213,0.5238095238095238,0.3001747395498119,14
