hand,first_max_height,min_height,second_max_height,dribbling_frequency,bending_angle,duration
1,0.36609932358528363,0.3411845823149001,0.36953315458372543,0.6153846153846155,0.7576568413114712,13
