hand,first_max_height,min_height,second_max_height,dribbling_frequency,bending_angle,duration
1,0.9118869285197401,0.7056523431861849,0.8177363932107269,0.31372549019607854,0.14196081300067562,17
