hand,first_max_height,min_height,second_max_height,dribbling_frequency,bending_angle,duration
1,0.7909938891896114,0.8711944315502571,0.7801730981302069,0.2105263157894739,0.11592591201732304,19
