hand,first_max_height,min_height,second_max_height,dribbling_frequency,bending_angle,duration
1,0.4274573846804698,0.39372018386293073,0.37045465918472936,0.44444444444444453,0.6615734155020558,15
