hand,first_max_height,min_height,second_max_height,dribbling_frequency,bending_angle,duration
1,0.4768299702222512,0.6709311482481272,0.5602471070738131,1.0,0.40624474072271305,10
