hand,first_max_height,min_height,second_max_height,dribbling_frequency,bending_angle,duration
1,0.7569982181046824,0.7843210001518086,0.8032334614497741,0.2592592592592591,0.0526982033136998,18
