hand,first_max_height,min_height,second_max_height,dribbling_frequency,bending_angle,duration
1,0.7952228909332506,0.7530113665305754,0.7459370142938013,0.3750000000000001,0.028318501855198346,16
