hand,first_max_height,min_height,second_max_height,dribbling_frequency,bending_angle,duration
1,0.7007762286768141,0.6667302974161581,0.7341155998291891,0.31372549019607854,0.14235254068814956,17
