hand,first_max_height,min_height,second_max_height,dribbling_frequency,bending_angle,duration
1,0.7726154511911472,0.6921849920471143,0.7354875504619133,0.31372549019607854,0.026615958428279067,17
