hand,first_max_height,min_height,second_max_height,dribbling_frequency,bending_angle,duration
1,0.3834469302984059,0.43883764222711846,0.36147668219105306,0.8484848484848487,0.5790099865255247,11
