hand,first_max_height,min_height,second_max_height,dribbling_frequency,bending_angle,duration
1,0.6618424742931852,0.6948971419830967,0.6763111405426139,0.3750000000000001,0.09666587325570337,16
