hand,first_max_height,min_height,second_max_height,dribbling_frequency,bending_angle,duration
1,0.5208990510221242,0.6731530276897217,0.5068171746146417,1.0,0.330490107080441,10
