hand,first_max_height,min_height,second_max_height,dribbling_frequency,bending_angle,duration
1,0.5772819153151331,0.7274576694463271,0.598663711540699,0.44444444444444453,0.29637514486485356,15
