hand,first_max_height,min_height,second_max_height,dribbling_frequency,bending_angle,duration
1,0.7712500021736489,0.7507943725511173,0.784279761306815,0.31372549019607854,0.07156972435849386,17
