hand,first_max_height,min_height,second_max_height,dribbling_frequency,bending_angle,duration
1,0.7252458521188356,0.6695255720534898,0.7039918910773912,0.31372549019607854,0.10427580577243385,17
