hand,first_max_height,min_height,second_max_height,dribbling_frequency,bending_angle,duration
1,0.46686034914019137,0.5720483169331485,0.5794522801750476,0.6153846153846155,0.4330751052611954,13
