hand,first_max_height,min_height,second_max_height,dribbling_frequency,bending_angle,duration
1,0.7138295496522284,0.5765821694857342,0.6833217874149531,0.31372549019607854,0.29458966525376645,17
