hand,first_max_height,min_height,second_max_height,dribbling_frequency,bending_angle,duration
1,0.48097088328896187,0.3471088517604944,0.42097797550361327,0.44444444444444453,0.6714487813992888,15
