hand,first_max_height,min_height,second_max_height,dribbling_frequency,bending_angle,duration
1,0.6977406720028299,0.7151608894041296,0.6862896948115138,0.3750000000000001,0.08459456635214399,16
