hand,first_max_height,min_height,second_max_height,dribbling_frequency,bending_angle,duration
1,0.8093381946888936,0.7226631631197613,0.7928010340043542,0.3750000000000001,0.15211249300315288,16
