hand,first_max_height,min_height,second_max_height,dribbling_frequency,bending_angle,duration
1,0.7542180341320023,0.648602933849334,0.7193787281840813,0.3750000000000001,0.1527213028813057,16
