hand,first_max_height,min_height,second_max_height,dribbling_frequency,bending_angle,duration
1,0.71155792501234,0.7100450202520368,0.7173781199900513,0.44444444444444453,0.04503240301576227,15
