hand,first_max_height,min_height,second_max_height,dribbling_frequency,bending_angle,duration
1,0.7220533952521047,0.7593146185168931,0.7353933784830687,0.31372549019607854,0.15239516946617884,17
