hand,first_max_height,min_height,second_max_height,dribbling_frequency,bending_angle,duration
1,0.3302072369344445,0.35589003888037574,0.33729728159122835,0.6153846153846155,0.7017394991871663,13
