hand,first_max_height,min_height,second_max_height,dribbling_frequency,bending_angle,duration
1,0.48154507439965677,0.5569351398143827,0.4620572728048237,0.8484848484848487,0.5181410857740556,11
