hand,first_max_height,min_height,second_max_height,dribbling_frequency,bending_angle,duration
1,0.5101355388128,0.6098238596918266,0.5289483843433621,0.44444444444444453,0.3708497854460838,15
