hand,first_max_height,min_height,second_max_height,dribbling_frequency,bending_angle,duration
1,0.7535400543884233,0.7333276240481701,0.7544109029893271,0.31372549019607854,0.10760492819726747,17
