hand,first_max_height,min_height,second_max_height,dribbling_frequency,bending_angle,duration
1,0.25955842880206603,0.34444684965644073,0.3597725468565818,0.6153846153846155,0.7621667570972175,13
