hand,first_max_height,min_height,second_max_height,dribbling_frequency,bending_angle,duration
1,0.7799510071944054,0.6655618816702275,0.7517894352301295,0.2592592592592591,0.06795042973578591,18
