hand,first_max_height,min_height,second_max_height,dribbling_frequency,bending_angle,duration
1,0.4591797915731479,0.50524680672185,0.4569322012662803,0.6153846153846155,0.4063694018434266,13
