hand,first_max_height,min_height,second_max_height,dribbling_frequency,bending_angle,duration
1,0.5226310145177393,0.6689952120315713,0.521040222883617,0.7222222222222222,0.3351505126515297,12
