hand,first_max_height,min_height,second_max_height,dribbling_frequency,bending_angle,duration
1,0.7284367191166091,0.6387169856813573,0.7215201969962566,0.2592592592592591,0.03551660196474322,18
