hand,first_max_height,min_height,second_max_height,dribbling_frequency,bending_angle,duration
1,0.7224173261931656,0.6642444593291383,0.7353355640403603,0.2105263157894739,0.0573461619926716,19
