hand,first_max_height,min_height,second_max_height,dribbling_frequency,bending_angle,duration
1,0.6674694676845471,0.7019199219590531,0.6898035612753002,0.31372549019607854,0.046260329301356685,17
