hand,first_max_height,min_height,second_max_height,dribbling_frequency,bending_angle,duration
1,0.41407749468449667,0.41549461675956356,0.5472230131283238,0.3750000000000001,0.6010443585287728,16
