hand,first_max_height,min_height,second_max_height,dribbling_frequency,bending_angle,duration
1,0.7258051382080537,0.610773291781999,0.712220465741528,0.31372549019607854,0.2927775157351056,17
