hand,first_max_height,min_height,second_max_height,dribbling_frequency,bending_angle,duration
1,0.6862115385236427,0.7143886271614308,0.702611546423346,0.3750000000000001,0.028330200637101878,16
