hand,first_max_height,min_height,second_max_height,dribbling_frequency,bending_angle,duration
1,0.7151031340540241,0.8159318799897721,0.668432134648049,0.2105263157894739,0.09309083668870216,19
