hand,first_max_height,min_height,second_max_height,dribbling_frequency,bending_angle,duration
1,0.43626540775543043,0.5680373525192137,0.468366398037289,0.6153846153846155,0.41262590969354385,13
