hand,first_max_height,min_height,second_max_height,dribbling_frequency,bending_angle,duration
1,0.654760353338439,0.6126916978108892,0.6703033557086981,0.2592592592592591,0.2522626076496938,18
