hand,first_max_height,min_height,second_max_height,dribbling_frequency,bending_angle,duration
1,0.3475090355482277,0.3178838017258183,0.2614094182657629,0.44444444444444453,0.6901100915240476,15
