hand,first_max_height,min_height,second_max_height,dribbling_frequency,bending_angle,duration
1,0.6374794217547234,0.5866714390926203,0.6667066914133011,0.2592592592592591,0.3150841561476961,18
