hand,first_max_height,min_height,second_max_height,dribbling_frequency,bending_angle,duration
1,0.5471406331007238,0.6212065553993087,0.5897875555157102,0.5238095238095238,0.17102492772956768,14
