hand,first_max_height,min_height,second_max_height,dribbling_frequency,bending_angle,duration
1,0.7420020275797548,0.69382629178983,0.753711219093766,0.31372549019607854,0.08088110356354959,17
