hand,first_max_height,min_height,second_max_height,dribbling_frequency,bending_angle,duration
1,0.29733997534212614,0.3103759240977361,0.2956750053487051,0.8484848484848487,0.7603978684579492,11
