hand,first_max_height,min_height,second_max_height,dribbling_frequency,bending_angle,duration
1,0.6258922580585862,0.5937736078282922,0.6849347308964926,0.2592592592592591,0.28795644861132386,18
