hand,first_max_height,min_height,second_max_height,dribbling_frequency,bending_angle,duration
1,0.4941683358220579,0.2863390911617896,0.5272823946205747,0.2592592592592591,0.7301774983898168,18
