hand,first_max_height,min_height,second_max_height,dribbling_frequency,bending_angle,duration
1,0.6950243808888807,0.6706986577264626,0.697994238671579,0.2592592592592591,0.06811234250898948,18
