hand,first_max_height,min_height,second_max_height,dribbling_frequency,bending_angle,duration
1,0.6921983391334567,0.6614491846918068,0.6633518146669628,0.31372549019607854,0.0374950579309936,17
