hand,first_max_height,min_height,second_max_height,dribbling_frequency,bending_angle,duration
1,0.22423139151541585,0.2815463809610093,0.31609974531098917,0.8484848484848487,0.8052756118608664,11
