hand,first_max_height,min_height,second_max_height,dribbling_frequency,bending_angle,duration
1,0.8163935362883863,0.7562254258560354,0.7831732405553912,0.2592592592592591,0.04356028636806762,18
