hand,first_max_height,min_height,second_max_height,dribbling_frequency,bending_angle,duration
1,0.7367602296267608,0.5474340654797055,0.3867807823103699,0.3750000000000001,0.22413864708547354,16
