hand,first_max_height,min_height,second_max_height,dribbling_frequency,bending_angle,duration
1,0.6617881703316044,0.6575125798853885,0.6365771714159733,0.5238095238095238,0.17824827418321992,14
