hand,first_max_height,min_height,second_max_height,dribbling_frequency,bending_angle,duration
1,0.7555558094929584,0.7277218436268464,0.7427290080861991,0.31372549019607854,0.04139212728645486,17
