hand,first_max_height,min_height,second_max_height,dribbling_frequency,bending_angle,duration
1,0.48031655284612623,0.5362561999567925,0.563168027818482,0.3750000000000001,0.35792001731328454,16
