hand,first_max_height,min_height,second_max_height,dribbling_frequency,bending_angle,duration
1,0.5718397441900847,0.6518529156905023,0.6302958606920274,0.5238095238095238,0.1777153368367632,14
