hand,first_max_height,min_height,second_max_height,dribbling_frequency,bending_angle,duration
1,0.39793888394677013,0.49542480063183403,0.5331297493428512,0.8484848484848487,0.6323322864437418,11
