hand,first_max_height,min_height,second_max_height,dribbling_frequency,bending_angle,duration
1,0.2321759170128151,0.3727952466177695,0.2484004732936637,1.0,0.7190990749583739,10
