hand,first_max_height,min_height,second_max_height,dribbling_frequency,bending_angle,duration
1,0.7397746211702478,0.6599913771593294,0.7196988930446468,0.2592592592592591,0.05290066337146906,18
