hand,first_max_height,min_height,second_max_height,dribbling_frequency,bending_angle,duration
1,0.7121356436447845,0.6272348564503943,0.7357524339867962,0.44444444444444453,0.2917882346322159,15
