hand,first_max_height,min_height,second_max_height,dribbling_frequency,bending_angle,duration
1,0.38652546311764846,0.5048181074193863,0.49879556969514927,0.7222222222222222,0.5957534406404731,12
