hand,first_max_height,min_height,second_max_height,dribbling_frequency,bending_angle,duration
1,0.39806960098512245,0.22152696987042114,0.09409601046818891,0.44444444444444453,0.4371847540377362,15
