hand,first_max_height,min_height,second_max_height,dribbling_frequency,bending_angle,duration
1,0.790586534952648,0.7021890534467402,0.7789740444691905,0.16666666666666674,0.12262481981474559,20
