hand,first_max_height,min_height,second_max_height,dribbling_frequency,bending_angle,duration
1,0.7387029998094641,0.8385662260674323,0.7333748895335619,0.16666666666666674,0.11189243177224088,20
