hand,first_max_height,min_height,second_max_height,dribbling_frequency,bending_angle,duration
1,0.7571641109937202,0.7080648274961282,0.7403546921027035,0.2592592592592591,0.06329986167906149,18
