hand,first_max_height,min_height,second_max_height,dribbling_frequency,bending_angle,duration
1,0.6892691546294127,0.7829216026298731,0.7197280982785923,0.5238095238095238,0.08402669322616939,14
