hand,first_max_height,min_height,second_max_height,dribbling_frequency,bending_angle,duration
1,0.5197293546200226,0.5149905017276217,0.45023451728355063,0.5238095238095238,0.3813156888117199,14
