hand,first_max_height,min_height,second_max_height,dribbling_frequency,bending_angle,duration
1,0.7625123308000592,0.7217174669712226,0.7281396030050099,0.3750000000000001,0.16430814156061152,16
