hand,first_max_height,min_height,second_max_height,dribbling_frequency,bending_angle,duration
1,0.6349371716082195,0.76273745950365,0.6214045556936485,0.5238095238095238,0.11024882594710081,14
