hand,first_max_height,min_height,second_max_height,dribbling_frequency,bending_angle,duration
1,0.754700708410829,0.6785236593232183,0.7549397760013191,0.2592592592592591,0.07317798156349484,18
