hand,first_max_height,min_height,second_max_height,dribbling_frequency,bending_angle,duration
1,0.7136557074184029,0.6640593865282088,0.6983308438934301,0.31372549019607854,0.19966628152413948,17
