hand,first_max_height,min_height,second_max_height,dribbling_frequency,bending_angle,duration
1,0.668301664717007,0.6807264998314876,0.7199176342866467,0.3750000000000001,0.11235423465273273,16
