hand,first_max_height,min_height,second_max_height,dribbling_frequency,bending_angle,duration
1,0.647409842630299,0.6592615753301979,0.6535750645911249,0.3750000000000001,0.24510332942450186,16
