hand,first_max_height,min_height,second_max_height,dribbling_frequency,bending_angle,duration
1,0.7585943968546429,0.668771055533551,0.8251759795394489,0.2105263157894739,0.03501183846437684,19
