hand,first_max_height,min_height,second_max_height,dribbling_frequency,bending_angle,duration
1,0.7002122723475334,0.6949974376469545,0.6499059335672814,0.31372549019607854,0.031347634790540715,17
