hand,first_max_height,min_height,second_max_height,dribbling_frequency,bending_angle,duration
1,0.6532397927307713,0.5816564403646366,0.6769636887799872,0.31372549019607854,0.2942346823869061,17
