hand,first_max_height,min_height,second_max_height,dribbling_frequency,bending_angle,duration
1,0.23081886449074882,0.3214082315869986,0.20085941864448723,0.8484848484848487,0.8266726286999793,11
