hand,first_max_height,min_height,second_max_height,dribbling_frequency,bending_angle,duration
1,0.4032664354566612,0.44663203784049077,0.39939789039370066,0.6153846153846155,0.5972362883552582,13
