hand,first_max_height,min_height,second_max_height,dribbling_frequency,bending_angle,duration
1,0.39565116188368665,0.35473821933670235,0.3477012985029461,0.3750000000000001,0.706517629533207,16
