hand,first_max_height,min_height,second_max_height,dribbling_frequency,bending_angle,duration
1,0.7289507933073471,0.8427627661975162,0.7031232837113395,0.2105263157894739,0.12297311769886479,19
