hand,first_max_height,min_height,second_max_height,dribbling_frequency,bending_angle,duration
1,0.8445078349487478,0.6743778417853146,0.7823440205201537,0.09090909090909105,0.1522048003514257,22
