hand,first_max_height,min_height,second_max_height,dribbling_frequency,bending_angle,duration
1,0.6150504448031033,0.6826949100022437,0.5656090489536592,0.6153846153846155,0.15853897521385651,13
