hand,first_max_height,min_height,second_max_height,dribbling_frequency,bending_angle,duration
1,0.6612449319821765,0.6871782554977435,0.5480064385620346,0.7222222222222222,0.18219576922541275,12
