hand,first_max_height,min_height,second_max_height,dribbling_frequency,bending_angle,duration
1,0.6316484283027477,0.6659485516293124,0.6101718154343453,0.31372549019607854,0.15461067132703699,17
