hand,first_max_height,min_height,second_max_height,dribbling_frequency,bending_angle,duration
1,0.31655831130081336,0.22698618642765467,0.2897444554446963,0.44444444444444453,0.7766018728870088,15
