hand,first_max_height,min_height,second_max_height,dribbling_frequency,bending_angle,duration
1,0.677446143810106,0.7029491738791296,0.6754904138662279,0.3750000000000001,0.05113801421867683,16
