hand,first_max_height,min_height,second_max_height,dribbling_frequency,bending_angle,duration
1,0.7724470741318632,0.7618967289460111,0.7954500182594798,0.3750000000000001,0.04874312774566771,16
