hand,first_max_height,min_height,second_max_height,dribbling_frequency,bending_angle,duration
1,0.41185709363508377,0.4949425049359334,0.3981084395799959,0.8484848484848487,0.5847682428936525,11
