hand,first_max_height,min_height,second_max_height,dribbling_frequency,bending_angle,duration
1,0.5786889493425519,0.6645785387252263,0.7006947294362309,0.44444444444444453,0.23293961716340902,15
