hand,first_max_height,min_height,second_max_height,dribbling_frequency,bending_angle,duration
1,0.20619537154368076,0.3360786996221743,0.3780960497065134,0.6153846153846155,0.6484235780168848,13
