hand,first_max_height,min_height,second_max_height,dribbling_frequency,bending_angle,duration
1,0.8366029568084772,0.7159637576302118,0.7940759318698514,0.31372549019607854,0.02704367435570127,17
