hand,first_max_height,min_height,second_max_height,dribbling_frequency,bending_angle,duration
1,0.46923844531682973,0.566477237661999,0.44902533119443067,0.8484848484848487,0.5277386826361232,11
