hand,first_max_height,min_height,second_max_height,dribbling_frequency,bending_angle,duration
1,0.7184191535487986,0.6375865041120146,0.4907830044909255,0.7222222222222222,0.09042507834090294,12
