hand,first_max_height,min_height,second_max_height,dribbling_frequency,bending_angle,duration
1,0.7123535550587766,0.6908951581980893,0.7835995972359828,0.31372549019607854,0.2072710136823251,17
