hand,first_max_height,min_height,second_max_height,dribbling_frequency,bending_angle,duration
1,0.33094468771371627,0.3632553041210958,0.6401662860590578,0.5238095238095238,0.7811273792936565,14
