hand,first_max_height,min_height,second_max_height,dribbling_frequency,bending_angle,duration
1,0.617529000824496,0.6860175271701744,0.6485117313277416,0.44444444444444453,0.23413753993605477,15
