hand,first_max_height,min_height,second_max_height,dribbling_frequency,bending_angle,duration
1,0.20062387451561783,0.325206606552971,0.22980294786604982,1.0,0.8181410725381493,10
