hand,first_max_height,min_height,second_max_height,dribbling_frequency,bending_angle,duration
1,0.29220067425348817,0.29795133174464816,0.658919125715494,0.31372549019607854,0.776783338694634,17
