hand,first_max_height,min_height,second_max_height,dribbling_frequency,bending_angle,duration
1,0.690008791478501,0.7461573505334171,0.7464494469445079,0.3750000000000001,0.0696213121457956,16
