hand,first_max_height,min_height,second_max_height,dribbling_frequency,bending_angle,duration
1,0.7603453394109385,0.6581842590841038,0.7453333401213978,0.2105263157894739,0.014935239163158356,19
