hand,first_max_height,min_height,second_max_height,dribbling_frequency,bending_angle,duration
1,0.5602026983554047,0.6647390405254113,0.5320928145314913,0.5238095238095238,0.11663185574058572,14
