hand,first_max_height,min_height,second_max_height,dribbling_frequency,bending_angle,duration
1,0.40839301759363883,0.5691046104609098,0.5273962354304438,0.6153846153846155,0.557577323491987,13
