hand,first_max_height,min_height,second_max_height,dribbling_frequency,bending_angle,duration
1,0.4043887835738713,0.3074824373024577,0.41926792958608156,0.44444444444444453,0.6814957429563944,15
