hand,first_max_height,min_height,second_max_height,dribbling_frequency,bending_angle,duration
1,0.6117495290634256,0.7230295727799867,0.6768423479865711,0.3750000000000001,0.09796496124774996,16
