hand,first_max_height,min_height,second_max_height,dribbling_frequency,bending_angle,duration
1,0.5262541768217476,0.33890838802955453,0.5682074207370323,0.3750000000000001,0.646474699297181,16
