hand,first_max_height,min_height,second_max_height,dribbling_frequency,bending_angle,duration
1,0.501157548809598,0.3462605056295253,0.42461715626203295,0.2592592592592591,0.6805153073337094,18
