hand,first_max_height,min_height,second_max_height,dribbling_frequency,bending_angle,duration
1,0.7273538196229078,0.7320035919641907,0.7406197743026475,0.3750000000000001,0.03870600295291062,16
