hand,first_max_height,min_height,second_max_height,dribbling_frequency,bending_angle,duration
1,0.7912559691505802,0.6644335554518274,0.7545810185101829,0.05797101449275355,0.20326876130737753,23
