hand,first_max_height,min_height,second_max_height,dribbling_frequency,bending_angle,duration
1,0.782207080928553,0.704870741089402,0.8166105513096349,0.16666666666666674,0.23163789587985714,20
