hand,first_max_height,min_height,second_max_height,dribbling_frequency,bending_angle,duration
1,0.7577756640249171,0.7969594751634241,0.7387799935703783,0.16666666666666674,0.11056506563310263,20
