hand,first_max_height,min_height,second_max_height,dribbling_frequency,bending_angle,duration
1,0.7411103595116022,0.7126769192879268,0.7247348588183975,0.2592592592592591,0.05973910746183397,18
