hand,first_max_height,min_height,second_max_height,dribbling_frequency,bending_angle,duration
1,0.6822903254735014,0.6690048392657811,0.6745406974065826,0.31372549019607854,0.07219174778735443,17
