hand,first_max_height,min_height,second_max_height,dribbling_frequency,bending_angle,duration
1,0.41067929883797966,0.4960011414738593,0.3983471476656114,0.8484848484848487,0.5876996232956428,11
