hand,first_max_height,min_height,second_max_height,dribbling_frequency,bending_angle,duration
1,0.6346669932522482,0.7243961371225648,0.6435277190824042,0.3750000000000001,0.1054712634977588,16
