hand,first_max_height,min_height,second_max_height,dribbling_frequency,bending_angle,duration
1,0.6575658758476299,0.5861027138239253,0.5227626859924521,0.44444444444444453,0.23181666989350996,15
