hand,first_max_height,min_height,second_max_height,dribbling_frequency,bending_angle,duration
1,0.6574533926188842,0.69601548174213,0.6055393587091882,0.5238095238095238,0.2794500573439409,14
