hand,first_max_height,min_height,second_max_height,dribbling_frequency,bending_angle,duration
1,0.6944200319513976,0.6758784689565164,0.7196047210658023,0.31372549019607854,0.03773281577697737,17
