hand,first_max_height,min_height,second_max_height,dribbling_frequency,bending_angle,duration
1,0.6030635284309558,0.5541823974356498,0.6380421516459421,0.31372549019607854,0.3252405884003633,17
