hand,first_max_height,min_height,second_max_height,dribbling_frequency,bending_angle,duration
1,0.7082792674380677,0.68455023609355,0.8886075622433444,0.31372549019607854,0.2771256332620826,17
