hand,first_max_height,min_height,second_max_height,dribbling_frequency,bending_angle,duration
1,0.5625340424480105,0.6296434611286411,0.732696662544573,0.5238095238095238,0.32939289229072344,14
