hand,first_max_height,min_height,second_max_height,dribbling_frequency,bending_angle,duration
1,0.7710861463042129,0.7467151553573368,0.8068377250662488,0.31372549019607854,0.05192354042059938,17
