hand,first_max_height,min_height,second_max_height,dribbling_frequency,bending_angle,duration
1,0.5725438077212481,0.5977085601989879,0.5490771978025047,0.3750000000000001,0.38513026835639286,16
