hand,first_max_height,min_height,second_max_height,dribbling_frequency,bending_angle,duration
1,0.4385857221321433,0.35980782028856284,0.41513697838328417,0.44444444444444453,0.6079854727475669,15
