hand,first_max_height,min_height,second_max_height,dribbling_frequency,bending_angle,duration
1,0.6922541335971852,0.7184082129791355,0.6721550569446184,0.5238095238095238,0.18148009126226222,14
