hand,first_max_height,min_height,second_max_height,dribbling_frequency,bending_angle,duration
1,0.3498611473040914,0.40246789119817183,0.3014599264331084,0.8484848484848487,0.6479253873499801,11
