hand,first_max_height,min_height,second_max_height,dribbling_frequency,bending_angle,duration
1,0.4906329144111435,0.43800890978972623,0.35233829992012017,0.6153846153846155,0.3977954264852702,13
