hand,first_max_height,min_height,second_max_height,dribbling_frequency,bending_angle,duration
1,0.6348641866863876,0.6514160260544569,0.5649624609681112,0.5238095238095238,0.17067313911199958,14
