hand,first_max_height,min_height,second_max_height,dribbling_frequency,bending_angle,duration
1,0.7445148154671395,0.6696381532177198,0.7390349930109839,0.3750000000000001,0.2006298238251922,16
