hand,first_max_height,min_height,second_max_height,dribbling_frequency,bending_angle,duration
1,0.7193264222060971,0.7484533022024022,0.6654772901367394,0.44444444444444453,0.12272831920561887,15
