hand,first_max_height,min_height,second_max_height,dribbling_frequency,bending_angle,duration
1,0.5790467692248071,0.7324865342653741,0.6565448594007637,0.8484848484848487,0.20409062923082189,11
