hand,first_max_height,min_height,second_max_height,dribbling_frequency,bending_angle,duration
1,0.748827384697859,0.6957183306921904,0.7665777140472332,0.3750000000000001,0.19908362886824463,16
