hand,first_max_height,min_height,second_max_height,dribbling_frequency,bending_angle,duration
1,0.4978325366185325,0.3911627162795885,0.49601441685579073,0.3750000000000001,0.6332694536099656,16
