hand,first_max_height,min_height,second_max_height,dribbling_frequency,bending_angle,duration
1,0.6863093154645311,0.7770050206026404,0.7049081307892826,0.44444444444444453,0.09252384071022644,15
