hand,first_max_height,min_height,second_max_height,dribbling_frequency,bending_angle,duration
1,0.7265275349156337,0.6555083190439553,0.807935255771169,0.2592592592592591,0.07385111501063442,18
