hand,first_max_height,min_height,second_max_height,dribbling_frequency,bending_angle,duration
1,0.6473270700776974,0.689117065515556,0.6203435315311601,0.3750000000000001,0.04490004095462997,16
