hand,first_max_height,min_height,second_max_height,dribbling_frequency,bending_angle,duration
1,0.6960335998930813,0.6133071223500052,0.7119049200761273,0.2592592592592591,0.2442287796906777,18
