hand,first_max_height,min_height,second_max_height,dribbling_frequency,bending_angle,duration
1,0.7154472909999257,0.7816241532075179,0.7290306606529381,0.2105263157894739,0.1477945637587831,19
