hand,first_max_height,min_height,second_max_height,dribbling_frequency,bending_angle,duration
1,0.7696064751387968,0.837135001196579,0.748326230906861,0.7222222222222222,0.07068958145756073,12
