hand,first_max_height,min_height,second_max_height,dribbling_frequency,bending_angle,duration
1,0.6871564175184679,0.7344327443214227,0.6732723061493283,0.5238095238095238,0.1272312200786787,14
