hand,first_max_height,min_height,second_max_height,dribbling_frequency,bending_angle,duration
1,0.6915001879274791,0.6467460990123679,0.7266077189482987,0.3750000000000001,0.06541089777287283,16
