hand,first_max_height,min_height,second_max_height,dribbling_frequency,bending_angle,duration
1,0.7404448999860638,0.6812720910000664,0.8064841331266948,0.2105263157894739,0.0870356438923007,19
