hand,first_max_height,min_height,second_max_height,dribbling_frequency,bending_angle,duration
1,0.26889021433172466,0.36578741040834784,0.7198498364221303,0.5238095238095238,0.7917734104678363,14
