hand,first_max_height,min_height,second_max_height,dribbling_frequency,bending_angle,duration
1,0.6662966909113401,0.6610927614909482,0.6507438456364314,0.31372549019607854,0.23002437190949435,17
