hand,first_max_height,min_height,second_max_height,dribbling_frequency,bending_angle,duration
1,0.7734710987907307,0.6398323079490709,0.7729534947626149,0.31372549019607854,0.0648466847444887,17
