hand,first_max_height,min_height,second_max_height,dribbling_frequency,bending_angle,duration
1,0.6583642881647422,0.669548706153606,0.6627457067250638,0.44444444444444453,0.12355975039177483,15
