hand,first_max_height,min_height,second_max_height,dribbling_frequency,bending_angle,duration
1,0.40694102008476474,0.3556582668090253,0.5256580769918012,0.31372549019607854,0.7031708951533805,17
