hand,first_max_height,min_height,second_max_height,dribbling_frequency,bending_angle,duration
1,0.7146434631916767,0.6790850563987089,0.701770803234579,0.2592592592592591,0.08041003942655743,18
