hand,first_max_height,min_height,second_max_height,dribbling_frequency,bending_angle,duration
1,0.6380523210968903,0.6661084068242148,0.6657371571163357,0.44444444444444453,0.10960342945907389,15
