hand,first_max_height,min_height,second_max_height,dribbling_frequency,bending_angle,duration
1,0.5009042131278957,0.6424815934825638,0.5060806861640577,0.8484848484848487,0.23488301021154678,11
