hand,first_max_height,min_height,second_max_height,dribbling_frequency,bending_angle,duration
1,0.7171515808389985,0.7589454787454737,0.758240315118514,0.31372549019607854,0.024590268801340097,17
