hand,first_max_height,min_height,second_max_height,dribbling_frequency,bending_angle,duration
1,0.5759527848666335,0.634315615366704,0.5757041758145149,0.5238095238095238,0.2122581783838448,14
