hand,first_max_height,min_height,second_max_height,dribbling_frequency,bending_angle,duration
1,0.6369798551182229,0.6872519684999772,0.5898064793152564,0.5238095238095238,0.11739113231710693,14
