hand,first_max_height,min_height,second_max_height,dribbling_frequency,bending_angle,duration
1,0.6193471153442476,0.6137440119860504,0.5907410468015115,0.3750000000000001,0.09793744162504132,16
