hand,first_max_height,min_height,second_max_height,dribbling_frequency,bending_angle,duration
1,0.6154209836370189,0.6854403960328036,0.6671686605985508,0.5238095238095238,0.14821851476876122,14
