hand,first_max_height,min_height,second_max_height,dribbling_frequency,bending_angle,duration
1,0.7588445527984302,0.7705208628272155,0.7382739681903843,0.31372549019607854,0.09626947631317521,17
