hand,first_max_height,min_height,second_max_height,dribbling_frequency,bending_angle,duration
1,0.7519778094040251,0.7501709732135141,0.7041820231106282,0.3750000000000001,0.12066096590644458,16
