hand,first_max_height,min_height,second_max_height,dribbling_frequency,bending_angle,duration
1,0.7159174947441167,0.6917731763270334,0.7063908924371978,0.3750000000000001,0.06558791097395965,16
