hand,first_max_height,min_height,second_max_height,dribbling_frequency,bending_angle,duration
1,0.5612591662776869,0.6108223619384566,0.5677064119023248,0.5238095238095238,0.14425129125412756,14
