hand,first_max_height,min_height,second_max_height,dribbling_frequency,bending_angle,duration
1,0.8137770591349274,0.7220951563013804,0.8014456839146835,0.12698412698412698,0.12500227708267975,21
