hand,first_max_height,min_height,second_max_height,dribbling_frequency,bending_angle,duration
1,0.5714016856088788,0.7198362048235749,0.5193869483647241,0.8484848484848487,0.06526357745194838,11
