hand,first_max_height,min_height,second_max_height,dribbling_frequency,bending_angle,duration
1,0.801370665775015,0.7086194711386655,0.7957110276206761,0.2592592592592591,0.15383760781312691,18
