hand,first_max_height,min_height,second_max_height,dribbling_frequency,bending_angle,duration
1,0.8071837235178135,0.7123271058299585,0.7587813073092182,0.31372549019607854,0.07217860698138027,17
