hand,first_max_height,min_height,second_max_height,dribbling_frequency,bending_angle,duration
1,0.7311658285490283,0.6911699654432584,0.7936424725558342,0.2592592592592591,0.06762466664308964,18
