hand,first_max_height,min_height,second_max_height,dribbling_frequency,bending_angle,duration
1,0.6714680377961534,0.678394984871951,0.638158972581724,0.44444444444444453,0.07056535673828274,15
