hand,first_max_height,min_height,second_max_height,dribbling_frequency,bending_angle,duration
1,0.6844285004877668,0.6366258641969411,0.6910205950293238,0.3750000000000001,0.1068427499055932,16
