hand,first_max_height,min_height,second_max_height,dribbling_frequency,bending_angle,duration
1,0.9666446486377183,0.6006380413550061,0.776649099238317,0.16666666666666674,0.15802090593511345,20
