hand,first_max_height,min_height,second_max_height,dribbling_frequency,bending_angle,duration
1,0.319254281902149,0.2906318317889407,0.3276999847641063,0.44444444444444453,0.7169349745592455,15
