hand,first_max_height,min_height,second_max_height,dribbling_frequency,bending_angle,duration
1,0.37712287873597466,0.3723393180483988,0.395829239281884,0.5238095238095238,0.7104519244121325,14
