hand,first_max_height,min_height,second_max_height,dribbling_frequency,bending_angle,duration
1,0.8508103239134425,0.6818470667864945,0.8266491054469127,0.16666666666666674,0.05117064767241598,20
