hand,first_max_height,min_height,second_max_height,dribbling_frequency,bending_angle,duration
1,0.21332374774841023,0.25196720676648005,0.25618098602681044,0.8484848484848487,0.8698432089864366,11
