hand,first_max_height,min_height,second_max_height,dribbling_frequency,bending_angle,duration
1,0.7406397583001716,0.7297286908894107,0.724319031916031,0.31372549019607854,0.03308118858098523,17
