hand,first_max_height,min_height,second_max_height,dribbling_frequency,bending_angle,duration
1,0.8623924199022777,0.7648321013946054,0.8557621541641486,0.09090909090909105,0.04581837946261629,22
