hand,first_max_height,min_height,second_max_height,dribbling_frequency,bending_angle,duration
1,0.4893499895292224,0.5540262063373498,0.4960676121033344,0.8484848484848487,0.34464371910871144,11
