hand,first_max_height,min_height,second_max_height,dribbling_frequency,bending_angle,duration
1,0.6238566295920818,0.7473107506677816,0.5933011239669052,0.5238095238095238,0.07121137526957375,14
