hand,first_max_height,min_height,second_max_height,dribbling_frequency,bending_angle,duration
1,0.602434437157821,0.20620716644130083,0.0784114587828098,0.12698412698412698,0.15453866079211062,21
