hand,first_max_height,min_height,second_max_height,dribbling_frequency,bending_angle,duration
1,0.6207462000268786,0.6446051889211801,0.6616847322313407,0.44444444444444453,0.11121323292182073,15
