hand,first_max_height,min_height,second_max_height,dribbling_frequency,bending_angle,duration
1,0.7194501835677602,0.7218586424579565,0.6834992042442953,0.3750000000000001,0.038491334029077715,16
