hand,first_max_height,min_height,second_max_height,dribbling_frequency,bending_angle,duration
1,0.7343889400765968,0.7511671045741074,0.7020967296719092,0.31372549019607854,0.09579386886836168,17
