hand,first_max_height,min_height,second_max_height,dribbling_frequency,bending_angle,duration
1,0.6730548760659885,0.7026202673253036,0.6906761421425689,0.31372549019607854,0.1131428600732763,17
