hand,first_max_height,min_height,second_max_height,dribbling_frequency,bending_angle,duration
1,0.6917364822012928,0.7429920021392576,0.6542501624479052,0.5238095238095238,0.04013355495260564,14
