hand,first_max_height,min_height,second_max_height,dribbling_frequency,bending_angle,duration
1,0.5920936810409865,0.6096844084858467,0.6016142845382003,0.2592592592592591,0.3032953763187759,18
