hand,first_max_height,min_height,second_max_height,dribbling_frequency,bending_angle,duration
1,0.7879825283338246,0.7527007804597607,0.8075831042258061,0.3750000000000001,0.08201652856975987,16
