hand,first_max_height,min_height,second_max_height,dribbling_frequency,bending_angle,duration
1,0.2616827421463579,0.35473239988915767,0.2463717525785229,0.7222222222222222,0.8068362109409702,12
