hand,first_max_height,min_height,second_max_height,dribbling_frequency,bending_angle,duration
1,0.7158255307616044,0.6528635597474418,0.740399493328926,0.2592592592592591,0.047340111381352426,18
