hand,first_max_height,min_height,second_max_height,dribbling_frequency,bending_angle,duration
1,0.7556920910726621,0.7321689792265121,0.7382984052228693,0.3750000000000001,0.02839600038513582,16
