hand,first_max_height,min_height,second_max_height,dribbling_frequency,bending_angle,duration
1,0.3085440799863073,0.3900841786679602,0.2076273839299939,0.5238095238095238,0.5692810112924842,14
