hand,first_max_height,min_height,second_max_height,dribbling_frequency,bending_angle,duration
1,0.7306064927764054,0.7209565562434878,0.7368504613793686,0.44444444444444453,0.04379627430416088,15
