hand,first_max_height,min_height,second_max_height,dribbling_frequency,bending_angle,duration
1,0.732545188919905,0.7362852684565037,0.8474471558485406,0.31372549019607854,0.08199908021825558,17
