hand,first_max_height,min_height,second_max_height,dribbling_frequency,bending_angle,duration
1,0.33587039984459033,0.36081817696537666,0.216000147019545,1.0,0.7083164850474878,10
