hand,first_max_height,min_height,second_max_height,dribbling_frequency,bending_angle,duration
1,0.46277364066825166,0.5281294492280864,0.5036945490144413,0.5238095238095238,0.38723860024527657,14
