hand,first_max_height,min_height,second_max_height,dribbling_frequency,bending_angle,duration
1,0.8963103861419072,0.6931725020039375,0.874990125228616,0.16666666666666674,0.02361348940706313,20
