hand,first_max_height,min_height,second_max_height,dribbling_frequency,bending_angle,duration
1,0.4498745866651231,0.6220647442995818,0.4668550768493761,1.0,0.31764027698114866,10
