hand,first_max_height,min_height,second_max_height,dribbling_frequency,bending_angle,duration
1,0.3789747282876688,0.4581926936907922,0.3885839074939115,0.7222222222222222,0.5115143581951206,12
