hand,first_max_height,min_height,second_max_height,dribbling_frequency,bending_angle,duration
1,0.35821685266063324,0.3724509652272204,0.27330305111499553,0.6153846153846155,0.6176463648956431,13
