hand,first_max_height,min_height,second_max_height,dribbling_frequency,bending_angle,duration
1,0.6376619585844104,0.6552491740156351,0.6350279032914373,0.44444444444444453,0.09893837979313885,15
