hand,first_max_height,min_height,second_max_height,dribbling_frequency,bending_angle,duration
1,0.7589101845763334,0.725337235189093,0.7435534102512109,0.31372549019607854,0.009927187374794587,17
