hand,first_max_height,min_height,second_max_height,dribbling_frequency,bending_angle,duration
1,0.7254102545057257,0.5521724608367347,0.3527081087115164,0.5238095238095238,0.10735826140926306,14
