hand,first_max_height,min_height,second_max_height,dribbling_frequency,bending_angle,duration
1,0.40415621555542686,0.3694486332093456,0.3716472062375028,0.5238095238095238,0.6391649258125683,14
