hand,first_max_height,min_height,second_max_height,dribbling_frequency,bending_angle,duration
1,0.7332891979086267,0.680094407245083,0.7036125707174565,0.31372549019607854,0.13579810256820077,17
