hand,first_max_height,min_height,second_max_height,dribbling_frequency,bending_angle,duration
1,0.7487218571458025,0.7038655572548503,0.7489562295248275,0.2592592592592591,0.034870989325327305,18
