hand,first_max_height,min_height,second_max_height,dribbling_frequency,bending_angle,duration
1,0.6181471120651427,0.7119358377888628,0.5710082920761804,0.6153846153846155,0.12821875271769848,13
