hand,first_max_height,min_height,second_max_height,dribbling_frequency,bending_angle,duration
1,0.27699879443217956,0.2997929354349539,0.33868751032955097,0.6153846153846155,0.7514518822146786,13
