hand,first_max_height,min_height,second_max_height,dribbling_frequency,bending_angle,duration
1,0.7914264825962758,0.7087870855969608,0.8367766163426876,0.2592592592592591,0.08566561251844174,18
