hand,first_max_height,min_height,second_max_height,dribbling_frequency,bending_angle,duration
1,0.5367206319530372,0.5673373663781204,0.5922591229414935,0.2592592592592591,0.11137615068299364,18
