hand,first_max_height,min_height,second_max_height,dribbling_frequency,bending_angle,duration
1,0.3834537866082853,0.4018937057070892,0.3657198351344676,0.7222222222222222,0.6090440343777076,12
