hand,first_max_height,min_height,second_max_height,dribbling_frequency,bending_angle,duration
1,0.7347496415963377,0.7017252937689451,0.7232742991085326,0.31372549019607854,0.05025396599976277,17
