hand,first_max_height,min_height,second_max_height,dribbling_frequency,bending_angle,duration
1,0.6924964395629947,0.4585259827915345,0.4556692239044343,0.44444444444444453,0.16230445584027425,15
