hand,first_max_height,min_height,second_max_height,dribbling_frequency,bending_angle,duration
1,0.6926289948873292,0.7380847709583991,0.6460067368229697,0.6153846153846155,0.157837039753026,13
