hand,first_max_height,min_height,second_max_height,dribbling_frequency,bending_angle,duration
1,0.7776140488770432,0.6378018236711706,0.7946231823249725,0.31372549019607854,0.07385721977093751,17
