hand,first_max_height,min_height,second_max_height,dribbling_frequency,bending_angle,duration
1,0.6678378701320509,0.505929478210372,0.34573391871284387,0.6153846153846155,0.25239821665425655,13
