hand,first_max_height,min_height,second_max_height,dribbling_frequency,bending_angle,duration
1,0.3595838418636841,0.5099326833609136,0.5467697856457516,0.7222222222222222,0.6776234359720155,12
