hand,first_max_height,min_height,second_max_height,dribbling_frequency,bending_angle,duration
1,0.6916538090155009,0.68900620863208,0.7214858262107289,0.31372549019607854,0.0039450955892406,17
