hand,first_max_height,min_height,second_max_height,dribbling_frequency,bending_angle,duration
1,0.7553958786125113,0.6317997460565522,0.7441682598957875,0.16666666666666674,0.125712672941896,20
