hand,first_max_height,min_height,second_max_height,dribbling_frequency,bending_angle,duration
1,0.6883911991810188,0.673413034858419,0.6896666741583721,0.31372549019607854,0.050830690603516665,17
