hand,first_max_height,min_height,second_max_height,dribbling_frequency,bending_angle,duration
1,0.291796350704225,0.390713541143171,0.2684139558799809,0.8484848484848487,0.7394383459051348,11
