hand,first_max_height,min_height,second_max_height,dribbling_frequency,bending_angle,duration
1,0.5295523102907497,0.5429461937472264,0.49486791274837016,0.44444444444444453,0.3434351072279311,15
