hand,first_max_height,min_height,second_max_height,dribbling_frequency,bending_angle,duration
1,0.5994259579395198,0.6695783063065497,0.6194167620410436,0.3750000000000001,0.16447857086495063,16
