hand,first_max_height,min_height,second_max_height,dribbling_frequency,bending_angle,duration
1,0.668757708690795,0.7011703627462822,0.7160012024808058,0.31372549019607854,0.2611169290187984,17
