hand,first_max_height,min_height,second_max_height,dribbling_frequency,bending_angle,duration
1,0.603467851980219,0.708369234894241,0.6632761691375428,0.5238095238095238,0.11261223014419139,14
