hand,first_max_height,min_height,second_max_height,dribbling_frequency,bending_angle,duration
1,0.748882235176894,0.7264902760983004,0.7893969851804548,0.31372549019607854,0.02171279689389976,17
