hand,first_max_height,min_height,second_max_height,dribbling_frequency,bending_angle,duration
1,0.6830520217543756,0.737294691147909,0.6836290383965631,0.44444444444444453,0.06819705805812938,15
