hand,first_max_height,min_height,second_max_height,dribbling_frequency,bending_angle,duration
1,0.7400829066977949,0.7746378705075212,0.7134537908505416,0.31372549019607854,0.0302378710584844,17
