hand,first_max_height,min_height,second_max_height,dribbling_frequency,bending_angle,duration
1,0.3488351849924319,0.4327774419820839,0.37165952409127573,0.8484848484848487,0.5888511330345435,11
