hand,first_max_height,min_height,second_max_height,dribbling_frequency,bending_angle,duration
1,0.7082915889224886,0.7263323607192465,0.6931561532584386,0.3750000000000001,0.08791975665359404,16
