hand,first_max_height,min_height,second_max_height,dribbling_frequency,bending_angle,duration
1,0.7324977412682037,0.7297024674529435,0.7162637019049586,0.44444444444444453,0.06144969145634237,15
