hand,first_max_height,min_height,second_max_height,dribbling_frequency,bending_angle,duration
1,0.32006958657693513,0.43036502951717204,0.26207031085569227,0.6153846153846155,0.7153520943359646,13
