hand,first_max_height,min_height,second_max_height,dribbling_frequency,bending_angle,duration
1,0.6078085917015299,0.5102240149633085,0.744269882189414,0.2592592592592591,0.4482081773013315,18
