hand,first_max_height,min_height,second_max_height,dribbling_frequency,bending_angle,duration
1,0.5322393378791992,0.6094318732004168,0.7055664406034208,0.6153846153846155,0.49909407251248167,13
