hand,first_max_height,min_height,second_max_height,dribbling_frequency,bending_angle,duration
1,0.727373096784018,0.5388845785861431,0.7116551855246344,0.31372549019607854,0.2993753161975308,17
