hand,first_max_height,min_height,second_max_height,dribbling_frequency,bending_angle,duration
1,0.7149912470261376,0.7180685296705971,0.747756430832333,0.44444444444444453,0.055490289519096424,15
