hand,first_max_height,min_height,second_max_height,dribbling_frequency,bending_angle,duration
1,0.6011442088153762,0.6159201979876638,0.7927236500681518,0.2592592592592591,0.3513167020421238,18
