hand,first_max_height,min_height,second_max_height,dribbling_frequency,bending_angle,duration
1,0.6851578031886312,0.6493869068321536,0.685832791840316,0.44444444444444453,0.07001386022508924,15
