hand,first_max_height,min_height,second_max_height,dribbling_frequency,bending_angle,duration
1,0.4670918241237275,0.38982366858404305,0.7342116095523465,0.2592592592592591,0.6471775273086398,18
