hand,first_max_height,min_height,second_max_height,dribbling_frequency,bending_angle,duration
1,0.8248839830390792,0.6507355099168775,0.8083541621369787,0.31372549019607854,0.19156428397384773,17
