hand,first_max_height,min_height,second_max_height,dribbling_frequency,bending_angle,duration
1,0.7139481936231846,0.7767983942922859,0.7195328503625384,0.3750000000000001,0.04785727307195153,16
