hand,first_max_height,min_height,second_max_height,dribbling_frequency,bending_angle,duration
1,0.6971808890795627,0.7103544568023487,0.6827545701162161,0.3750000000000001,0.10650366438933397,16
