hand,first_max_height,min_height,second_max_height,dribbling_frequency,bending_angle,duration
1,0.3554609141895555,0.5003457542136932,0.4084559334369009,0.7222222222222222,0.638057406214212,12
