hand,first_max_height,min_height,second_max_height,dribbling_frequency,bending_angle,duration
1,0.8367285067727175,0.819386907550604,0.7736058939936927,0.44444444444444453,0.07786866215882648,15
