hand,first_max_height,min_height,second_max_height,dribbling_frequency,bending_angle,duration
1,0.5194792483596402,0.7168674962804031,0.598956310236571,0.44444444444444453,0.21696213902143227,15
