hand,first_max_height,min_height,second_max_height,dribbling_frequency,bending_angle,duration
1,0.6419704040925214,0.6182088933084761,0.6605484102207888,0.2592592592592591,0.058540447319501976,18
