hand,first_max_height,min_height,second_max_height,dribbling_frequency,bending_angle,duration
1,0.7983611432052105,0.7011108032152377,0.8014291938846326,0.31372549019607854,0.13543107743384478,17
