hand,first_max_height,min_height,second_max_height,dribbling_frequency,bending_angle,duration
1,0.40365227677929305,0.47531164039665086,0.4268940717969451,0.5238095238095238,0.5322032773066779,14
