hand,first_max_height,min_height,second_max_height,dribbling_frequency,bending_angle,duration
1,0.38494140711848907,0.3417979951931364,0.36717125579153315,0.5238095238095238,0.6724862328920784,14
