hand,first_max_height,min_height,second_max_height,dribbling_frequency,bending_angle,duration
1,0.7032762976125384,0.6089173909304414,0.6940786512347469,0.16666666666666674,0.09317780209151456,20
