hand,first_max_height,min_height,second_max_height,dribbling_frequency,bending_angle,duration
1,0.7118786313911178,0.5022508689117714,0.40732313790867924,0.5238095238095238,0.23844468269495595,14
