hand,first_max_height,min_height,second_max_height,dribbling_frequency,bending_angle,duration
1,0.7707420390417163,0.7284645057166015,0.8179248861747116,0.31372549019607854,0.14950509330436498,17
