hand,first_max_height,min_height,second_max_height,dribbling_frequency,bending_angle,duration
1,0.5962460709742343,0.5572667764794025,0.6130006502883085,0.2105263157894739,0.08896851276098201,19
