hand,first_max_height,min_height,second_max_height,dribbling_frequency,bending_angle,duration
1,0.5929342745688784,0.625866855207188,0.5610914264136755,0.3750000000000001,0.2934105187753353,16
