hand,first_max_height,min_height,second_max_height,dribbling_frequency,bending_angle,duration
1,0.6900231996659287,0.6535834469622377,0.6437698046440543,0.31372549019607854,0.011714421896954486,17
