hand,first_max_height,min_height,second_max_height,dribbling_frequency,bending_angle,duration
1,0.75766094504295,0.6789014204984076,0.7623224419251067,0.2592592592592591,0.04413945824558575,18
