hand,first_max_height,min_height,second_max_height,dribbling_frequency,bending_angle,duration
1,0.344602158892994,0.29198323682988986,0.29328737813613237,0.7222222222222222,0.7885215394450283,12
