hand,first_max_height,min_height,second_max_height,dribbling_frequency,bending_angle,duration
1,0.26110005517342116,0.32060220217953406,0.2644233686076765,0.8484848484848487,0.7883792044273501,11
