hand,first_max_height,min_height,second_max_height,dribbling_frequency,bending_angle,duration
1,0.7531732914932818,0.8454917278708504,0.7407819924898343,0.16666666666666674,0.11518943030819224,20
