hand,first_max_height,min_height,second_max_height,dribbling_frequency,bending_angle,duration
1,0.749435062423472,0.6527020521168169,0.6576667774694037,0.3750000000000001,0.12128337412197002,16
