hand,first_max_height,min_height,second_max_height,dribbling_frequency,bending_angle,duration
1,0.5729816675688344,0.5629725651844583,0.5939465199020879,0.44444444444444453,0.35253265614382256,15
