hand,first_max_height,min_height,second_max_height,dribbling_frequency,bending_angle,duration
1,0.36744062646798925,0.34968370584143943,0.2117801893894852,1.0,0.6275081856227445,10
