hand,first_max_height,min_height,second_max_height,dribbling_frequency,bending_angle,duration
1,0.9297506464432023,0.7732529138369004,0.889166087508169,0.05797101449275355,0.03582936916367778,23
