hand,first_max_height,min_height,second_max_height,dribbling_frequency,bending_angle,duration
1,0.8594904619041314,0.7584745345645368,0.9042390180187104,0.12698412698412698,0.11745565045788095,21
