hand,first_max_height,min_height,second_max_height,dribbling_frequency,bending_angle,duration
1,0.7072619997222698,0.6334207855004084,0.4694933823199808,0.6153846153846155,0.12583855612279837,13
