hand,first_max_height,min_height,second_max_height,dribbling_frequency,bending_angle,duration
1,0.6845363134764496,0.7747600070609297,0.7140324816340428,0.44444444444444453,0.015155231678241173,15
