hand,first_max_height,min_height,second_max_height,dribbling_frequency,bending_angle,duration
1,0.6560958432627687,0.699869823987576,0.6512116757359763,0.44444444444444453,0.07103855217264678,15
