hand,first_max_height,min_height,second_max_height,dribbling_frequency,bending_angle,duration
1,0.48408349892398156,0.5318023109241736,0.7850267795356243,0.3750000000000001,0.395359615820073,16
