hand,first_max_height,min_height,second_max_height,dribbling_frequency,bending_angle,duration
1,0.41026911264693544,0.47263440714593685,0.39354030390579026,0.8484848484848487,0.6234873631168455,11
