hand,first_max_height,min_height,second_max_height,dribbling_frequency,bending_angle,duration
1,0.6857401920611383,0.6664136045176731,0.6413980714363499,0.3750000000000001,0.08874761998695142,16
