hand,first_max_height,min_height,second_max_height,dribbling_frequency,bending_angle,duration
1,0.6436648069340147,0.6576052599759161,0.6705502094718087,0.31372549019607854,0.019214884881501696,17
