hand,first_max_height,min_height,second_max_height,dribbling_frequency,bending_angle,duration
1,0.31487722361183945,0.36573244895931406,0.3570304336666811,0.6153846153846155,0.716320368965528,13
