hand,first_max_height,min_height,second_max_height,dribbling_frequency,bending_angle,duration
1,0.75217142563301,0.723877775220893,0.7422120555778582,0.31372549019607854,0.04016679099669461,17
