hand,first_max_height,min_height,second_max_height,dribbling_frequency,bending_angle,duration
1,0.7461546659300273,0.7757340101518467,0.7899311230815594,0.31372549019607854,0.0237283993300014,17
