hand,first_max_height,min_height,second_max_height,dribbling_frequency,bending_angle,duration
1,0.6215645353893651,0.7378471075944725,0.583620234607929,0.3750000000000001,0.11574105957677083,16
