hand,first_max_height,min_height,second_max_height,dribbling_frequency,bending_angle,duration
1,0.4622793404726729,0.5806539147962473,0.6966957978113707,0.3750000000000001,0.47330265320468906,16
