hand,first_max_height,min_height,second_max_height,dribbling_frequency,bending_angle,duration
1,0.6957146324334758,0.6434772219279371,0.7297008909707275,0.2592592592592591,0.2502617685919,18
