hand,first_max_height,min_height,second_max_height,dribbling_frequency,bending_angle,duration
1,0.9487193729755564,0.726182994898931,1.0,0.12698412698412698,0.045284171999181326,21
