hand,first_max_height,min_height,second_max_height,dribbling_frequency,bending_angle,duration
1,0.4792837839079922,0.3714133074384683,0.49798050525799753,0.3750000000000001,0.6049869035257198,16
