hand,first_max_height,min_height,second_max_height,dribbling_frequency,bending_angle,duration
1,0.7206913743895461,0.6634687485249317,0.6979139739469942,0.2592592592592591,0.16881277604222059,18
