hand,first_max_height,min_height,second_max_height,dribbling_frequency,bending_angle,duration
1,0.6568705565957328,0.6503402903990539,0.6785946123545341,0.2105263157894739,0.04886631140422362,19
