hand,first_max_height,min_height,second_max_height,dribbling_frequency,bending_angle,duration
1,0.3926720455576949,0.21367064383996753,0.2997001620815981,0.31372549019607854,0.7028309791693785,17
