hand,first_max_height,min_height,second_max_height,dribbling_frequency,bending_angle,duration
1,0.7673983458903999,0.6608965527101491,0.8019252855115839,0.31372549019607854,0.11114323595949516,17
