hand,first_max_height,min_height,second_max_height,dribbling_frequency,bending_angle,duration
1,0.6629838014710758,0.6366072563338042,0.6472198467445414,0.3750000000000001,0.0802706242031883,16
