hand,first_max_height,min_height,second_max_height,dribbling_frequency,bending_angle,duration
1,0.609672067169976,0.6635053176459228,0.6764830938077826,0.31372549019607854,0.09441258661213772,17
