hand,first_max_height,min_height,second_max_height,dribbling_frequency,bending_angle,duration
1,0.7327912708244886,0.6717232397194969,0.7424539921332126,0.2105263157894739,0.08045628289417035,19
