hand,first_max_height,min_height,second_max_height,dribbling_frequency,bending_angle,duration
1,0.3942866568508819,0.3075407036229367,0.4310918771577198,0.3750000000000001,0.7161739001693479,16
