hand,first_max_height,min_height,second_max_height,dribbling_frequency,bending_angle,duration
1,0.726513822295875,0.6786201472004112,0.551378798713728,0.2105263157894739,0.10218657130020227,19
