hand,first_max_height,min_height,second_max_height,dribbling_frequency,bending_angle,duration
1,0.8251244507189064,0.7046644021591731,0.8091353028074897,0.2592592592592591,0.04940637605323844,18
