hand,first_max_height,min_height,second_max_height,dribbling_frequency,bending_angle,duration
1,0.8537269385160411,0.780996155787904,0.8712652658502033,0.09090909090909105,0.07563729253290151,22
