hand,first_max_height,min_height,second_max_height,dribbling_frequency,bending_angle,duration
1,0.6684854436318171,0.7373821983961747,0.6825284778969649,0.44444444444444453,0.1219703978251396,15
