hand,first_max_height,min_height,second_max_height,dribbling_frequency,bending_angle,duration
1,0.6404679282442456,0.518899374351913,0.687929310419973,0.31372549019607854,0.3190359201414108,17
