hand,first_max_height,min_height,second_max_height,dribbling_frequency,bending_angle,duration
1,0.5974950124071883,0.7027448466097802,0.7104429696408365,0.44444444444444453,0.28310416088469786,15
