hand,first_max_height,min_height,second_max_height,dribbling_frequency,bending_angle,duration
1,0.16241316272383308,0.15856845038960493,0.17106118931113268,1.0,0.8633936698719845,10
