hand,first_max_height,min_height,second_max_height,dribbling_frequency,bending_angle,duration
1,0.2518958566276048,0.2680505791894976,0.25152786709532465,0.7222222222222222,0.8044244894963238,12
