hand,first_max_height,min_height,second_max_height,dribbling_frequency,bending_angle,duration
1,0.7380651145736579,0.6851392216611046,0.767936999144828,0.2592592592592591,0.048177858739391295,18
