hand,first_max_height,min_height,second_max_height,dribbling_frequency,bending_angle,duration
1,0.7311635927958069,0.7430735462499157,0.6882792765396666,0.3750000000000001,0.00946593476912952,16
