hand,first_max_height,min_height,second_max_height,dribbling_frequency,bending_angle,duration
1,0.7718968801057461,0.6570693678865785,0.7153085715499051,0.2592592592592591,0.02541287554413144,18
