hand,first_max_height,min_height,second_max_height,dribbling_frequency,bending_angle,duration
1,0.6164139064844046,0.6557911729326431,0.6366821711856343,0.3750000000000001,0.1378333549102729,16
