hand,first_max_height,min_height,second_max_height,dribbling_frequency,bending_angle,duration
1,0.5791773868963497,0.5986225008436404,0.5528934477089102,0.3750000000000001,0.34765236279365225,16
