hand,first_max_height,min_height,second_max_height,dribbling_frequency,bending_angle,duration
1,0.557771242201879,0.586068515588971,0.5575484540534741,0.5238095238095238,0.24380085821325737,14
