hand,first_max_height,min_height,second_max_height,dribbling_frequency,bending_angle,duration
1,0.6379354657285115,0.579933093596043,0.647871699619202,0.2592592592592591,0.3020850938669704,18
