hand,first_max_height,min_height,second_max_height,dribbling_frequency,bending_angle,duration
1,0.6590477330828627,0.6352897621476837,0.7178335825670581,0.44444444444444453,0.25173886026624914,15
