hand,first_max_height,min_height,second_max_height,dribbling_frequency,bending_angle,duration
1,0.682008719934398,0.7143065082905216,0.6371212927388858,0.44444444444444453,0.052671006412869974,15
