hand,first_max_height,min_height,second_max_height,dribbling_frequency,bending_angle,duration
1,0.4920425816590232,0.48955635477565074,0.4681184018925786,0.5238095238095238,0.437637544148347,14
