hand,first_max_height,min_height,second_max_height,dribbling_frequency,bending_angle,duration
1,0.7294713263407253,0.6685428757137715,0.6322053267018909,0.31372549019607854,0.0731301985894424,17
