hand,first_max_height,min_height,second_max_height,dribbling_frequency,bending_angle,duration
1,0.3324837802314204,0.4041939680779595,0.2978770700544407,0.7222222222222222,0.7363480246294394,12
