hand,first_max_height,min_height,second_max_height,dribbling_frequency,bending_angle,duration
1,0.669318236865136,0.7057138425330777,0.6844496160666536,0.3750000000000001,0.07465275151901848,16
