hand,first_max_height,min_height,second_max_height,dribbling_frequency,bending_angle,duration
1,0.7114549313139347,0.6684596073223594,0.705967962901406,0.31372549019607854,0.06482951152067623,17
