hand,first_max_height,min_height,second_max_height,dribbling_frequency,bending_angle,duration
1,0.8016057179637057,0.7200337068149395,0.8213450773473054,0.3750000000000001,0.16433940770683256,16
