hand,first_max_height,min_height,second_max_height,dribbling_frequency,bending_angle,duration
1,0.6221383290328206,0.6783102795799106,0.5708640539820007,0.44444444444444453,0.050075293602622764,15
