hand,first_max_height,min_height,second_max_height,dribbling_frequency,bending_angle,duration
1,0.6870801038085061,0.6206711662251911,0.7328731853361414,0.2592592592592591,0.11018126781158187,18
