hand,first_max_height,min_height,second_max_height,dribbling_frequency,bending_angle,duration
1,0.7395413079007296,0.6801505900596507,0.7625471930876973,0.2105263157894739,0.01825745661414878,19
