hand,first_max_height,min_height,second_max_height,dribbling_frequency,bending_angle,duration
1,0.48498415968842534,0.6807280804221787,0.6154092377198013,0.7222222222222222,0.42777357943579997,12
