hand,first_max_height,min_height,second_max_height,dribbling_frequency,bending_angle,duration
1,0.7249087998998381,0.7388703245319098,0.6972503992437433,0.44444444444444453,0.0811670503535122,15
