hand,first_max_height,min_height,second_max_height,dribbling_frequency,bending_angle,duration
1,0.8293135566883924,0.727339915439835,0.7577811273841162,0.2592592592592591,0.04465981478353281,18
