hand,first_max_height,min_height,second_max_height,dribbling_frequency,bending_angle,duration
1,0.6936407477451807,0.6837455717416824,0.7064552631569144,0.3750000000000001,0.09278099078182664,16
