hand,first_max_height,min_height,second_max_height,dribbling_frequency,bending_angle,duration
1,0.7528333079533939,0.6364726905899607,0.8182968555573946,0.44444444444444453,0.21507554487794767,15
