hand,first_max_height,min_height,second_max_height,dribbling_frequency,bending_angle,duration
1,0.5867036774911072,0.5605489448946456,0.5752616271164637,0.3750000000000001,0.3416667434670503,16
