hand,first_max_height,min_height,second_max_height,dribbling_frequency,bending_angle,duration
1,0.3376625299435671,0.38126620689199336,0.5923740067954322,0.44444444444444453,0.7575127378069967,15
