hand,first_max_height,min_height,second_max_height,dribbling_frequency,bending_angle,duration
1,0.33748227855050655,0.32861723388438724,0.7200400677928976,0.16666666666666674,0.6692278271725769,20
