hand,first_max_height,min_height,second_max_height,dribbling_frequency,bending_angle,duration
1,0.4959190796447338,0.5435969660417994,0.4864781132723508,0.8484848484848487,0.3561082426171944,11
