hand,first_max_height,min_height,second_max_height,dribbling_frequency,bending_angle,duration
1,0.8120313333361486,0.707302839092922,0.7455495482563717,0.2592592592592591,0.07709007220169656,18
