hand,first_max_height,min_height,second_max_height,dribbling_frequency,bending_angle,duration
1,0.46049371889974106,0.37251986461234904,0.5046541992271292,0.44444444444444453,0.6720465032804492,15
