hand,first_max_height,min_height,second_max_height,dribbling_frequency,bending_angle,duration
1,0.7877167718008917,0.6881207904648999,0.578164269755534,0.44444444444444453,0.07851395771248579,15
