hand,first_max_height,min_height,second_max_height,dribbling_frequency,bending_angle,duration
1,0.22200691642679934,0.14600455052060002,0.8015364287487283,0.09090909090909105,0.8851778327541202,22
