hand,first_max_height,min_height,second_max_height,dribbling_frequency,bending_angle,duration
1,0.6750639735942638,0.7368577296668324,0.6836552138358305,0.5238095238095238,0.06929362283653366,14
