hand,first_max_height,min_height,second_max_height,dribbling_frequency,bending_angle,duration
1,0.8133437204771892,0.6885843346076008,0.8200276630187856,0.2105263157894739,0.06265799982998455,19
