hand,first_max_height,min_height,second_max_height,dribbling_frequency,bending_angle,duration
1,0.6028082054130566,0.6076049258965202,0.6161177129868052,0.3750000000000001,0.131970663435403,16
