hand,first_max_height,min_height,second_max_height,dribbling_frequency,bending_angle,duration
1,0.6664306870544174,0.532561066300966,0.6872700568992957,0.16666666666666674,0.2195827910204126,20
