hand,first_max_height,min_height,second_max_height,dribbling_frequency,bending_angle,duration
1,0.7045013413277244,0.7628582310014617,0.7236529241057541,0.5238095238095238,0.03609955493926503,14
