hand,first_max_height,min_height,second_max_height,dribbling_frequency,bending_angle,duration
1,0.4385648054186708,0.31964709433187977,0.4458190633936109,0.3750000000000001,0.6892476384583306,16
