hand,first_max_height,min_height,second_max_height,dribbling_frequency,bending_angle,duration
1,0.5683635453978385,0.657836241751921,0.498383765962765,0.7222222222222222,0.3407249358321072,12
