hand,first_max_height,min_height,second_max_height,dribbling_frequency,bending_angle,duration
1,0.7935440886809031,0.7425775281530145,0.8099681486625878,0.3750000000000001,0.0326544935923074,16
