hand,first_max_height,min_height,second_max_height,dribbling_frequency,bending_angle,duration
1,0.34027175331990717,0.46946266454398133,0.49070701128014904,0.7222222222222222,0.6208757783719732,12
