hand,first_max_height,min_height,second_max_height,dribbling_frequency,bending_angle,duration
1,0.7291494772436342,0.7079833552305016,0.6900877659498512,0.3750000000000001,0.0635940412535197,16
