hand,first_max_height,min_height,second_max_height,dribbling_frequency,bending_angle,duration
1,0.8007606032459658,0.7124779085509022,0.6582796900321369,0.31372549019607854,0.090932945261949,17
