hand,first_max_height,min_height,second_max_height,dribbling_frequency,bending_angle,duration
1,0.35412443059712734,0.3434246385494432,0.31067437641796564,0.7222222222222222,0.6746167684604872,12
