hand,first_max_height,min_height,second_max_height,dribbling_frequency,bending_angle,duration
1,0.7089567006641926,0.7021958787247249,0.6956906510097474,0.3750000000000001,0.06571672252984434,16
