hand,first_max_height,min_height,second_max_height,dribbling_frequency,bending_angle,duration
1,0.35342757115967766,0.3048520470122275,0.34447849100331024,0.7222222222222222,0.6977544037245703,12
