hand,first_max_height,min_height,second_max_height,dribbling_frequency,bending_angle,duration
1,0.7132537686725761,0.6802932024470131,0.7304111046445139,0.44444444444444453,0.11563095273262901,15
