hand,first_max_height,min_height,second_max_height,dribbling_frequency,bending_angle,duration
1,0.6990007425184865,0.7501331108819573,0.6564727900224391,0.44444444444444453,0.05218213680500231,15
