hand,first_max_height,min_height,second_max_height,dribbling_frequency,bending_angle,duration
1,0.2976483602364831,0.3535288519228641,0.6143796042169278,0.31372549019607854,0.683979296744572,17
