hand,first_max_height,min_height,second_max_height,dribbling_frequency,bending_angle,duration
1,0.1883682702896468,0.17554320411741015,0.12577122243895736,0.7222222222222222,0.824210276412545,12
