hand,first_max_height,min_height,second_max_height,dribbling_frequency,bending_angle,duration
1,0.7870644783776579,0.7213509854659658,0.7067241698517797,0.3750000000000001,0.12767783826252396,16
