hand,first_max_height,min_height,second_max_height,dribbling_frequency,bending_angle,duration
1,0.8045059867260846,0.6839493960958117,0.7862471907656825,0.12698412698412698,0.11170909929170404,21
