hand,first_max_height,min_height,second_max_height,dribbling_frequency,bending_angle,duration
1,0.5853118962689998,0.5829313304471271,0.5808276579525715,0.5238095238095238,0.25881143499580656,14
