hand,first_max_height,min_height,second_max_height,dribbling_frequency,bending_angle,duration
1,0.6273770962981142,0.6310338780216496,0.6149747353617147,0.44444444444444453,0.14889408553339276,15
