hand,first_max_height,min_height,second_max_height,dribbling_frequency,bending_angle,duration
1,0.7242740447185422,0.6258562221425382,0.5411045662855126,0.44444444444444453,0.12358557806475519,15
