hand,first_max_height,min_height,second_max_height,dribbling_frequency,bending_angle,duration
1,0.666943171376198,0.7140702818272232,0.6365221384241169,0.5238095238095238,0.09058910730590496,14
