hand,first_max_height,min_height,second_max_height,dribbling_frequency,bending_angle,duration
1,0.5203800581742988,0.6331001411251953,0.5751670081187321,0.5238095238095238,0.39266540009043194,14
