hand,first_max_height,min_height,second_max_height,dribbling_frequency,bending_angle,duration
1,0.5598108453407772,0.7039892025539185,0.5875253916040664,0.44444444444444453,0.36556985142326187,15
