hand,first_max_height,min_height,second_max_height,dribbling_frequency,bending_angle,duration
1,0.5918365694205101,0.5871010723804926,0.6027682389604029,0.2592592592592591,0.04798016275850779,18
