hand,first_max_height,min_height,second_max_height,dribbling_frequency,bending_angle,duration
1,0.4107899437807431,0.3490691434427005,0.3603553104788304,0.7222222222222222,0.7374469216716161,12
