hand,first_max_height,min_height,second_max_height,dribbling_frequency,bending_angle,duration
1,0.8891334195671631,0.7694409601599903,0.8871899163466239,0.09090909090909105,0.041054315169777485,22
