hand,first_max_height,min_height,second_max_height,dribbling_frequency,bending_angle,duration
1,0.6278673224544893,0.6216216759908347,0.593059485424142,0.31372549019607854,0.3309131955175062,17
