hand,first_max_height,min_height,second_max_height,dribbling_frequency,bending_angle,duration
1,0.7147624052630623,0.6682355226693706,0.719419357234026,0.2105263157894739,0.07533731431984443,19
