hand,first_max_height,min_height,second_max_height,dribbling_frequency,bending_angle,duration
1,0.34481977220655663,0.43805754887599546,0.3653158293982218,0.6153846153846155,0.5639014651913964,13
