hand,first_max_height,min_height,second_max_height,dribbling_frequency,bending_angle,duration
1,0.7405433228112162,0.7056854637456681,0.7248201897570341,0.31372549019607854,0.03903620991872039,17
