hand,first_max_height,min_height,second_max_height,dribbling_frequency,bending_angle,duration
1,0.35714080947681126,0.2812944922808621,0.47846082953543184,0.44444444444444453,0.7793177955771131,15
