hand,first_max_height,min_height,second_max_height,dribbling_frequency,bending_angle,duration
1,0.5064642829728263,0.5352334140895436,0.4918811808897935,0.3750000000000001,0.33788519604255657,16
