hand,first_max_height,min_height,second_max_height,dribbling_frequency,bending_angle,duration
1,0.44838716488853897,0.5512738231837738,0.45238457879210775,0.8484848484848487,0.5425917789624772,11
