hand,first_max_height,min_height,second_max_height,dribbling_frequency,bending_angle,duration
1,0.7494904097365562,0.7114519615022711,0.8489449671323155,0.2105263157894739,0.04561136635356428,19
