hand,first_max_height,min_height,second_max_height,dribbling_frequency,bending_angle,duration
1,0.6176404903851432,0.7227952142875054,0.6320732574551885,0.44444444444444453,0.07659671575815609,15
