hand,first_max_height,min_height,second_max_height,dribbling_frequency,bending_angle,duration
1,0.6710110995210767,0.7642696266436437,0.9007063767616735,0.2592592592592591,0.04519957117906168,18
