hand,first_max_height,min_height,second_max_height,dribbling_frequency,bending_angle,duration
1,0.30594519075819115,0.37644899753550004,0.32172513032152705,0.7222222222222222,0.6810646930972921,12
