hand,first_max_height,min_height,second_max_height,dribbling_frequency,bending_angle,duration
1,0.21964228445289502,0.20448999834540899,0.3750339703311081,0.7222222222222222,0.8657127834643257,12
