hand,first_max_height,min_height,second_max_height,dribbling_frequency,bending_angle,duration
1,0.7108920183361573,0.6986542060560045,0.6923448139786779,0.44444444444444453,0.17749928230286163,15
