hand,first_max_height,min_height,second_max_height,dribbling_frequency,bending_angle,duration
1,0.7666211980705946,0.6946698243036942,0.7872054502529444,0.2592592592592591,0.0264610287975499,18
