hand,first_max_height,min_height,second_max_height,dribbling_frequency,bending_angle,duration
1,0.9129007680805984,0.6426434603383457,0.8969416830335596,0.09090909090909105,0.11358033565094093,22
