hand,first_max_height,min_height,second_max_height,dribbling_frequency,bending_angle,duration
1,0.3521474037067297,0.3434169511310816,0.41005943985304993,0.5238095238095238,0.5987992892155147,14
