hand,first_max_height,min_height,second_max_height,dribbling_frequency,bending_angle,duration
1,0.7858976636130417,0.7150023992648242,0.7835372629356401,0.2592592592592591,0.046986672087695296,18
