hand,first_max_height,min_height,second_max_height,dribbling_frequency,bending_angle,duration
1,0.7860042345166015,0.6391386441707422,0.7678749131883114,0.2592592592592591,0.08938133628674359,18
