hand,first_max_height,min_height,second_max_height,dribbling_frequency,bending_angle,duration
1,0.4219210635030923,0.39246440455879733,0.37347605984142496,0.44444444444444453,0.6176690044130911,15
