hand,first_max_height,min_height,second_max_height,dribbling_frequency,bending_angle,duration
1,0.47414219738272784,0.5407257512062602,0.5144724227219203,0.5238095238095238,0.39633683031696887,14
