hand,first_max_height,min_height,second_max_height,dribbling_frequency,bending_angle,duration
1,0.7454928829764531,0.772433449408561,0.6692316030929237,0.5238095238095238,0.03874214486232713,14
