hand,first_max_height,min_height,second_max_height,dribbling_frequency,bending_angle,duration
1,0.6614012856574691,0.7547404609016826,0.6583947228923711,0.6153846153846155,0.1625126570589783,13
