hand,first_max_height,min_height,second_max_height,dribbling_frequency,bending_angle,duration
1,0.404605105118906,0.2758194698167169,0.39446513631406344,0.31372549019607854,0.7395413618660913,17
