hand,first_max_height,min_height,second_max_height,dribbling_frequency,bending_angle,duration
1,0.8011044620914378,0.7427882496301598,0.8081356692388051,0.3750000000000001,0.1569952266701811,16
