hand,first_max_height,min_height,second_max_height,dribbling_frequency,bending_angle,duration
1,0.4983758743347702,0.4777285072535104,0.5365696590152347,0.3750000000000001,0.456051713753031,16
