hand,first_max_height,min_height,second_max_height,dribbling_frequency,bending_angle,duration
1,0.6046693457614714,0.6104593289947079,0.6175952097456077,0.44444444444444453,0.23584642898340902,15
