hand,first_max_height,min_height,second_max_height,dribbling_frequency,bending_angle,duration
1,0.3956684020251949,0.3098612262926665,0.31675969419437944,0.44444444444444453,0.660972794247701,15
