hand,first_max_height,min_height,second_max_height,dribbling_frequency,bending_angle,duration
1,0.7926625560273546,0.6284242509454988,0.7674668842820833,0.2592592592592591,0.08599884014101516,18
