hand,first_max_height,min_height,second_max_height,dribbling_frequency,bending_angle,duration
1,0.6615891386114829,0.7158176248363102,0.752278076542299,0.44444444444444453,0.09563267075737154,15
