hand,first_max_height,min_height,second_max_height,dribbling_frequency,bending_angle,duration
1,0.43903689713224897,0.4512064109907955,0.6479293153868495,0.3750000000000001,0.6284460080558297,16
