hand,first_max_height,min_height,second_max_height,dribbling_frequency,bending_angle,duration
1,0.6797067884175065,0.649141843429991,0.6764817030823567,0.3750000000000001,0.11184150566921731,16
