hand,first_max_height,min_height,second_max_height,dribbling_frequency,bending_angle,duration
1,0.701574193843282,0.7815077642566228,0.715842510775949,0.5238095238095238,0.012628850708103519,14
