hand,first_max_height,min_height,second_max_height,dribbling_frequency,bending_angle,duration
1,0.3961490889678247,0.4703944227564253,0.3769491482489711,0.8484848484848487,0.5927239960558178,11
