hand,first_max_height,min_height,second_max_height,dribbling_frequency,bending_angle,duration
1,0.598623421899799,0.6563370514813476,0.6421088811353186,0.44444444444444453,0.12951933336354765,15
