hand,first_max_height,min_height,second_max_height,dribbling_frequency,bending_angle,duration
1,0.7983946298201285,0.658419264181868,0.7285167379392752,0.2105263157894739,0.1869297012645995,19
