hand,first_max_height,min_height,second_max_height,dribbling_frequency,bending_angle,duration
1,0.7176914407168917,0.7266381331729561,0.7220845335066111,0.3750000000000001,0.0637432316300088,16
