hand,first_max_height,min_height,second_max_height,dribbling_frequency,bending_angle,duration
1,0.7704821451505642,0.6747944711225004,0.7220501130523183,0.2592592592592591,0.06706342952754366,18
