hand,first_max_height,min_height,second_max_height,dribbling_frequency,bending_angle,duration
1,0.33067689416118146,0.19327290543534253,0.06371914002009849,0.3750000000000001,0.6378252913667808,16
