hand,first_max_height,min_height,second_max_height,dribbling_frequency,bending_angle,duration
1,0.742136073406237,0.743989857780605,0.7547231208474584,0.3750000000000001,0.03293656115242942,16
