hand,first_max_height,min_height,second_max_height,dribbling_frequency,bending_angle,duration
1,0.5810192997670592,0.6054732838143851,0.5952530071022608,0.5238095238095238,0.2939235526878884,14
