hand,first_max_height,min_height,second_max_height,dribbling_frequency,bending_angle,duration
1,0.6949960116646696,0.7615847059745682,0.6855647295144592,0.3750000000000001,0.024663223006406134,16
