hand,first_max_height,min_height,second_max_height,dribbling_frequency,bending_angle,duration
1,0.6492194116044038,0.6823367625206312,0.8267749660979634,0.3750000000000001,0.2331990087904372,16
