hand,first_max_height,min_height,second_max_height,dribbling_frequency,bending_angle,duration
1,0.8179436088385783,0.6372267760397109,0.8437608891006986,0.2105263157894739,0.10509346668516047,19
