hand,first_max_height,min_height,second_max_height,dribbling_frequency,bending_angle,duration
1,0.19569304499403678,0.2718503910560984,0.5213057521024477,0.44444444444444453,0.816868653223243,15
