hand,first_max_height,min_height,second_max_height,dribbling_frequency,bending_angle,duration
1,0.48282859548243695,0.5620944752104827,0.5184783576426757,0.6153846153846155,0.374676929950838,13
