hand,first_max_height,min_height,second_max_height,dribbling_frequency,bending_angle,duration
1,0.3867807364521428,0.47480096591334053,0.3826322483646869,0.8484848484848487,0.6241426839923198,11
