hand,first_max_height,min_height,second_max_height,dribbling_frequency,bending_angle,duration
1,0.44360692576727934,0.5624515450166241,0.4461358011093767,0.6153846153846155,0.3866585526520668,13
