hand,first_max_height,min_height,second_max_height,dribbling_frequency,bending_angle,duration
1,0.7893349106158283,0.7245993148714114,0.7396949915631393,0.31372549019607854,0.011643316511329911,17
