hand,first_max_height,min_height,second_max_height,dribbling_frequency,bending_angle,duration
1,0.654148253789788,0.7425901728785438,0.6321123964421766,0.5238095238095238,0.036886115593669506,14
