hand,first_max_height,min_height,second_max_height,dribbling_frequency,bending_angle,duration
1,0.6050764515814102,0.4776233979725477,0.4806804273152877,0.5238095238095238,0.29908144155885336,14
