hand,first_max_height,min_height,second_max_height,dribbling_frequency,bending_angle,duration
1,0.6666084542772319,0.5780616023726679,0.6490537168937502,0.2592592592592591,0.30811610486623947,18
