hand,first_max_height,min_height,second_max_height,dribbling_frequency,bending_angle,duration
1,0.2652929867650862,0.3683183671750973,0.2953271749859158,0.7222222222222222,0.7655509169296324,12
