hand,first_max_height,min_height,second_max_height,dribbling_frequency,bending_angle,duration
1,0.6939652300627326,0.7189946839705904,0.684959962629221,0.6153846153846155,0.1302972779144457,13
