hand,first_max_height,min_height,second_max_height,dribbling_frequency,bending_angle,duration
1,0.7503782024991248,0.6318565036313714,0.7509772515813603,0.2105263157894739,0.10192767954885659,19
