hand,first_max_height,min_height,second_max_height,dribbling_frequency,bending_angle,duration
1,0.7628850557037914,0.7347809771886997,0.6116815472217714,0.5238095238095238,0.06211955865381097,14
