hand,first_max_height,min_height,second_max_height,dribbling_frequency,bending_angle,duration
1,0.5846320782394386,0.6353680732319281,0.609657793383152,0.2592592592592591,0.2991147393036732,18
