hand,first_max_height,min_height,second_max_height,dribbling_frequency,bending_angle,duration
1,0.7703193326326316,0.7441348410540041,0.7474585672473484,0.3750000000000001,0.06947223334892617,16
