hand,first_max_height,min_height,second_max_height,dribbling_frequency,bending_angle,duration
1,0.4069758978350207,0.30690810812131214,0.3194548704011535,0.3750000000000001,0.6947607952138908,16
