hand,first_max_height,min_height,second_max_height,dribbling_frequency,bending_angle,duration
1,0.24890908905725492,0.29843118470948066,0.3463764835284094,0.5238095238095238,0.6684763312016107,14
