hand,first_max_height,min_height,second_max_height,dribbling_frequency,bending_angle,duration
1,0.5824072553669877,0.5899783940437022,0.6158603791142345,0.5238095238095238,0.31725884798358106,14
