hand,first_max_height,min_height,second_max_height,dribbling_frequency,bending_angle,duration
1,0.8539906083459673,0.7438486104488397,0.8379017628810665,0.2105263157894739,0.020536691661994833,19
