hand,first_max_height,min_height,second_max_height,dribbling_frequency,bending_angle,duration
1,0.726503587514461,0.589414482392112,0.7469659027651967,0.16666666666666674,0.16883541368453223,20
