hand,first_max_height,min_height,second_max_height,dribbling_frequency,bending_angle,duration
1,0.795150353162063,0.7532144005893592,0.819746339132617,0.09090909090909105,0.037883138982029836,22
