hand,first_max_height,min_height,second_max_height,dribbling_frequency,bending_angle,duration
1,0.6944115360891558,0.7323914114437784,0.6678165896407594,0.3750000000000001,0.01819611570889731,16
