hand,first_max_height,min_height,second_max_height,dribbling_frequency,bending_angle,duration
1,0.6768461173288511,0.8787209888865077,0.692879746580026,0.6153846153846155,0.05337874559267493,13
