hand,first_max_height,min_height,second_max_height,dribbling_frequency,bending_angle,duration
1,0.5932342629678033,0.5698420278633713,0.5868254593646793,0.44444444444444453,0.3451481365940867,15
