hand,first_max_height,min_height,second_max_height,dribbling_frequency,bending_angle,duration
1,0.751607568670539,0.8493355807417095,0.7474565308279746,0.44444444444444453,0.018111916333001018,15
