hand,first_max_height,min_height,second_max_height,dribbling_frequency,bending_angle,duration
1,0.43057129208401757,0.532950825596402,0.40097512203305175,0.7222222222222222,0.5393306957939169,12
