hand,first_max_height,min_height,second_max_height,dribbling_frequency,bending_angle,duration
1,0.7120384132213502,0.6684746229339256,0.7719640929595643,0.2592592592592591,0.030628027742370577,18
