hand,first_max_height,min_height,second_max_height,dribbling_frequency,bending_angle,duration
1,0.6916330910356481,0.7597408032432572,0.6998463869263862,0.5238095238095238,0.0028157864875659323,14
