hand,first_max_height,min_height,second_max_height,dribbling_frequency,bending_angle,duration
1,0.3937297058816953,0.4810126154846017,0.37904561715986296,0.7222222222222222,0.6208259202920986,12
