hand,first_max_height,min_height,second_max_height,dribbling_frequency,bending_angle,duration
1,0.6522671407125942,0.6796086629876743,0.6784755066555525,0.3750000000000001,0.1205436358223408,16
