hand,first_max_height,min_height,second_max_height,dribbling_frequency,bending_angle,duration
1,0.366984731544416,0.374541655641448,0.36854668323782225,0.5238095238095238,0.6675479351692881,14
