hand,first_max_height,min_height,second_max_height,dribbling_frequency,bending_angle,duration
1,0.6885863059121512,0.6170712272359918,0.6901998186841725,0.2105263157894739,0.08116903661118532,19
