hand,first_max_height,min_height,second_max_height,dribbling_frequency,bending_angle,duration
1,0.7071458399215598,0.6256654735841268,0.7362763401222671,0.2592592592592591,0.06876341866716938,18
