hand,first_max_height,min_height,second_max_height,dribbling_frequency,bending_angle,duration
1,0.2699592024720475,0.350806428147389,0.28683982605501734,0.6153846153846155,0.7234638641403212,13
