hand,first_max_height,min_height,second_max_height,dribbling_frequency,bending_angle,duration
1,0.602651156170095,0.6412065597100106,0.6678002982857694,0.31372549019607854,0.07639096642751465,17
