hand,first_max_height,min_height,second_max_height,dribbling_frequency,bending_angle,duration
1,0.19678180712951893,0.32833107512425425,0.23514695932165386,1.0,0.8420915121270417,10
