hand,first_max_height,min_height,second_max_height,dribbling_frequency,bending_angle,duration
1,0.3296576391091865,0.43383033091749634,0.34602795780290707,0.7222222222222222,0.601364730547831,12
