hand,first_max_height,min_height,second_max_height,dribbling_frequency,bending_angle,duration
1,0.5878567299525598,0.5633473088683281,0.5811427565990852,0.44444444444444453,0.3395520500707391,15
