hand,first_max_height,min_height,second_max_height,dribbling_frequency,bending_angle,duration
1,0.3620337305604362,0.41706694527211935,0.38000417465971614,0.7222222222222222,0.5318945197851953,12
