hand,first_max_height,min_height,second_max_height,dribbling_frequency,bending_angle,duration
1,0.45897966681811814,0.5312451527055367,0.41050298192640555,0.6153846153846155,0.42916183178252615,13
