hand,first_max_height,min_height,second_max_height,dribbling_frequency,bending_angle,duration
1,0.6673323911703646,0.6878223462043946,0.7008643979381999,0.3750000000000001,0.12356758233495535,16
