hand,first_max_height,min_height,second_max_height,dribbling_frequency,bending_angle,duration
1,0.5532792661959826,0.622020990675449,0.6070336931793983,0.3750000000000001,0.2991626516230725,16
