hand,first_max_height,min_height,second_max_height,dribbling_frequency,bending_angle,duration
1,0.26185280844140923,0.37047896280489334,0.2701743162566738,0.5238095238095238,0.7303118425462451,14
