hand,first_max_height,min_height,second_max_height,dribbling_frequency,bending_angle,duration
1,0.2845443125046423,0.35070850336956805,0.3098902556215419,0.6153846153846155,0.6173630974097761,13
