hand,first_max_height,min_height,second_max_height,dribbling_frequency,bending_angle,duration
1,0.7296212211733779,0.6346899279803854,0.7520508916102129,0.2592592592592591,0.137755089878024,18
