hand,first_max_height,min_height,second_max_height,dribbling_frequency,bending_angle,duration
1,0.7212227880886024,0.7747120864249748,0.7121601678605589,0.5238095238095238,0.06456784180415662,14
