hand,first_max_height,min_height,second_max_height,dribbling_frequency,bending_angle,duration
1,0.7395826941770304,0.7523618156015366,0.7083817655532461,0.3750000000000001,0.04629020063157593,16
