hand,first_max_height,min_height,second_max_height,dribbling_frequency,bending_angle,duration
1,0.23900544753693276,0.3107794057941725,0.21374359567837042,0.8484848484848487,0.7997404377212156,11
