hand,first_max_height,min_height,second_max_height,dribbling_frequency,bending_angle,duration
1,0.31047119989645977,0.4245474499432317,0.37487721570809457,0.7222222222222222,0.6778826580051561,12
