hand,first_max_height,min_height,second_max_height,dribbling_frequency,bending_angle,duration
1,0.8388094961879164,0.6867150705801996,0.7504846864367392,0.16666666666666674,0.08697517841069709,20
