hand,first_max_height,min_height,second_max_height,dribbling_frequency,bending_angle,duration
1,0.7054796572540627,0.7709155794298191,0.6934051924472185,0.44444444444444453,0.15621466810476067,15
