hand,first_max_height,min_height,second_max_height,dribbling_frequency,bending_angle,duration
1,0.7185337234805509,0.6547379966171049,0.7174557522700797,0.31372549019607854,0.1001337055567724,17
