hand,first_max_height,min_height,second_max_height,dribbling_frequency,bending_angle,duration
1,0.8078786453024713,0.6769927135487588,0.7159531231160792,0.2592592592592591,0.07667531251954894,18
