hand,first_max_height,min_height,second_max_height,dribbling_frequency,bending_angle,duration
1,0.6872941896003193,0.7276926745440913,0.7121930982518954,0.5238095238095238,0.11237867631079812,14
