hand,first_max_height,min_height,second_max_height,dribbling_frequency,bending_angle,duration
1,0.7240430168856504,0.6609174596142913,0.7256644594281312,0.3750000000000001,0.07063742919419833,16
