hand,first_max_height,min_height,second_max_height,dribbling_frequency,bending_angle,duration
1,0.7046072663470202,0.6970019858685135,0.6875993111438952,0.12698412698412698,0.11427978489875934,21
