hand,first_max_height,min_height,second_max_height,dribbling_frequency,bending_angle,duration
1,0.24200597741044633,0.3824862073704813,0.43967021926648914,0.8484848484848487,0.6960695705108639,11
