hand,first_max_height,min_height,second_max_height,dribbling_frequency,bending_angle,duration
1,0.7612982671173614,0.6541333488327015,0.7598930929497547,0.2592592592592591,0.07690400776306176,18
