hand,first_max_height,min_height,second_max_height,dribbling_frequency,bending_angle,duration
1,0.22311570097446548,0.3047849437528843,0.2061369732922357,0.8484848484848487,0.8710239569848988,11
