hand,first_max_height,min_height,second_max_height,dribbling_frequency,bending_angle,duration
1,0.6876786397876133,0.7268635110365105,0.6745369722491916,0.44444444444444453,0.10074668704751756,15
