hand,first_max_height,min_height,second_max_height,dribbling_frequency,bending_angle,duration
1,0.629597646397742,0.6473602303409184,0.677956815740429,0.6153846153846155,0.24456288792682643,13
