hand,first_max_height,min_height,second_max_height,dribbling_frequency,bending_angle,duration
1,0.3180777291901679,0.36454485058999514,0.368690921332002,0.6153846153846155,0.598701054315702,13
