hand,first_max_height,min_height,second_max_height,dribbling_frequency,bending_angle,duration
1,0.5707375675352733,0.6214072185720556,0.560616940699592,0.3750000000000001,0.05198353618204592,16
