hand,first_max_height,min_height,second_max_height,dribbling_frequency,bending_angle,duration
1,0.2902789201510673,0.32148747665665134,0.2843609573207476,0.5238095238095238,0.5981376595717981,14
