hand,first_max_height,min_height,second_max_height,dribbling_frequency,bending_angle,duration
1,0.6747879325965118,0.6978630485700432,0.7085601260891273,0.3750000000000001,0.3092582690312179,16
