hand,first_max_height,min_height,second_max_height,dribbling_frequency,bending_angle,duration
1,0.7473017563828891,0.7184537627290537,0.7166468964285798,0.31372549019607854,0.04276475155454142,17
