hand,first_max_height,min_height,second_max_height,dribbling_frequency,bending_angle,duration
1,0.7240693987736644,0.7544336107725016,0.695368400061043,0.44444444444444453,0.043804200625828585,15
