hand,first_max_height,min_height,second_max_height,dribbling_frequency,bending_angle,duration
1,0.7837704189478594,0.6270991411860481,0.785277159781065,0.31372549019607854,0.2514189594428516,17
