hand,first_max_height,min_height,second_max_height,dribbling_frequency,bending_angle,duration
1,0.5549060996067806,0.6968306354685845,0.6864017475458353,0.5238095238095238,0.1586174762064303,14
