hand,first_max_height,min_height,second_max_height,dribbling_frequency,bending_angle,duration
1,0.6935026775628996,0.4971996602879536,0.6031927578966817,0.2592592592592591,0.16942423778806592,18
