hand,first_max_height,min_height,second_max_height,dribbling_frequency,bending_angle,duration
1,0.7652280257131493,0.7226640971051697,0.7882935935612393,0.3750000000000001,0.026808321634221807,16
