hand,first_max_height,min_height,second_max_height,dribbling_frequency,bending_angle,duration
1,0.6716335332179518,0.6804903452132207,0.6474309886654637,0.31372549019607854,0.06832492416989475,17
