hand,first_max_height,min_height,second_max_height,dribbling_frequency,bending_angle,duration
1,0.6343758484993995,0.643875602627143,0.5534108969049032,0.44444444444444453,0.2110919644964811,15
