hand,first_max_height,min_height,second_max_height,dribbling_frequency,bending_angle,duration
1,0.8249561730264323,0.6575416771231124,0.7838341331453205,0.31372549019607854,0.241942216532583,17
