hand,first_max_height,min_height,second_max_height,dribbling_frequency,bending_angle,duration
1,0.6656670531207513,0.7582125157349601,0.7317181878698693,0.3750000000000001,0.05980938636245365,16
