hand,first_max_height,min_height,second_max_height,dribbling_frequency,bending_angle,duration
1,0.6240998298591798,0.5768164561331841,0.6593132473674623,0.2105263157894739,0.3084556136756746,19
