hand,first_max_height,min_height,second_max_height,dribbling_frequency,bending_angle,duration
1,0.6592128310374217,0.598734650937682,0.6196927713693343,0.2592592592592591,0.2992301371665063,18
