hand,first_max_height,min_height,second_max_height,dribbling_frequency,bending_angle,duration
1,0.3424486813900124,0.377210626713549,0.35005271718567826,0.6153846153846155,0.6356518066633138,13
