hand,first_max_height,min_height,second_max_height,dribbling_frequency,bending_angle,duration
1,0.3682012793973601,0.2520338071106034,0.3911072794418124,0.44444444444444453,0.7711487834563944,15
