hand,first_max_height,min_height,second_max_height,dribbling_frequency,bending_angle,duration
1,0.7405026817859892,0.7366961501911762,0.7448314372489167,0.3750000000000001,0.04969745733209216,16
