hand,first_max_height,min_height,second_max_height,dribbling_frequency,bending_angle,duration
1,0.6763877382350318,0.7032143538900888,0.6812253681728264,0.44444444444444453,0.13724058846320006,15
