hand,first_max_height,min_height,second_max_height,dribbling_frequency,bending_angle,duration
1,0.6833907135257355,0.6753292855363666,0.5744289799364264,0.44444444444444453,0.043355443482309644,15
