hand,first_max_height,min_height,second_max_height,dribbling_frequency,bending_angle,duration
1,0.740110530670932,0.6972866358829867,0.6653285818536905,0.3750000000000001,0.0604522306854361,16
