hand,first_max_height,min_height,second_max_height,dribbling_frequency,bending_angle,duration
1,0.6693057166470955,0.7611470978882088,0.6151638740196472,0.6153846153846155,0.15291770223059326,13
