hand,first_max_height,min_height,second_max_height,dribbling_frequency,bending_angle,duration
1,0.7001900638655327,0.6956035223319863,0.6950267782939052,0.3750000000000001,0.05067492402922582,16
