hand,first_max_height,min_height,second_max_height,dribbling_frequency,bending_angle,duration
1,0.7120895871284209,0.6188216595814295,0.6871796597466073,0.3750000000000001,0.13459650734133108,16
