hand,first_max_height,min_height,second_max_height,dribbling_frequency,bending_angle,duration
1,0.699865482181171,0.6253371417905522,0.7026907681038612,0.2105263157894739,0.2185102505419555,19
