hand,first_max_height,min_height,second_max_height,dribbling_frequency,bending_angle,duration
1,0.7101333030595786,0.6364762109965001,0.7251041957565242,0.3750000000000001,0.12955919564316534,16
