hand,first_max_height,min_height,second_max_height,dribbling_frequency,bending_angle,duration
1,0.5899290744553021,0.6560238071443706,0.44404454741883215,1.0,0.2549930076751604,10
