hand,first_max_height,min_height,second_max_height,dribbling_frequency,bending_angle,duration
1,0.38561516377264965,0.311044442115069,0.6012617356427157,0.3750000000000001,0.6513963183286288,16
