hand,first_max_height,min_height,second_max_height,dribbling_frequency,bending_angle,duration
1,0.48932589307783464,0.5574139151037439,0.5117112863949429,0.7222222222222222,0.4557926018723125,12
