hand,first_max_height,min_height,second_max_height,dribbling_frequency,bending_angle,duration
1,0.7056654731884746,0.7341184223089743,0.6446752662338944,0.6153846153846155,0.10218964039321399,13
