hand,first_max_height,min_height,second_max_height,dribbling_frequency,bending_angle,duration
1,0.6528483371833831,0.6222455063986264,0.5980578022738609,0.3750000000000001,0.0577859112764209,16
