hand,first_max_height,min_height,second_max_height,dribbling_frequency,bending_angle,duration
1,0.7304516792866655,0.6731927579920952,0.7030832506865775,0.31372549019607854,0.07882504171583492,17
