hand,first_max_height,min_height,second_max_height,dribbling_frequency,bending_angle,duration
1,0.7536386262637905,0.6843579069444474,0.7305311043812693,0.2592592592592591,0.0808596724231746,18
