hand,first_max_height,min_height,second_max_height,dribbling_frequency,bending_angle,duration
1,0.7398001584403782,0.7295869406424254,0.7432483446952702,0.44444444444444453,0.03598710585879835,15
