hand,first_max_height,min_height,second_max_height,dribbling_frequency,bending_angle,duration
1,0.7238134795549063,0.5717071967239816,0.7252871258188051,0.2105263157894739,0.2979373557031639,19
