hand,first_max_height,min_height,second_max_height,dribbling_frequency,bending_angle,duration
1,0.6574843950635562,0.6838092264395176,0.7495701851316303,0.3750000000000001,0.18967032774853215,16
