hand,first_max_height,min_height,second_max_height,dribbling_frequency,bending_angle,duration
1,0.5931812507747505,0.7340907619718788,0.5684118573746506,0.6153846153846155,0.06957154895485114,13
