hand,first_max_height,min_height,second_max_height,dribbling_frequency,bending_angle,duration
1,0.3803616902194987,0.3669219152994498,0.3337417927021932,0.7222222222222222,0.6160580227960744,12
