hand,first_max_height,min_height,second_max_height,dribbling_frequency,bending_angle,duration
1,0.5278599941522633,0.5935442784880101,0.5766814584388535,0.5238095238095238,0.2407100317623487,14
