hand,first_max_height,min_height,second_max_height,dribbling_frequency,bending_angle,duration
1,0.7867357729706874,0.6491929252473283,0.8077336999219331,0.31372549019607854,0.08547692326289102,17
