hand,first_max_height,min_height,second_max_height,dribbling_frequency,bending_angle,duration
1,0.7819285557605548,0.6461664532988975,0.7566039279797938,0.3750000000000001,0.3269990187544337,16
