hand,first_max_height,min_height,second_max_height,dribbling_frequency,bending_angle,duration
1,0.6835357890681106,0.7757995328204987,0.6568805209160757,0.5238095238095238,0.09092151787485486,14
