hand,first_max_height,min_height,second_max_height,dribbling_frequency,bending_angle,duration
1,0.6886272450378077,0.7367408378007174,0.7075692342231202,0.3750000000000001,0.1601375678087058,16
