hand,first_max_height,min_height,second_max_height,dribbling_frequency,bending_angle,duration
1,0.727737524559128,0.6169707160370397,0.682369537848282,0.31372549019607854,0.1999279069888451,17
