hand,first_max_height,min_height,second_max_height,dribbling_frequency,bending_angle,duration
1,0.7117877604435138,0.6801126558830627,0.7521423318069708,0.31372549019607854,0.024597354716817003,17
