hand,first_max_height,min_height,second_max_height,dribbling_frequency,bending_angle,duration
1,0.7325637705133462,0.6502431559165786,0.7362941712089788,0.31372549019607854,0.07870657093642933,17
