hand,first_max_height,min_height,second_max_height,dribbling_frequency,bending_angle,duration
1,0.7235714716895263,0.7772344217879541,0.722699730832544,0.44444444444444453,0.04598293630986977,15
