hand,first_max_height,min_height,second_max_height,dribbling_frequency,bending_angle,duration
1,0.3298015222498434,0.3754071727349256,0.31652386689714634,0.5238095238095238,0.5821073688225566,14
