hand,first_max_height,min_height,second_max_height,dribbling_frequency,bending_angle,duration
1,0.6061058420480094,0.5598424208556931,0.619878433213702,0.2592592592592591,0.31493602332232046,18
