hand,first_max_height,min_height,second_max_height,dribbling_frequency,bending_angle,duration
1,0.7740678461672605,0.6551531890536623,0.7780723577055066,0.31372549019607854,0.20340776685149725,17
