hand,first_max_height,min_height,second_max_height,dribbling_frequency,bending_angle,duration
1,0.7408866351392339,0.6444857824789655,0.6859961524091027,0.3750000000000001,0.07247771862922844,16
