hand,first_max_height,min_height,second_max_height,dribbling_frequency,bending_angle,duration
1,0.32897399545744627,0.2742221392332283,0.34254001843456217,0.5238095238095238,0.777550846424788,14
