hand,first_max_height,min_height,second_max_height,dribbling_frequency,bending_angle,duration
1,0.41032922956689233,0.4381939107456243,0.5298413294043683,0.3750000000000001,0.42842551632720693,16
