hand,first_max_height,min_height,second_max_height,dribbling_frequency,bending_angle,duration
1,0.8351596042120597,0.7061094931210897,0.8284589359137582,0.09090909090909105,0.11975016720959174,22
