hand,first_max_height,min_height,second_max_height,dribbling_frequency,bending_angle,duration
1,0.7454561172568102,0.7459380076525017,0.7434326158142119,0.6153846153846155,0.06252486987398186,13
