hand,first_max_height,min_height,second_max_height,dribbling_frequency,bending_angle,duration
1,0.855970541715553,0.7382553310629825,0.8526577073320162,0.12698412698412698,0.05935181702625506,21
