hand,first_max_height,min_height,second_max_height,dribbling_frequency,bending_angle,duration
1,0.38455472117797357,0.3734804326823911,0.401663680125205,0.6153846153846155,0.6600769327829672,13
