hand,first_max_height,min_height,second_max_height,dribbling_frequency,bending_angle,duration
1,0.18135674945329625,0.22691118021485557,0.17149355591231524,0.7222222222222222,0.8119868046208737,12
