hand,first_max_height,min_height,second_max_height,dribbling_frequency,bending_angle,duration
1,0.7763662998458075,0.7714175606643281,0.8053229270647709,0.31372549019607854,0.11480495361310136,17
