hand,first_max_height,min_height,second_max_height,dribbling_frequency,bending_angle,duration
1,0.3199587925839569,0.4115423497362965,0.36534419026315873,0.5238095238095238,0.606299895845527,14
