hand,first_max_height,min_height,second_max_height,dribbling_frequency,bending_angle,duration
1,0.7367728988950162,0.6993168327807613,0.7452560555227259,0.5238095238095238,0.07133182988270725,14
