hand,first_max_height,min_height,second_max_height,dribbling_frequency,bending_angle,duration
1,0.8059310558294905,0.7407306079303839,0.8190370194966046,0.12698412698412698,0.02752834899214126,21
