hand,first_max_height,min_height,second_max_height,dribbling_frequency,bending_angle,duration
1,0.6897469599345569,0.7519198249682607,0.6413931045598286,0.5238095238095238,0.09051332595564048,14
