hand,first_max_height,min_height,second_max_height,dribbling_frequency,bending_angle,duration
1,0.38729113407091653,0.31047499839605974,0.4437974453118956,0.5238095238095238,0.7076920363195496,14
