hand,first_max_height,min_height,second_max_height,dribbling_frequency,bending_angle,duration
1,0.6990271740899056,0.5512445822559873,0.4548330502420669,0.44444444444444453,0.22185455853188826,15
