hand,first_max_height,min_height,second_max_height,dribbling_frequency,bending_angle,duration
1,0.5807041082462279,0.5974028595903097,0.6183625921681546,0.44444444444444453,0.24627742901952698,15
