hand,first_max_height,min_height,second_max_height,dribbling_frequency,bending_angle,duration
1,0.8653183253015968,0.44128303156145054,0.4210343992208957,0.09090909090909105,0.13089100163371173,22
