hand,first_max_height,min_height,second_max_height,dribbling_frequency,bending_angle,duration
1,0.6433967152810502,0.6864079330708931,0.6428859489670821,0.44444444444444453,0.12511717494875413,15
