hand,first_max_height,min_height,second_max_height,dribbling_frequency,bending_angle,duration
1,0.6688469897694416,0.6283189261294418,0.7367868853598954,0.31372549019607854,0.07270783460719688,17
