hand,first_max_height,min_height,second_max_height,dribbling_frequency,bending_angle,duration
1,0.4770943356198464,0.6377447068711943,0.515961343296722,0.6153846153846155,0.3469584631619181,13
