hand,first_max_height,min_height,second_max_height,dribbling_frequency,bending_angle,duration
1,0.6816347032621377,0.5493989552439222,0.457048277170584,0.44444444444444453,0.1167111285639002,15
