hand,first_max_height,min_height,second_max_height,dribbling_frequency,bending_angle,duration
1,0.5609664316558808,0.5725538904192281,0.4503682752682702,0.5238095238095238,0.33365372440651414,14
