hand,first_max_height,min_height,second_max_height,dribbling_frequency,bending_angle,duration
1,0.7842207493300813,0.7250865678744798,0.8508542841358833,0.16666666666666674,0.040401985098855966,20
