hand,first_max_height,min_height,second_max_height,dribbling_frequency,bending_angle,duration
1,0.31781028342146755,0.26762777117961006,0.22000737332819598,0.7222222222222222,0.7652278349337686,12
