hand,first_max_height,min_height,second_max_height,dribbling_frequency,bending_angle,duration
1,0.9200304360538557,0.7712967891665166,0.8701905331085159,0.09090909090909105,0.06622997315017908,22
