hand,first_max_height,min_height,second_max_height,dribbling_frequency,bending_angle,duration
1,0.74502729978892,0.6314003595269064,0.7258859324522177,0.3750000000000001,0.3005283471655431,16
