hand,first_max_height,min_height,second_max_height,dribbling_frequency,bending_angle,duration
1,0.6184771092406413,0.6246340663131078,0.7648273370923482,0.2592592592592591,0.39071453661377387,18
