hand,first_max_height,min_height,second_max_height,dribbling_frequency,bending_angle,duration
1,0.38750035088904716,0.5378400955194063,0.4150049091365817,0.7222222222222222,0.5078136316274402,12
