hand,first_max_height,min_height,second_max_height,dribbling_frequency,bending_angle,duration
1,0.7539673316707609,0.7595697402234539,0.765889851317793,0.2592592592592591,0.05675266142844708,18
