hand,first_max_height,min_height,second_max_height,dribbling_frequency,bending_angle,duration
1,0.3773409392001815,0.2034313618074831,0.4036726823405561,0.2592592592592591,0.7634696695018549,18
