hand,first_max_height,min_height,second_max_height,dribbling_frequency,bending_angle,duration
1,0.35981337919442824,0.4306367474259902,0.2929760543157749,1.0,0.7593695988857188,10
