hand,first_max_height,min_height,second_max_height,dribbling_frequency,bending_angle,duration
1,0.5297710166392207,0.6305966291604472,0.5458406320549047,0.5238095238095238,0.41364307707633313,14
