hand,first_max_height,min_height,second_max_height,dribbling_frequency,bending_angle,duration
1,0.7903037370118263,0.4797952014272448,0.7700362495065718,0.09090909090909105,0.3177281742236796,22
