hand,first_max_height,min_height,second_max_height,dribbling_frequency,bending_angle,duration
1,0.5630392729926724,0.5070310780770851,0.4989194435955914,0.44444444444444453,0.3466936141334437,15
