hand,first_max_height,min_height,second_max_height,dribbling_frequency,bending_angle,duration
1,0.3733376491651076,0.44317672289953347,0.37837896299316887,0.8484848484848487,0.563218971868007,11
