hand,first_max_height,min_height,second_max_height,dribbling_frequency,bending_angle,duration
1,0.7006598204590795,0.7302355575860557,0.7249898582590029,0.5238095238095238,0.0771766926075462,14
