hand,first_max_height,min_height,second_max_height,dribbling_frequency,bending_angle,duration
1,0.6456887598003621,0.685550606310997,0.5794748794632197,0.3750000000000001,0.08150010947375287,16
