hand,first_max_height,min_height,second_max_height,dribbling_frequency,bending_angle,duration
1,0.6847627704360886,0.7291325926637457,0.6547622474172552,0.3750000000000001,0.07624273595950869,16
