hand,first_max_height,min_height,second_max_height,dribbling_frequency,bending_angle,duration
1,0.6714968541710087,0.6732255911714526,0.6619421157726765,0.3750000000000001,0.09644681017431146,16
