hand,first_max_height,min_height,second_max_height,dribbling_frequency,bending_angle,duration
1,0.7346076464250677,0.7284442454177419,0.7468294626671556,0.44444444444444453,0.037378719468081835,15
