hand,first_max_height,min_height,second_max_height,dribbling_frequency,bending_angle,duration
1,0.3893779364444915,0.38746808553898193,0.3674692683828135,0.44444444444444453,0.6331841487732822,15
