hand,first_max_height,min_height,second_max_height,dribbling_frequency,bending_angle,duration
1,0.8203287103753109,0.7666549535317114,0.8389491778018864,0.09090909090909105,0.07395967461282195,22
