hand,first_max_height,min_height,second_max_height,dribbling_frequency,bending_angle,duration
1,0.3909278102610638,0.2927687904034006,0.3718206992343932,0.5238095238095238,0.7570776985162871,14
