hand,first_max_height,min_height,second_max_height,dribbling_frequency,bending_angle,duration
1,0.41749630914405667,0.3999250800012387,0.4082398246394575,0.5238095238095238,0.6000004881366287,14
