hand,first_max_height,min_height,second_max_height,dribbling_frequency,bending_angle,duration
1,0.2713649447309383,0.28014331934247155,0.32870711831633814,0.8484848484848487,0.8301493257034467,11
