hand,first_max_height,min_height,second_max_height,dribbling_frequency,bending_angle,duration
1,0.04687639191164106,0.10143131826939411,0.12280048392277945,1.0,0.8449813872459644,10
