hand,first_max_height,min_height,second_max_height,dribbling_frequency,bending_angle,duration
1,0.6487379794107,0.6193393748778188,0.66929711619424,0.2592592592592591,0.2707125968037018,18
