hand,first_max_height,min_height,second_max_height,dribbling_frequency,bending_angle,duration
1,0.5998144821660175,0.46823899996889123,0.4067928741712611,0.5238095238095238,0.34316793468225415,14
