hand,first_max_height,min_height,second_max_height,dribbling_frequency,bending_angle,duration
1,0.6118821340711649,0.6141667481509067,0.691274601094625,0.3750000000000001,0.12019789532405026,16
