hand,first_max_height,min_height,second_max_height,dribbling_frequency,bending_angle,duration
1,0.43294163764948795,0.5013346292261135,0.4369546291972124,0.5238095238095238,0.5161094518444977,14
