hand,first_max_height,min_height,second_max_height,dribbling_frequency,bending_angle,duration
1,0.772211028275074,0.7450841294541136,0.7711535980488122,0.3750000000000001,0.08525635666693415,16
