hand,first_max_height,min_height,second_max_height,dribbling_frequency,bending_angle,duration
1,0.5994842862568994,0.6535396933381049,0.5734552237944179,0.3750000000000001,0.277158663031863,16
