hand,first_max_height,min_height,second_max_height,dribbling_frequency,bending_angle,duration
1,0.26772911315867465,0.39472975024439894,0.3417717916430067,0.7222222222222222,0.6526350451421732,12
