hand,first_max_height,min_height,second_max_height,dribbling_frequency,bending_angle,duration
1,0.7768527997468133,0.6875011270689303,0.6936665494897714,0.31372549019607854,0.11976920379655485,17
