hand,first_max_height,min_height,second_max_height,dribbling_frequency,bending_angle,duration
1,0.6923759076226514,0.6916018259271045,0.6925870485466236,0.5238095238095238,0.08850719615107887,14
