hand,first_max_height,min_height,second_max_height,dribbling_frequency,bending_angle,duration
1,0.770134013532269,0.6831279200065925,0.7952534292867652,0.3750000000000001,0.12055687275457991,16
