hand,first_max_height,min_height,second_max_height,dribbling_frequency,bending_angle,duration
1,0.37112832751499253,0.4349159093422036,0.42209140021340175,0.6153846153846155,0.5780595571619658,13
