hand,first_max_height,min_height,second_max_height,dribbling_frequency,bending_angle,duration
1,0.310925803051505,0.4449403028857205,0.3394801741535914,0.8484848484848487,0.7228615252724929,11
