hand,first_max_height,min_height,second_max_height,dribbling_frequency,bending_angle,duration
1,0.7562177414967473,0.6690380316702957,0.7490838285826609,0.3750000000000001,0.21941701410367082,16
