hand,first_max_height,min_height,second_max_height,dribbling_frequency,bending_angle,duration
1,0.7162434178804116,0.6125379494436574,0.6591481980606582,0.3750000000000001,0.2529452425311687,16
