hand,first_max_height,min_height,second_max_height,dribbling_frequency,bending_angle,duration
1,0.7874516611522226,0.7269204123013926,0.7666089060317873,0.3750000000000001,0.0477404743979782,16
