hand,first_max_height,min_height,second_max_height,dribbling_frequency,bending_angle,duration
1,0.7294686931202643,0.708152550279488,0.736306588400282,0.2592592592592591,0.022921469977404935,18
