hand,first_max_height,min_height,second_max_height,dribbling_frequency,bending_angle,duration
1,0.2231782523812635,0.3100070717064424,0.19201212017208738,1.0,0.8672254475195785,10
