hand,first_max_height,min_height,second_max_height,dribbling_frequency,bending_angle,duration
1,0.52798782955313,0.6230273240305035,0.5873694813500616,0.5238095238095238,0.2675385193715046,14
