hand,first_max_height,min_height,second_max_height,dribbling_frequency,bending_angle,duration
1,0.6986616532798872,0.741627233922465,0.7527099961245945,0.3750000000000001,0.02276995240851438,16
