hand,first_max_height,min_height,second_max_height,dribbling_frequency,bending_angle,duration
1,0.8095746380129221,0.7731863853378085,0.8286446474268909,0.31372549019607854,0.05729009609259002,17
