hand,first_max_height,min_height,second_max_height,dribbling_frequency,bending_angle,duration
1,0.6881873978540246,0.7111144335446752,0.6584461797331322,0.3750000000000001,0.01359082081357989,16
