hand,first_max_height,min_height,second_max_height,dribbling_frequency,bending_angle,duration
1,0.5498827595852329,0.6512504232570413,0.5971495592331688,0.31372549019607854,0.32028748964606785,17
