hand,first_max_height,min_height,second_max_height,dribbling_frequency,bending_angle,duration
1,0.6508843521867778,0.6193402370181957,0.7057350660613203,0.2592592592592591,0.07995264739116269,18
