hand,first_max_height,min_height,second_max_height,dribbling_frequency,bending_angle,duration
1,0.4111936214457423,0.36520747731475184,0.37462335864908897,0.5238095238095238,0.6528153202554645,14
