hand,first_max_height,min_height,second_max_height,dribbling_frequency,bending_angle,duration
1,0.8082976751395916,0.6512780835941369,0.7994909696597106,0.2592592592592591,0.16618642896495167,18
