hand,first_max_height,min_height,second_max_height,dribbling_frequency,bending_angle,duration
1,0.7395353458921388,0.6853811957269162,0.791521963962579,0.3750000000000001,0.21479657129182958,16
