hand,first_max_height,min_height,second_max_height,dribbling_frequency,bending_angle,duration
1,0.42032314583395947,0.48207146755762187,0.4216246131579263,1.0,0.5632279977537547,10
