hand,first_max_height,min_height,second_max_height,dribbling_frequency,bending_angle,duration
1,0.7450940742851364,0.7524889813071443,0.6942954057261381,0.3750000000000001,0.06658387824190537,16
