hand,first_max_height,min_height,second_max_height,dribbling_frequency,bending_angle,duration
1,0.3793937581247892,0.39539395755984685,0.43648158387732006,0.5238095238095238,0.6001177648482467,14
