hand,first_max_height,min_height,second_max_height,dribbling_frequency,bending_angle,duration
1,0.4436473680588867,0.33597337480611733,0.4609807023188235,0.31372549019607854,0.7259946780539928,17
