hand,first_max_height,min_height,second_max_height,dribbling_frequency,bending_angle,duration
1,0.5857558174919866,0.6855571442088558,0.6012454442877256,0.44444444444444453,0.35725455514182425,15
