hand,first_max_height,min_height,second_max_height,dribbling_frequency,bending_angle,duration
1,0.8218509105353411,0.6780852609415133,0.788824701667666,0.3750000000000001,0.09743962535520113,16
