hand,first_max_height,min_height,second_max_height,dribbling_frequency,bending_angle,duration
1,0.5211646585048424,0.6362371825769766,0.8076894947208932,0.2592592592592591,0.40481650471375197,18
