hand,first_max_height,min_height,second_max_height,dribbling_frequency,bending_angle,duration
1,0.6228544656313804,0.6245612872962827,0.7744774318168921,0.31372549019607854,0.3533429840387301,17
