hand,first_max_height,min_height,second_max_height,dribbling_frequency,bending_angle,duration
1,0.5460100375382965,0.671258474211262,0.6840284746064091,0.5238095238095238,0.13768061483547017,14
