hand,first_max_height,min_height,second_max_height,dribbling_frequency,bending_angle,duration
1,0.7214875012700319,0.5448142364090935,0.7154530579879108,0.16666666666666674,0.19994850908101797,20
