hand,first_max_height,min_height,second_max_height,dribbling_frequency,bending_angle,duration
1,0.7023600859423538,0.803267109696658,0.7269766585363037,0.5238095238095238,0.03495357143951396,14
