hand,first_max_height,min_height,second_max_height,dribbling_frequency,bending_angle,duration
1,0.7021202641467905,0.7313938431825567,0.6369811274834538,0.5238095238095238,0.1481443157353145,14
