hand,first_max_height,min_height,second_max_height,dribbling_frequency,bending_angle,duration
1,0.6988706216809932,0.7136101144009989,0.6516065424194226,0.5238095238095238,0.044655641807065764,14
