hand,first_max_height,min_height,second_max_height,dribbling_frequency,bending_angle,duration
1,0.3906741267955271,0.35024194173554757,0.32835864225960104,0.6153846153846155,0.6888180789032999,13
