hand,first_max_height,min_height,second_max_height,dribbling_frequency,bending_angle,duration
1,0.6947077485493065,0.721881992093167,0.7415661132862581,0.31372549019607854,0.04535522164518226,17
