hand,first_max_height,min_height,second_max_height,dribbling_frequency,bending_angle,duration
1,0.3600597591994413,0.342658842359572,0.2845213874323868,0.5238095238095238,0.6243053068227519,14
