hand,first_max_height,min_height,second_max_height,dribbling_frequency,bending_angle,duration
1,0.1964717826827995,0.21956430730217819,0.13082278420498494,0.8484848484848487,0.8624157333602687,11
