hand,first_max_height,min_height,second_max_height,dribbling_frequency,bending_angle,duration
1,0.7005891209738742,0.6501118231991486,0.7121232639680053,0.2592592592592591,0.04741808046838791,18
