hand,first_max_height,min_height,second_max_height,dribbling_frequency,bending_angle,duration
1,0.4712413324194898,0.4802671514386214,0.7613039838944062,0.2105263157894739,0.4490975480220779,19
