hand,first_max_height,min_height,second_max_height,dribbling_frequency,bending_angle,duration
1,0.5631290509053682,0.36567554769443206,0.5030464212971718,0.31372549019607854,0.6069818804109282,17
