hand,first_max_height,min_height,second_max_height,dribbling_frequency,bending_angle,duration
1,0.640460525416912,0.6629509613835112,0.6796218120879122,0.3750000000000001,0.17538186586076437,16
