hand,first_max_height,min_height,second_max_height,dribbling_frequency,bending_angle,duration
1,0.5604889244511659,0.5708538214408134,0.5368571418282898,0.2592592592592591,0.06996715629554423,18
