hand,first_max_height,min_height,second_max_height,dribbling_frequency,bending_angle,duration
1,0.425991028667573,0.3482821529685614,0.27055328893525193,0.7222222222222222,0.5293406343903377,12
