hand,first_max_height,min_height,second_max_height,dribbling_frequency,bending_angle,duration
1,0.7183281832343846,0.5438018680714,0.6030582052117186,0.2592592592592591,0.19867168833255025,18
