hand,first_max_height,min_height,second_max_height,dribbling_frequency,bending_angle,duration
1,0.46254007898170874,0.36958937762589106,0.5626428302951156,0.2592592592592591,0.6364367528288192,18
