hand,first_max_height,min_height,second_max_height,dribbling_frequency,bending_angle,duration
1,0.39480997215493563,0.37281148359486976,0.4441479081192412,0.44444444444444453,0.5776632647131468,15
