hand,first_max_height,min_height,second_max_height,dribbling_frequency,bending_angle,duration
1,0.7141723651461971,0.7710576889019616,0.7348278002535837,0.44444444444444453,0.027430828162235087,15
