hand,first_max_height,min_height,second_max_height,dribbling_frequency,bending_angle,duration
1,0.3063776351146408,0.3796191595467643,0.3981575123200267,0.6153846153846155,0.6205284058269699,13
