hand,first_max_height,min_height,second_max_height,dribbling_frequency,bending_angle,duration
1,0.6731760042071906,0.7256033491854605,0.6849752109401415,0.5238095238095238,0.08764615794717227,14
