hand,first_max_height,min_height,second_max_height,dribbling_frequency,bending_angle,duration
1,0.19774228671348995,0.38055637798159586,0.45243116809387784,1.0,0.721396480177753,10
