hand,first_max_height,min_height,second_max_height,dribbling_frequency,bending_angle,duration
1,0.3866000379084379,0.3828306324510933,0.40365614264174005,0.5238095238095238,0.5470388369320889,14
