hand,first_max_height,min_height,second_max_height,dribbling_frequency,bending_angle,duration
1,0.2898789190580325,0.3358693432006259,0.27913764096461213,0.44444444444444453,0.6905843423096534,15
