hand,first_max_height,min_height,second_max_height,dribbling_frequency,bending_angle,duration
1,0.8631558054189192,0.7414057356906072,0.8676511678182163,0.09090909090909105,0.0845512372699099,22
