hand,first_max_height,min_height,second_max_height,dribbling_frequency,bending_angle,duration
1,0.419196524943926,0.3694515070106024,0.3738934761442783,0.5238095238095238,0.6320400749657978,14
