hand,first_max_height,min_height,second_max_height,dribbling_frequency,bending_angle,duration
1,0.4993321805127277,0.32428526587008255,0.43098220852412855,0.31372549019607854,0.6787778916708882,17
