hand,first_max_height,min_height,second_max_height,dribbling_frequency,bending_angle,duration
1,0.6702538250632406,0.7293383568337235,0.6740821553661327,0.44444444444444453,0.07252600143036368,15
