hand,first_max_height,min_height,second_max_height,dribbling_frequency,bending_angle,duration
1,0.6380574384875973,0.7293936056628828,0.7024477885044373,0.5238095238095238,0.1034970941164267,14
