hand,first_max_height,min_height,second_max_height,dribbling_frequency,bending_angle,duration
1,0.6601997918762167,0.728310326279181,0.6694156755368045,0.5238095238095238,0.048541156355212285,14
