hand,first_max_height,min_height,second_max_height,dribbling_frequency,bending_angle,duration
1,0.712075327991208,0.7229436461224124,0.6871768782957554,0.44444444444444453,0.011388055719215187,15
