hand,first_max_height,min_height,second_max_height,dribbling_frequency,bending_angle,duration
1,0.2740990225038498,0.3669229211298897,0.2884128855180905,0.6153846153846155,0.7512005066005796,13
