hand,first_max_height,min_height,second_max_height,dribbling_frequency,bending_angle,duration
1,0.5722714929788653,0.44743605558707567,0.6302070529398258,0.31372549019607854,0.5650147605052088,17
