hand,first_max_height,min_height,second_max_height,dribbling_frequency,bending_angle,duration
1,0.662646302101434,0.6819796208694585,0.6029252419272424,0.44444444444444453,0.11302127078259523,15
