hand,first_max_height,min_height,second_max_height,dribbling_frequency,bending_angle,duration
1,0.7868886984910404,0.6481699238449852,0.7798866086924561,0.2105263157894739,0.08430775827645408,19
