hand,first_max_height,min_height,second_max_height,dribbling_frequency,bending_angle,duration
1,0.7016550784264967,0.7088574218827178,0.6915274151095612,0.3750000000000001,0.059890247695731993,16
