hand,first_max_height,min_height,second_max_height,dribbling_frequency,bending_angle,duration
1,0.7268961857801622,0.7407353497024575,0.6296395376284977,0.5238095238095238,0.01932870708790081,14
