hand,first_max_height,min_height,second_max_height,dribbling_frequency,bending_angle,duration
1,0.4590244315659538,0.5860258396403094,0.39386334955473806,0.8484848484848487,0.44690098701290976,11
