hand,first_max_height,min_height,second_max_height,dribbling_frequency,bending_angle,duration
1,0.6944355331737336,0.6303089616546544,0.5380932483881553,0.44444444444444453,0.11037779437579992,15
