hand,first_max_height,min_height,second_max_height,dribbling_frequency,bending_angle,duration
1,0.559132319079744,0.6945627752068833,0.5594847411965528,0.44444444444444453,0.3267481054035697,15
