hand,first_max_height,min_height,second_max_height,dribbling_frequency,bending_angle,duration
1,0.6282891842456904,0.7200946314015809,0.6339428394465856,0.5238095238095238,0.06815649702154221,14
