hand,first_max_height,min_height,second_max_height,dribbling_frequency,bending_angle,duration
1,0.3415812091400572,0.47084266390743434,0.34239528365273036,1.0,0.725988289387047,10
