hand,first_max_height,min_height,second_max_height,dribbling_frequency,bending_angle,duration
1,0.8311917881281006,0.6758503057042009,0.8028832469862546,0.31372549019607854,0.07246591467396618,17
