hand,first_max_height,min_height,second_max_height,dribbling_frequency,bending_angle,duration
1,0.7485970027492311,0.6770643430450813,0.7958269545186842,0.2592592592592591,0.07281664324929094,18
