hand,first_max_height,min_height,second_max_height,dribbling_frequency,bending_angle,duration
1,0.6952786108718716,0.7298233107957864,0.7645431820865625,0.44444444444444453,0.08496598162045256,15
