hand,first_max_height,min_height,second_max_height,dribbling_frequency,bending_angle,duration
1,0.7909659671160447,0.6856623253348499,0.8421292204946735,0.2105263157894739,0.055085752013988236,19
