hand,first_max_height,min_height,second_max_height,dribbling_frequency,bending_angle,duration
1,0.785690384447703,0.6628749493402722,0.7797480328375107,0.2592592592592591,0.030591913123012585,18
