hand,first_max_height,min_height,second_max_height,dribbling_frequency,bending_angle,duration
1,0.28912720914154777,0.3422879783073987,0.6663950199115871,0.3750000000000001,0.7513245456087342,16
