hand,first_max_height,min_height,second_max_height,dribbling_frequency,bending_angle,duration
1,0.3653326092805122,0.41879136971618425,0.41766794965226267,0.6153846153846155,0.5971204964999018,13
