hand,first_max_height,min_height,second_max_height,dribbling_frequency,bending_angle,duration
1,0.6675088169412461,0.661431798194204,0.6803250721345686,0.44444444444444453,0.07699863807218253,15
