hand,first_max_height,min_height,second_max_height,dribbling_frequency,bending_angle,duration
1,0.3998390754514544,0.36227936121433063,0.385562059818329,0.6153846153846155,0.6890100671486243,13
