hand,first_max_height,min_height,second_max_height,dribbling_frequency,bending_angle,duration
1,0.677167419908488,0.6999211213400076,0.6555306728838716,0.3750000000000001,0.06133705801878358,16
