hand,first_max_height,min_height,second_max_height,dribbling_frequency,bending_angle,duration
1,0.7783786267954029,0.6360755312562889,0.7378380254381064,0.2592592592592591,0.11517961431815459,18
