hand,first_max_height,min_height,second_max_height,dribbling_frequency,bending_angle,duration
1,0.670049775319222,0.6815165077969462,0.6561971780442699,0.3750000000000001,0.04808795831703163,16
