hand,first_max_height,min_height,second_max_height,dribbling_frequency,bending_angle,duration
1,0.6742466318998759,0.6173338926708514,0.7243953231393987,0.31372549019607854,0.2500164061857078,17
