hand,first_max_height,min_height,second_max_height,dribbling_frequency,bending_angle,duration
1,0.6034374954198111,0.6382182374732621,0.6424271585828061,0.44444444444444453,0.09951714488195078,15
