hand,first_max_height,min_height,second_max_height,dribbling_frequency,bending_angle,duration
1,0.6212929658980559,0.7149181250429724,0.6341534350110903,0.5238095238095238,0.13624694747955926,14
