hand,first_max_height,min_height,second_max_height,dribbling_frequency,bending_angle,duration
1,0.640726977517514,0.6230756757366469,0.6478624612288723,0.31372549019607854,0.2027447686088977,17
