hand,first_max_height,min_height,second_max_height,dribbling_frequency,bending_angle,duration
1,0.40450926583080954,0.41776139934579365,0.6671457136290222,0.2592592592592591,0.6961542533408475,18
