hand,first_max_height,min_height,second_max_height,dribbling_frequency,bending_angle,duration
1,0.7609937575285883,0.6906814192296244,0.7100829704305698,0.2592592592592591,0.1936685598392607,18
