hand,first_max_height,min_height,second_max_height,dribbling_frequency,bending_angle,duration
1,0.6973914473496262,0.6872225838821275,0.7133985591836243,0.3750000000000001,0.03057220361592481,16
