hand,first_max_height,min_height,second_max_height,dribbling_frequency,bending_angle,duration
1,0.6651751874120138,0.6872554889065166,0.638164088464541,0.44444444444444453,0.14394373279436462,15
