hand,first_max_height,min_height,second_max_height,dribbling_frequency,bending_angle,duration
1,0.7055596475359887,0.679537608251603,0.6261694790156296,0.3750000000000001,0.13471244078390035,16
