hand,first_max_height,min_height,second_max_height,dribbling_frequency,bending_angle,duration
1,0.6960591371632117,0.6566649522047336,0.7776795771101992,0.3750000000000001,0.11232601703329653,16
