hand,first_max_height,min_height,second_max_height,dribbling_frequency,bending_angle,duration
1,0.31832967373653237,0.477838430151578,0.751524402698951,0.6153846153846155,0.6463663550921688,13
