hand,first_max_height,min_height,second_max_height,dribbling_frequency,bending_angle,duration
1,0.8971448189275886,0.4974725277172744,0.3288478299281877,0.44444444444444453,0.11116323402965685,15
