hand,first_max_height,min_height,second_max_height,dribbling_frequency,bending_angle,duration
1,0.6500526023049622,0.5223237240843298,0.4819637688708712,0.31372549019607854,0.1372862519156847,17
