hand,first_max_height,min_height,second_max_height,dribbling_frequency,bending_angle,duration
1,0.36850484500143954,0.37546630119578167,0.40344226893873114,0.44444444444444453,0.6083908086245169,15
