hand,first_max_height,min_height,second_max_height,dribbling_frequency,bending_angle,duration
1,0.8885747296788041,0.49026934486743057,0.2649421588603303,0.5238095238095238,0.183946322497303,14
