hand,first_max_height,min_height,second_max_height,dribbling_frequency,bending_angle,duration
1,0.7751981933126633,0.6856794244523271,0.7650617736641554,0.2592592592592591,0.04233560545913759,18
