hand,first_max_height,min_height,second_max_height,dribbling_frequency,bending_angle,duration
1,0.7062970983152606,0.760789597011879,0.7033421739596349,0.5238095238095238,0.19783416161406767,14
