hand,first_max_height,min_height,second_max_height,dribbling_frequency,bending_angle,duration
1,0.8749532789680955,0.6768740974018898,0.885367172000823,0.16666666666666674,0.02820953165778801,20
