hand,first_max_height,min_height,second_max_height,dribbling_frequency,bending_angle,duration
1,0.6678594327297875,0.6753476778644093,0.7322031536934128,0.3750000000000001,0.016876265462569547,16
