hand,first_max_height,min_height,second_max_height,dribbling_frequency,bending_angle,duration
1,0.6909879023393182,0.6960614625622367,0.6925758730744507,0.44444444444444453,0.14355815714809186,15
