hand,first_max_height,min_height,second_max_height,dribbling_frequency,bending_angle,duration
1,0.7242377758329485,0.7137494937619474,0.6816074203148478,0.31372549019607854,0.023460674311420775,17
