hand,first_max_height,min_height,second_max_height,dribbling_frequency,bending_angle,duration
1,0.6962462448661516,0.7709070298710806,0.6525720535464057,0.7222222222222222,0.34809711559306783,12
