hand,first_max_height,min_height,second_max_height,dribbling_frequency,bending_angle,duration
1,0.6729240596608262,0.6811823565558268,0.6496708016327613,0.44444444444444453,0.07464330921626341,15
