hand,first_max_height,min_height,second_max_height,dribbling_frequency,bending_angle,duration
1,0.6349529709309849,0.6561508291599154,0.6314361562037965,0.3750000000000001,0.1062181837055839,16
