hand,first_max_height,min_height,second_max_height,dribbling_frequency,bending_angle,duration
1,0.7037420298502863,0.7112206205011091,0.7814664231075983,0.2592592592592591,0.17655560748334892,18
