hand,first_max_height,min_height,second_max_height,dribbling_frequency,bending_angle,duration
1,0.8182121973255919,0.4410300652058322,0.7935198900432876,0.05797101449275355,0.3049783030349846,23
