hand,first_max_height,min_height,second_max_height,dribbling_frequency,bending_angle,duration
1,0.6686001626137842,0.7454250341281861,0.6972318727943188,0.3750000000000001,0.055882154276869926,16
