hand,first_max_height,min_height,second_max_height,dribbling_frequency,bending_angle,duration
1,0.5459376488173238,0.44100491944483633,0.48618978609028707,0.31372549019607854,0.47733980649117935,17
