hand,first_max_height,min_height,second_max_height,dribbling_frequency,bending_angle,duration
1,0.7658194072819475,0.6898141060103614,0.7732308451475665,0.3750000000000001,0.14240010355045193,16
