hand,first_max_height,min_height,second_max_height,dribbling_frequency,bending_angle,duration
1,0.25596174775288166,0.32199965988562135,0.6229655953155401,0.5238095238095238,0.8510740124297125,14
