hand,first_max_height,min_height,second_max_height,dribbling_frequency,bending_angle,duration
1,0.6284363464910722,0.6428653896403921,0.6297067891365966,0.5238095238095238,0.2313421214249055,14
