hand,first_max_height,min_height,second_max_height,dribbling_frequency,bending_angle,duration
1,0.6801563238652496,0.6932194886544841,0.7327890464478699,0.3750000000000001,0.11644829563075403,16
