hand,first_max_height,min_height,second_max_height,dribbling_frequency,bending_angle,duration
1,0.6490525250472674,0.6062727753239907,0.7135839726841658,0.2105263157894739,0.05935073187453669,19
