hand,first_max_height,min_height,second_max_height,dribbling_frequency,bending_angle,duration
1,0.76206354060339,0.6968822920461731,0.7555822911481196,0.3750000000000001,0.07220756759028649,16
