hand,first_max_height,min_height,second_max_height,dribbling_frequency,bending_angle,duration
1,0.48927094323198994,0.588102735808505,0.5010512766673152,0.5238095238095238,0.22290373850621242,14
