hand,first_max_height,min_height,second_max_height,dribbling_frequency,bending_angle,duration
1,0.3749645322593105,0.27020614566709455,0.34052778774947223,0.3750000000000001,0.6831714727664858,16
