hand,first_max_height,min_height,second_max_height,dribbling_frequency,bending_angle,duration
1,0.274331789255914,0.30102816706010216,0.18573920346946257,1.0,0.8546304075864837,10
