hand,first_max_height,min_height,second_max_height,dribbling_frequency,bending_angle,duration
1,0.5906204190348054,0.6023207238358178,0.6709006226103891,0.3750000000000001,0.11645844426729157,16
