hand,first_max_height,min_height,second_max_height,dribbling_frequency,bending_angle,duration
1,0.3884036945573568,0.459108574151293,0.36222171366925393,0.8484848484848487,0.5127338601820468,11
