hand,first_max_height,min_height,second_max_height,dribbling_frequency,bending_angle,duration
1,0.6507816565888019,0.636121081006207,0.6382044691706594,0.6153846153846155,0.3566992438182423,13
