hand,first_max_height,min_height,second_max_height,dribbling_frequency,bending_angle,duration
1,0.8252831891976353,0.7383742345899773,0.8354364537197001,0.05797101449275355,0.033910407495534776,23
