hand,first_max_height,min_height,second_max_height,dribbling_frequency,bending_angle,duration
1,0.7060237402213743,0.6905885236040026,0.8065840170135388,0.2105263157894739,0.15107377337573832,19
