hand,first_max_height,min_height,second_max_height,dribbling_frequency,bending_angle,duration
1,0.5551359847213593,0.709711300081106,0.5551380785464336,0.5238095238095238,0.25851508703874054,14
