hand,first_max_height,min_height,second_max_height,dribbling_frequency,bending_angle,duration
1,0.8393967540341061,0.7720837796406557,0.8008193111165774,0.31372549019607854,0.06022534201084647,17
