hand,first_max_height,min_height,second_max_height,dribbling_frequency,bending_angle,duration
1,0.5590928207728303,0.7319873549870906,0.5677759481736236,0.44444444444444453,0.14345939369004782,15
