hand,first_max_height,min_height,second_max_height,dribbling_frequency,bending_angle,duration
1,0.578201853240687,0.3301988304059956,0.5019453144411561,0.2592592592592591,0.576309246380099,18
