hand,first_max_height,min_height,second_max_height,dribbling_frequency,bending_angle,duration
1,0.7002187311901733,0.6391876424821683,0.70836522585443,0.6153846153846155,0.2839667122628928,13
