hand,first_max_height,min_height,second_max_height,dribbling_frequency,bending_angle,duration
1,0.6811787089717547,0.7289311391956532,0.7156507893422253,0.3750000000000001,0.026619047039417587,16
