hand,first_max_height,min_height,second_max_height,dribbling_frequency,bending_angle,duration
1,0.3853020092714201,0.35063471852230305,0.8473821891036415,0.02777777777777779,0.6569666997789256,24
