hand,first_max_height,min_height,second_max_height,dribbling_frequency,bending_angle,duration
1,0.2935867418840295,0.31991629766459834,0.21242856545058073,1.0,0.6383392769090959,10
