hand,first_max_height,min_height,second_max_height,dribbling_frequency,bending_angle,duration
1,0.5329921408305922,0.5718758888577482,0.7529061380784222,0.44444444444444453,0.46513370698043816,15
