hand,first_max_height,min_height,second_max_height,dribbling_frequency,bending_angle,duration
1,0.786364488885698,0.6704882236294428,0.8209558729030934,0.31372549019607854,0.17582170273630116,17
