hand,first_max_height,min_height,second_max_height,dribbling_frequency,bending_angle,duration
1,0.21404778400835278,0.2352765282928968,0.27721183393099347,0.6153846153846155,0.8068096901044667,13
