hand,first_max_height,min_height,second_max_height,dribbling_frequency,bending_angle,duration
1,0.5578139202467078,0.6189117532508261,0.694620785807051,0.44444444444444453,0.28540066130514824,15
