hand,first_max_height,min_height,second_max_height,dribbling_frequency,bending_angle,duration
1,0.8952899386881941,0.5532649363844578,0.4997075378932322,0.2592592592592591,0.041106083157594585,18
