hand,first_max_height,min_height,second_max_height,dribbling_frequency,bending_angle,duration
1,0.7558464077283529,0.6840408548208052,0.7333677869001363,0.2592592592592591,0.15068696563045372,18
