hand,first_max_height,min_height,second_max_height,dribbling_frequency,bending_angle,duration
1,0.3954498447269387,0.5465278122534145,0.4594988347086821,0.8484848484848487,0.5026330158308617,11
