hand,first_max_height,min_height,second_max_height,dribbling_frequency,bending_angle,duration
1,0.7036387380514515,0.8233666193758723,0.6202584986051147,0.8484848484848487,0.045865599191793255,11
