hand,first_max_height,min_height,second_max_height,dribbling_frequency,bending_angle,duration
1,0.21576906557190936,0.2854817644018935,0.20331812186008036,1.0,0.8128212326305128,10
