hand,first_max_height,min_height,second_max_height,dribbling_frequency,bending_angle,duration
1,0.8007497722636926,0.7281896266264009,0.7274003331035739,0.2592592592592591,0.12664807440869474,18
