hand,first_max_height,min_height,second_max_height,dribbling_frequency,bending_angle,duration
1,0.7084742251189855,0.7512907498731756,0.6898383790797147,0.44444444444444453,0.1203853142114817,15
