hand,first_max_height,min_height,second_max_height,dribbling_frequency,bending_angle,duration
1,0.5284679202949008,0.6028873655986018,0.5474616715451741,0.6153846153846155,0.24463074215752023,13
