hand,first_max_height,min_height,second_max_height,dribbling_frequency,bending_angle,duration
1,0.7628121204653645,0.6715956429437008,0.7615166158782847,0.3750000000000001,0.16220208269263947,16
