hand,first_max_height,min_height,second_max_height,dribbling_frequency,bending_angle,duration
1,0.4663833884529307,0.5277548492342794,0.436431517761985,0.5238095238095238,0.3946365522094444,14
