hand,first_max_height,min_height,second_max_height,dribbling_frequency,bending_angle,duration
1,0.8285941409851076,0.6936358306115442,0.7586637910107233,0.2592592592592591,0.04397307160836241,18
