hand,first_max_height,min_height,second_max_height,dribbling_frequency,bending_angle,duration
1,0.28820314749338527,0.3255699268768456,0.29008816329997295,0.6153846153846155,0.7259595276465287,13
