hand,first_max_height,min_height,second_max_height,dribbling_frequency,bending_angle,duration
1,0.5792707420141999,0.71540990428302,0.5928614560572363,0.5238095238095238,0.32509669243691486,14
