hand,first_max_height,min_height,second_max_height,dribbling_frequency,bending_angle,duration
1,0.7025238921283848,0.7512793265131803,0.6670889422303834,0.3750000000000001,0.06074295466418453,16
