hand,first_max_height,min_height,second_max_height,dribbling_frequency,bending_angle,duration
1,0.669308647967986,0.6605870443148056,0.8712070540573731,0.09090909090909105,0.13726868314996504,22
