hand,first_max_height,min_height,second_max_height,dribbling_frequency,bending_angle,duration
1,0.6857600654231075,0.7787711870099585,0.665100602221361,0.6153846153846155,0.11910857303127943,13
