hand,first_max_height,min_height,second_max_height,dribbling_frequency,bending_angle,duration
1,0.7738697584318327,0.6430515401167929,0.7566330338762088,0.3750000000000001,0.130003667200736,16
