hand,first_max_height,min_height,second_max_height,dribbling_frequency,bending_angle,duration
1,0.704395118207999,0.7201961484309729,0.7252621424299027,0.31372549019607854,0.08167214209845607,17
