hand,first_max_height,min_height,second_max_height,dribbling_frequency,bending_angle,duration
1,0.683561972222505,0.7150935706096921,0.6602999173884262,0.3750000000000001,0.06433774513635022,16
