hand,first_max_height,min_height,second_max_height,dribbling_frequency,bending_angle,duration
1,0.6338349452700032,0.6846580754857066,0.6222496697337543,0.44444444444444453,0.0654792221258754,15
