hand,first_max_height,min_height,second_max_height,dribbling_frequency,bending_angle,duration
1,0.6666339915473622,0.6722335549776501,0.6604977977490364,0.3750000000000001,0.09348451442859917,16
