hand,first_max_height,min_height,second_max_height,dribbling_frequency,bending_angle,duration
1,0.301552333145116,0.2601834045593001,0.31943455587618125,0.44444444444444453,0.7784711555809367,15
