hand,first_max_height,min_height,second_max_height,dribbling_frequency,bending_angle,duration
1,0.7165633790081154,0.7706062865695701,0.7167749921740652,0.3750000000000001,0.08020435540633747,16
