hand,first_max_height,min_height,second_max_height,dribbling_frequency,bending_angle,duration
1,0.5623240306954012,0.6559659000490486,0.5376538288223126,0.44444444444444453,0.3557293951665899,15
