hand,first_max_height,min_height,second_max_height,dribbling_frequency,bending_angle,duration
1,0.3461838300887171,0.43062417454549223,0.32088865864656835,0.7222222222222222,0.6456666931857408,12
