hand,first_max_height,min_height,second_max_height,dribbling_frequency,bending_angle,duration
1,0.5861501546768604,0.6319051427176405,0.6508845572482809,0.5238095238095238,0.34888135330926395,14
