hand,first_max_height,min_height,second_max_height,dribbling_frequency,bending_angle,duration
1,0.8197380243741816,0.7209717155451166,0.7736843209739648,0.31372549019607854,0.02664201368972583,17
