hand,first_max_height,min_height,second_max_height,dribbling_frequency,bending_angle,duration
1,0.6342824933815494,0.7952211846282957,0.7151870817501932,0.2105263157894739,0.0905557499147984,19
