hand,first_max_height,min_height,second_max_height,dribbling_frequency,bending_angle,duration
1,0.4733594850215712,0.6096523656018349,0.8194249822216864,0.2592592592592591,0.37354898266577247,18
