hand,first_max_height,min_height,second_max_height,dribbling_frequency,bending_angle,duration
1,0.7370808863221336,0.6644204078110781,0.7172019448798395,0.2592592592592591,0.08130006936696756,18
