hand,first_max_height,min_height,second_max_height,dribbling_frequency,bending_angle,duration
1,0.5338936462129197,0.614570732762563,0.5870522469466436,0.5238095238095238,0.3920741213751841,14
