hand,first_max_height,min_height,second_max_height,dribbling_frequency,bending_angle,duration
1,0.5472957943742983,0.6349875101005135,0.5746492112413826,0.44444444444444453,0.3897181879351885,15
