hand,first_max_height,min_height,second_max_height,dribbling_frequency,bending_angle,duration
1,0.60327368923378,0.535433789882165,0.3321972431103525,1.0,0.1598115788081452,10
