hand,first_max_height,min_height,second_max_height,dribbling_frequency,bending_angle,duration
1,0.4472332678092027,0.42012229892317965,0.4201311727254903,0.3750000000000001,0.5381123033837821,16
