hand,first_max_height,min_height,second_max_height,dribbling_frequency,bending_angle,duration
1,0.7430698233183595,0.7925721864749287,0.7049923193463192,0.5238095238095238,0.0013729156560891341,14
