hand,first_max_height,min_height,second_max_height,dribbling_frequency,bending_angle,duration
1,0.6188790479864682,0.7656759931336268,0.6782233880033293,0.7222222222222222,0.17734828804957006,12
