hand,first_max_height,min_height,second_max_height,dribbling_frequency,bending_angle,duration
1,0.8042721766225172,0.7467106291203576,0.7972285574042408,0.12698412698412698,0.13201491720962516,21
