hand,first_max_height,min_height,second_max_height,dribbling_frequency,bending_angle,duration
1,0.7955737054554117,0.7071643937173819,0.7669065212729459,0.2592592592592591,0.0940595427116855,18
