hand,first_max_height,min_height,second_max_height,dribbling_frequency,bending_angle,duration
1,0.7053028340159417,0.6198152763659233,0.8552321387705565,0.2105263157894739,0.06989317284166831,19
