hand,first_max_height,min_height,second_max_height,dribbling_frequency,bending_angle,duration
1,0.6745584449491726,0.6783528118385093,0.694840023736703,0.2592592592592591,0.06307343973911923,18
