hand,first_max_height,min_height,second_max_height,dribbling_frequency,bending_angle,duration
1,0.8306028410461437,0.724994534389235,0.821793983647304,0.2592592592592591,0.02584152423383155,18
