hand,first_max_height,min_height,second_max_height,dribbling_frequency,bending_angle,duration
1,0.7557447554818806,0.7658688251979493,0.7305496308306939,0.44444444444444453,0.1318567713782088,15
