hand,first_max_height,min_height,second_max_height,dribbling_frequency,bending_angle,duration
1,0.7703122775891326,0.6477892170235078,0.8567941717677523,0.31372549019607854,0.13340499608153183,17
