hand,first_max_height,min_height,second_max_height,dribbling_frequency,bending_angle,duration
1,0.6750934358533832,0.6429707863014804,0.6588653841115332,0.3750000000000001,0.1034453355990598,16
