hand,first_max_height,min_height,second_max_height,dribbling_frequency,bending_angle,duration
1,0.6949368884128113,0.7495796886049542,0.7304929587695854,0.31372549019607854,0.08046517734368247,17
