hand,first_max_height,min_height,second_max_height,dribbling_frequency,bending_angle,duration
1,0.32386445472835723,0.3623751306412092,0.24787353736351486,0.8484848484848487,0.6973731030212871,11
