hand,first_max_height,min_height,second_max_height,dribbling_frequency,bending_angle,duration
1,0.648950276599936,0.5514116219540313,0.6500527544372523,0.2592592592592591,0.30828752905996354,18
