hand,first_max_height,min_height,second_max_height,dribbling_frequency,bending_angle,duration
1,0.2044060733987846,0.10428227280607383,0.22139248618370166,0.3750000000000001,0.9041952589566475,16
