hand,first_max_height,min_height,second_max_height,dribbling_frequency,bending_angle,duration
1,0.36836056439354314,0.35030229156193765,0.3895483259080599,0.5238095238095238,0.6809670492198205,14
