hand,first_max_height,min_height,second_max_height,dribbling_frequency,bending_angle,duration
1,0.7686237870728252,0.6629682041910512,0.5861822985239312,0.5238095238095238,0.06361545922053781,14
