hand,first_max_height,min_height,second_max_height,dribbling_frequency,bending_angle,duration
1,0.672826133669723,0.6608173794855278,0.709024181362516,0.3750000000000001,0.0803303284112023,16
