hand,first_max_height,min_height,second_max_height,dribbling_frequency,bending_angle,duration
1,0.8303627211501509,0.7674713286236999,0.8720635422447128,0.05797101449275355,0.06386516305697595,23
