hand,first_max_height,min_height,second_max_height,dribbling_frequency,bending_angle,duration
1,0.8008681678176242,0.7848885040549695,0.8394440773784726,0.2592592592592591,0.08703428453266457,18
