hand,first_max_height,min_height,second_max_height,dribbling_frequency,bending_angle,duration
1,0.6854678276353505,0.7037529760906202,0.6929381570479171,0.3750000000000001,0.0794222065860815,16
