hand,first_max_height,min_height,second_max_height,dribbling_frequency,bending_angle,duration
1,0.3695861049427783,0.35010981872277225,0.40001591883925086,0.44444444444444453,0.6725057667434645,15
