hand,first_max_height,min_height,second_max_height,dribbling_frequency,bending_angle,duration
1,0.6259190374138396,0.6677635008129624,0.6686978128731753,0.3750000000000001,0.24429020288668185,16
