hand,first_max_height,min_height,second_max_height,dribbling_frequency,bending_angle,duration
1,0.6679806602377996,0.6699360945630052,0.6852505745744846,0.44444444444444453,0.08696937740830527,15
