hand,first_max_height,min_height,second_max_height,dribbling_frequency,bending_angle,duration
1,0.7352575550448652,0.6762467465875586,0.7221039539938094,0.2592592592592591,0.0723680197712741,18
