hand,first_max_height,min_height,second_max_height,dribbling_frequency,bending_angle,duration
1,0.6956009568030119,0.7104290319449592,0.6901001334723893,0.3750000000000001,0.0557653674680572,16
