hand,first_max_height,min_height,second_max_height,dribbling_frequency,bending_angle,duration
1,0.74898473204125,0.7148341382012461,0.6884830178145718,0.2592592592592591,0.024652182000161837,18
