hand,first_max_height,min_height,second_max_height,dribbling_frequency,bending_angle,duration
1,0.7184124959725389,0.5210815953361656,0.5625154795811085,0.31372549019607854,0.12671551276297638,17
