hand,first_max_height,min_height,second_max_height,dribbling_frequency,bending_angle,duration
1,0.6771846600499963,0.5188745878160743,0.4464296911931443,0.44444444444444453,0.15363188172605474,15
