hand,first_max_height,min_height,second_max_height,dribbling_frequency,bending_angle,duration
1,0.8522970998057626,0.6982748642901241,0.7544968796219114,0.3750000000000001,0.11235953449830156,16
