hand,first_max_height,min_height,second_max_height,dribbling_frequency,bending_angle,duration
1,0.32816067811885713,0.394538570615799,0.35431474425987386,0.7222222222222222,0.688256332416577,12
