hand,first_max_height,min_height,second_max_height,dribbling_frequency,bending_angle,duration
1,0.2163258674908812,0.21016051114003925,0.2805895086405647,0.5238095238095238,0.82440859277847,14
