hand,first_max_height,min_height,second_max_height,dribbling_frequency,bending_angle,duration
1,0.7927399627722247,0.7431737700687422,0.7922123597990451,0.31372549019607854,0.16041872174276103,17
