hand,first_max_height,min_height,second_max_height,dribbling_frequency,bending_angle,duration
1,0.6899964203106752,0.6849490478629444,0.7048070548520733,0.3750000000000001,0.06813802294814876,16
