hand,first_max_height,min_height,second_max_height,dribbling_frequency,bending_angle,duration
1,0.6897797509818061,0.7663373984928493,0.6887061299079102,0.5238095238095238,0.0360823957317913,14
