hand,first_max_height,min_height,second_max_height,dribbling_frequency,bending_angle,duration
1,0.71349955247673,0.6556513625015061,0.7331122411031135,0.2592592592592591,0.06087381017257379,18
