hand,first_max_height,min_height,second_max_height,dribbling_frequency,bending_angle,duration
1,0.7764912536091888,0.6929168055371253,0.7683802432055923,0.2592592592592591,0.01436629501783808,18
