hand,first_max_height,min_height,second_max_height,dribbling_frequency,bending_angle,duration
1,0.3702691027102545,0.41627765575697484,0.36024832395856077,0.5238095238095238,0.6663611072976606,14
