hand,first_max_height,min_height,second_max_height,dribbling_frequency,bending_angle,duration
1,0.7427994959121735,0.7692487747009505,0.7462294639833777,0.3750000000000001,0.012368569755610487,16
