hand,first_max_height,min_height,second_max_height,dribbling_frequency,bending_angle,duration
1,0.6993014264850803,0.6792097793732484,0.6906436091013541,0.3750000000000001,0.11317001480098897,16
