hand,first_max_height,min_height,second_max_height,dribbling_frequency,bending_angle,duration
1,0.37886259284275764,0.4694331362360691,0.4307390799184091,0.7222222222222222,0.6149471036577995,12
