hand,first_max_height,min_height,second_max_height,dribbling_frequency,bending_angle,duration
1,0.43472586808708197,0.403888770384501,0.38425765870629497,0.5238095238095238,0.6116374390549562,14
