hand,first_max_height,min_height,second_max_height,dribbling_frequency,bending_angle,duration
1,0.6813621897861353,0.6776983754473341,0.6683085090914328,0.44444444444444453,0.08884361128101283,15
