hand,first_max_height,min_height,second_max_height,dribbling_frequency,bending_angle,duration
1,0.549624008412394,0.5813270308955909,0.4549249871264769,0.5238095238095238,0.3470729932709439,14
