hand,first_max_height,min_height,second_max_height,dribbling_frequency,bending_angle,duration
1,0.6515038545627623,0.7134455174340232,0.6437587781781771,0.5238095238095238,0.10534507603355633,14
