hand,first_max_height,min_height,second_max_height,dribbling_frequency,bending_angle,duration
1,0.7180032537661883,0.7107871794265719,0.7053021531037205,0.2105263157894739,0.09032586792816816,19
