hand,first_max_height,min_height,second_max_height,dribbling_frequency,bending_angle,duration
1,0.6019600600076165,0.6295014953465615,0.5824548563697273,0.3750000000000001,0.12527756372479582,16
