hand,first_max_height,min_height,second_max_height,dribbling_frequency,bending_angle,duration
1,0.523418794586198,0.633533654044764,0.5102798822502582,0.5238095238095238,0.3622671296712765,14
