hand,first_max_height,min_height,second_max_height,dribbling_frequency,bending_angle,duration
1,0.7150747151464083,0.8204267925353301,0.7155311372868263,0.16666666666666674,0.143033100326971,20
