hand,first_max_height,min_height,second_max_height,dribbling_frequency,bending_angle,duration
1,0.8014503082731066,0.6697359343054781,0.3879249519858255,0.7222222222222222,0.0689266599174281,12
