hand,first_max_height,min_height,second_max_height,dribbling_frequency,bending_angle,duration
1,0.6368741288325468,0.7079222151087659,0.6464290206648139,0.5238095238095238,0.0985941808952708,14
