hand,first_max_height,min_height,second_max_height,dribbling_frequency,bending_angle,duration
1,0.7303458536341795,0.5679517132417651,0.4808069336602862,0.2592592592592591,0.08671312594803297,18
