hand,first_max_height,min_height,second_max_height,dribbling_frequency,bending_angle,duration
1,0.4839237170937493,0.3484670102343967,0.5747659825083993,0.3750000000000001,0.6929496787524447,16
