hand,first_max_height,min_height,second_max_height,dribbling_frequency,bending_angle,duration
1,0.31821515348818485,0.36930091982475277,0.32696091353773105,0.6153846153846155,0.6563820769262257,13
