hand,first_max_height,min_height,second_max_height,dribbling_frequency,bending_angle,duration
1,0.781402011035181,0.7150325741780192,0.7547729882877326,0.2592592592592591,0.05677710344819277,18
