hand,first_max_height,min_height,second_max_height,dribbling_frequency,bending_angle,duration
1,0.684841866416726,0.6006070761464655,0.6837588725488308,0.31372549019607854,0.25316590283944784,17
