hand,first_max_height,min_height,second_max_height,dribbling_frequency,bending_angle,duration
1,0.5319549003860151,0.700641080399835,0.4946238404361115,0.8484848484848487,0.13482435516022814,11
