hand,first_max_height,min_height,second_max_height,dribbling_frequency,bending_angle,duration
1,0.7421054187453995,0.6820534057167236,0.6915910904665648,0.3750000000000001,0.046482688803277,16
