hand,first_max_height,min_height,second_max_height,dribbling_frequency,bending_angle,duration
1,0.7602011084864472,0.750433854183468,0.7461199940248475,0.44444444444444453,0.07912068767436643,15
