hand,first_max_height,min_height,second_max_height,dribbling_frequency,bending_angle,duration
1,0.6054230926975579,0.7046342272459781,0.67488574631852,0.6153846153846155,0.25677633060401645,13
