hand,first_max_height,min_height,second_max_height,dribbling_frequency,bending_angle,duration
1,0.6392790540478436,0.7075036459557319,0.819069254525228,0.44444444444444453,0.08489967733919031,15
