hand,first_max_height,min_height,second_max_height,dribbling_frequency,bending_angle,duration
1,0.5045432741214794,0.6733515355115262,0.5286068619137549,0.7222222222222222,0.2509375382151915,12
