hand,first_max_height,min_height,second_max_height,dribbling_frequency,bending_angle,duration
1,0.8148896693047726,0.6929983496477833,0.8128120828211759,0.09090909090909105,0.13015415918839482,22
