hand,first_max_height,min_height,second_max_height,dribbling_frequency,bending_angle,duration
1,0.8097765016871241,0.7807611506901398,0.7908351442772084,0.3750000000000001,0.0942276273672625,16
