hand,first_max_height,min_height,second_max_height,dribbling_frequency,bending_angle,duration
1,0.6309682128059473,0.6079806035657983,0.5081980159563391,0.5238095238095238,0.07700184303939397,14
