hand,first_max_height,min_height,second_max_height,dribbling_frequency,bending_angle,duration
1,0.4466237517976076,0.3096409494263426,0.40527663577559203,0.31372549019607854,0.7305478430136195,17
