hand,first_max_height,min_height,second_max_height,dribbling_frequency,bending_angle,duration
1,0.6295303750674761,0.6688297529242185,0.6657443094185265,0.44444444444444453,0.08226074282814579,15
