hand,first_max_height,min_height,second_max_height,dribbling_frequency,bending_angle,duration
1,0.4149645918793965,0.3938476369486641,0.382264500827047,0.5238095238095238,0.6442123971296735,14
