hand,first_max_height,min_height,second_max_height,dribbling_frequency,bending_angle,duration
1,0.7313720643628636,0.6597089543408301,0.7398654050965865,0.31372549019607854,0.09491111189874352,17
