hand,first_max_height,min_height,second_max_height,dribbling_frequency,bending_angle,duration
1,0.6982482873509279,0.6557119278629904,0.7877793231662198,0.31372549019607854,0.2248980041650008,17
