hand,first_max_height,min_height,second_max_height,dribbling_frequency,bending_angle,duration
1,0.26119172105550403,0.2856808469839493,0.34401746552459955,0.44444444444444453,0.7133325506115809,15
