hand,first_max_height,min_height,second_max_height,dribbling_frequency,bending_angle,duration
1,0.42406385907401556,0.4069037471279052,0.4348924317343177,0.6153846153846155,0.6022950616309048,13
