hand,first_max_height,min_height,second_max_height,dribbling_frequency,bending_angle,duration
1,0.48932494909314117,0.6201155885972454,0.5299095742877716,0.5238095238095238,0.43295261062290374,14
