hand,first_max_height,min_height,second_max_height,dribbling_frequency,bending_angle,duration
1,0.551763723612212,0.6218915259288361,0.5235592239801792,0.3750000000000001,0.351227306938942,16
