hand,first_max_height,min_height,second_max_height,dribbling_frequency,bending_angle,duration
1,0.695755720609347,0.7122174703120165,0.7958881961061923,0.44444444444444453,0.12585237929397355,15
