hand,first_max_height,min_height,second_max_height,dribbling_frequency,bending_angle,duration
1,0.760635391128879,0.7363977777757024,0.7174020603348841,0.3750000000000001,0.08225143190616954,16
