hand,first_max_height,min_height,second_max_height,dribbling_frequency,bending_angle,duration
1,0.6354095117388222,0.6403829282698489,0.6423027879947117,0.3750000000000001,0.09515896864796106,16
