hand,first_max_height,min_height,second_max_height,dribbling_frequency,bending_angle,duration
1,0.7539502902628723,0.7145178045279181,0.7742183595375391,0.31372549019607854,0.027584929690987886,17
