hand,first_max_height,min_height,second_max_height,dribbling_frequency,bending_angle,duration
1,0.6823909343684704,0.7075390655562204,0.6405678580258081,0.3750000000000001,0.06253326314132529,16
