hand,first_max_height,min_height,second_max_height,dribbling_frequency,bending_angle,duration
1,0.780587302561254,0.66815232612299,0.7326425732592556,0.31372549019607854,0.0652931043811745,17
