hand,first_max_height,min_height,second_max_height,dribbling_frequency,bending_angle,duration
1,0.4507134412738427,0.4866039550546106,0.4215561695994623,0.7222222222222222,0.41010627326318067,12
