hand,first_max_height,min_height,second_max_height,dribbling_frequency,bending_angle,duration
1,0.7516756846186885,0.7287485091257919,0.6897001509061259,0.31372549019607854,0.07606821804766854,17
