hand,first_max_height,min_height,second_max_height,dribbling_frequency,bending_angle,duration
1,0.4647987362529123,0.30461021663647864,0.4082651557097163,0.2592592592592591,0.711869346748209,18
