hand,first_max_height,min_height,second_max_height,dribbling_frequency,bending_angle,duration
1,0.6297696503455852,0.572243735418602,0.42798991376384804,0.6153846153846155,0.2798864552582006,13
