hand,first_max_height,min_height,second_max_height,dribbling_frequency,bending_angle,duration
1,0.5648872472387826,0.7355891619471067,0.570618292931725,0.5238095238095238,0.3129547802900311,14
