hand,first_max_height,min_height,second_max_height,dribbling_frequency,bending_angle,duration
1,0.38535854898622246,0.3593130235571956,0.35628560086354105,0.44444444444444453,0.683339287687308,15
