hand,first_max_height,min_height,second_max_height,dribbling_frequency,bending_angle,duration
1,0.3951062342984914,0.3867152932997971,0.41597628117785995,0.6153846153846155,0.7293643380365301,13
