hand,first_max_height,min_height,second_max_height,dribbling_frequency,bending_angle,duration
1,0.7243140895429101,0.6125763865354653,0.6961231666172255,0.2105263157894739,0.25625184990630356,19
