hand,first_max_height,min_height,second_max_height,dribbling_frequency,bending_angle,duration
1,0.5535335458623785,0.5831130983766114,0.5753422891911703,0.2592592592592591,0.06781743548804768,18
