hand,first_max_height,min_height,second_max_height,dribbling_frequency,bending_angle,duration
1,0.615643242348942,0.6886067502574028,0.6731512136997382,0.3750000000000001,0.16924047916212193,16
