hand,first_max_height,min_height,second_max_height,dribbling_frequency,bending_angle,duration
1,0.5883131713935872,0.6205813599359201,0.6629774115147843,0.3750000000000001,0.37340558241149097,16
