hand,first_max_height,min_height,second_max_height,dribbling_frequency,bending_angle,duration
1,0.7064127612819211,0.7528712687193128,0.7163928903632786,0.5238095238095238,0.05726289894778214,14
