hand,first_max_height,min_height,second_max_height,dribbling_frequency,bending_angle,duration
1,0.8358926331682932,0.7399630156147272,0.8688930856236118,0.09090909090909105,0.07376298986592579,22
