hand,first_max_height,min_height,second_max_height,dribbling_frequency,bending_angle,duration
1,0.7550280723658664,0.7454389002192495,0.7932586820070304,0.2592592592592591,0.028535821672864982,18
