hand,first_max_height,min_height,second_max_height,dribbling_frequency,bending_angle,duration
1,0.720349552563676,0.7398422441169158,0.7408158665877098,0.3750000000000001,0.03181807468781589,16
