hand,first_max_height,min_height,second_max_height,dribbling_frequency,bending_angle,duration
1,0.6776721536191006,0.6984141718060412,0.6639749093265648,0.31372549019607854,0.10322710488862902,17
