hand,first_max_height,min_height,second_max_height,dribbling_frequency,bending_angle,duration
1,0.8246860940372709,0.7535328896136297,0.8169485969256773,0.12698412698412698,0.04702117045553567,21
