hand,first_max_height,min_height,second_max_height,dribbling_frequency,bending_angle,duration
1,0.6915971699338888,0.7739668379140888,0.7696743628832271,0.6153846153846155,0.06759259418701219,13
