hand,first_max_height,min_height,second_max_height,dribbling_frequency,bending_angle,duration
1,0.5512836825538462,0.6982099882267547,0.5416648796258849,0.6153846153846155,0.08732089622200337,13
