hand,first_max_height,min_height,second_max_height,dribbling_frequency,bending_angle,duration
1,0.34382411677190017,0.3808485717243678,0.5579442147746944,0.44444444444444453,0.6905493702034329,15
