hand,first_max_height,min_height,second_max_height,dribbling_frequency,bending_angle,duration
1,0.401598414503182,0.36820398988508185,0.39991921375338035,0.6153846153846155,0.6629434230447026,13
