hand,first_max_height,min_height,second_max_height,dribbling_frequency,bending_angle,duration
1,0.7892710177570973,0.6990278720644031,0.8165645083642821,0.2105263157894739,0.0033577083988301656,19
