hand,first_max_height,min_height,second_max_height,dribbling_frequency,bending_angle,duration
1,0.6531858365530249,0.7730332835758595,0.6796886662458894,0.5238095238095238,0.0936792461037364,14
