hand,first_max_height,min_height,second_max_height,dribbling_frequency,bending_angle,duration
1,0.5636149546055149,0.6344074333168546,0.6169242840651052,0.44444444444444453,0.23102369119713115,15
