hand,first_max_height,min_height,second_max_height,dribbling_frequency,bending_angle,duration
1,0.3163224144942391,0.4237588070333701,0.3087478243528688,0.6153846153846155,0.6031708562448586,13
