hand,first_max_height,min_height,second_max_height,dribbling_frequency,bending_angle,duration
1,0.6235330415758185,0.683015769912551,0.6097870811790023,0.3750000000000001,0.10436653456942988,16
