hand,first_max_height,min_height,second_max_height,dribbling_frequency,bending_angle,duration
1,0.8720258333832237,0.7830953239158388,0.8661021977062716,0.09090909090909105,0.06322311520421167,22
