hand,first_max_height,min_height,second_max_height,dribbling_frequency,bending_angle,duration
1,0.713167369231415,0.7926507849392985,0.8645093204058782,0.31372549019607854,0.03985224362731572,17
