hand,first_max_height,min_height,second_max_height,dribbling_frequency,bending_angle,duration
1,0.7614463236640319,0.689672858678596,0.7254427877289837,0.3750000000000001,0.23620389146109821,16
