hand,first_max_height,min_height,second_max_height,dribbling_frequency,bending_angle,duration
1,0.7640585280446672,0.6829003867920956,0.7449524800297416,0.31372549019607854,0.1401241124752401,17
