hand,first_max_height,min_height,second_max_height,dribbling_frequency,bending_angle,duration
1,0.5195575990892037,0.5891776811685625,0.4735146648891871,0.7222222222222222,0.35295080727397427,12
