hand,first_max_height,min_height,second_max_height,dribbling_frequency,bending_angle,duration
1,0.8394575168383269,0.5359831169923774,0.6192860835197671,0.2592592592592591,0.14307924085591014,18
