hand,first_max_height,min_height,second_max_height,dribbling_frequency,bending_angle,duration
1,0.6722240204854615,0.70948635328774,0.6804686148660353,0.5238095238095238,0.08635327539944643,14
