hand,first_max_height,min_height,second_max_height,dribbling_frequency,bending_angle,duration
1,0.45157460373137265,0.2698339165593243,0.42894400107483205,0.2592592592592591,0.7318546635113189,18
