hand,first_max_height,min_height,second_max_height,dribbling_frequency,bending_angle,duration
1,0.5574360779522686,0.7032075286121042,0.6508524215571878,0.7222222222222222,0.2102343037366803,12
