hand,first_max_height,min_height,second_max_height,dribbling_frequency,bending_angle,duration
1,0.5739029469463213,0.5994855033610185,0.599603394909771,0.44444444444444453,0.23027380732782127,15
