hand,first_max_height,min_height,second_max_height,dribbling_frequency,bending_angle,duration
1,0.7634548746748531,0.7632573301509817,0.7732594046875643,0.3750000000000001,0.03778812215975609,16
