hand,first_max_height,min_height,second_max_height,dribbling_frequency,bending_angle,duration
1,0.6684456969078787,0.6939577681973227,0.667957301252609,0.3750000000000001,0.01871780957128669,16
