hand,first_max_height,min_height,second_max_height,dribbling_frequency,bending_angle,duration
1,0.797318387902687,0.7104800419172652,0.7405213804787596,0.2592592592592591,0.023469522438089842,18
