hand,first_max_height,min_height,second_max_height,dribbling_frequency,bending_angle,duration
1,0.7030357802493062,0.8207213571641387,0.6343902556836278,0.2105263157894739,0.07493120303522735,19
