hand,first_max_height,min_height,second_max_height,dribbling_frequency,bending_angle,duration
1,0.33947110524957336,0.3258381962241557,0.2965726192736415,0.5238095238095238,0.6183582194177244,14
