hand,first_max_height,min_height,second_max_height,dribbling_frequency,bending_angle,duration
1,0.658016703063901,0.6566481404673821,0.6494341796352847,0.3750000000000001,0.13304913571525548,16
