hand,first_max_height,min_height,second_max_height,dribbling_frequency,bending_angle,duration
1,0.7259297441876005,0.716071381487274,0.6917446662886045,0.44444444444444453,0.026750712502429254,15
