hand,first_max_height,min_height,second_max_height,dribbling_frequency,bending_angle,duration
1,0.3787770877028852,0.3857394940830948,0.38473606825283035,0.8484848484848487,0.6928247590415965,11
