hand,first_max_height,min_height,second_max_height,dribbling_frequency,bending_angle,duration
1,0.6319726622032751,0.5744863062292446,0.6648467451623553,0.31372549019607854,0.3020057593018691,17
