hand,first_max_height,min_height,second_max_height,dribbling_frequency,bending_angle,duration
1,0.8193717583130893,0.7308562268124651,0.7732047193770643,0.09090909090909105,0.06338432519094465,22
