hand,first_max_height,min_height,second_max_height,dribbling_frequency,bending_angle,duration
1,0.6631769208660114,0.7052719237448332,0.6208791098264561,0.5238095238095238,0.098067728942578,14
