hand,first_max_height,min_height,second_max_height,dribbling_frequency,bending_angle,duration
1,0.5037025315433726,0.427996873591613,0.5373614288015013,0.3750000000000001,0.5592455568764495,16
