hand,first_max_height,min_height,second_max_height,dribbling_frequency,bending_angle,duration
1,0.6719057485935249,0.6585219307317626,0.6350605356701825,0.3750000000000001,0.1008990173997688,16
