hand,first_max_height,min_height,second_max_height,dribbling_frequency,bending_angle,duration
1,0.27445147657837343,0.3661393792172586,0.24773694825917808,0.7222222222222222,0.7384012100771327,12
