hand,first_max_height,min_height,second_max_height,dribbling_frequency,bending_angle,duration
1,0.7544119981448216,0.7671581561317544,0.7700848255589505,0.16666666666666674,0.11461063522024231,20
