hand,first_max_height,min_height,second_max_height,dribbling_frequency,bending_angle,duration
1,0.6511088714936246,0.6674588778797554,0.6715936508914115,0.3750000000000001,0.06998793665546184,16
