hand,first_max_height,min_height,second_max_height,dribbling_frequency,bending_angle,duration
1,0.8312516069476279,0.44430073841604845,0.4556238266530292,0.2592592592592591,0.05949968021238184,18
