hand,first_max_height,min_height,second_max_height,dribbling_frequency,bending_angle,duration
1,0.8420826885876473,0.6769302802164576,0.8944590891418989,0.2592592592592591,0.0514030392250472,18
