hand,first_max_height,min_height,second_max_height,dribbling_frequency,bending_angle,duration
1,0.692485260796887,0.6744210206491961,0.6679357450085064,0.3750000000000001,0.1365366832602966,16
