hand,first_max_height,min_height,second_max_height,dribbling_frequency,bending_angle,duration
1,0.644132923975199,0.6430700761348984,0.6066008795593287,0.31372549019607854,0.26827074812375173,17
