hand,first_max_height,min_height,second_max_height,dribbling_frequency,bending_angle,duration
1,0.65000888090863,0.694309162245982,0.5595211484014542,0.8484848484848487,0.17039710886209425,11
