hand,first_max_height,min_height,second_max_height,dribbling_frequency,bending_angle,duration
1,0.5264665733777933,0.6045745024713615,0.7384355903523887,0.3750000000000001,0.4818680199288886,16
