hand,first_max_height,min_height,second_max_height,dribbling_frequency,bending_angle,duration
1,0.7727622656526946,0.7234740061443308,0.7368487229725862,0.31372549019607854,0.05290872123226602,17
