hand,first_max_height,min_height,second_max_height,dribbling_frequency,bending_angle,duration
1,0.5028999458202469,0.34462538455951147,0.43284622761382185,0.44444444444444453,0.6701612545871116,15
