hand,first_max_height,min_height,second_max_height,dribbling_frequency,bending_angle,duration
1,0.41229058134303675,0.504285376511431,0.3791577195629496,0.8484848484848487,0.5184005712040788,11
