hand,first_max_height,min_height,second_max_height,dribbling_frequency,bending_angle,duration
1,0.360553413510756,0.33145992624245396,0.6185895287564145,0.31372549019607854,0.7263552616571003,17
