hand,first_max_height,min_height,second_max_height,dribbling_frequency,bending_angle,duration
1,0.7522050612981428,0.7729561938571493,0.6999772641227235,0.6153846153846155,0.09573438445241368,13
