hand,first_max_height,min_height,second_max_height,dribbling_frequency,bending_angle,duration
1,0.8076770300452938,0.661197008631534,0.8312415291473078,0.31372549019607854,0.07795534942998811,17
