hand,first_max_height,min_height,second_max_height,dribbling_frequency,bending_angle,duration
1,0.7082293356161201,0.6674423535225296,0.6871723087693558,0.3750000000000001,0.06957529984656892,16
