hand,first_max_height,min_height,second_max_height,dribbling_frequency,bending_angle,duration
1,0.35155972355159826,0.41339724475741424,0.34000522267066213,0.6153846153846155,0.5726961522480265,13
