hand,first_max_height,min_height,second_max_height,dribbling_frequency,bending_angle,duration
1,0.7397361165314325,0.7437818664146536,0.7198018563949342,0.2592592592592591,0.05440533791272747,18
