hand,first_max_height,min_height,second_max_height,dribbling_frequency,bending_angle,duration
1,0.4030260174602389,0.5304815118666081,0.3972855274779405,1.0,0.5619161615323115,10
