hand,first_max_height,min_height,second_max_height,dribbling_frequency,bending_angle,duration
1,0.7761568842940572,0.5797432071780085,0.787860581266109,0.09090909090909105,0.25280947528909103,22
