hand,first_max_height,min_height,second_max_height,dribbling_frequency,bending_angle,duration
1,0.6883591533848433,0.6662502289162314,0.6617829273801675,0.2592592592592591,0.03961963552981831,18
