hand,first_max_height,min_height,second_max_height,dribbling_frequency,bending_angle,duration
1,0.8065270082715417,0.7267027937012311,0.7831427936023154,0.2105263157894739,0.12952002835163545,19
