hand,first_max_height,min_height,second_max_height,dribbling_frequency,bending_angle,duration
1,0.6336201639105211,0.6453208372791224,0.8295131554554123,0.31372549019607854,0.2985210255599313,17
