hand,first_max_height,min_height,second_max_height,dribbling_frequency,bending_angle,duration
1,0.8395317935286868,0.6610378718869458,0.8049772324588857,0.2105263157894739,0.07865268473227965,19
