hand,first_max_height,min_height,second_max_height,dribbling_frequency,bending_angle,duration
1,0.33612477887779596,0.37491273522871554,0.3005714018922061,0.6153846153846155,0.6514356687774905,13
