hand,first_max_height,min_height,second_max_height,dribbling_frequency,bending_angle,duration
1,0.6209884066258782,0.6674693672543422,0.6320166847316104,0.3750000000000001,0.14841801137496718,16
