hand,first_max_height,min_height,second_max_height,dribbling_frequency,bending_angle,duration
1,0.5059351050269917,0.601782891930632,0.5276184038172432,0.7222222222222222,0.23507762750112546,12
