hand,first_max_height,min_height,second_max_height,dribbling_frequency,bending_angle,duration
1,0.3403334104254166,0.23812310028265998,0.2810631499856395,0.3750000000000001,0.7338339690072215,16
