hand,first_max_height,min_height,second_max_height,dribbling_frequency,bending_angle,duration
1,0.7452582779384069,0.6763803065009624,0.7586655294175058,0.2105263157894739,0.03769711553989168,19
