hand,first_max_height,min_height,second_max_height,dribbling_frequency,bending_angle,duration
1,0.39621318056017535,0.3675884935009345,0.22391044423619433,0.8484848484848487,0.5956603708848794,11
