hand,first_max_height,min_height,second_max_height,dribbling_frequency,bending_angle,duration
1,0.7305813032901096,0.698139867476092,0.6654586146810191,0.2105263157894739,0.11710230885306222,19
