hand,first_max_height,min_height,second_max_height,dribbling_frequency,bending_angle,duration
1,0.5929200154316654,0.6446709271249264,0.6158406606144449,0.44444444444444453,0.14100018090147418,15
