hand,first_max_height,min_height,second_max_height,dribbling_frequency,bending_angle,duration
1,0.7405714933018075,0.7071336440439355,0.7488412960021238,0.31372549019607854,0.05335084129686694,17
