hand,first_max_height,min_height,second_max_height,dribbling_frequency,bending_angle,duration
1,0.6947500788103009,0.6486346893532201,0.6476031406056932,0.2105263157894739,0.05039442332290443,19
