hand,first_max_height,min_height,second_max_height,dribbling_frequency,bending_angle,duration
1,0.3111708912879901,0.25841429250569403,0.26204935063677215,0.5238095238095238,0.8128398942772567,14
