hand,first_max_height,min_height,second_max_height,dribbling_frequency,bending_angle,duration
1,0.34004365680790577,0.2826217573912552,0.267514355204436,0.6153846153846155,0.713163708053317,13
