hand,first_max_height,min_height,second_max_height,dribbling_frequency,bending_angle,duration
1,0.8168735276633472,0.7560874833957153,0.8195739885173265,0.12698412698412698,0.12480953808934787,21
