hand,first_max_height,min_height,second_max_height,dribbling_frequency,bending_angle,duration
1,0.7892190985989528,0.7303486416655058,0.7673962552979499,0.31372549019607854,0.02068756685365884,17
