hand,first_max_height,min_height,second_max_height,dribbling_frequency,bending_angle,duration
1,0.7798420514874094,0.6621670602457229,0.7653182631677173,0.09090909090909105,0.0723454039903517,22
