hand,first_max_height,min_height,second_max_height,dribbling_frequency,bending_angle,duration
1,0.43147955440941455,0.3569759046852086,0.34196301638907817,0.7222222222222222,0.5945632389213806,12
