hand,first_max_height,min_height,second_max_height,dribbling_frequency,bending_angle,duration
1,0.6562616367849967,0.646730939710739,0.667513908185549,0.31372549019607854,0.05984114017340935,17
