hand,first_max_height,min_height,second_max_height,dribbling_frequency,bending_angle,duration
1,0.6740771121222788,0.6099066251680187,0.6689445672987555,0.2105263157894739,0.08156500856854317,19
