hand,first_max_height,min_height,second_max_height,dribbling_frequency,bending_angle,duration
1,0.31261180939756633,0.4385308639429689,0.35565083404411396,0.7222222222222222,0.6975073955838249,12
