hand,first_max_height,min_height,second_max_height,dribbling_frequency,bending_angle,duration
1,0.6484081312854164,0.7269169637398846,0.6344835832934637,0.5238095238095238,0.20015831800771378,14
