hand,first_max_height,min_height,second_max_height,dribbling_frequency,bending_angle,duration
1,0.4645369047089682,0.37567141876047644,0.4245073882909114,0.44444444444444453,0.6255039254716344,15
