hand,first_max_height,min_height,second_max_height,dribbling_frequency,bending_angle,duration
1,0.12213323648381602,0.1575022342008645,0.14218660033568634,1.0,0.8791062845448192,10
