hand,first_max_height,min_height,second_max_height,dribbling_frequency,bending_angle,duration
1,0.5050972937697755,0.5561105743888127,0.49953846541644586,0.44444444444444453,0.3609263426864813,15
