hand,first_max_height,min_height,second_max_height,dribbling_frequency,bending_angle,duration
1,0.6799449209773023,0.6865811514416389,0.7231131239654152,0.2592592592592591,0.05747566367452231,18
