hand,first_max_height,min_height,second_max_height,dribbling_frequency,bending_angle,duration
1,0.5015637106448434,0.5838857916894985,0.4895004576355855,0.8484848484848487,0.3519780390185946,11
