hand,first_max_height,min_height,second_max_height,dribbling_frequency,bending_angle,duration
1,0.6824950211017842,0.6886676748440443,0.627740949078216,0.5238095238095238,0.07403439245243368,14
