hand,first_max_height,min_height,second_max_height,dribbling_frequency,bending_angle,duration
1,0.6718700262253852,0.7272810025140732,0.6476934384208511,0.5238095238095238,0.1630568784314962,14
