hand,first_max_height,min_height,second_max_height,dribbling_frequency,bending_angle,duration
1,0.7324463686275133,0.8257005052214454,0.7486056673799515,0.2592592592592591,0.09158472493195788,18
