hand,first_max_height,min_height,second_max_height,dribbling_frequency,bending_angle,duration
1,0.2564208720977749,0.35437274366188537,0.2233446176628835,1.0,0.8666601041191603,10
