hand,first_max_height,min_height,second_max_height,dribbling_frequency,bending_angle,duration
1,0.669542159971124,0.6650134167003919,0.5684907313738095,0.6153846153846155,0.11377118149104645,13
