hand,first_max_height,min_height,second_max_height,dribbling_frequency,bending_angle,duration
1,0.7507218626109771,0.6780580316746064,0.7567521892439557,0.31372549019607854,0.20158638561474562,17
