hand,first_max_height,min_height,second_max_height,dribbling_frequency,bending_angle,duration
1,0.5496838769153263,0.7789876560896173,0.5352029732716231,0.6153846153846155,0.12355749941574816,13
