hand,first_max_height,min_height,second_max_height,dribbling_frequency,bending_angle,duration
1,0.7463505179122336,0.6655562059127456,0.6405738679463989,0.5238095238095238,0.09583679146362298,14
