hand,first_max_height,min_height,second_max_height,dribbling_frequency,bending_angle,duration
1,0.2804513439236823,0.2324566108097892,0.6260292640914322,0.16666666666666674,0.7155614967933427,20
