hand,first_max_height,min_height,second_max_height,dribbling_frequency,bending_angle,duration
1,0.5406590851446866,0.5719544154770867,0.8510962206912377,0.44444444444444453,0.42879019399581,15
