hand,first_max_height,min_height,second_max_height,dribbling_frequency,bending_angle,duration
1,0.45222317089923725,0.5711337296832131,0.4578294178410949,0.8484848484848487,0.5143529315142449,11
