hand,first_max_height,min_height,second_max_height,dribbling_frequency,bending_angle,duration
1,0.6267123323402448,0.6073074156214233,0.6545065526139366,0.2105263157894739,0.10514177140598757,19
