hand,first_max_height,min_height,second_max_height,dribbling_frequency,bending_angle,duration
1,0.8090449135496333,0.6715366581729076,0.8067275100762403,0.2592592592592591,0.1635729051277813,18
