hand,first_max_height,min_height,second_max_height,dribbling_frequency,bending_angle,duration
1,0.8969113069244506,0.6388353144481006,0.8923501533709384,0.12698412698412698,0.1024190344854097,21
