hand,first_max_height,min_height,second_max_height,dribbling_frequency,bending_angle,duration
1,0.5797511805398051,0.5528697168666343,0.7039389441736738,0.44444444444444453,0.4842664448017368,15
