hand,first_max_height,min_height,second_max_height,dribbling_frequency,bending_angle,duration
1,0.3473788153439246,0.3807734936665373,0.36853108724554534,0.6153846153846155,0.672734717335684,13
