hand,first_max_height,min_height,second_max_height,dribbling_frequency,bending_angle,duration
1,0.667702383486826,0.6646166884369086,0.6986816543821324,0.2592592592592591,0.038775673526940314,18
