hand,first_max_height,min_height,second_max_height,dribbling_frequency,bending_angle,duration
1,0.7952177238591385,0.7878717252944875,0.7677175625401153,0.3750000000000001,0.027271250106631565,16
