hand,first_max_height,min_height,second_max_height,dribbling_frequency,bending_angle,duration
1,0.35440837125626223,0.3223047857340483,0.4392021904918834,0.44444444444444453,0.7480101897195254,15
