hand,first_max_height,min_height,second_max_height,dribbling_frequency,bending_angle,duration
1,0.7236977669048406,0.7328499982793115,0.7260232665880327,0.2105263157894739,0.033881542655658695,19
