hand,first_max_height,min_height,second_max_height,dribbling_frequency,bending_angle,duration
1,0.823279854944331,0.6326536960999716,0.8125129278482957,0.09090909090909105,0.17196685054370936,22
