hand,first_max_height,min_height,second_max_height,dribbling_frequency,bending_angle,duration
1,0.6379549913066461,0.6211294656805986,0.6798011659990977,0.44444444444444453,0.11766610107461385,15
