hand,first_max_height,min_height,second_max_height,dribbling_frequency,bending_angle,duration
1,0.7290411177374971,0.7154615608606086,0.727224157993362,0.31372549019607854,0.0442904026656596,17
