hand,first_max_height,min_height,second_max_height,dribbling_frequency,bending_angle,duration
1,0.687571721100219,0.7016751459370162,0.659746110656297,0.3750000000000001,0.030069638244111345,16
