hand,first_max_height,min_height,second_max_height,dribbling_frequency,bending_angle,duration
1,0.5660062665678629,0.5794310405165026,0.6023459551185587,0.31372549019607854,0.11240982589168205,17
