hand,first_max_height,min_height,second_max_height,dribbling_frequency,bending_angle,duration
1,0.6543959255633289,0.5060862440689233,0.8757102229866797,0.16666666666666674,0.40093050471568553,20
