hand,first_max_height,min_height,second_max_height,dribbling_frequency,bending_angle,duration
1,0.5462661058072695,0.6264187687385314,0.5930542205350293,0.44444444444444453,0.33020433690473194,15
