hand,first_max_height,min_height,second_max_height,dribbling_frequency,bending_angle,duration
1,0.7454745498000366,0.7093170863937222,0.7960492222430141,0.2592592592592591,0.08240555296976704,18
