hand,first_max_height,min_height,second_max_height,dribbling_frequency,bending_angle,duration
1,0.40051650867757915,0.27434276704097693,0.40478054414864073,0.31372549019607854,0.7327819763906571,17
