hand,first_max_height,min_height,second_max_height,dribbling_frequency,bending_angle,duration
1,0.7079183671847071,0.7088897521468553,0.672751529146066,0.2105263157894739,0.05286229802443518,19
