hand,first_max_height,min_height,second_max_height,dribbling_frequency,bending_angle,duration
1,0.7582115862197114,0.7473141992292897,0.7829489860804527,0.31372549019607854,0.03790053522351661,17
