hand,first_max_height,min_height,second_max_height,dribbling_frequency,bending_angle,duration
1,0.79547155637489,0.7493691108178716,0.7964215889758188,0.3750000000000001,0.15786470868934957,16
