hand,first_max_height,min_height,second_max_height,dribbling_frequency,bending_angle,duration
1,0.641289393661242,0.6167203361025524,0.657109394586179,0.2105263157894739,0.11521222409903847,19
