hand,first_max_height,min_height,second_max_height,dribbling_frequency,bending_angle,duration
1,0.43453990310245527,0.5063831077387374,0.45838690006184996,0.44444444444444453,0.4254490875091978,15
