hand,first_max_height,min_height,second_max_height,dribbling_frequency,bending_angle,duration
1,0.18383093333505565,0.34555297576013305,0.2361215598326709,1.0,0.7234434090845469,10
