hand,first_max_height,min_height,second_max_height,dribbling_frequency,bending_angle,duration
1,0.6604483579510463,0.6138866962184442,0.5919568388364049,0.31372549019607854,0.05931419081178622,17
