hand,first_max_height,min_height,second_max_height,dribbling_frequency,bending_angle,duration
1,0.3230753828913705,0.3399926013986648,0.2679504469630095,0.8484848484848487,0.6730345175837319,11
