hand,first_max_height,min_height,second_max_height,dribbling_frequency,bending_angle,duration
1,0.78986920595237,0.8096939351370125,0.7040526359772472,0.31372549019607854,0.025691394728994874,17
