hand,first_max_height,min_height,second_max_height,dribbling_frequency,bending_angle,duration
1,0.7094334626178334,0.6616739159500783,0.7425203992723028,0.31372549019607854,0.129175167660513,17
