hand,first_max_height,min_height,second_max_height,dribbling_frequency,bending_angle,duration
1,0.6059266836898572,0.6692794309758561,0.6031850095693084,0.5238095238095238,0.15052576034019433,14
