hand,first_max_height,min_height,second_max_height,dribbling_frequency,bending_angle,duration
1,0.32798594158374295,0.3939224276263688,0.33040459803627087,0.5238095238095238,0.7067702687916368,14
