hand,first_max_height,min_height,second_max_height,dribbling_frequency,bending_angle,duration
1,0.6489886818719415,0.7123722963547197,0.645392781216167,0.5238095238095238,0.10559616460077637,14
