hand,first_max_height,min_height,second_max_height,dribbling_frequency,bending_angle,duration
1,0.3432066514155174,0.5735359401536637,0.6665289765713676,0.6153846153846155,0.26816975559948525,13
