hand,first_max_height,min_height,second_max_height,dribbling_frequency,bending_angle,duration
1,0.3714620012624552,0.4429550809776127,0.4156744440916582,0.6153846153846155,0.6028588659753393,13
