hand,first_max_height,min_height,second_max_height,dribbling_frequency,bending_angle,duration
1,0.7330184233517965,0.6931377290087318,0.7714113292715045,0.2105263157894739,0.15846424479431556,19
