hand,first_max_height,min_height,second_max_height,dribbling_frequency,bending_angle,duration
1,0.6647475623458416,0.595288532160746,0.7033637302037374,0.2592592592592591,0.09328716317761263,18
