hand,first_max_height,min_height,second_max_height,dribbling_frequency,bending_angle,duration
1,0.8567519623081816,0.6968381791968833,0.8283380421392288,0.31372549019607854,0.08105012564258757,17
