hand,first_max_height,min_height,second_max_height,dribbling_frequency,bending_angle,duration
1,0.7063043520923793,0.7093002028113392,0.738276451628645,0.31372549019607854,0.05702311185291684,17
