hand,first_max_height,min_height,second_max_height,dribbling_frequency,bending_angle,duration
1,0.5537565746670776,0.6430628916317567,0.5518958008908341,0.3750000000000001,0.32985415891142156,16
