hand,first_max_height,min_height,second_max_height,dribbling_frequency,bending_angle,duration
1,0.3846812648103124,0.3806536561541341,0.6900082462567445,0.31372549019607854,0.7142950988519868,17
