hand,first_max_height,min_height,second_max_height,dribbling_frequency,bending_angle,duration
1,0.7195220754546838,0.7484895839432677,0.7825964868537333,0.3750000000000001,0.013349125779244674,16
