hand,first_max_height,min_height,second_max_height,dribbling_frequency,bending_angle,duration
1,0.7422951099853955,0.7733907126071577,0.704588412947604,0.44444444444444453,0.011049627810914975,15
