hand,first_max_height,min_height,second_max_height,dribbling_frequency,bending_angle,duration
1,0.7434299783206462,0.7413256284805775,0.7165427906966926,0.31372549019607854,0.037164815161923215,17
