hand,first_max_height,min_height,second_max_height,dribbling_frequency,bending_angle,duration
1,0.45502392380155543,0.47820907866865714,0.5388653493433975,0.5238095238095238,0.534060109376858,14
