hand,first_max_height,min_height,second_max_height,dribbling_frequency,bending_angle,duration
1,0.7278522435410952,0.7695382383325285,0.7124531142377875,0.44444444444444453,0.0914732583917301,15
