hand,first_max_height,min_height,second_max_height,dribbling_frequency,bending_angle,duration
1,0.7969772616444859,0.5275005178230641,0.5493026443278083,0.2592592592592591,0.11240099033283384,18
