hand,first_max_height,min_height,second_max_height,dribbling_frequency,bending_angle,duration
1,0.5762089028190115,0.7179819564077399,0.5900499059335673,0.8484848484848487,0.196318227057378,11
