hand,first_max_height,min_height,second_max_height,dribbling_frequency,bending_angle,duration
1,0.5971766411484418,0.4962076959391825,0.3690439669151387,0.3750000000000001,0.12806146339055044,16
