hand,first_max_height,min_height,second_max_height,dribbling_frequency,bending_angle,duration
1,0.29824257375936186,0.3451146492234595,0.27752107166321205,0.5238095238095238,0.5998525675787326,14
