hand,first_max_height,min_height,second_max_height,dribbling_frequency,bending_angle,duration
1,0.7576909041361186,0.6599244894350804,0.7658478315424225,0.2592592592592591,0.029795742220841102,18
