hand,first_max_height,min_height,second_max_height,dribbling_frequency,bending_angle,duration
1,0.2963652863043471,0.38874053289040406,0.29844935356722935,0.6153846153846155,0.6092649478752924,13
