hand,first_max_height,min_height,second_max_height,dribbling_frequency,bending_angle,duration
1,0.4871738067101909,0.5045011271407756,0.38363545808446686,0.8484848484848487,0.49949149528359643,11
