hand,first_max_height,min_height,second_max_height,dribbling_frequency,bending_angle,duration
1,0.6491178587247413,0.7417157470011705,0.6733396569949577,0.6153846153846155,0.18278285391898794,13
