hand,first_max_height,min_height,second_max_height,dribbling_frequency,bending_angle,duration
1,0.7959891084039727,0.7271036171315053,0.7761213686079248,0.2592592592592591,0.09538027424433199,18
