hand,first_max_height,min_height,second_max_height,dribbling_frequency,bending_angle,duration
1,0.6795273816423295,0.688436477532945,0.6641795943080091,0.3750000000000001,0.13605569999940315,16
