hand,first_max_height,min_height,second_max_height,dribbling_frequency,bending_angle,duration
1,0.7157587562653878,0.6965030221253241,0.7466604895278997,0.31372549019607854,0.06838173746177707,17
