hand,first_max_height,min_height,second_max_height,dribbling_frequency,bending_angle,duration
1,0.3364586016754734,0.25805643240420717,0.2924092343671597,0.5238095238095238,0.7574447634851734,14
