hand,first_max_height,min_height,second_max_height,dribbling_frequency,bending_angle,duration
1,0.7621043803622367,0.8716372124788786,0.7176777716505837,0.12698412698412698,0.18422504507578608,21
