hand,first_max_height,min_height,second_max_height,dribbling_frequency,bending_angle,duration
1,0.7038516811249514,0.698198493021728,0.6726217943313286,0.6153846153846155,0.15854847267955033,13
