hand,first_max_height,min_height,second_max_height,dribbling_frequency,bending_angle,duration
1,0.6476403736291416,0.5662655821994452,0.5749874555324858,0.44444444444444453,0.23719023794857705,15
