hand,first_max_height,min_height,second_max_height,dribbling_frequency,bending_angle,duration
1,0.3422014567671157,0.4375205791111866,0.29200502995585315,1.0,0.7292287195653524,10
