hand,first_max_height,min_height,second_max_height,dribbling_frequency,bending_angle,duration
1,0.7685311772060487,0.6684703122320405,0.730578985070935,0.16666666666666674,0.0757083474806065,20
