hand,first_max_height,min_height,second_max_height,dribbling_frequency,bending_angle,duration
1,0.7214037350493319,0.7152347460964259,0.7217211071515448,0.3750000000000001,0.02923727401930055,16
