hand,first_max_height,min_height,second_max_height,dribbling_frequency,bending_angle,duration
1,0.8249116070122163,0.7743149270913029,0.7415691430809361,0.31372549019607854,0.05586856745765155,17
