hand,first_max_height,min_height,second_max_height,dribbling_frequency,bending_angle,duration
1,0.29276766127046927,0.4102015777599971,0.3071058743124446,0.8484848484848487,0.777917310032083,11
