hand,first_max_height,min_height,second_max_height,dribbling_frequency,bending_angle,duration
1,0.2681983232347673,0.362331161481982,0.5990170054676618,0.3750000000000001,0.7501650192554693,16
