hand,first_max_height,min_height,second_max_height,dribbling_frequency,bending_angle,duration
1,0.3379920302850163,0.39834448931007005,0.34046614881184234,0.8484848484848487,0.6852818772098276,11
