hand,first_max_height,min_height,second_max_height,dribbling_frequency,bending_angle,duration
1,0.3525173214980838,0.32319796316462146,0.280663366094437,0.7222222222222222,0.5657637730317965,12
