hand,first_max_height,min_height,second_max_height,dribbling_frequency,bending_angle,duration
1,0.4142183471374533,0.4298514093875736,0.42423356438829,0.5238095238095238,0.6023871067504633,14
