hand,first_max_height,min_height,second_max_height,dribbling_frequency,bending_angle,duration
1,0.7396182674949552,0.7408783213149768,0.7401094277400798,0.31372549019607854,0.026260530814809495,17
