hand,first_max_height,min_height,second_max_height,dribbling_frequency,bending_angle,duration
1,0.39962255517280004,0.4727100599640187,0.4120303957942476,0.7222222222222222,0.5909359617792743,12
