hand,first_max_height,min_height,second_max_height,dribbling_frequency,bending_angle,duration
1,0.7938774643279363,0.6755688887161415,0.7669929449244172,0.31372549019607854,0.20532640361879897,17
