hand,first_max_height,min_height,second_max_height,dribbling_frequency,bending_angle,duration
1,0.7344606829133056,0.707294720604372,0.7536126762635826,0.2592592592592591,0.10817932253312507,18
