hand,first_max_height,min_height,second_max_height,dribbling_frequency,bending_angle,duration
1,0.3069016459863634,0.40405537901235655,0.24903936262060353,1.0,0.7984408047482725,10
