hand,first_max_height,min_height,second_max_height,dribbling_frequency,bending_angle,duration
1,0.6152958808234228,0.7364595645027208,0.6575758836290632,0.6153846153846155,0.23972330225411956,13
