hand,first_max_height,min_height,second_max_height,dribbling_frequency,bending_angle,duration
1,0.8736639946103442,0.735560064709383,0.8506217846459194,0.09090909090909105,0.052078862840111866,22
