hand,first_max_height,min_height,second_max_height,dribbling_frequency,bending_angle,duration
1,0.7212227880886024,0.6299802706359228,0.7102187151658981,0.44444444444444453,0.11902012782084832,15
