hand,first_max_height,min_height,second_max_height,dribbling_frequency,bending_angle,duration
1,0.5584674557550647,0.8675738011920097,0.5553734091560146,1.0,0.12087375872087013,10
