hand,first_max_height,min_height,second_max_height,dribbling_frequency,bending_angle,duration
1,0.7196460852333716,0.7173628677720217,0.739323419530578,0.31372549019607854,0.08267013884031804,17
