hand,first_max_height,min_height,second_max_height,dribbling_frequency,bending_angle,duration
1,0.6938867799663593,0.6473538361331223,0.6937310195470183,0.31372549019607854,0.12414848564040287,17
