hand,first_max_height,min_height,second_max_height,dribbling_frequency,bending_angle,duration
1,0.6486393578519281,0.6681274677421198,0.6174854417744862,0.31372549019607854,0.14858445530967807,17
