hand,first_max_height,min_height,second_max_height,dribbling_frequency,bending_angle,duration
1,0.7736176151518486,0.6942164821554544,0.7736228310426305,0.2592592592592591,0.044009110962360314,18
