hand,first_max_height,min_height,second_max_height,dribbling_frequency,bending_angle,duration
1,0.7448271750338902,0.7063031873257893,0.8096307487404932,0.2592592592592591,0.1252945041004754,18
