hand,first_max_height,min_height,second_max_height,dribbling_frequency,bending_angle,duration
1,0.845832642941019,0.7533411352247784,0.85377003932897,0.09090909090909105,0.06380298451760551,22
