hand,first_max_height,min_height,second_max_height,dribbling_frequency,bending_angle,duration
1,0.5080530588954534,0.46725867451520964,0.3608206074713495,0.6153846153846155,0.20644278103170466,13
