hand,first_max_height,min_height,second_max_height,dribbling_frequency,bending_angle,duration
1,0.6196882416024487,0.636845278922888,0.6555224278688461,0.3750000000000001,0.10751398179010226,16
