hand,first_max_height,min_height,second_max_height,dribbling_frequency,bending_angle,duration
1,0.6480688433131974,0.7368014031622017,0.6100253422457309,0.8484848484848487,0.14140936554203687,11
