hand,first_max_height,min_height,second_max_height,dribbling_frequency,bending_angle,duration
1,0.7284730873690127,0.6149185345596515,0.75994087430189,0.3750000000000001,0.27179024489613474,16
