hand,first_max_height,min_height,second_max_height,dribbling_frequency,bending_angle,duration
1,0.8341982800102049,0.7193332177586262,0.7722781485620085,0.2592592592592591,0.10707412620673638,18
