hand,first_max_height,min_height,second_max_height,dribbling_frequency,bending_angle,duration
1,0.5194114801953252,0.5885570119421532,0.6219119717990684,0.44444444444444453,0.18595014136140825,15
