hand,first_max_height,min_height,second_max_height,dribbling_frequency,bending_angle,duration
1,0.7555102498106441,0.6797319490615853,0.7969955115578595,0.31372549019607854,0.06371489978285778,17
