hand,first_max_height,min_height,second_max_height,dribbling_frequency,bending_angle,duration
1,0.4844280036537175,0.5124861276224963,0.46765921415818085,0.5238095238095238,0.4050363077977979,14
