hand,first_max_height,min_height,second_max_height,dribbling_frequency,bending_angle,duration
1,0.6735642303332587,0.4632906734300622,0.36024087364377877,0.44444444444444453,0.15086707772669555,15
