hand,first_max_height,min_height,second_max_height,dribbling_frequency,bending_angle,duration
1,0.6832284475252571,0.5472775151562483,0.7036146071368303,0.2592592592592591,0.2900403384977338,18
