hand,first_max_height,min_height,second_max_height,dribbling_frequency,bending_angle,duration
1,0.7456512736713476,0.8055246242738354,0.7085107553365052,0.44444444444444453,0.06255777530947246,15
