hand,first_max_height,min_height,second_max_height,dribbling_frequency,bending_angle,duration
1,0.7361253750786549,0.697223627790434,0.7396272433673883,0.2105263157894739,0.055986450661499924,19
