hand,first_max_height,min_height,second_max_height,dribbling_frequency,bending_angle,duration
1,0.2636558192060642,0.26150240749108034,0.2781955238260446,0.6153846153846155,0.8112466533051096,13
