hand,first_max_height,min_height,second_max_height,dribbling_frequency,bending_angle,duration
1,0.6519423106112077,0.6073143127444394,0.7387736856371963,0.2592592592592591,0.2944422617128168,18
