hand,first_max_height,min_height,second_max_height,dribbling_frequency,bending_angle,duration
1,0.7152981911017517,0.7622081771572028,0.730660690189711,0.2105263157894739,0.0667666299105078,19
