hand,first_max_height,min_height,second_max_height,dribbling_frequency,bending_angle,duration
1,0.761579773289655,0.7034617881782881,0.7291056108196452,0.3750000000000001,0.021245263756556623,16
