hand,first_max_height,min_height,second_max_height,dribbling_frequency,bending_angle,duration
1,0.3940172734293895,0.3794074322391791,0.3719954836191791,0.5238095238095238,0.6554195557892747,14
