hand,first_max_height,min_height,second_max_height,dribbling_frequency,bending_angle,duration
1,0.7089031916370905,0.7757950784285509,0.7265944077192215,0.09090909090909105,0.01306756825588715,22
