hand,first_max_height,min_height,second_max_height,dribbling_frequency,bending_angle,duration
1,0.6019244370062866,0.6405540631346837,0.6380616714706709,0.44444444444444453,0.13117400653094607,15
