hand,first_max_height,min_height,second_max_height,dribbling_frequency,bending_angle,duration
1,0.7304135224316846,0.7349774015045931,0.7155998788578817,0.3750000000000001,0.05033641009333087,16
