hand,first_max_height,min_height,second_max_height,dribbling_frequency,bending_angle,duration
1,0.5636326418976675,0.792718606648956,0.6379861749475466,0.8484848484848487,0.10225237122269733,11
