hand,first_max_height,min_height,second_max_height,dribbling_frequency,bending_angle,duration
1,0.72940052748871,0.6042938757786476,0.7674709074520656,0.16666666666666674,0.1476372905182158,20
