hand,first_max_height,min_height,second_max_height,dribbling_frequency,bending_angle,duration
1,0.34770866346920826,0.3719271431031609,0.3544253069312389,0.5238095238095238,0.5475796421902578,14
