hand,first_max_height,min_height,second_max_height,dribbling_frequency,bending_angle,duration
1,0.7969356766345653,0.6854282542224942,0.7314512182568473,0.2592592592592591,0.07233547392867436,18
