hand,first_max_height,min_height,second_max_height,dribbling_frequency,bending_angle,duration
1,0.8139357976136563,0.7399583456876851,0.8010384000399337,0.2105263157894739,0.03623194224068582,19
