hand,first_max_height,min_height,second_max_height,dribbling_frequency,bending_angle,duration
1,0.7113039931297787,0.6425609822422793,0.7011581390156718,0.2592592592592591,0.057197106153650576,18
