hand,first_max_height,min_height,second_max_height,dribbling_frequency,bending_angle,duration
1,0.3696291307714416,0.3472798429352662,0.3065820178457391,0.44444444444444453,0.6217751058486657,15
