hand,first_max_height,min_height,second_max_height,dribbling_frequency,bending_angle,duration
1,0.44099929225989676,0.4580782445557453,0.5643149789447895,0.44444444444444453,0.5687633783412402,15
