hand,first_max_height,min_height,second_max_height,dribbling_frequency,bending_angle,duration
1,0.5077634046447523,0.6178932062404309,0.5218177874030325,0.5238095238095238,0.3363193680006876,14
