hand,first_max_height,min_height,second_max_height,dribbling_frequency,bending_angle,duration
1,0.715566978322385,0.7362979850270643,0.6625330250724202,0.3750000000000001,0.019108451703370687,16
