hand,first_max_height,min_height,second_max_height,dribbling_frequency,bending_angle,duration
1,0.8231090433982058,0.6317338641627429,0.7867986133970815,0.2105263157894739,0.09074986226207103,19
