hand,first_max_height,min_height,second_max_height,dribbling_frequency,bending_angle,duration
1,0.6536403900246652,0.7172625721081638,0.6884103524110646,0.3750000000000001,0.13415715432293643,16
