hand,first_max_height,min_height,second_max_height,dribbling_frequency,bending_angle,duration
1,0.5219531341409701,0.639156030668345,0.6901193056157616,0.44444444444444453,0.3404800005749397,15
