hand,first_max_height,min_height,second_max_height,dribbling_frequency,bending_angle,duration
1,0.32426197165114595,0.33964185395528823,0.3363651975432339,0.5238095238095238,0.6938037075778172,14
