hand,first_max_height,min_height,second_max_height,dribbling_frequency,bending_angle,duration
1,0.410416523309342,0.3822027787215422,0.3713136308103297,0.44444444444444453,0.5919759252422623,15
