hand,first_max_height,min_height,second_max_height,dribbling_frequency,bending_angle,duration
1,0.6881617612170844,0.6796471719245136,0.730864580470912,0.3750000000000001,0.09661900033350368,16
