hand,first_max_height,min_height,second_max_height,dribbling_frequency,bending_angle,duration
1,0.4635202828774342,0.27632604913323644,0.42573644188611665,0.2592592592592591,0.6777881956216582,18
