hand,first_max_height,min_height,second_max_height,dribbling_frequency,bending_angle,duration
1,0.6501962370285944,0.8115502670587587,0.7000946810836879,0.3750000000000001,0.10604260843488876,16
