hand,first_max_height,min_height,second_max_height,dribbling_frequency,bending_angle,duration
1,0.6407467018292683,0.7652102217949519,0.6927564190360012,0.5238095238095238,0.0991576366929688,14
