hand,first_max_height,min_height,second_max_height,dribbling_frequency,bending_angle,duration
1,0.7219681882126618,0.673643872944361,0.7013575591080036,0.2592592592592591,0.07794842135657952,18
