hand,first_max_height,min_height,second_max_height,dribbling_frequency,bending_angle,duration
1,0.41760953762387615,0.5292603618676175,0.5707748488796776,0.8484848484848487,0.5567686686479063,11
