hand,first_max_height,min_height,second_max_height,dribbling_frequency,bending_angle,duration
1,0.3190164474427827,0.40840056651244183,0.45339374876371336,0.5238095238095238,0.608768461534331,14
