hand,first_max_height,min_height,second_max_height,dribbling_frequency,bending_angle,duration
1,0.8437148381227721,0.651095884594464,0.8302753226576117,0.2592592592592591,0.0939502939537364,18
