hand,first_max_height,min_height,second_max_height,dribbling_frequency,bending_angle,duration
1,0.6599124230621423,0.6774060380144993,0.6925080752099344,0.3750000000000001,0.030646312685333958,16
