hand,first_max_height,min_height,second_max_height,dribbling_frequency,bending_angle,duration
1,0.6349203289339506,0.6787844567872612,0.6355169419537283,0.44444444444444453,0.08415724940555194,15
