hand,first_max_height,min_height,second_max_height,dribbling_frequency,bending_angle,duration
1,0.474278180862002,0.4558286329320239,0.713275579320956,0.5238095238095238,0.6363228606284718,14
