hand,first_max_height,min_height,second_max_height,dribbling_frequency,bending_angle,duration
1,0.7536084684370022,0.6431044180599156,0.7662038075827069,0.2105263157894739,0.07179114415274991,19
