hand,first_max_height,min_height,second_max_height,dribbling_frequency,bending_angle,duration
1,0.47433074590441054,0.6122198914895753,0.6762489055798016,0.6153846153846155,0.36417075529667864,13
