hand,first_max_height,min_height,second_max_height,dribbling_frequency,bending_angle,duration
1,0.32214262664734644,0.35665705643578105,0.26550947549659765,0.6153846153846155,0.669369483927092,13
