hand,first_max_height,min_height,second_max_height,dribbling_frequency,bending_angle,duration
1,0.550708994609102,0.6635390129656573,0.535382873539226,0.44444444444444453,0.3255605551911417,15
