hand,first_max_height,min_height,second_max_height,dribbling_frequency,bending_angle,duration
1,0.5035482645710868,0.515780653383143,0.4825803569222302,0.44444444444444453,0.37879039305550644,15
