hand,first_max_height,min_height,second_max_height,dribbling_frequency,bending_angle,duration
1,0.6064949127919613,0.6105778014515141,0.5819348740667083,0.12698412698412698,0.29686575076507565,21
