hand,first_max_height,min_height,second_max_height,dribbling_frequency,bending_angle,duration
1,0.630996085196109,0.508673958410492,0.5460714428068514,0.3750000000000001,0.324667864926214,16
