hand,first_max_height,min_height,second_max_height,dribbling_frequency,bending_angle,duration
1,0.8474476020180405,0.7562461890701149,0.8419947174784758,0.09090909090909105,0.05154182784980378,22
