hand,first_max_height,min_height,second_max_height,dribbling_frequency,bending_angle,duration
1,0.7830788756347364,0.661830538118567,0.756131478685084,0.16666666666666674,0.12499086393485788,20
