hand,first_max_height,min_height,second_max_height,dribbling_frequency,bending_angle,duration
1,0.7733160865673709,0.6880895378762336,0.7564212462613389,0.2105263157894739,0.09597546944965221,19
