hand,first_max_height,min_height,second_max_height,dribbling_frequency,bending_angle,duration
1,0.49586586871806126,0.3671038987640285,0.48047733173433016,0.3750000000000001,0.6188649343388937,16
