hand,first_max_height,min_height,second_max_height,dribbling_frequency,bending_angle,duration
1,0.5985454189540698,0.7044620865507035,0.6062126684904209,0.44444444444444453,0.30616209441133113,15
