hand,first_max_height,min_height,second_max_height,dribbling_frequency,bending_angle,duration
1,0.4582272613339645,0.4771594946046897,0.45078633726507134,0.6153846153846155,0.42883864489041956,13
