hand,first_max_height,min_height,second_max_height,dribbling_frequency,bending_angle,duration
1,0.41204792759339287,0.32415587296850107,0.4346228793455047,0.44444444444444453,0.7427537914384551,15
