hand,first_max_height,min_height,second_max_height,dribbling_frequency,bending_angle,duration
1,0.46189871590755804,0.540460571195301,0.4546185805138755,1.0,0.5248844599069151,10
