hand,first_max_height,min_height,second_max_height,dribbling_frequency,bending_angle,duration
1,0.7234087585384035,0.7473585276136737,0.7035818754205547,0.31372549019607854,0.029429262824720217,17
