hand,first_max_height,min_height,second_max_height,dribbling_frequency,bending_angle,duration
1,0.5998985961705521,0.43345113284167874,0.4863174844856507,0.44444444444444453,0.35484798514412236,15
