hand,first_max_height,min_height,second_max_height,dribbling_frequency,bending_angle,duration
1,0.33791318272140347,0.3040274815866573,0.41549901401292455,0.44444444444444453,0.73107093030411,15
