hand,first_max_height,min_height,second_max_height,dribbling_frequency,bending_angle,duration
1,0.6657760585111523,0.6827135897104121,0.6548190684846593,0.44444444444444453,0.10861151780090646,15
