hand,first_max_height,min_height,second_max_height,dribbling_frequency,bending_angle,duration
1,0.5987090264064813,0.6571824519660285,0.6440856979908115,0.2592592592592591,0.2358173341202512,18
