hand,first_max_height,min_height,second_max_height,dribbling_frequency,bending_angle,duration
1,0.4550513490410729,0.30244301126379225,0.7984540348483506,0.16666666666666674,0.8138441841539258,20
