hand,first_max_height,min_height,second_max_height,dribbling_frequency,bending_angle,duration
1,0.47274832945761364,0.6108304085819753,0.4747240496533679,0.7222222222222222,0.37808719046056205,12
