hand,first_max_height,min_height,second_max_height,dribbling_frequency,bending_angle,duration
1,0.720374096165708,0.718161784521376,0.6888789275420877,0.44444444444444453,0.030346428552626,15
