hand,first_max_height,min_height,second_max_height,dribbling_frequency,bending_angle,duration
1,0.7354095862639296,0.6580598953347214,0.7184954685322917,0.2592592592592591,0.06123244442580585,18
