hand,first_max_height,min_height,second_max_height,dribbling_frequency,bending_angle,duration
1,0.7577528593420575,0.6518295660552919,0.7233362360587536,0.3750000000000001,0.201335612914709,16
