hand,first_max_height,min_height,second_max_height,dribbling_frequency,bending_angle,duration
1,0.7558510282850108,0.7223521459787583,0.7608968986947173,0.44444444444444453,0.04096645598314398,15
