hand,first_max_height,min_height,second_max_height,dribbling_frequency,bending_angle,duration
1,0.5823317862749096,0.6328929400545894,0.5687681314275262,0.31372549019607854,0.12102906468901178,17
