hand,first_max_height,min_height,second_max_height,dribbling_frequency,bending_angle,duration
1,0.664747959813081,0.5919234545792479,0.603180489711674,0.31372549019607854,0.31903070740355,17
