hand,first_max_height,min_height,second_max_height,dribbling_frequency,bending_angle,duration
1,0.4547643280108329,0.5277172024378171,0.3785275222699221,0.7222222222222222,0.5332033294094211,12
