hand,first_max_height,min_height,second_max_height,dribbling_frequency,bending_angle,duration
1,0.7301553674597048,0.7287937714955844,0.7553652386441371,0.2592592592592591,0.06265584259717454,18
