hand,first_max_height,min_height,second_max_height,dribbling_frequency,bending_angle,duration
1,0.753365417220119,0.8341394226116574,0.8079367955028907,0.2105263157894739,0.11494234727849363,19
