hand,first_max_height,min_height,second_max_height,dribbling_frequency,bending_angle,duration
1,0.3741442095606272,0.4716251281445943,0.4124637557707344,0.7222222222222222,0.5239090934328935,12
