hand,first_max_height,min_height,second_max_height,dribbling_frequency,bending_angle,duration
1,0.2507004242217529,0.23148174557849516,0.3311418315183332,0.8484848484848487,0.8691045090821878,11
