hand,first_max_height,min_height,second_max_height,dribbling_frequency,bending_angle,duration
1,0.6725253006529144,0.5836512895069542,0.7304124457011746,0.3750000000000001,0.1595702529420305,16
