hand,first_max_height,min_height,second_max_height,dribbling_frequency,bending_angle,duration
1,0.373708933250097,0.3972886547283695,0.3874380987492038,0.5238095238095238,0.5902217070710157,14
