hand,first_max_height,min_height,second_max_height,dribbling_frequency,bending_angle,duration
1,0.5061601708512927,0.5838324826761874,0.5395910100031651,0.8484848484848487,0.3833241309764273,11
