hand,first_max_height,min_height,second_max_height,dribbling_frequency,bending_angle,duration
1,0.39374167958228173,0.42570178406300474,0.3769837673783248,0.5238095238095238,0.5902407951651674,14
