hand,first_max_height,min_height,second_max_height,dribbling_frequency,bending_angle,duration
1,0.7550029325629755,0.6882412745825858,0.731969511821849,0.31372549019607854,0.06647388998650361,17
