hand,first_max_height,min_height,second_max_height,dribbling_frequency,bending_angle,duration
1,0.4158320641293517,0.5577734276409535,0.5357015483368351,0.8484848484848487,0.5280305872128507,11
