hand,first_max_height,min_height,second_max_height,dribbling_frequency,bending_angle,duration
1,0.7821198865529131,0.771433582106334,0.7582828315815366,0.3750000000000001,0.027761943030727116,16
