hand,first_max_height,min_height,second_max_height,dribbling_frequency,bending_angle,duration
1,0.579124921220751,0.8189425460312914,0.5697042386455029,0.7222222222222222,0.1155445581934331,12
