hand,first_max_height,min_height,second_max_height,dribbling_frequency,bending_angle,duration
1,0.7103691501827479,0.6441409263281651,0.6477441998988991,0.5238095238095238,0.181979625156571,14
