hand,first_max_height,min_height,second_max_height,dribbling_frequency,bending_angle,duration
1,0.394407834675489,0.33015766320299383,0.7477515136245769,0.2592592592592591,0.707088520217474,18
