hand,first_max_height,min_height,second_max_height,dribbling_frequency,bending_angle,duration
1,0.628637117130366,0.6775425435741912,0.6492259681715102,0.6153846153846155,0.1529587463091167,13
