hand,first_max_height,min_height,second_max_height,dribbling_frequency,bending_angle,duration
1,0.6899703862064955,0.7123202087069426,0.7183352867644786,0.3750000000000001,0.1079908431154625,16
