hand,first_max_height,min_height,second_max_height,dribbling_frequency,bending_angle,duration
1,0.6915085347395061,0.753934790719375,0.49858393108657495,0.8484848484848487,0.08383794063870732,11
