hand,first_max_height,min_height,second_max_height,dribbling_frequency,bending_angle,duration
1,0.29068652280505547,0.39746654302615747,0.3298551621554804,0.7222222222222222,0.6376712162777988,12
