hand,first_max_height,min_height,second_max_height,dribbling_frequency,bending_angle,duration
1,0.47121370844635263,0.5384119819694836,0.37364841045671543,0.8484848484848487,0.39091722691285163,11
