hand,first_max_height,min_height,second_max_height,dribbling_frequency,bending_angle,duration
1,0.6469197655241388,0.7678763909108277,0.6739734304390805,0.5238095238095238,0.1418728279268822,14
