hand,first_max_height,min_height,second_max_height,dribbling_frequency,bending_angle,duration
1,0.6896311976010865,0.6869454057509218,0.6035543465074352,0.44444444444444453,0.07461873427274032,15
