hand,first_max_height,min_height,second_max_height,dribbling_frequency,bending_angle,duration
1,0.5170127157222388,0.32244711074128496,0.4071428402909546,0.2105263157894739,0.6288056642194753,19
