hand,first_max_height,min_height,second_max_height,dribbling_frequency,bending_angle,duration
1,0.8009797567450812,0.7429712389251782,0.7377117177681687,0.2592592592592591,0.033464737447161184,18
