hand,first_max_height,min_height,second_max_height,dribbling_frequency,bending_angle,duration
1,0.370742237775336,0.5384716133455596,0.4851359142299895,0.7222222222222222,0.6403453789578883,12
