hand,first_max_height,min_height,second_max_height,dribbling_frequency,bending_angle,duration
1,0.649567543222699,0.6678548158478932,0.6540597820708423,0.44444444444444453,0.08437179436941501,15
