hand,first_max_height,min_height,second_max_height,dribbling_frequency,bending_angle,duration
1,0.4045047943243664,0.4772154618841633,0.5265020983190724,0.8484848484848487,0.5669929243441137,11
