hand,first_max_height,min_height,second_max_height,dribbling_frequency,bending_angle,duration
1,0.6980017086122952,0.6686992823471657,0.6516609297173312,0.31372549019607854,0.05316558071947969,17
