hand,first_max_height,min_height,second_max_height,dribbling_frequency,bending_angle,duration
1,0.7414319601916686,0.7605964775674308,0.7584655629687567,0.44444444444444453,0.0129873840776601,15
