hand,first_max_height,min_height,second_max_height,dribbling_frequency,bending_angle,duration
1,0.7957667751669424,0.7204603944565237,0.7621336509485306,0.2592592592592591,0.06356357105464035,18
