hand,first_max_height,min_height,second_max_height,dribbling_frequency,bending_angle,duration
1,0.40296689420838055,0.32082168875051226,0.4463233503668224,0.31372549019607854,0.7047588309468196,17
