hand,first_max_height,min_height,second_max_height,dribbling_frequency,bending_angle,duration
1,0.7512848749555643,0.6727106778312888,0.786818977590819,0.31372549019607854,0.05886923147782355,17
