hand,first_max_height,min_height,second_max_height,dribbling_frequency,bending_angle,duration
1,0.6443384145379605,0.7113877320441845,0.6549739853633599,0.5238095238095238,0.1392505662788548,14
