hand,first_max_height,min_height,second_max_height,dribbling_frequency,bending_angle,duration
1,0.6708036216221184,0.6571204497039158,0.6754924006168364,0.3750000000000001,0.0936493502978679,16
