hand,first_max_height,min_height,second_max_height,dribbling_frequency,bending_angle,duration
1,0.6878939179811445,0.7859811232927556,0.6850071479561737,0.5238095238095238,0.06365513569121731,14
