hand,first_max_height,min_height,second_max_height,dribbling_frequency,bending_angle,duration
1,0.5616945916384319,0.6400114176123929,0.5995439910665759,0.3750000000000001,0.1528976168577288,16
