hand,first_max_height,min_height,second_max_height,dribbling_frequency,bending_angle,duration
1,0.7641122358053891,0.8291308899365013,0.762174478673536,0.05797101449275355,0.09755559854701179,23
