hand,first_max_height,min_height,second_max_height,dribbling_frequency,bending_angle,duration
1,0.6925153192568654,0.6862355049954929,0.6877706683838813,0.3750000000000001,0.1202326560444255,16
