hand,first_max_height,min_height,second_max_height,dribbling_frequency,bending_angle,duration
1,0.37680013533759493,0.4084197491358301,0.4038279965693783,0.6153846153846155,0.603908777323151,13
