hand,first_max_height,min_height,second_max_height,dribbling_frequency,bending_angle,duration
1,0.6162828416622178,0.634300958980295,0.6887189941181007,0.44444444444444453,0.310353299148764,15
