hand,first_max_height,min_height,second_max_height,dribbling_frequency,bending_angle,duration
1,0.14826437235327186,0.2605955076595066,0.6500763471007286,0.3750000000000001,0.8228364230436628,16
