hand,first_max_height,min_height,second_max_height,dribbling_frequency,bending_angle,duration
1,0.38579779996914654,0.26041539216574483,0.34526107206801243,0.3750000000000001,0.7484179091700746,16
