hand,first_max_height,min_height,second_max_height,dribbling_frequency,bending_angle,duration
1,0.38245028119565094,0.4682157940237436,0.39390834945602143,0.7222222222222222,0.6178624283377326,12
