hand,first_max_height,min_height,second_max_height,dribbling_frequency,bending_angle,duration
1,0.755034878992341,0.7063540536080324,0.8498679617962759,0.2105263157894739,0.12181188634277493,19
