hand,first_max_height,min_height,second_max_height,dribbling_frequency,bending_angle,duration
1,0.6220547615457401,0.7655996218652307,0.6733315113174627,0.5238095238095238,0.07542974581342873,14
