hand,first_max_height,min_height,second_max_height,dribbling_frequency,bending_angle,duration
1,0.7823915057276271,0.5809935262597543,0.7401582024675194,0.2105263157894739,0.09644760504007216,19
