hand,first_max_height,min_height,second_max_height,dribbling_frequency,bending_angle,duration
1,0.5856788578977609,0.6209390045023127,0.4870239233332807,0.6153846153846155,0.2922809359097959,13
