hand,first_max_height,min_height,second_max_height,dribbling_frequency,bending_angle,duration
1,0.6534729569500748,0.642654883698341,0.6369587268703425,0.2592592592592591,0.24682055218168852,18
