hand,first_max_height,min_height,second_max_height,dribbling_frequency,bending_angle,duration
1,0.34554107587922855,0.3265260405549398,0.31706009088639003,0.8484848484848487,0.7040832493425768,11
