hand,first_max_height,min_height,second_max_height,dribbling_frequency,bending_angle,duration
1,0.6777000756926672,0.6986899848816501,0.665260535645348,0.3750000000000001,0.1496683061997938,16
