hand,first_max_height,min_height,second_max_height,dribbling_frequency,bending_angle,duration
1,0.5873886129113755,0.575558665168171,0.5831971063970762,0.31372549019607854,0.3694901038745376,17
