hand,first_max_height,min_height,second_max_height,dribbling_frequency,bending_angle,duration
1,0.7031309239697338,0.6865979631789904,0.6951142449894461,0.3750000000000001,0.05750533363117557,16
