hand,first_max_height,min_height,second_max_height,dribbling_frequency,bending_angle,duration
1,0.44951552469774475,0.4149126001600565,0.41439095352977906,0.5238095238095238,0.6008147050729044,14
