hand,first_max_height,min_height,second_max_height,dribbling_frequency,bending_angle,duration
1,0.7221057118774886,0.7584886161906945,0.6987395681623711,0.31372549019607854,0.08425444045160227,17
