hand,first_max_height,min_height,second_max_height,dribbling_frequency,bending_angle,duration
1,0.6499496086065568,0.5765877733981846,0.6488560352082009,0.31372549019607854,0.2968672759573358,17
