hand,first_max_height,min_height,second_max_height,dribbling_frequency,bending_angle,duration
1,0.6795631040104693,0.7212007575052733,0.694055406252627,0.5238095238095238,0.12121513474347013,14
