hand,first_max_height,min_height,second_max_height,dribbling_frequency,bending_angle,duration
1,0.7835358139098132,0.729855281834767,0.7919167809772603,0.31372549019607854,0.039203214634003565,17
