hand,first_max_height,min_height,second_max_height,dribbling_frequency,bending_angle,duration
1,0.36577141311279193,0.46612481622939045,0.3968355781338724,0.6153846153846155,0.5906864364798734,13
