hand,first_max_height,min_height,second_max_height,dribbling_frequency,bending_angle,duration
1,0.6643742909246553,0.4758468140356742,0.4402213438852969,0.44444444444444453,0.13853662230406236,15
