hand,first_max_height,min_height,second_max_height,dribbling_frequency,bending_angle,duration
1,0.7545377468426817,0.5949742101482977,0.7294802623156498,0.09090909090909105,0.17670944707043454,22
