hand,first_max_height,min_height,second_max_height,dribbling_frequency,bending_angle,duration
1,0.7491448119719119,0.7222822407631897,0.7209879961769952,0.31372549019607854,0.06081121785745089,17
