hand,first_max_height,min_height,second_max_height,dribbling_frequency,bending_angle,duration
1,0.8829696963524183,0.7820712448380243,0.7589812240892021,0.2592592592592591,0.07213515795924158,18
