hand,first_max_height,min_height,second_max_height,dribbling_frequency,bending_angle,duration
1,0.6512923026246003,0.6494045088648507,0.6936410197444516,0.44444444444444453,0.2994250571788298,15
