hand,first_max_height,min_height,second_max_height,dribbling_frequency,bending_angle,duration
1,0.7429803435060932,0.7267994971135181,0.6950858841245091,0.31372549019607854,0.02680864014194826,17
