hand,first_max_height,min_height,second_max_height,dribbling_frequency,bending_angle,duration
1,0.6502095024977089,0.6827306169828579,0.6035846941229805,0.3750000000000001,0.08875920176251696,16
