hand,first_max_height,min_height,second_max_height,dribbling_frequency,bending_angle,duration
1,0.8469932969634247,0.7504972215011775,0.8737012207713286,0.09090909090909105,0.07569728686519646,22
