hand,first_max_height,min_height,second_max_height,dribbling_frequency,bending_angle,duration
1,0.5963255147387062,0.3790543857547972,0.31801129740899164,0.5238095238095238,0.4693794775078564,14
