hand,first_max_height,min_height,second_max_height,dribbling_frequency,bending_angle,duration
1,0.5564784800057831,0.6836442702473847,0.536522722032108,1.0,0.23623304025533737,10
