hand,first_max_height,min_height,second_max_height,dribbling_frequency,bending_angle,duration
1,0.709092485409847,0.6529052298656635,0.7197286943037748,0.31372549019607854,0.06912868366143095,17
