hand,first_max_height,min_height,second_max_height,dribbling_frequency,bending_angle,duration
1,0.7831093315619543,0.7184854463879085,0.7185021241468303,0.3750000000000001,0.03311146541864105,16
