hand,first_max_height,min_height,second_max_height,dribbling_frequency,bending_angle,duration
1,0.7900605367447283,0.749184540932162,0.8295830890768328,0.2105263157894739,0.02235776252856556,19
