hand,first_max_height,min_height,second_max_height,dribbling_frequency,bending_angle,duration
1,0.39411639182221087,0.2490398809614044,0.31724709378741844,0.5238095238095238,0.7707987900643918,14
