hand,first_max_height,min_height,second_max_height,dribbling_frequency,bending_angle,duration
1,0.23292727914546535,0.22171937086455512,0.12279377863947569,1.0,0.6490287435158236,10
