hand,first_max_height,min_height,second_max_height,dribbling_frequency,bending_angle,duration
1,0.4975569427714247,0.5556536399890021,0.5222102699857487,0.44444444444444453,0.33925112219898756,15
