hand,first_max_height,min_height,second_max_height,dribbling_frequency,bending_angle,duration
1,0.8227855050653472,0.7670155437443921,0.8421371178283426,0.44444444444444453,0.019401624226878106,15
