hand,first_max_height,min_height,second_max_height,dribbling_frequency,bending_angle,duration
1,0.7252061550783022,0.5820186111680086,0.7004457399162163,0.2592592592592591,0.28046407329471773,18
