hand,first_max_height,min_height,second_max_height,dribbling_frequency,bending_angle,duration
1,0.7466544809835525,0.6125937730330683,0.7320052733328026,0.2105263157894739,0.2738212178766798,19
