hand,first_max_height,min_height,second_max_height,dribbling_frequency,bending_angle,duration
1,0.4901262927311439,0.5924947662690739,0.5163117067665373,0.8484848484848487,0.41162671746330093,11
