hand,first_max_height,min_height,second_max_height,dribbling_frequency,bending_angle,duration
1,0.3718103812977752,0.391740996937462,0.39104613719183473,0.5238095238095238,0.6531802264400067,14
