hand,first_max_height,min_height,second_max_height,dribbling_frequency,bending_angle,duration
1,0.3979801211728562,0.35264645124700356,0.31827866437213526,0.5238095238095238,0.6300561732397059,14
