hand,first_max_height,min_height,second_max_height,dribbling_frequency,bending_angle,duration
1,0.6930657120166022,0.7435774673002729,0.6348086156930202,0.44444444444444453,0.12395118794896759,15
