hand,first_max_height,min_height,second_max_height,dribbling_frequency,bending_angle,duration
1,0.696458243954958,0.6248042671925341,0.7443725971958753,0.2105263157894739,0.05430225026271942,19
