hand,first_max_height,min_height,second_max_height,dribbling_frequency,bending_angle,duration
1,0.5161691411900515,0.6135457915443716,0.5188673634118269,0.7222222222222222,0.3927101190453704,12
