hand,first_max_height,min_height,second_max_height,dribbling_frequency,bending_angle,duration
1,0.7276077018220644,0.749515530991899,0.7481836815506986,0.2105263157894739,0.004739544963219898,19
