hand,first_max_height,min_height,second_max_height,dribbling_frequency,bending_angle,duration
1,0.22363379952100226,0.39225490444718597,0.22946271682433805,1.0,0.6750679948645517,10
