hand,first_max_height,min_height,second_max_height,dribbling_frequency,bending_angle,duration
1,0.6681024342632658,0.5952898972163428,0.8179011445049396,0.2592592592592591,0.14505127939798598,18
