hand,first_max_height,min_height,second_max_height,dribbling_frequency,bending_angle,duration
1,0.36553288308575677,0.3927042951186978,0.7119611947871141,0.31372549019607854,0.6356812853274584,17
