hand,first_max_height,min_height,second_max_height,dribbling_frequency,bending_angle,duration
1,0.6073600499218852,0.6316281082764974,0.5661341471394951,0.31372549019607854,0.09024550581783462,17
