hand,first_max_height,min_height,second_max_height,dribbling_frequency,bending_angle,duration
1,0.7760553810977995,0.7317096739406648,0.7844249431075337,0.31372549019607854,0.1190286958660097,17
