hand,first_max_height,min_height,second_max_height,dribbling_frequency,bending_angle,duration
1,0.6811314103702679,0.6984010960103233,0.677795044572129,0.44444444444444453,0.1514961285805237,15
