hand,first_max_height,min_height,second_max_height,dribbling_frequency,bending_angle,duration
1,0.5919244593638189,0.6667644956511125,0.569958642060926,0.6153846153846155,0.1845185412528536,13
