hand,first_max_height,min_height,second_max_height,dribbling_frequency,bending_angle,duration
1,0.7089384171711808,0.687384522582941,0.7845992804734327,0.31372549019607854,0.08289198980246808,17
