hand,first_max_height,min_height,second_max_height,dribbling_frequency,bending_angle,duration
1,0.7797142657699474,0.6655469379036928,0.7587567212704376,0.2105263157894739,0.041693133667996304,19
