hand,first_max_height,min_height,second_max_height,dribbling_frequency,bending_angle,duration
1,0.7540179590603775,0.6609304635649778,0.7572356650045429,0.2105263157894739,0.03680529175626764,19
