hand,first_max_height,min_height,second_max_height,dribbling_frequency,bending_angle,duration
1,0.40627446752431806,0.395033870262386,0.35852298006134337,0.7222222222222222,0.6212620935576574,12
