hand,first_max_height,min_height,second_max_height,dribbling_frequency,bending_angle,duration
1,0.7341332692748632,0.6783865071582438,0.7741982933563929,0.2592592592592591,0.25953854241123614,18
