hand,first_max_height,min_height,second_max_height,dribbling_frequency,bending_angle,duration
1,0.5232668130505387,0.5851925091209065,0.5063056856704742,1.0,0.3744241969128927,10
