hand,first_max_height,min_height,second_max_height,dribbling_frequency,bending_angle,duration
1,0.47695378126731924,0.33009408035019,0.3350508626781572,0.5238095238095238,0.5513919146018709,14
