hand,first_max_height,min_height,second_max_height,dribbling_frequency,bending_angle,duration
1,0.6655176054387428,0.7740636131714071,0.6561524761555779,0.5238095238095238,0.07190868802359207,14
