hand,first_max_height,min_height,second_max_height,dribbling_frequency,bending_angle,duration
1,0.6439601250928768,0.6297977124110928,0.5472740726189631,0.44444444444444453,0.1260979285265503,15
