hand,first_max_height,min_height,second_max_height,dribbling_frequency,bending_angle,duration
1,0.6113097315630474,0.6259029932579906,0.6066108629811366,0.2105263157894739,0.3211451807808229,19
