hand,first_max_height,min_height,second_max_height,dribbling_frequency,bending_angle,duration
1,0.7490098718441411,0.6477798053243922,0.7456677102488144,0.31372549019607854,0.18346897787202693,17
