hand,first_max_height,min_height,second_max_height,dribbling_frequency,bending_angle,duration
1,0.36107439369477834,0.37042795283258745,0.4193676644666301,0.44444444444444453,0.6034477864847654,15
