hand,first_max_height,min_height,second_max_height,dribbling_frequency,bending_angle,duration
1,0.8049242216287262,0.6837262454282313,0.7970370843143432,0.2105263157894739,0.03434727717047419,19
