hand,first_max_height,min_height,second_max_height,dribbling_frequency,bending_angle,duration
1,0.6783807383401121,0.6653544650645272,0.7175001561461806,0.3750000000000001,0.1158678138062972,16
