hand,first_max_height,min_height,second_max_height,dribbling_frequency,bending_angle,duration
1,0.6520351688950088,0.6591812525850741,0.6757175491295486,0.3750000000000001,0.04497202345423307,16
