hand,first_max_height,min_height,second_max_height,dribbling_frequency,bending_angle,duration
1,0.7464543562285227,0.6921303898232376,0.7037260638459693,0.3750000000000001,0.09078425901234637,16
