hand,first_max_height,min_height,second_max_height,dribbling_frequency,bending_angle,duration
1,0.5929395410098002,0.599787468028063,0.5601788125216447,0.2592592592592591,0.34105178861665714,18
