hand,first_max_height,min_height,second_max_height,dribbling_frequency,bending_angle,duration
1,0.34157778098511754,0.44812404360792246,0.3476003219032673,0.8484848484848487,0.6111929586201585,11
