hand,first_max_height,min_height,second_max_height,dribbling_frequency,bending_angle,duration
1,0.6759021823187195,0.6390245542608524,0.7381422962938036,0.2592592592592591,0.037893744595333935,18
