hand,first_max_height,min_height,second_max_height,dribbling_frequency,bending_angle,duration
1,0.3652242497743751,0.43528756368972243,0.3735223014618386,0.8484848484848487,0.5660313012546929,11
