hand,first_max_height,min_height,second_max_height,dribbling_frequency,bending_angle,duration
1,0.8153684185946104,0.704779713434597,0.7462587685548536,0.2592592592592591,0.09942848383621902,18
