hand,first_max_height,min_height,second_max_height,dribbling_frequency,bending_angle,duration
1,0.6656492664617888,0.7534842505273606,0.6694031590079708,0.44444444444444453,0.12608558668730255,15
