hand,first_max_height,min_height,second_max_height,dribbling_frequency,bending_angle,duration
1,0.6444756401023577,0.7357331393900659,0.6918273151139196,0.44444444444444453,0.0880544509900059,15
