hand,first_max_height,min_height,second_max_height,dribbling_frequency,bending_angle,duration
1,0.3001517579603373,0.2892969511052173,0.3107841443890872,0.7222222222222222,0.7513960916013437,12
