hand,first_max_height,min_height,second_max_height,dribbling_frequency,bending_angle,duration
1,0.6875621818864739,0.7403285631345757,0.5450754350580274,0.7222222222222222,0.04983283210873592,12
