hand,first_max_height,min_height,second_max_height,dribbling_frequency,bending_angle,duration
1,0.7108994211634909,0.7393948651062837,0.7066326799862566,0.3750000000000001,0.015586638927049859,16
