hand,first_max_height,min_height,second_max_height,dribbling_frequency,bending_angle,duration
1,0.536433064405343,0.6036883658538672,0.6959758490596026,0.3750000000000001,0.44655314567719656,16
