hand,first_max_height,min_height,second_max_height,dribbling_frequency,bending_angle,duration
1,0.5765566866534724,0.6071220554403681,0.5050790161759993,0.44444444444444453,0.25074196978269064,15
