hand,first_max_height,min_height,second_max_height,dribbling_frequency,bending_angle,duration
1,0.8082126668337685,0.7368118925367885,0.8433027940791354,0.2105263157894739,0.05190128261867094,19
