hand,first_max_height,min_height,second_max_height,dribbling_frequency,bending_angle,duration
1,0.7641296249971121,0.7043632996325055,0.7605178763473739,0.3750000000000001,0.17578454193543955,16
