hand,first_max_height,min_height,second_max_height,dribbling_frequency,bending_angle,duration
1,0.7421612132091281,0.7413738364966581,0.7492187289489802,0.44444444444444453,0.05625684442731335,15
