hand,first_max_height,min_height,second_max_height,dribbling_frequency,bending_angle,duration
1,0.819693209942941,0.7392268195777998,0.8408727497410705,0.09090909090909105,0.047193633378797166,22
