hand,first_max_height,min_height,second_max_height,dribbling_frequency,bending_angle,duration
1,0.7091761522637373,0.6085079460963974,0.6682602807204105,0.2592592592592591,0.021550445583219398,18
