hand,first_max_height,min_height,second_max_height,dribbling_frequency,bending_angle,duration
1,0.6191934942562256,0.5894355329863171,0.5988272707845467,0.2105263157894739,0.30948295487951394,19
