hand,first_max_height,min_height,second_max_height,dribbling_frequency,bending_angle,duration
1,0.7587071781838182,0.6536151306210923,0.7295484078615224,0.2105263157894739,0.08747839042724029,19
