hand,first_max_height,min_height,second_max_height,dribbling_frequency,bending_angle,duration
1,0.7746667299302021,0.6157791661909928,0.8395048222783286,0.2105263157894739,0.1454585737230113,19
