hand,first_max_height,min_height,second_max_height,dribbling_frequency,bending_angle,duration
1,0.647571810530348,0.74037238860374,0.6216760451643049,0.3750000000000001,0.05277662805719647,16
