hand,first_max_height,min_height,second_max_height,dribbling_frequency,bending_angle,duration
1,0.6265707843196193,0.6953218179638012,0.6723332188054388,0.3750000000000001,0.10330498084677696,16
