hand,first_max_height,min_height,second_max_height,dribbling_frequency,bending_angle,duration
1,0.8267239085735918,0.712705944680619,0.7833604421314804,0.31372549019607854,0.06588967594391276,17
