hand,first_max_height,min_height,second_max_height,dribbling_frequency,bending_angle,duration
1,0.8014779322462438,0.7010508126140046,0.7057764898115082,0.12698412698412698,0.15302589852867537,21
