hand,first_max_height,min_height,second_max_height,dribbling_frequency,bending_angle,duration
1,0.5140715575176084,0.5866136038423299,0.5930512900778818,0.6153846153846155,0.4511809994736917,13
