hand,first_max_height,min_height,second_max_height,dribbling_frequency,bending_angle,duration
1,0.6928972355905083,0.6799129266957241,0.6970245553683181,0.31372549019607854,0.04931221374993832,17
