hand,first_max_height,min_height,second_max_height,dribbling_frequency,bending_angle,duration
1,0.7452884854486002,0.6507630984089415,0.7312279571572131,0.16666666666666674,0.1024289879047914,20
