hand,first_max_height,min_height,second_max_height,dribbling_frequency,bending_angle,duration
1,0.7452877898809311,0.7627556362965985,0.7202697361632444,0.16666666666666674,0.1133797279607313,20
