hand,first_max_height,min_height,second_max_height,dribbling_frequency,bending_angle,duration
1,0.6778066465962271,0.7382328435681491,0.8953207925495859,0.31372549019607854,0.057304635005875355,17
