hand,first_max_height,min_height,second_max_height,dribbling_frequency,bending_angle,duration
1,0.4489214602250806,0.4844188602691014,0.3326804705271135,0.8484848484848487,0.5666925871036588,11
