hand,first_max_height,min_height,second_max_height,dribbling_frequency,bending_angle,duration
1,0.22104047483423755,0.219285333045187,0.20674526665980406,0.8484848484848487,0.7603223523500593,11
