hand,first_max_height,min_height,second_max_height,dribbling_frequency,bending_angle,duration
1,0.7413531126280558,0.7409434847584717,0.771317405636486,0.31372549019607854,0.04369687969765135,17
