hand,first_max_height,min_height,second_max_height,dribbling_frequency,bending_angle,duration
1,0.6318593343566458,0.5794788893074262,0.6362506986222256,0.31372549019607854,0.3106181816504278,17
