hand,first_max_height,min_height,second_max_height,dribbling_frequency,bending_angle,duration
1,0.6756847180553716,0.5550476271490018,0.6818840256683212,0.31372549019607854,0.3032706348371679,17
