hand,first_max_height,min_height,second_max_height,dribbling_frequency,bending_angle,duration
1,0.3214399542515207,0.18707627147564748,0.4552119235831146,0.31372549019607854,0.841451850531002,17
