hand,first_max_height,min_height,second_max_height,dribbling_frequency,bending_angle,duration
1,0.4034969167720989,0.262417066586047,0.4181276837430778,0.2592592592592591,0.7418981656727534,18
