hand,first_max_height,min_height,second_max_height,dribbling_frequency,bending_angle,duration
1,0.6270011419730621,0.6947360654226604,0.6422175563936056,0.44444444444444453,0.09914120598536805,15
