hand,first_max_height,min_height,second_max_height,dribbling_frequency,bending_angle,duration
1,0.71386085019733,0.8074403001915318,0.733314641321358,0.6153846153846155,0.1142192855848584,13
