hand,first_max_height,min_height,second_max_height,dribbling_frequency,bending_angle,duration
1,0.807571800593667,0.4565651881941085,0.5387198198613223,0.31372549019607854,0.17718550842948366,17
