hand,first_max_height,min_height,second_max_height,dribbling_frequency,bending_angle,duration
1,0.7775620303520888,0.7351454470330768,0.8342471351366655,0.31372549019607854,0.08168446377105082,17
