hand,first_max_height,min_height,second_max_height,dribbling_frequency,bending_angle,duration
1,0.7024360518684809,0.7380171647838359,0.7128044710829069,0.3750000000000001,0.024384692368918045,16
