hand,first_max_height,min_height,second_max_height,dribbling_frequency,bending_angle,duration
1,0.3601667772536454,0.27779089747879265,0.3304082735248967,0.5238095238095238,0.7648102840960346,14
