hand,first_max_height,min_height,second_max_height,dribbling_frequency,bending_angle,duration
1,0.7458190048463677,0.6503029309827172,0.8036456128635148,0.2105263157894739,0.09064058911698332,19
