hand,first_max_height,min_height,second_max_height,dribbling_frequency,bending_angle,duration
1,0.2566106627045807,0.37292887837620464,0.40856734047727455,0.7222222222222222,0.7456488454242564,12
