hand,first_max_height,min_height,second_max_height,dribbling_frequency,bending_angle,duration
1,0.33200041038492467,0.1751228388385907,0.23004945394780385,0.6153846153846155,0.5478363519778354,13
