hand,first_max_height,min_height,second_max_height,dribbling_frequency,bending_angle,duration
1,0.7403229769103827,0.6512523630728897,0.7046090254851676,0.2592592592592591,0.04377841613341326,18
