hand,first_max_height,min_height,second_max_height,dribbling_frequency,bending_angle,duration
1,0.7402484518029983,0.6133781770860763,0.8472191762162111,0.2105263157894739,0.23306841328132907,19
