hand,first_max_height,min_height,second_max_height,dribbling_frequency,bending_angle,duration
1,0.7573985669815517,0.6667477557587924,0.7591432932700934,0.2105263157894739,0.06150371134705976,19
