hand,first_max_height,min_height,second_max_height,dribbling_frequency,bending_angle,duration
1,0.6938551813208282,0.6521571075535209,0.596553484381843,0.5238095238095238,0.12431154514547701,14
