hand,first_max_height,min_height,second_max_height,dribbling_frequency,bending_angle,duration
1,0.2972393167637522,0.41291379954101093,0.34264243542843215,0.8484848484848487,0.6641061794245597,11
