hand,first_max_height,min_height,second_max_height,dribbling_frequency,bending_angle,duration
1,0.6979052234399348,0.6823609024511872,0.7028421585002317,0.3750000000000001,0.07179895973718321,16
