hand,first_max_height,min_height,second_max_height,dribbling_frequency,bending_angle,duration
1,0.4318695691380599,0.5323810226522356,0.4357958072360188,0.8484848484848487,0.539298269023934,11
