hand,first_max_height,min_height,second_max_height,dribbling_frequency,bending_angle,duration
1,0.3163796994601153,0.26825576859922384,0.2767303449210149,0.7222222222222222,0.7503294512923192,12
