hand,first_max_height,min_height,second_max_height,dribbling_frequency,bending_angle,duration
1,0.794562648165229,0.6564683123537459,0.6772797808018053,0.3750000000000001,0.09213771045552388,16
