hand,first_max_height,min_height,second_max_height,dribbling_frequency,bending_angle,duration
1,0.7785144115410574,0.6952111047703879,0.7864274387146419,0.3750000000000001,0.17901189399078327,16
