hand,first_max_height,min_height,second_max_height,dribbling_frequency,bending_angle,duration
1,0.8092900017861183,0.7535009185746493,0.8169274877004615,0.09090909090909105,0.12952158860968682,22
