hand,first_max_height,min_height,second_max_height,dribbling_frequency,bending_angle,duration
1,0.7175945580772919,0.7832839171233078,0.6987283430214328,0.12698412698412698,0.12959057962045148,21
