hand,first_max_height,min_height,second_max_height,dribbling_frequency,bending_angle,duration
1,0.7534230996532345,0.7052479993493714,0.7628820102340007,0.3750000000000001,0.1879723321847449,16
