hand,first_max_height,min_height,second_max_height,dribbling_frequency,bending_angle,duration
1,0.5950855660020434,0.3631094587073197,0.3691594467942598,0.3750000000000001,0.45247025816798303,16
