hand,first_max_height,min_height,second_max_height,dribbling_frequency,bending_angle,duration
1,0.6285261244037681,0.6395666250228917,0.6274868933441495,0.44444444444444453,0.13528649369816798,15
