hand,first_max_height,min_height,second_max_height,dribbling_frequency,bending_angle,duration
1,0.8779071064409814,0.7511050304669633,0.8474925530999456,0.09090909090909105,0.05662549011405731,22
