hand,first_max_height,min_height,second_max_height,dribbling_frequency,bending_angle,duration
1,0.6168113737237886,0.6693364040857696,0.5912157808594211,0.5238095238095238,0.21038885729543852,14
