hand,first_max_height,min_height,second_max_height,dribbling_frequency,bending_angle,duration
1,0.5673744978560368,0.6042690892428088,0.5617700010840208,0.3750000000000001,0.3591424553489215,16
