hand,first_max_height,min_height,second_max_height,dribbling_frequency,bending_angle,duration
1,0.7213873395257073,0.6574726340479208,0.8971751262300625,0.16666666666666674,0.11626463232033356,20
