hand,first_max_height,min_height,second_max_height,dribbling_frequency,bending_angle,duration
1,0.8203427210954992,0.7109146325123051,0.8138319315773024,0.12698412698412698,0.1273398159215025,21
