hand,first_max_height,min_height,second_max_height,dribbling_frequency,bending_angle,duration
1,0.22982251348842336,0.1178932421629465,0.5798750110357787,0.3750000000000001,0.8539693706673497,16
