hand,first_max_height,min_height,second_max_height,dribbling_frequency,bending_angle,duration
1,0.6840888150483083,0.6970544327414476,0.6590559134948917,0.44444444444444453,0.07786082909261348,15
