hand,first_max_height,min_height,second_max_height,dribbling_frequency,bending_angle,duration
1,0.7926017435397289,0.7038518348538497,0.7902439369648734,0.3750000000000001,0.19075994927730022,16
