hand,first_max_height,min_height,second_max_height,dribbling_frequency,bending_angle,duration
1,0.6620515420611011,0.6316724366608817,0.6918712223023683,0.31372549019607854,0.09614079671071583,17
