hand,first_max_height,min_height,second_max_height,dribbling_frequency,bending_angle,duration
1,0.8024010002263078,0.735294238093141,0.7927659678561135,0.31372549019607854,0.03742371981348511,17
