hand,first_max_height,min_height,second_max_height,dribbling_frequency,bending_angle,duration
1,0.37484976359393846,0.4386401402357538,0.5477390219301257,0.7222222222222222,0.7357070588640647,12
