hand,first_max_height,min_height,second_max_height,dribbling_frequency,bending_angle,duration
1,0.4134307161192093,0.5805085722976911,0.540835808596943,0.7222222222222222,0.4893289771539375,12
