hand,first_max_height,min_height,second_max_height,dribbling_frequency,bending_angle,duration
1,0.8474021913859409,0.7365986564835436,0.8461056521688922,0.09090909090909105,0.06871340975333994,22
