hand,first_max_height,min_height,second_max_height,dribbling_frequency,bending_angle,duration
1,0.7528021564585072,0.7051509367119274,0.7170362995478528,0.2592592592592591,0.03303112124299809,18
