hand,first_max_height,min_height,second_max_height,dribbling_frequency,bending_angle,duration
1,0.683405916647642,0.6802855150286514,0.6733035974714128,0.31372549019607854,0.051370568031048926,17
