hand,first_max_height,min_height,second_max_height,dribbling_frequency,bending_angle,duration
1,0.5543308154611775,0.6516048347970201,0.5719659058694946,0.5238095238095238,0.24579527880963412,14
