hand,first_max_height,min_height,second_max_height,dribbling_frequency,bending_angle,duration
1,0.7273002112289959,0.7110775770435583,0.7404851719489192,0.31372549019607854,0.04701930359796404,17
