hand,first_max_height,min_height,second_max_height,dribbling_frequency,bending_angle,duration
1,0.3851943950163569,0.49015662001313764,0.5478686077385675,0.5238095238095238,0.4094262078021531,14
