hand,first_max_height,min_height,second_max_height,dribbling_frequency,bending_angle,duration
1,0.716923583693807,0.7776503326748259,0.7543244793378557,0.5238095238095238,0.025265942947280216,14
