hand,first_max_height,min_height,second_max_height,dribbling_frequency,bending_angle,duration
1,0.7202112339643705,0.653231837378484,0.7003070647237404,0.5238095238095238,0.21598382107403966,14
