hand,first_max_height,min_height,second_max_height,dribbling_frequency,bending_angle,duration
1,0.7798217309747958,0.6605542829804796,0.7613686029579487,0.2105263157894739,0.09152458781481584,19
