hand,first_max_height,min_height,second_max_height,dribbling_frequency,bending_angle,duration
1,0.36509239001770954,0.537067545896582,0.38050274972492815,0.8484848484848487,0.5730569741682094,11
