hand,first_max_height,min_height,second_max_height,dribbling_frequency,bending_angle,duration
1,0.4104514010595979,0.4179834723379028,0.3883549344862777,0.6153846153846155,0.6415413624787402,13
