hand,first_max_height,min_height,second_max_height,dribbling_frequency,bending_angle,duration
1,0.6536565868146701,0.6646555565989051,0.6035641312541822,0.44444444444444453,0.13991378095896015,15
