hand,first_max_height,min_height,second_max_height,dribbling_frequency,bending_angle,duration
1,0.6526893006042247,0.532935666294773,0.33968346840960983,0.8484848484848487,0.22687249213715943,11
