hand,first_max_height,min_height,second_max_height,dribbling_frequency,bending_angle,duration
1,0.481304904820259,0.5322218140626161,0.46884639698431124,0.5238095238095238,0.37455290683406456,14
