hand,first_max_height,min_height,second_max_height,dribbling_frequency,bending_angle,duration
1,0.6320969203989875,0.4283194577826742,0.39797646967082395,0.44444444444444453,0.37198207185692433,15
