hand,first_max_height,min_height,second_max_height,dribbling_frequency,bending_angle,duration
1,0.6750518508434626,0.6826125755962401,0.6946954379611667,0.3750000000000001,0.02699079155545642,16
