hand,first_max_height,min_height,second_max_height,dribbling_frequency,bending_angle,duration
1,0.29265050780166085,0.3047486620120188,0.23277626915801886,0.7222222222222222,0.8017132466969527,12
