hand,first_max_height,min_height,second_max_height,dribbling_frequency,bending_angle,duration
1,0.750696126607227,0.6827529607876285,0.7214694355182085,0.3750000000000001,0.10999495787943768,16
