hand,first_max_height,min_height,second_max_height,dribbling_frequency,bending_angle,duration
1,0.5372250675632202,0.5378359285075842,0.6611425976590366,0.44444444444444453,0.5097044581455821,15
