hand,first_max_height,min_height,second_max_height,dribbling_frequency,bending_angle,duration
1,0.8282874453265181,0.47286941224370105,0.4188962085472246,0.31372549019607854,0.10919145381679281,17
