hand,first_max_height,min_height,second_max_height,dribbling_frequency,bending_angle,duration
1,0.383263002333381,0.46285708866546216,0.3805442728126465,1.0,0.5301529096338392,10
