hand,first_max_height,min_height,second_max_height,dribbling_frequency,bending_angle,duration
1,0.37704894982944925,0.4265453165768689,0.4064494146598105,0.6153846153846155,0.6466989653144056,13
