hand,first_max_height,min_height,second_max_height,dribbling_frequency,bending_angle,duration
1,0.8871566659354925,0.7893549659680863,0.92005399988154,0.09090909090909105,0.07274434671014865,22
