hand,first_max_height,min_height,second_max_height,dribbling_frequency,bending_angle,duration
1,0.6515582578911531,0.6484547893945526,0.6995478279786886,0.31372549019607854,0.09862571106183493,17
