hand,first_max_height,min_height,second_max_height,dribbling_frequency,bending_angle,duration
1,0.7918554491143808,0.7438978961403916,0.7540227912579496,0.3750000000000001,0.024617523048030356,16
