hand,first_max_height,min_height,second_max_height,dribbling_frequency,bending_angle,duration
1,0.898610181272387,0.7830331061186319,0.8808514865426826,0.09090909090909105,0.05394537388182236,22
