hand,first_max_height,min_height,second_max_height,dribbling_frequency,bending_angle,duration
1,0.6646756704589181,0.6149140083226723,0.6561578900509862,0.2105263157894739,0.07481523888025143,19
