hand,first_max_height,min_height,second_max_height,dribbling_frequency,bending_angle,duration
1,0.7274662531682485,0.765121277646058,0.7300094830089983,0.3750000000000001,0.05470926282338345,16
