hand,first_max_height,min_height,second_max_height,dribbling_frequency,bending_angle,duration
1,0.7272713948541407,0.7202781236118193,0.7315103240874512,0.12698412698412698,0.16806361414767482,21
