hand,first_max_height,min_height,second_max_height,dribbling_frequency,bending_angle,duration
1,0.5704917340477144,0.7506108803408789,0.5740801065295675,0.5238095238095238,0.3124924089360292,14
