hand,first_max_height,min_height,second_max_height,dribbling_frequency,bending_angle,duration
1,0.8408258474933107,0.765630874453897,0.8520678907451072,0.05797101449275355,0.05827526668252039,23
