hand,first_max_height,min_height,second_max_height,dribbling_frequency,bending_angle,duration
1,0.6491820000004968,0.6344802123336798,0.6995142518934043,0.3750000000000001,0.2823764465711039,16
