hand,first_max_height,min_height,second_max_height,dribbling_frequency,bending_angle,duration
1,0.5903665865190539,0.6080649496326817,0.5896730193431281,0.3750000000000001,0.10897205693912299,16
