hand,first_max_height,min_height,second_max_height,dribbling_frequency,bending_angle,duration
1,0.7039654064388201,0.7323748870865525,0.6531589893449323,0.3750000000000001,0.029992712693055312,16
