hand,first_max_height,min_height,second_max_height,dribbling_frequency,bending_angle,duration
1,0.739788731257246,0.6588165672056027,0.7361516218528164,0.31372549019607854,0.08412870821805433,17
