hand,first_max_height,min_height,second_max_height,dribbling_frequency,bending_angle,duration
1,0.804348987166528,0.6860173116350802,0.80638643466552,0.16666666666666674,0.10994848283602936,20
