hand,first_max_height,min_height,second_max_height,dribbling_frequency,bending_angle,duration
1,0.3192339613895355,0.30103757875921777,0.27022343866546983,0.6153846153846155,0.780597717514775,13
