hand,first_max_height,min_height,second_max_height,dribbling_frequency,bending_angle,duration
1,0.40714844830031827,0.30523756745080977,0.301814561416732,0.8484848484848487,0.7735825554424397,11
