hand,first_max_height,min_height,second_max_height,dribbling_frequency,bending_angle,duration
1,0.7799132478066639,0.7254260356479241,0.8010904529058773,0.31372549019607854,0.04772232642551231,17
