hand,first_max_height,min_height,second_max_height,dribbling_frequency,bending_angle,duration
1,0.2157011483573797,0.36157858477789157,0.2731918427496827,1.0,0.6609153957541472,10
