hand,first_max_height,min_height,second_max_height,dribbling_frequency,bending_angle,duration
1,0.6917690745149222,0.7282747629886298,0.6617755267341507,0.3750000000000001,0.0302529794241214,16
