hand,first_max_height,min_height,second_max_height,dribbling_frequency,bending_angle,duration
1,0.6654823302212476,0.6163018387945497,0.6983372014953775,0.3750000000000001,0.1921728926344927,16
