hand,first_max_height,min_height,second_max_height,dribbling_frequency,bending_angle,duration
1,0.34129836151583065,0.34107573709230377,0.28358483319552324,1.0,0.6891654358740604,10
