hand,first_max_height,min_height,second_max_height,dribbling_frequency,bending_angle,duration
1,0.6927892238682057,0.8364042653820392,0.7516807599718427,0.5238095238095238,0.04535901871577065,14
