hand,first_max_height,min_height,second_max_height,dribbling_frequency,bending_angle,duration
1,0.8414230917038898,0.7567246769793504,0.8470383819108344,0.12698412698412698,0.07324575888634503,21
