hand,first_max_height,min_height,second_max_height,dribbling_frequency,bending_angle,duration
1,0.4518662453182706,0.5943689157586115,0.7975820003374993,0.5238095238095238,0.4620204405950391,14
