hand,first_max_height,min_height,second_max_height,dribbling_frequency,bending_angle,duration
1,0.4818110793496143,0.46152393226249283,0.44429681507735097,0.5238095238095238,0.43325493954087996,14
