hand,first_max_height,min_height,second_max_height,dribbling_frequency,bending_angle,duration
1,0.7386966900170389,0.7175855873694137,0.7362532441464429,0.31372549019607854,0.06345009369777752,17
