hand,first_max_height,min_height,second_max_height,dribbling_frequency,bending_angle,duration
1,0.7580674546620298,0.6830777003296322,0.7138439390012927,0.2592592592592591,0.06825023264568354,18
