hand,first_max_height,min_height,second_max_height,dribbling_frequency,bending_angle,duration
1,0.7169528969027117,0.6904531675648135,0.7341314938340573,0.2592592592592591,0.008949194742003223,18
