hand,first_max_height,min_height,second_max_height,dribbling_frequency,bending_angle,duration
1,0.6539578172987182,0.6797009838530447,0.6529364236080111,0.44444444444444453,0.08533443612680379,15
