hand,first_max_height,min_height,second_max_height,dribbling_frequency,bending_angle,duration
1,0.31295174325404934,0.23759618882224948,0.357330234333509,0.44444444444444453,0.7719679870193911,15
