hand,first_max_height,min_height,second_max_height,dribbling_frequency,bending_angle,duration
1,0.7654598981639249,0.6424759177250818,0.740962985470272,0.2592592592592591,0.08561702304878427,18
