hand,first_max_height,min_height,second_max_height,dribbling_frequency,bending_angle,duration
1,0.5748621844451692,0.5242090813987683,0.5656213171386668,0.44444444444444453,0.30762932642210444,15
