hand,first_max_height,min_height,second_max_height,dribbling_frequency,bending_angle,duration
1,0.3366742773362441,0.37789329820207107,0.5727598610814306,0.7222222222222222,0.7904477275731989,12
