hand,first_max_height,min_height,second_max_height,dribbling_frequency,bending_angle,duration
1,0.7361986084175114,0.6515089216800789,0.7472294452334189,0.2592592592592591,0.08060010789164686,18
