hand,first_max_height,min_height,second_max_height,dribbling_frequency,bending_angle,duration
1,0.50493313979991,0.5665363661228551,0.5534796881447238,0.5238095238095238,0.26678428072758986,14
