hand,first_max_height,min_height,second_max_height,dribbling_frequency,bending_angle,duration
1,0.7820771588246793,0.7345436012048987,0.7449552118118283,0.31372549019607854,0.0387528544813927,17
