hand,first_max_height,min_height,second_max_height,dribbling_frequency,bending_angle,duration
1,0.6928476515523951,0.6876708250331367,0.7150399628676312,0.31372549019607854,0.05868044102383856,17
