hand,first_max_height,min_height,second_max_height,dribbling_frequency,bending_angle,duration
1,0.6986057097659439,0.6388384756294829,0.688700716012502,0.3750000000000001,0.10572752534347389,16
