hand,first_max_height,min_height,second_max_height,dribbling_frequency,bending_angle,duration
1,0.5604574251724448,0.6543626063279523,0.5317914741329417,0.5238095238095238,0.37086576122046483,14
