hand,first_max_height,min_height,second_max_height,dribbling_frequency,bending_angle,duration
1,0.705689768373482,0.6516590059507085,0.7435848009108258,0.2592592592592591,0.06461482176141345,18
