hand,first_max_height,min_height,second_max_height,dribbling_frequency,bending_angle,duration
1,0.7127198211198689,0.7777729002984228,0.6788820951675891,0.5238095238095238,0.00705223504999046,14
