hand,first_max_height,min_height,second_max_height,dribbling_frequency,bending_angle,duration
1,0.36767528118944054,0.4238193005498229,0.35840596045050066,0.5238095238095238,0.5971265097093476,14
