hand,first_max_height,min_height,second_max_height,dribbling_frequency,bending_angle,duration
1,0.7052152918564676,0.7170409301862432,0.7193639268920478,0.2592592592592591,0.12802700930246602,18
