hand,first_max_height,min_height,second_max_height,dribbling_frequency,bending_angle,duration
1,0.7713439534923583,0.6932087118997716,0.744342746267982,0.16666666666666674,0.11655006926876788,20
