hand,first_max_height,min_height,second_max_height,dribbling_frequency,bending_angle,duration
1,0.552761664483495,0.5701039030028854,0.5886080216794226,0.3750000000000001,0.3732416946441184,16
