hand,first_max_height,min_height,second_max_height,dribbling_frequency,bending_angle,duration
1,0.744194506555601,0.6721419525625938,0.7896517362772342,0.2105263157894739,0.15145658198848944,19
