hand,first_max_height,min_height,second_max_height,dribbling_frequency,bending_angle,duration
1,0.9051170180815299,0.7753293789349076,0.8731609239433373,0.09090909090909105,0.05478761713766743,22
