hand,first_max_height,min_height,second_max_height,dribbling_frequency,bending_angle,duration
1,0.661683238980407,0.6418678932242019,0.6478175109963542,0.31372549019607854,0.058130898585989306,17
