hand,first_max_height,min_height,second_max_height,dribbling_frequency,bending_angle,duration
1,0.44597255140928216,0.5366052231194152,0.46293193976023145,0.44444444444444453,0.35994723458424405,15
