hand,first_max_height,min_height,second_max_height,dribbling_frequency,bending_angle,duration
1,0.7576960712102305,0.622160082656272,0.755422953749315,0.2105263157894739,0.09686032642322344,19
