hand,first_max_height,min_height,second_max_height,dribbling_frequency,bending_angle,duration
1,0.6588185932193579,0.6961801505541372,0.8540336314659575,0.31372549019607854,0.32886978604702766,17
