hand,first_max_height,min_height,second_max_height,dribbling_frequency,bending_angle,duration
1,0.6412320590119609,0.7093319583152254,0.5920447028820672,0.6153846153846155,0.10951824807296862,13
