hand,first_max_height,min_height,second_max_height,dribbling_frequency,bending_angle,duration
1,0.5844547581672686,0.5897283014893405,0.5606184307625484,0.2592592592592591,0.04991284783736581,18
