hand,first_max_height,min_height,second_max_height,dribbling_frequency,bending_angle,duration
1,0.39710787931602837,0.5166971086038952,0.4253198202835068,1.0,0.5304765359740864,10
