hand,first_max_height,min_height,second_max_height,dribbling_frequency,bending_angle,duration
1,0.7448800381767282,0.7752786563427272,0.7516334256385944,0.3750000000000001,0.03475515292185263,16
