hand,first_max_height,min_height,second_max_height,dribbling_frequency,bending_angle,duration
1,0.7364019129104562,0.5288738355985954,0.31416380584926695,0.6153846153846155,0.20447684398966742,13
