hand,first_max_height,min_height,second_max_height,dribbling_frequency,bending_angle,duration
1,0.8080791178413355,0.7184937085665214,0.8093943750868426,0.31372549019607854,0.1591319404972181,17
