hand,first_max_height,min_height,second_max_height,dribbling_frequency,bending_angle,duration
1,0.30943708950639287,0.35048226336563665,0.3561360978802488,0.5238095238095238,0.7024682827763382,14
