hand,first_max_height,min_height,second_max_height,dribbling_frequency,bending_angle,duration
1,0.6762157342871884,0.7123633157257926,0.6843844009779283,0.3750000000000001,0.11611211766639017,16
