hand,first_max_height,min_height,second_max_height,dribbling_frequency,bending_angle,duration
1,0.23396407243939804,0.24634238741183095,0.2928589353674017,0.6153846153846155,0.8797566525498336,13
