hand,first_max_height,min_height,second_max_height,dribbling_frequency,bending_angle,duration
1,0.3840923177283554,0.3313424596160875,0.3662861087266654,0.6153846153846155,0.7460938956130327,13
