hand,first_max_height,min_height,second_max_height,dribbling_frequency,bending_angle,duration
1,0.7012695352042944,0.6590232653609887,0.6648922914200561,0.2105263157894739,0.09304438693071437,19
