hand,first_max_height,min_height,second_max_height,dribbling_frequency,bending_angle,duration
1,0.6186122481020317,0.6903073939960689,0.6831454136296804,0.44444444444444453,0.06465932572489201,15
