hand,first_max_height,min_height,second_max_height,dribbling_frequency,bending_angle,duration
1,0.7921779440957359,0.6652036623435835,0.7286150820943977,0.31372549019607854,0.07409760615594484,17
