hand,first_max_height,min_height,second_max_height,dribbling_frequency,bending_angle,duration
1,0.7395504993306402,0.7094509336872517,0.7363464227499832,0.2592592592592591,0.07458439019747355,18
