hand,first_max_height,min_height,second_max_height,dribbling_frequency,bending_angle,duration
1,0.7294727671594681,0.7431637836093752,0.6676944044783346,0.3750000000000001,0.04374586424344046,16
