hand,first_max_height,min_height,second_max_height,dribbling_frequency,bending_angle,duration
1,0.7453354362662523,0.6930803248286299,0.7273923861011398,0.31372549019607854,0.08324388178479007,17
