hand,first_max_height,min_height,second_max_height,dribbling_frequency,bending_angle,duration
1,0.5297027516408565,0.3697249492001745,0.3949882974180561,0.31372549019607854,0.39451865191775287,17
