hand,first_max_height,min_height,second_max_height,dribbling_frequency,bending_angle,duration
1,0.7790915836560477,0.6167026622248237,0.5224951700230127,0.6153846153846155,0.036428558167495975,13
