hand,first_max_height,min_height,second_max_height,dribbling_frequency,bending_angle,duration
1,0.7840336913105463,0.7264610351705137,0.6956391941689863,0.3750000000000001,0.0568385554886796,16
