hand,first_max_height,min_height,second_max_height,dribbling_frequency,bending_angle,duration
1,0.78496341686687,0.7517443075565097,0.682588577102873,0.6153846153846155,0.07397406174821634,13
