hand,first_max_height,min_height,second_max_height,dribbling_frequency,bending_angle,duration
1,0.661643889723708,0.6732145988816459,0.6373857789136472,0.3750000000000001,0.1579605875288594,16
