hand,first_max_height,min_height,second_max_height,dribbling_frequency,bending_angle,duration
1,0.6280280482694152,0.6917640520080435,0.6254599607045563,0.5238095238095238,0.11514739461359325,14
