hand,first_max_height,min_height,second_max_height,dribbling_frequency,bending_angle,duration
1,0.2073938346372329,0.337064557143275,0.29048804652870586,0.7222222222222222,0.6104692188165036,12
