hand,first_max_height,min_height,second_max_height,dribbling_frequency,bending_angle,duration
1,0.7239705287978677,0.6983056139635704,0.7233456731241442,0.44444444444444453,0.02381442423898975,15
