hand,first_max_height,min_height,second_max_height,dribbling_frequency,bending_angle,duration
1,0.7065462109075442,0.7266191660846621,0.7490586961874628,0.31372549019607854,0.012300792012372818,17
