hand,first_max_height,min_height,second_max_height,dribbling_frequency,bending_angle,duration
1,0.3917534987674789,0.4840851400981706,0.40053331836647865,0.7222222222222222,0.5564222490911684,12
