hand,first_max_height,min_height,second_max_height,dribbling_frequency,bending_angle,duration
1,0.19575147267822615,0.3510912936969565,0.23016245038866429,0.8484848484848487,0.6641309469175013,11
