hand,first_max_height,min_height,second_max_height,dribbling_frequency,bending_angle,duration
1,0.5648342350457298,0.41431901651049124,0.23109969998824095,0.7222222222222222,0.3103484032048496,12
