hand,first_max_height,min_height,second_max_height,dribbling_frequency,bending_angle,duration
1,0.7143986730556212,0.37936877961227694,0.4155314477166088,0.3750000000000001,0.1635688475027938,16
