hand,first_max_height,min_height,second_max_height,dribbling_frequency,bending_angle,duration
1,0.5583944708332328,0.7009565519327858,0.5601420576353867,0.5238095238095238,0.3052625915511066,14
