hand,first_max_height,min_height,second_max_height,dribbling_frequency,bending_angle,duration
1,0.5733898167402767,0.6527253299069959,0.6220604317382912,0.2592592592592591,0.30697672868426634,18
