hand,first_max_height,min_height,second_max_height,dribbling_frequency,bending_angle,duration
1,0.682878875088219,0.6891464501334056,0.7068675635769508,0.31372549019607854,0.07399246137312357,17
