hand,first_max_height,min_height,second_max_height,dribbling_frequency,bending_angle,duration
1,0.2507491636419824,0.3493708925746509,0.3217075972474067,1.0,0.7095221997768504,10
