hand,first_max_height,min_height,second_max_height,dribbling_frequency,bending_angle,duration
1,0.6855002212153603,0.579098541711106,0.6775767503490162,0.2592592592592591,0.2770244158134833,18
