hand,first_max_height,min_height,second_max_height,dribbling_frequency,bending_angle,duration
1,0.3981698124128521,0.4428467386702363,0.4104428827204972,0.7222222222222222,0.5909955477074804,12
