hand,first_max_height,min_height,second_max_height,dribbling_frequency,bending_angle,duration
1,0.38405917889727176,0.28096328668603093,0.38486257459782885,0.44444444444444453,0.7199848487042493,15
