hand,first_max_height,min_height,second_max_height,dribbling_frequency,bending_angle,duration
1,0.6349166523619862,0.5612035249758835,0.6432141104988469,0.31372549019607854,0.28030992697539575,17
