hand,first_max_height,min_height,second_max_height,dribbling_frequency,bending_angle,duration
1,0.6493466011210066,0.6274688557177187,0.6281008489509522,0.31372549019607854,0.07786877349873726,17
