hand,first_max_height,min_height,second_max_height,dribbling_frequency,bending_angle,duration
1,0.2345476537136234,0.37329866475290674,0.22333905476117955,0.8484848484848487,0.6619659588072522,11
