hand,first_max_height,min_height,second_max_height,dribbling_frequency,bending_angle,duration
1,0.847487895259433,0.7365165376126342,0.859531864437549,0.12698412698412698,0.0733043468552021,21
