hand,first_max_height,min_height,second_max_height,dribbling_frequency,bending_angle,duration
1,0.7267734677700026,0.6580661458524546,0.6835950152923919,0.3750000000000001,0.092767706459044,16
