hand,first_max_height,min_height,second_max_height,dribbling_frequency,bending_angle,duration
1,0.5975013221996135,0.6747700438118187,0.8103228829837418,0.31372549019607854,0.23419514890178955,17
