hand,first_max_height,min_height,second_max_height,dribbling_frequency,bending_angle,duration
1,0.5316534711683474,0.622573335276981,0.5722864680801817,0.3750000000000001,0.3744806901351109,16
