hand,first_max_height,min_height,second_max_height,dribbling_frequency,bending_angle,duration
1,0.8774601048468893,0.7184649705539548,0.8305572425689629,0.2105263157894739,0.027047041272397297,19
