hand,first_max_height,min_height,second_max_height,dribbling_frequency,bending_angle,duration
1,0.5994853792918077,0.6214506848160629,0.624554201102125,0.5238095238095238,0.24205106277422525,14
