hand,first_max_height,min_height,second_max_height,dribbling_frequency,bending_angle,duration
1,0.7787059907504404,0.7650518753457094,0.7674782584293172,0.3750000000000001,0.04999701666275923,16
