hand,first_max_height,min_height,second_max_height,dribbling_frequency,bending_angle,duration
1,0.37761057103869855,0.30292387005906457,0.37677426452665475,0.44444444444444453,0.7319857019429903,15
