hand,first_max_height,min_height,second_max_height,dribbling_frequency,bending_angle,duration
1,0.687084674681759,0.7567884753672486,0.7423710452953063,0.6153846153846155,0.012837832714227452,13
