hand,first_max_height,min_height,second_max_height,dribbling_frequency,bending_angle,duration
1,0.8178712201176055,0.6646827140207806,0.7806519546956292,0.2592592592592591,0.05966933449032199,18
