hand,first_max_height,min_height,second_max_height,dribbling_frequency,bending_angle,duration
1,0.6994928069608437,0.724346348515793,0.6915994348191206,0.5238095238095238,0.06319263495285919,14
