hand,first_max_height,min_height,second_max_height,dribbling_frequency,bending_angle,duration
1,0.5512465690503687,0.5753516796326593,0.5340309890876481,0.44444444444444453,0.3683977763794927,15
