hand,first_max_height,min_height,second_max_height,dribbling_frequency,bending_angle,duration
1,0.6408003102231803,0.4700808191942912,0.33485069755434727,0.8484848484848487,0.2673466279532277,11
