hand,first_max_height,min_height,second_max_height,dribbling_frequency,bending_angle,duration
1,0.705776913065717,0.6454674011432125,0.6086087393930799,0.2592592592592591,0.06978563618809444,18
