hand,first_max_height,min_height,second_max_height,dribbling_frequency,bending_angle,duration
1,0.8583356208401016,0.5817078095620996,0.7093225416351528,0.12698412698412698,0.08956430354120419,21
