hand,first_max_height,min_height,second_max_height,dribbling_frequency,bending_angle,duration
1,0.503496544146562,0.6266859604103704,0.5358443460368236,0.5238095238095238,0.3706050672372285,14
