hand,first_max_height,min_height,second_max_height,dribbling_frequency,bending_angle,duration
1,0.5078798128624868,0.4697490388392085,0.4365921465486851,0.6153846153846155,0.3558074326675467,13
