hand,first_max_height,min_height,second_max_height,dribbling_frequency,bending_angle,duration
1,0.3855559411539815,0.365637110602624,0.32639175915715085,0.6153846153846155,0.5228421339891266,13
