hand,first_max_height,min_height,second_max_height,dribbling_frequency,bending_angle,duration
1,0.6869433750781582,0.7747545468385422,0.643434540478864,0.09090909090909105,0.08439672622109483,22
