hand,first_max_height,min_height,second_max_height,dribbling_frequency,bending_angle,duration
1,0.34175862857903716,0.3146206722439008,0.32193915303083154,0.5238095238095238,0.5825107614716485,14
