hand,first_max_height,min_height,second_max_height,dribbling_frequency,bending_angle,duration
1,0.4238585672448738,0.47049450288518885,0.41947445231183883,0.5238095238095238,0.6211096107850901,14
