hand,first_max_height,min_height,second_max_height,dribbling_frequency,bending_angle,duration
1,0.7790696732744766,0.46453143712262956,0.3669603622144371,0.3750000000000001,0.24148297362259313,16
