hand,first_max_height,min_height,second_max_height,dribbling_frequency,bending_angle,duration
1,0.7531095973681706,0.6556800286690413,0.7819928126813298,0.31372549019607854,0.23964697309492589,17
