hand,first_max_height,min_height,second_max_height,dribbling_frequency,bending_angle,duration
1,0.6233958656948261,0.636540153074461,0.6424908836085749,0.31372549019607854,0.15467265678508754,17
