hand,first_max_height,min_height,second_max_height,dribbling_frequency,bending_angle,duration
1,0.7343484977849895,0.6253751478121716,0.7344179832718082,0.31372549019607854,0.25491046911698323,17
