hand,first_max_height,min_height,second_max_height,dribbling_frequency,bending_angle,duration
1,0.6360552966360111,0.602867392679868,0.5866807742516127,0.2592592592592591,0.35287436465184807,18
