hand,first_max_height,min_height,second_max_height,dribbling_frequency,bending_angle,duration
1,0.7551232160862941,0.6848656357814696,0.7454104757137743,0.31372549019607854,0.06711478621322087,17
