hand,first_max_height,min_height,second_max_height,dribbling_frequency,bending_angle,duration
1,0.567648551517592,0.7078293913281755,0.6097112866432868,0.3750000000000001,0.15304659748385752,16
