hand,first_max_height,min_height,second_max_height,dribbling_frequency,bending_angle,duration
1,0.8053690371530018,0.7117075861240518,0.7970600809526369,0.12698412698412698,0.12179661273643774,21
