hand,first_max_height,min_height,second_max_height,dribbling_frequency,bending_angle,duration
1,0.33354541522781456,0.39569039015947244,0.3085722452678395,1.0,0.6444954367683883,10
