hand,first_max_height,min_height,second_max_height,dribbling_frequency,bending_angle,duration
1,0.7043492107418502,0.7026180401293297,0.7017429887260594,0.44444444444444453,0.058371328001492626,15
