hand,first_max_height,min_height,second_max_height,dribbling_frequency,bending_angle,duration
1,0.6686561061277274,0.6385896044406554,0.6442680320279098,0.31372549019607854,0.0643953497464793,17
