hand,first_max_height,min_height,second_max_height,dribbling_frequency,bending_angle,duration
1,0.5524604339994469,0.631720788367025,0.523465846701578,0.7222222222222222,0.283621519798129,12
