hand,first_max_height,min_height,second_max_height,dribbling_frequency,bending_angle,duration
1,0.7678685993179959,0.7309225397764628,0.7428752825997524,0.31372549019607854,0.026834952643988722,17
