hand,first_max_height,min_height,second_max_height,dribbling_frequency,bending_angle,duration
1,0.6772832319253635,0.6539586935613274,0.6296179317156299,0.44444444444444453,0.08720975562612522,15
