hand,first_max_height,min_height,second_max_height,dribbling_frequency,bending_angle,duration
1,0.8555819678056503,0.7604789390960329,0.8352081760747794,0.09090909090909105,0.12064157359162754,22
