hand,first_max_height,min_height,second_max_height,dribbling_frequency,bending_angle,duration
1,0.6463500459198869,0.6964899463296063,0.5709713881836269,0.6153846153846155,0.09271130577382519,13
