hand,first_max_height,min_height,second_max_height,dribbling_frequency,bending_angle,duration
1,0.5733295010867002,0.6080964177564423,0.593995642310884,0.3750000000000001,0.3422020188625327,16
