hand,first_max_height,min_height,second_max_height,dribbling_frequency,bending_angle,duration
1,0.7210822337360752,0.6782341238466089,0.7022281532246639,0.31372549019607854,0.017047607471170304,17
