hand,first_max_height,min_height,second_max_height,dribbling_frequency,bending_angle,duration
1,0.7321242214299926,0.7039705946907816,0.7112884810310639,0.3750000000000001,0.02592275248447444,16
