hand,first_max_height,min_height,second_max_height,dribbling_frequency,bending_angle,duration
1,0.7267915525293944,0.702420538137965,0.7177746257427498,0.31372549019607854,0.013690699316970284,17
