hand,first_max_height,min_height,second_max_height,dribbling_frequency,bending_angle,duration
1,0.663875867006468,0.6990800315572117,0.6221661268706653,0.5238095238095238,0.07804727030257683,14
