hand,first_max_height,min_height,second_max_height,dribbling_frequency,bending_angle,duration
1,0.6161286740567418,0.6711785106912951,0.5972953370590701,0.31372549019607854,0.07136097394273955,17
