hand,first_max_height,min_height,second_max_height,dribbling_frequency,bending_angle,duration
1,0.8066705436283641,0.7095248622245794,0.8135824453696356,0.31372549019607854,0.12439398356366904,17
