hand,first_max_height,min_height,second_max_height,dribbling_frequency,bending_angle,duration
1,0.8407450622769059,0.6966608656593467,0.8091011803657882,0.31372549019607854,0.11381285764371582,17
