hand,first_max_height,min_height,second_max_height,dribbling_frequency,bending_angle,duration
1,0.7367093041367148,0.6163072990169374,0.7255613967403134,0.2592592592592591,0.08335377614202064,18
