hand,first_max_height,min_height,second_max_height,dribbling_frequency,bending_angle,duration
1,0.7364320210538395,0.6792801156590054,0.7370597655559779,0.31372549019607854,0.03789691204304808,17
