hand,first_max_height,min_height,second_max_height,dribbling_frequency,bending_angle,duration
1,0.6818738294900321,0.7191931199473635,0.6239674639786593,0.3750000000000001,0.06268081327978328,16
