hand,first_max_height,min_height,second_max_height,dribbling_frequency,bending_angle,duration
1,0.6843799101177521,0.6720203189244052,0.694797705948741,0.31372549019607854,0.034486910998655224,17
