hand,first_max_height,min_height,second_max_height,dribbling_frequency,bending_angle,duration
1,0.5152099036912037,0.5592277866119227,0.4894763682844569,0.7222222222222222,0.46438406245372804,12
