hand,first_max_height,min_height,second_max_height,dribbling_frequency,bending_angle,duration
1,0.5226220218214482,0.4418528345056168,0.39564029929901223,0.44444444444444453,0.4640008910452106,15
