hand,first_max_height,min_height,second_max_height,dribbling_frequency,bending_angle,duration
1,0.7719068664701356,0.7438950941841663,0.7550751233865256,0.31372549019607854,0.022583886109249166,17
