hand,first_max_height,min_height,second_max_height,dribbling_frequency,bending_angle,duration
1,0.7440928543091285,0.6712475537664866,0.7374822480728829,0.2592592592592591,0.10660304103230782,18
