hand,first_max_height,min_height,second_max_height,dribbling_frequency,bending_angle,duration
1,0.4066219035749445,0.40187301433804123,0.748747521373401,0.2592592592592591,0.7101308247846639,18
