hand,first_max_height,min_height,second_max_height,dribbling_frequency,bending_angle,duration
1,0.6584119842334683,0.7144496954381351,0.6520473527106914,0.5238095238095238,0.0886101733779498,14
