hand,first_max_height,min_height,second_max_height,dribbling_frequency,bending_angle,duration
1,0.8278480949767841,0.7404487598721361,0.7799780985579792,0.2592592592592591,0.03986710713697687,18
