hand,first_max_height,min_height,second_max_height,dribbling_frequency,bending_angle,duration
1,0.7661348969032085,0.6658371918306165,0.7654835111495824,0.2592592592592591,0.09701723572953098,18
