hand,first_max_height,min_height,second_max_height,dribbling_frequency,bending_angle,duration
1,0.3561894716393461,0.4468238640743736,0.3551824079193865,0.8484848484848487,0.5302019742870483,11
