hand,first_max_height,min_height,second_max_height,dribbling_frequency,bending_angle,duration
1,0.84209058824903,0.7530742309330651,0.8133775617131304,0.3750000000000001,0.025962831008186426,16
