hand,first_max_height,min_height,second_max_height,dribbling_frequency,bending_angle,duration
1,0.4084234238374518,0.3544961734258593,0.3495313441572334,0.44444444444444453,0.6477254144074527,15
