hand,first_max_height,min_height,second_max_height,dribbling_frequency,bending_angle,duration
1,0.6784998791451174,0.7469801916782332,0.7256998732577283,0.31372549019607854,0.03271366123506274,17
