hand,first_max_height,min_height,second_max_height,dribbling_frequency,bending_angle,duration
1,0.758394371466423,0.7578597566307037,0.7520033586019037,0.44444444444444453,0.019721695822510488,15
