hand,first_max_height,min_height,second_max_height,dribbling_frequency,bending_angle,duration
1,0.803116888407843,0.7710022245377078,0.778771197232059,0.31372549019607854,0.07481202936359065,17
