hand,first_max_height,min_height,second_max_height,dribbling_frequency,bending_angle,duration
1,0.6347009767012156,0.7342222383793716,0.6650730857254328,0.5238095238095238,0.12948989366803487,14
