hand,first_max_height,min_height,second_max_height,dribbling_frequency,bending_angle,duration
1,0.783539142697943,0.6706633099710055,0.7685993817977137,0.2592592592592591,0.08123977252796398,18
