hand,first_max_height,min_height,second_max_height,dribbling_frequency,bending_angle,duration
1,0.38529987288500844,0.492898729327221,0.40320192178386355,0.8484848484848487,0.5775230510553446,11
