hand,first_max_height,min_height,second_max_height,dribbling_frequency,bending_angle,duration
1,0.7963615848906803,0.7261154605693992,0.7658884109236018,0.31372549019607854,0.1478591772170823,17
