hand,first_max_height,min_height,second_max_height,dribbling_frequency,bending_angle,duration
0,0.8004615418351535,0.6993699386864076,0.6611954578883239,0.3571428571428572,0.0,16
