hand,first_max_height,min_height,second_max_height,dribbling_frequency,bending_angle,duration
0,1.5707718133926392,0.982443630695343,1.6198240518569946,1.4285714285714284,8.533696341047733,21
