hand,first_max_height,min_height,second_max_height,dribbling_frequency,bending_angle,duration
0,1.3962197303771973,0.9911680817604065,1.4720176458358765,2.0,24.774177105537788,15
