hand,first_max_height,min_height,second_max_height,dribbling_frequency,bending_angle,duration
0,1.431490421295166,0.7484095692634583,1.3738524913787842,1.5,21.43747577083034,20
