hand,first_max_height,min_height,second_max_height,dribbling_frequency,bending_angle,duration
0,1.2035775184631348,0.9108446836471558,1.2182813882827759,1.875,20.61022065905172,16
