hand,first_max_height,min_height,second_max_height,dribbling_frequency,bending_angle,duration
0,1.2940235137939453,1.0177907943725586,1.2674462795257568,2.142857142857143,16.26960345846393,14
