hand,first_max_height,min_height,second_max_height,dribbling_frequency,bending_angle,duration
0,1.2183328866958618,0.9321112632751465,1.184521198272705,2.307692307692308,28.728477897876182,13
