hand,first_max_height,min_height,second_max_height,dribbling_frequency,bending_angle,duration
0,1.2056732177734375,0.9484816789627075,1.198047161102295,1.875,10.163211853255946,16
