hand,first_max_height,min_height,second_max_height,dribbling_frequency,bending_angle,duration
0,1.3255295753479004,1.0051277875900269,1.2942193746566772,2.0,8.070865084228174,15
