hand,first_max_height,min_height,second_max_height,dribbling_frequency,bending_angle,duration
0,0.8269780874252319,0.6805980801582336,0.8236245512962341,2.7272727272727275,59.84737778364622,11
