hand,first_max_height,min_height,second_max_height,dribbling_frequency,bending_angle,duration
0,1.422507882118225,1.0476348400115967,1.4255577325820923,1.3636363636363638,2.114815904654885,22
