hand,first_max_height,min_height,second_max_height,dribbling_frequency,bending_angle,duration
0,1.4921622276306152,0.919064462184906,1.5707718133926392,1.25,6.362274201527464,24
