hand,first_max_height,min_height,second_max_height,dribbling_frequency,bending_angle,duration
0,1.3899818658828735,1.0625042915344238,1.3847917318344116,2.0,11.608132520637373,15
