hand,first_max_height,min_height,second_max_height,dribbling_frequency,bending_angle,duration
0,1.2616989612579346,1.0150984525680542,1.2675577402114868,2.307692307692308,5.214909838202843,13
