hand,first_max_height,min_height,second_max_height,dribbling_frequency,bending_angle,duration
0,1.2480332851409912,0.9939813017845154,1.237195611000061,2.307692307692308,13.55903353659509,13
