hand,first_max_height,min_height,second_max_height,dribbling_frequency,bending_angle,duration
0,0.7497628927230835,0.640618622303009,0.7642709612846375,2.7272727272727275,64.65882223696593,11
