hand,first_max_height,min_height,second_max_height,dribbling_frequency,bending_angle,duration
0,1.1287498474121094,0.7870912551879883,1.1411855220794678,1.875,28.23726673467736,16
