hand,first_max_height,min_height,second_max_height,dribbling_frequency,bending_angle,duration
0,1.3123321533203125,1.082160472869873,1.359678864479065,2.142857142857143,5.415634406358391,14
