hand,first_max_height,min_height,second_max_height,dribbling_frequency,bending_angle,duration
0,1.4067649841308594,0.7307516932487488,1.431490421295166,1.5,23.592635250399944,20
