hand,first_max_height,min_height,second_max_height,dribbling_frequency,bending_angle,duration
0,0.9662293195724487,0.7793374061584473,0.9476465582847595,3.0,53.652987225773764,10
