hand,first_max_height,min_height,second_max_height,dribbling_frequency,bending_angle,duration
0,1.2337970733642578,0.9024174809455872,1.322776436805725,1.7647058823529411,15.189291546207608,17
