hand,first_max_height,min_height,second_max_height,dribbling_frequency,bending_angle,duration
0,1.1117408275604248,0.8186848759651184,1.1300019025802612,2.0,29.052053205833445,15
