hand,first_max_height,min_height,second_max_height,dribbling_frequency,bending_angle,duration
0,1.24039626121521,1.0509989261627197,1.214578628540039,2.5,4.0504530494347915,12
