hand,first_max_height,min_height,second_max_height,dribbling_frequency,bending_angle,duration
0,1.3696842193603516,1.097989797592163,1.4015107154846191,2.307692307692308,9.48929640066155,13
