hand,first_max_height,min_height,second_max_height,dribbling_frequency,bending_angle,duration
0,1.2634721994400024,1.0240751504898071,1.3736779689788818,2.142857142857143,15.396116744864441,14
