hand,first_max_height,min_height,second_max_height,dribbling_frequency,bending_angle,duration
0,1.2800849676132202,1.0578829050064087,1.3627091646194458,2.307692307692308,7.932817331041326,13
