hand,first_max_height,min_height,second_max_height,dribbling_frequency,bending_angle,duration
0,1.3509310483932495,1.005357265472412,1.3539422750473022,1.5,7.3202060707307695,20
