hand,first_max_height,min_height,second_max_height,dribbling_frequency,bending_angle,duration
0,1.197717547416687,0.9555233120918274,1.24574613571167,2.307692307692308,29.308741072688594,13
