hand,first_max_height,min_height,second_max_height,dribbling_frequency,bending_angle,duration
0,1.335585355758667,1.0855351686477661,1.3270350694656372,2.142857142857143,4.460668574620642,14
