hand,first_max_height,min_height,second_max_height,dribbling_frequency,bending_angle,duration
0,1.4709951877593994,1.0618027448654175,1.4933139085769653,1.3636363636363638,2.8043867735438814,22
