hand,first_max_height,min_height,second_max_height,dribbling_frequency,bending_angle,duration
0,1.2509194612503052,0.9967054724693298,1.2421224117279053,2.307692307692308,15.199130818653666,13
