hand,first_max_height,min_height,second_max_height,dribbling_frequency,bending_angle,duration
0,1.1600093841552734,0.8552767038345337,1.1900118589401245,1.7647058823529411,13.173788174923716,17
