hand,first_max_height,min_height,second_max_height,dribbling_frequency,bending_angle,duration
0,0.9401904940605164,0.8058738112449646,0.9392481446266174,2.7272727272727275,55.80887941924177,11
