hand,first_max_height,min_height,second_max_height,dribbling_frequency,bending_angle,duration
0,1.4854495525360107,0.8813011050224304,1.425355315208435,1.5789473684210527,19.583017353820036,19
