hand,first_max_height,min_height,second_max_height,dribbling_frequency,bending_angle,duration
0,1.2848583459854126,1.1011852025985718,1.2957595586776733,2.307692307692308,8.263982648105287,13
