hand,first_max_height,min_height,second_max_height,dribbling_frequency,bending_angle,duration
0,1.3316006660461426,1.018481969833374,1.272666335105896,2.307692307692308,6.669427350068234,13
