hand,first_max_height,min_height,second_max_height,dribbling_frequency,bending_angle,duration
0,1.1900118589401245,0.8373402953147888,1.2035775184631348,1.7647058823529411,19.48823545546551,17
