hand,first_max_height,min_height,second_max_height,dribbling_frequency,bending_angle,duration
0,1.0820647478103638,0.636122465133667,0.8266127109527588,2.307692307692308,48.502549161619285,13
