hand,first_max_height,min_height,second_max_height,dribbling_frequency,bending_angle,duration
0,1.2795493602752686,1.0070710182189941,1.308210849761963,2.142857142857143,15.629258593223216,14
