hand,first_max_height,min_height,second_max_height,dribbling_frequency,bending_angle,duration
0,1.3301355838775635,1.0231420993804932,1.3307292461395264,2.142857142857143,8.71678727375451,14
