hand,first_max_height,min_height,second_max_height,dribbling_frequency,bending_angle,duration
0,1.076751947402954,0.9752724766731262,1.139957308769226,3.0,8.231051268432381,10
