hand,first_max_height,min_height,second_max_height,dribbling_frequency,bending_angle,duration
0,1.2182813882827759,0.8661320805549622,1.1733460426330566,1.875,24.60074842472224,16
