hand,first_max_height,min_height,second_max_height,dribbling_frequency,bending_angle,duration
0,0.6551100611686707,0.5142228603363037,0.7244483828544617,2.7272727272727275,74.58849571261518,11
