hand,first_max_height,min_height,second_max_height,dribbling_frequency,bending_angle,duration
0,1.150277018547058,0.8615047335624695,1.209754467010498,2.0,23.748639456426584,15
