hand,first_max_height,min_height,second_max_height,dribbling_frequency,bending_angle,duration
0,0.7448294758796692,0.5989875793457031,0.6734594702720642,2.307692307692308,62.30667259751358,13
