hand,first_max_height,min_height,second_max_height,dribbling_frequency,bending_angle,duration
0,1.2714035511016846,0.9521509408950806,1.2953308820724487,1.7647058823529411,7.41546888712181,17
