hand,first_max_height,min_height,second_max_height,dribbling_frequency,bending_angle,duration
0,1.53541100025177,0.7993203401565552,1.4449326992034912,1.7647058823529411,39.15487300362986,17
