hand,first_max_height,min_height,second_max_height,dribbling_frequency,bending_angle,duration
0,0.7922247052192688,0.5726932287216187,1.0021003484725952,2.0,68.32250541090768,15
