hand,first_max_height,min_height,second_max_height,dribbling_frequency,bending_angle,duration
0,1.1833781003952026,1.0369234085083008,1.2758954763412476,2.5,14.013507196320331,12
