hand,first_max_height,min_height,second_max_height,dribbling_frequency,bending_angle,duration
0,1.3267548084259033,0.9710713028907776,1.3564597368240356,1.5789473684210527,17.285626373249972,19
