hand,first_max_height,min_height,second_max_height,dribbling_frequency,bending_angle,duration
0,1.4937858581542969,1.216062307357788,1.4509334564208984,1.6666666666666665,4.898432531517319,18
