hand,first_max_height,min_height,second_max_height,dribbling_frequency,bending_angle,duration
0,1.1001594066619873,0.9721614718437195,1.1104212999343872,3.0,11.548460540968394,10
