hand,first_max_height,min_height,second_max_height,dribbling_frequency,bending_angle,duration
0,1.2896844148635864,0.9728125929832458,1.2714035511016846,2.0,7.347511234628466,15
