hand,first_max_height,min_height,second_max_height,dribbling_frequency,bending_angle,duration
0,1.4973400831222534,0.989579439163208,1.3695670366287231,1.5789473684210527,5.6399590579047425,19
