hand,first_max_height,min_height,second_max_height,dribbling_frequency,bending_angle,duration
0,1.283397912979126,1.038386583328247,1.2643061876296997,2.142857142857143,6.772737036169756,14
