hand,first_max_height,min_height,second_max_height,dribbling_frequency,bending_angle,duration
0,1.4732580184936523,1.0748742818832397,1.4493565559387207,1.875,4.155580215419172,16
