hand,first_max_height,min_height,second_max_height,dribbling_frequency,bending_angle,duration
0,1.4111363887786865,1.0478781461715698,1.3840802907943726,1.875,5.344886304166639,16
