hand,first_max_height,min_height,second_max_height,dribbling_frequency,bending_angle,duration
0,1.3217029571533203,1.1107782125473022,1.3330612182617188,2.307692307692308,7.115280826235723,13
