hand,first_max_height,min_height,second_max_height,dribbling_frequency,bending_angle,duration
0,1.212295413017273,1.071624517440796,1.2279928922653198,3.0,14.269348950863687,10
