hand,first_max_height,min_height,second_max_height,dribbling_frequency,bending_angle,duration
0,1.3033047914505005,0.9640076756477356,1.3284215927124023,1.5,15.981865886942586,20
