hand,first_max_height,min_height,second_max_height,dribbling_frequency,bending_angle,duration
0,0.8179766535758972,0.5763832926750183,0.8302023410797119,2.5,69.79242952064875,12
