hand,first_max_height,min_height,second_max_height,dribbling_frequency,bending_angle,duration
0,0.8907012939453125,0.7176171541213989,0.9081864356994629,2.7272727272727275,61.77250733420801,11
