hand,first_max_height,min_height,second_max_height,dribbling_frequency,bending_angle,duration
0,1.5172752141952515,0.976799726486206,1.543074607849121,1.3636363636363638,6.175818183111476,22
