hand,first_max_height,min_height,second_max_height,dribbling_frequency,bending_angle,duration
0,1.3462417125701904,1.0402541160583496,1.3720507621765137,1.5789473684210527,6.080285421486486,19
