hand,first_max_height,min_height,second_max_height,dribbling_frequency,bending_angle,duration
0,1.1805806159973145,0.9364039301872253,1.2567455768585205,1.875,12.240283487897896,16
