hand,first_max_height,min_height,second_max_height,dribbling_frequency,bending_angle,duration
0,1.269717812538147,1.0259953737258911,1.2661511898040771,2.307692307692308,11.21894425108095,13
