hand,first_max_height,min_height,second_max_height,dribbling_frequency,bending_angle,duration
0,1.380667805671692,0.9834057092666626,1.3892053365707397,1.3043478260869565,6.594850014249531,23
