hand,first_max_height,min_height,second_max_height,dribbling_frequency,bending_angle,duration
0,1.3978989124298096,1.0431849956512451,1.4134836196899414,2.0,6.365470034490193,15
