hand,first_max_height,min_height,second_max_height,dribbling_frequency,bending_angle,duration
0,1.3654102087020874,0.9896496534347534,1.3477345705032349,1.7647058823529411,9.31961087774713,17
