hand,first_max_height,min_height,second_max_height,dribbling_frequency,bending_angle,duration
0,1.4542922973632812,1.0309042930603027,1.4440104961395264,1.875,10.917183963075447,16
