hand,first_max_height,min_height,second_max_height,dribbling_frequency,bending_angle,duration
0,1.351117491722107,1.027093529701233,1.3429949283599854,1.6666666666666665,10.260556631912678,18
