hand,first_max_height,min_height,second_max_height,dribbling_frequency,bending_angle,duration
0,1.372294545173645,1.067575216293335,1.3871710300445557,1.875,5.283393747209026,16
