hand,first_max_height,min_height,second_max_height,dribbling_frequency,bending_angle,duration
0,1.5317360162734985,0.9808369874954224,1.4463168382644653,1.6666666666666665,9.21536851327559,18
