hand,first_max_height,min_height,second_max_height,dribbling_frequency,bending_angle,duration
0,1.2886335849761963,1.0471116304397583,1.317108392715454,2.307692307692308,18.576075045739444,13
