hand,first_max_height,min_height,second_max_height,dribbling_frequency,bending_angle,duration
0,1.1664007902145386,0.9264952540397644,1.079901933670044,2.142857142857143,17.384526226511998,14
