hand,first_max_height,min_height,second_max_height,dribbling_frequency,bending_angle,duration
0,0.7415297627449036,0.5859736204147339,0.8439394235610962,2.142857142857143,68.89505812774375,14
