hand,first_max_height,min_height,second_max_height,dribbling_frequency,bending_angle,duration
0,1.188271403312683,1.0505375862121582,1.1577250957489014,3.0,11.532102024698705,10
