hand,first_max_height,min_height,second_max_height,dribbling_frequency,bending_angle,duration
0,1.4438858032226562,1.0304800271987915,1.4333595037460327,1.6666666666666665,3.3694315743256507,18
