hand,first_max_height,min_height,second_max_height,dribbling_frequency,bending_angle,duration
0,1.3041011095046997,0.9914327263832092,1.3085516691207886,1.5789473684210527,15.34513129689237,19
