hand,first_max_height,min_height,second_max_height,dribbling_frequency,bending_angle,duration
0,1.2362562417984009,0.963605523109436,1.2325776815414429,2.5,30.117171494561457,12
