hand,first_max_height,min_height,second_max_height,dribbling_frequency,bending_angle,duration
0,1.212074875831604,0.9921360611915588,1.2503414154052734,2.142857142857143,7.800504858959716,14
