hand,first_max_height,min_height,second_max_height,dribbling_frequency,bending_angle,duration
0,0.8179298639297485,0.7414471507072449,1.3781342506408691,2.0,61.69098177229205,15
