hand,first_max_height,min_height,second_max_height,dribbling_frequency,bending_angle,duration
0,1.4027643203735352,0.9852680563926697,1.3654102087020874,1.6666666666666665,6.804653682677691,18
