hand,first_max_height,min_height,second_max_height,dribbling_frequency,bending_angle,duration
0,1.3254376649856567,1.0497256517410278,1.2681726217269897,2.142857142857143,5.90461250302885,14
