hand,first_max_height,min_height,second_max_height,dribbling_frequency,bending_angle,duration
0,1.4664928913116455,1.0414217710494995,1.4402142763137817,1.6666666666666665,10.393436735561387,18
