hand,first_max_height,min_height,second_max_height,dribbling_frequency,bending_angle,duration
0,1.4808275699615479,1.0653842687606812,1.5013662576675415,1.3043478260869565,1.073095903077327,23
