hand,first_max_height,min_height,second_max_height,dribbling_frequency,bending_angle,duration
0,0.814522922039032,0.6530560851097107,0.8273237943649292,2.307692307692308,60.4692165342846,13
