hand,first_max_height,min_height,second_max_height,dribbling_frequency,bending_angle,duration
0,1.3736779689788818,1.0651763677597046,1.3458499908447266,2.307692307692308,12.227148824031834,13
