hand,first_max_height,min_height,second_max_height,dribbling_frequency,bending_angle,duration
0,0.8515328168869019,0.6897943615913391,0.849800705909729,2.5,65.8791163199895,12
