hand,first_max_height,min_height,second_max_height,dribbling_frequency,bending_angle,duration
0,1.308210849761963,1.0168800354003906,1.3092416524887085,2.142857142857143,13.284789411102725,14
