hand,first_max_height,min_height,second_max_height,dribbling_frequency,bending_angle,duration
0,1.2574175596237183,0.9524890780448914,1.3017520904541016,2.142857142857143,18.07602516898449,14
