hand,first_max_height,min_height,second_max_height,dribbling_frequency,bending_angle,duration
0,1.2795658111572266,1.017157793045044,1.3095293045043945,2.142857142857143,9.369852732777224,14
