hand,first_max_height,min_height,second_max_height,dribbling_frequency,bending_angle,duration
0,1.3361245393753052,1.0888135433197021,1.3117529153823853,2.142857142857143,4.414282400423502,14
