hand,first_max_height,min_height,second_max_height,dribbling_frequency,bending_angle,duration
0,1.3556580543518066,1.080262303352356,1.3404872417449951,2.5,10.142605978502694,12
