hand,first_max_height,min_height,second_max_height,dribbling_frequency,bending_angle,duration
0,1.2961556911468506,1.0887964963912964,1.3046263456344604,2.5,6.399265532507195,12
