hand,first_max_height,min_height,second_max_height,dribbling_frequency,bending_angle,duration
0,1.2275378704071045,0.9534474015235901,1.2362449169158936,2.142857142857143,24.80363078254433,14
