hand,first_max_height,min_height,second_max_height,dribbling_frequency,bending_angle,duration
0,1.4959293603897095,1.1080049276351929,1.3884731531143188,1.3636363636363638,0.4385001930964772,22
