hand,first_max_height,min_height,second_max_height,dribbling_frequency,bending_angle,duration
0,1.230157732963562,0.9436038136482239,1.2368289232254028,2.307692307692308,29.866147028930342,13
