hand,first_max_height,min_height,second_max_height,dribbling_frequency,bending_angle,duration
0,1.1896741390228271,0.9356832504272461,1.1467429399490356,2.5,14.599994372123652,12
