hand,first_max_height,min_height,second_max_height,dribbling_frequency,bending_angle,duration
0,1.4900436401367188,0.9938620924949646,1.456154704093933,1.5789473684210527,6.464685986727688,19
