hand,first_max_height,min_height,second_max_height,dribbling_frequency,bending_angle,duration
0,1.344130277633667,0.938431441783905,1.2899537086486816,2.0,17.48480056860073,15
