hand,first_max_height,min_height,second_max_height,dribbling_frequency,bending_angle,duration
0,1.3913285732269287,1.0570255517959595,1.3668913841247559,2.142857142857143,12.934177838519807,14
