hand,first_max_height,min_height,second_max_height,dribbling_frequency,bending_angle,duration
0,0.7779369950294495,0.530876874923706,0.8179766535758972,2.142857142857143,69.72506147912138,14
