hand,first_max_height,min_height,second_max_height,dribbling_frequency,bending_angle,duration
0,1.340557336807251,0.9690834879875183,1.3224449157714844,1.4285714285714284,3.3104441020094546,21
