hand,first_max_height,min_height,second_max_height,dribbling_frequency,bending_angle,duration
0,0.9753727316856384,0.8209208250045776,0.9590938091278076,3.0,57.37107591134383,10
