hand,first_max_height,min_height,second_max_height,dribbling_frequency,bending_angle,duration
0,1.1732473373413086,0.8955658078193665,1.1117053031921387,2.307692307692308,32.1582278383751,13
