hand,first_max_height,min_height,second_max_height,dribbling_frequency,bending_angle,duration
0,1.2262160778045654,0.9762769937515259,1.262270212173462,2.5,26.44744836461453,12
