hand,first_max_height,min_height,second_max_height,dribbling_frequency,bending_angle,duration
0,1.1358904838562012,0.999966561794281,1.1205888986587524,2.7272727272727275,9.124190452924045,11
