hand,first_max_height,min_height,second_max_height,dribbling_frequency,bending_angle,duration
0,1.3201148509979248,1.0437657833099365,1.300978422164917,2.142857142857143,8.661225492059646,14
