hand,first_max_height,min_height,second_max_height,dribbling_frequency,bending_angle,duration
0,1.357741117477417,1.0361542701721191,1.2859044075012207,2.142857142857143,5.454123291877339,14
