hand,first_max_height,min_height,second_max_height,dribbling_frequency,bending_angle,duration
0,1.3738524913787842,0.7617002129554749,1.3678195476531982,1.5,17.81031002733873,20
