hand,first_max_height,min_height,second_max_height,dribbling_frequency,bending_angle,duration
0,1.3678500652313232,1.0511701107025146,1.3382240533828735,2.0,7.25832292677717,15
