hand,first_max_height,min_height,second_max_height,dribbling_frequency,bending_angle,duration
0,1.2067687511444092,1.0084086656570435,1.2217590808868408,2.307692307692308,22.261349416507006,13
