hand,first_max_height,min_height,second_max_height,dribbling_frequency,bending_angle,duration
0,1.1706067323684692,0.7781381011009216,1.1219556331634521,1.7647058823529411,23.11399636224686,17
