hand,first_max_height,min_height,second_max_height,dribbling_frequency,bending_angle,duration
0,1.092899203300476,0.7215138077735901,1.111636996269226,1.875,57.398939986516204,16
