hand,first_max_height,min_height,second_max_height,dribbling_frequency,bending_angle,duration
0,1.4034841060638428,1.0522111654281616,1.3913285732269287,2.0,11.310246852785014,15
