hand,first_max_height,min_height,second_max_height,dribbling_frequency,bending_angle,duration
0,1.2890095710754395,1.046797752380371,1.1517860889434814,2.7272727272727275,6.823786316420058,11
