hand,first_max_height,min_height,second_max_height,dribbling_frequency,bending_angle,duration
0,1.0488184690475464,0.957367479801178,1.306518316268921,2.7272727272727275,14.944542603878013,11
