hand,first_max_height,min_height,second_max_height,dribbling_frequency,bending_angle,duration
0,1.2832248210906982,1.052477478981018,1.326808214187622,2.307692307692308,12.003723083810163,13
