hand,first_max_height,min_height,second_max_height,dribbling_frequency,bending_angle,duration
0,1.3476371765136719,1.0044516324996948,1.3740763664245605,1.5789473684210527,16.203651974160284,19
