hand,first_max_height,min_height,second_max_height,dribbling_frequency,bending_angle,duration
0,1.0216273069381714,0.9780199527740479,1.3062657117843628,2.5,39.533847669510315,12
