hand,first_max_height,min_height,second_max_height,dribbling_frequency,bending_angle,duration
0,1.351128339767456,0.9181147217750549,1.2279305458068848,1.875,13.01439590436984,16
