hand,first_max_height,min_height,second_max_height,dribbling_frequency,bending_angle,duration
0,1.2326936721801758,0.9895211458206177,1.2626993656158447,2.307692307692308,13.96790910173092,13
