hand,first_max_height,min_height,second_max_height,dribbling_frequency,bending_angle,duration
0,1.2679290771484375,1.0425690412521362,1.2043957710266113,2.307692307692308,10.653810764591729,13
