hand,first_max_height,min_height,second_max_height,dribbling_frequency,bending_angle,duration
0,0.8266127109527588,0.6143693923950195,0.8646237254142761,2.5,62.92596803201127,12
