hand,first_max_height,min_height,second_max_height,dribbling_frequency,bending_angle,duration
0,1.3636555671691895,1.0302873849868774,1.4456020593643188,1.7647058823529411,7.218133096573139,17
