hand,first_max_height,min_height,second_max_height,dribbling_frequency,bending_angle,duration
0,1.1789054870605469,0.826596200466156,1.1467676162719727,1.7647058823529411,22.489478530815525,17
