hand,first_max_height,min_height,second_max_height,dribbling_frequency,bending_angle,duration
0,1.1151293516159058,0.7613675594329834,1.1108577251434326,2.307692307692308,41.140795586795825,13
