hand,first_max_height,min_height,second_max_height,dribbling_frequency,bending_angle,duration
0,1.4693208932876587,1.0829859972000122,1.4139140844345093,1.4285714285714284,2.9600341945020308,21
