hand,first_max_height,min_height,second_max_height,dribbling_frequency,bending_angle,duration
0,1.131867527961731,0.7608489394187927,1.1151293516159058,2.307692307692308,41.145527055446905,13
