hand,first_max_height,min_height,second_max_height,dribbling_frequency,bending_angle,duration
0,1.326808214187622,1.0404367446899414,1.3152598142623901,2.142857142857143,10.68437000859969,14
