hand,first_max_height,min_height,second_max_height,dribbling_frequency,bending_angle,duration
0,1.4180867671966553,0.9595475196838379,1.351128339767456,1.7647058823529411,7.987344363655407,17
