hand,first_max_height,min_height,second_max_height,dribbling_frequency,bending_angle,duration
0,1.2300316095352173,1.0220903158187866,1.2262240648269653,2.307692307692308,13.146164254663876,13
