hand,first_max_height,min_height,second_max_height,dribbling_frequency,bending_angle,duration
0,1.1552785634994507,0.9443495273590088,1.2776927947998047,2.307692307692308,34.47275194844839,13
