hand,first_max_height,min_height,second_max_height,dribbling_frequency,bending_angle,duration
0,1.303470492362976,0.9923157691955566,1.3334006071090698,1.5789473684210527,10.811410878304638,19
