hand,first_max_height,min_height,second_max_height,dribbling_frequency,bending_angle,duration
0,1.2364000082015991,1.0333305597305298,1.2691020965576172,2.307692307692308,19.30637239767761,13
