hand,first_max_height,min_height,second_max_height,dribbling_frequency,bending_angle,duration
0,1.2825839519500732,0.9509351253509521,1.3168002367019653,1.5,21.580169906187013,20
