hand,first_max_height,min_height,second_max_height,dribbling_frequency,bending_angle,duration
0,1.3270350694656372,1.0533868074417114,1.310997486114502,2.0,4.331763156936882,15
