hand,first_max_height,min_height,second_max_height,dribbling_frequency,bending_angle,duration
0,1.2054067850112915,1.0176559686660767,1.2391911745071411,2.5,17.564404509275427,12
