hand,first_max_height,min_height,second_max_height,dribbling_frequency,bending_angle,duration
0,1.195810317993164,0.9276637434959412,1.3934581279754639,1.5,13.223788746102239,20
