hand,first_max_height,min_height,second_max_height,dribbling_frequency,bending_angle,duration
0,1.1513789892196655,0.7780901789665222,1.1343103647232056,1.7647058823529411,24.649210873250848,17
