hand,first_max_height,min_height,second_max_height,dribbling_frequency,bending_angle,duration
0,1.2600449323654175,1.045252799987793,1.2452499866485596,2.307692307692308,6.637973627894413,13
