hand,first_max_height,min_height,second_max_height,dribbling_frequency,bending_angle,duration
0,1.2936726808547974,1.0168074369430542,1.2509194612503052,2.142857142857143,17.220824631129954,14
