hand,first_max_height,min_height,second_max_height,dribbling_frequency,bending_angle,duration
0,1.2724376916885376,1.0593817234039307,1.251826286315918,2.307692307692308,8.747908915793138,13
