hand,first_max_height,min_height,second_max_height,dribbling_frequency,bending_angle,duration
0,0.5881631374359131,0.5157220959663391,0.6551100611686707,3.0,74.71817486733865,10
