hand,first_max_height,min_height,second_max_height,dribbling_frequency,bending_angle,duration
0,0.8594105839729309,0.7453115582466125,0.8563128113746643,3.0,61.411088407092656,10
