hand,first_max_height,min_height,second_max_height,dribbling_frequency,bending_angle,duration
0,1.2197844982147217,1.0213425159454346,1.188271403312683,2.7272727272727275,12.004652736985609,11
