hand,first_max_height,min_height,second_max_height,dribbling_frequency,bending_angle,duration
0,1.1628286838531494,0.6373551487922668,1.0820647478103638,1.6666666666666665,39.97561665357968,18
