hand,first_max_height,min_height,second_max_height,dribbling_frequency,bending_angle,duration
0,0.9925575852394104,0.6707853674888611,0.9843460321426392,2.142857142857143,53.56729187481136,14
