hand,first_max_height,min_height,second_max_height,dribbling_frequency,bending_angle,duration
0,1.2910792827606201,0.9936549067497253,1.2744083404541016,1.5789473684210527,14.404766304970716,19
