hand,first_max_height,min_height,second_max_height,dribbling_frequency,bending_angle,duration
0,0.8481607437133789,0.6302506923675537,0.7448294758796692,2.5,57.98824337053466,12
