hand,first_max_height,min_height,second_max_height,dribbling_frequency,bending_angle,duration
0,1.3274917602539062,1.0251648426055908,1.3677715063095093,2.0,11.667472788371908,15
