hand,first_max_height,min_height,second_max_height,dribbling_frequency,bending_angle,duration
0,0.9509550333023071,0.7447068691253662,0.9884258508682251,2.142857142857143,58.67103505378228,14
