hand,first_max_height,min_height,second_max_height,dribbling_frequency,bending_angle,duration
0,1.1467429399490356,1.031449556350708,1.1895536184310913,3.0,16.52545063197292,10
