hand,first_max_height,min_height,second_max_height,dribbling_frequency,bending_angle,duration
0,1.3095293045043945,1.079406976699829,1.303784966468811,2.7272727272727275,11.37293041928802,11
