hand,first_max_height,min_height,second_max_height,dribbling_frequency,bending_angle,duration
0,1.4586718082427979,1.0601212978363037,1.4261687994003296,1.4285714285714284,0.7546930993674792,21
