hand,first_max_height,min_height,second_max_height,dribbling_frequency,bending_angle,duration
0,0.885011613368988,0.707956850528717,0.8800368905067444,2.5,59.35110761413329,12
