hand,first_max_height,min_height,second_max_height,dribbling_frequency,bending_angle,duration
0,1.267365574836731,1.0849720239639282,1.2724376916885376,2.7272727272727275,7.630745984248704,11
