hand,first_max_height,min_height,second_max_height,dribbling_frequency,bending_angle,duration
0,0.9890420436859131,0.7187110185623169,1.018812894821167,1.875,58.28468429292733,16
