hand,first_max_height,min_height,second_max_height,dribbling_frequency,bending_angle,duration
0,1.3790382146835327,0.9418062567710876,1.291501522064209,1.875,17.245772523064467,16
