hand,first_max_height,min_height,second_max_height,dribbling_frequency,bending_angle,duration
0,1.3975768089294434,1.0172698497772217,1.4183870553970337,1.7647058823529411,6.1769344391671135,17
