hand,first_max_height,min_height,second_max_height,dribbling_frequency,bending_angle,duration
0,1.2929565906524658,0.9479712247848511,1.3793073892593384,1.7647058823529411,27.061263478811806,17
