hand,first_max_height,min_height,second_max_height,dribbling_frequency,bending_angle,duration
0,1.158917784690857,0.8008372783660889,1.1706067323684692,1.7647058823529411,23.742867019277178,17
