hand,first_max_height,min_height,second_max_height,dribbling_frequency,bending_angle,duration
0,1.3522247076034546,0.9987199902534485,1.281378149986267,1.6666666666666665,11.9957293585977,18
