hand,first_max_height,min_height,second_max_height,dribbling_frequency,bending_angle,duration
0,0.693211019039154,0.5659525990486145,0.6837275624275208,3.0,75.87491746461889,10
