hand,first_max_height,min_height,second_max_height,dribbling_frequency,bending_angle,duration
0,1.2899537086486816,0.9518410563468933,1.281048059463501,2.142857142857143,21.802324897683285,14
