hand,first_max_height,min_height,second_max_height,dribbling_frequency,bending_angle,duration
0,1.2623172998428345,1.0002392530441284,1.2761343717575073,1.6666666666666665,12.580831782172078,18
