hand,first_max_height,min_height,second_max_height,dribbling_frequency,bending_angle,duration
0,1.2134212255477905,0.953753650188446,1.2411808967590332,2.307692307692308,28.845716610002043,13
