hand,first_max_height,min_height,second_max_height,dribbling_frequency,bending_angle,duration
0,1.1930170059204102,0.9777304530143738,1.2354053258895874,2.7272727272727275,28.466122895275813,11
