hand,first_max_height,min_height,second_max_height,dribbling_frequency,bending_angle,duration
0,1.4577146768569946,1.046823501586914,1.4252402782440186,1.3636363636363638,0.9960256414133628,22
