hand,first_max_height,min_height,second_max_height,dribbling_frequency,bending_angle,duration
0,1.1467676162719727,0.8038988709449768,1.1321407556533813,1.6666666666666665,22.946806078919924,18
