hand,first_max_height,min_height,second_max_height,dribbling_frequency,bending_angle,duration
0,1.2066826820373535,0.9241869449615479,1.1971189975738525,2.142857142857143,28.79383258265612,14
