hand,first_max_height,min_height,second_max_height,dribbling_frequency,bending_angle,duration
0,1.0005109310150146,0.6641074419021606,0.9095566272735596,2.307692307692308,53.51020371481968,13
