hand,first_max_height,min_height,second_max_height,dribbling_frequency,bending_angle,duration
0,1.281274437904358,0.9659258127212524,1.2098830938339233,2.307692307692308,7.862373725629664,13
