hand,first_max_height,min_height,second_max_height,dribbling_frequency,bending_angle,duration
0,1.5235790014266968,1.0913139581680298,1.5086641311645508,1.4285714285714284,2.982570346148399,21
