hand,first_max_height,min_height,second_max_height,dribbling_frequency,bending_angle,duration
0,0.7755970358848572,0.657173752784729,0.7251064777374268,2.307692307692308,61.36475513026054,13
