hand,first_max_height,min_height,second_max_height,dribbling_frequency,bending_angle,duration
0,1.24574613571167,0.9572402238845825,1.2183328866958618,2.307692307692308,28.759736808966245,13
