hand,first_max_height,min_height,second_max_height,dribbling_frequency,bending_angle,duration
0,1.33913254737854,0.9993616938591003,1.4136042594909668,1.875,16.75190485150499,16
