hand,first_max_height,min_height,second_max_height,dribbling_frequency,bending_angle,duration
0,1.2598803043365479,1.0073240995407104,1.269717812538147,2.142857142857143,11.22428069563923,14
