hand,first_max_height,min_height,second_max_height,dribbling_frequency,bending_angle,duration
0,1.2342174053192139,0.9456117749214172,1.197717547416687,2.307692307692308,28.729956334687095,13
