hand,first_max_height,min_height,second_max_height,dribbling_frequency,bending_angle,duration
0,1.281972050666809,0.9884044528007507,1.2634721994400024,2.142857142857143,17.7769281087697,14
