hand,first_max_height,min_height,second_max_height,dribbling_frequency,bending_angle,duration
0,1.2262240648269653,0.9451038837432861,1.1732473373413086,2.307692307692308,16.69192906367494,13
