hand,first_max_height,min_height,second_max_height,dribbling_frequency,bending_angle,duration
0,1.543074607849121,1.0188920497894287,1.4678184986114502,1.5,4.432141111461995,20
