hand,first_max_height,min_height,second_max_height,dribbling_frequency,bending_angle,duration
0,1.3788611888885498,1.0032895803451538,1.4231325387954712,1.875,7.392653332054631,16
