hand,first_max_height,min_height,second_max_height,dribbling_frequency,bending_angle,duration
0,1.300858974456787,1.0227198600769043,1.298767328262329,2.307692307692308,9.494302545505564,13
