hand,first_max_height,min_height,second_max_height,dribbling_frequency,bending_angle,duration
0,1.1394569873809814,0.8220122456550598,1.3602238893508911,1.7647058823529411,24.481444608973586,17
