hand,first_max_height,min_height,second_max_height,dribbling_frequency,bending_angle,duration
0,1.430931806564331,1.0488005876541138,1.4830684661865234,1.4285714285714284,4.707492265186224,21
