hand,first_max_height,min_height,second_max_height,dribbling_frequency,bending_angle,duration
0,1.3480778932571411,1.027960181236267,1.2795658111572266,2.142857142857143,7.4382527382428005,14
