hand,first_max_height,min_height,second_max_height,dribbling_frequency,bending_angle,duration
0,1.353663444519043,0.9587002992630005,1.3533631563186646,1.5,15.816518287433912,20
