hand,first_max_height,min_height,second_max_height,dribbling_frequency,bending_angle,duration
0,1.3381494283676147,1.0494614839553833,1.3806920051574707,2.142857142857143,8.00059546677762,14
