hand,first_max_height,min_height,second_max_height,dribbling_frequency,bending_angle,duration
0,1.2109394073486328,0.9307399988174438,1.2463748455047607,2.307692307692308,27.644650658424393,13
