hand,first_max_height,min_height,second_max_height,dribbling_frequency,bending_angle,duration
0,1.3484214544296265,0.9734067320823669,1.319646954536438,2.0,18.874995180974654,15
