hand,first_max_height,min_height,second_max_height,dribbling_frequency,bending_angle,duration
0,1.3564597368240356,0.9939628839492798,1.409256935119629,1.5789473684210527,18.28261623991805,19
