hand,first_max_height,min_height,second_max_height,dribbling_frequency,bending_angle,duration
0,1.2008922100067139,0.9370259642601013,1.1886465549468994,2.5,29.7755440618454,12
