hand,first_max_height,min_height,second_max_height,dribbling_frequency,bending_angle,duration
0,1.2365959882736206,1.0578486919403076,1.2247098684310913,2.5,18.477111879043637,12
