hand,first_max_height,min_height,second_max_height,dribbling_frequency,bending_angle,duration
0,0.8262136578559875,0.6367859244346619,0.7755970358848572,2.307692307692308,58.81742387969637,13
