hand,first_max_height,min_height,second_max_height,dribbling_frequency,bending_angle,duration
0,1.2080751657485962,0.9295727610588074,1.1930170059204102,2.5,27.55181619270865,12
