hand,first_max_height,min_height,second_max_height,dribbling_frequency,bending_angle,duration
0,1.2100811004638672,0.914609432220459,1.1896787881851196,2.142857142857143,17.564175360256296,14
