hand,first_max_height,min_height,second_max_height,dribbling_frequency,bending_angle,duration
0,0.8563128113746643,0.707775354385376,0.8577908277511597,2.7272727272727275,60.74650152498721,11
