hand,first_max_height,min_height,second_max_height,dribbling_frequency,bending_angle,duration
0,1.3418813943862915,0.760400652885437,1.30422842502594,1.875,51.497888544548594,16
