hand,first_max_height,min_height,second_max_height,dribbling_frequency,bending_angle,duration
0,1.3342952728271484,1.1061902046203613,1.301292061805725,2.5,4.569980877967174,12
