hand,first_max_height,min_height,second_max_height,dribbling_frequency,bending_angle,duration
0,1.2392970323562622,0.9859091639518738,1.299536943435669,2.142857142857143,17.00760440907692,14
