hand,first_max_height,min_height,second_max_height,dribbling_frequency,bending_angle,duration
0,0.7730492353439331,0.6083894968032837,0.6914483904838562,2.142857142857143,61.32908720393659,14
