hand,first_max_height,min_height,second_max_height,dribbling_frequency,bending_angle,duration
0,1.3018440008163452,1.0646131038665771,1.2832093238830566,2.307692307692308,13.9894596036071,13
