hand,first_max_height,min_height,second_max_height,dribbling_frequency,bending_angle,duration
0,1.3221237659454346,1.0104460716247559,1.3032653331756592,1.5789473684210527,10.386807278853293,19
