hand,first_max_height,min_height,second_max_height,dribbling_frequency,bending_angle,duration
0,1.1542537212371826,1.0197714567184448,1.187949299812317,2.7272727272727275,14.288115610220226,11
