hand,first_max_height,min_height,second_max_height,dribbling_frequency,bending_angle,duration
0,0.7628224492073059,0.6647614240646362,0.7448484897613525,2.142857142857143,59.46814528423061,14
