hand,first_max_height,min_height,second_max_height,dribbling_frequency,bending_angle,duration
0,1.291501522064209,0.8748518824577332,1.1628286838531494,2.142857142857143,27.123479472491635,14
