hand,first_max_height,min_height,second_max_height,dribbling_frequency,bending_angle,duration
0,1.4210784435272217,1.0830389261245728,1.432759165763855,1.3636363636363638,1.426570053839804,22
