hand,first_max_height,min_height,second_max_height,dribbling_frequency,bending_angle,duration
0,1.1891003847122192,0.9118300676345825,1.209765911102295,2.307692307692308,25.204444223179955,13
