hand,first_max_height,min_height,second_max_height,dribbling_frequency,bending_angle,duration
0,1.2899982929229736,0.9346562623977661,1.2860864400863647,2.0,20.279341638666896,15
