hand,first_max_height,min_height,second_max_height,dribbling_frequency,bending_angle,duration
0,1.3871710300445557,1.0063008069992065,1.3370683193206787,1.875,2.382175581663733,16
