hand,first_max_height,min_height,second_max_height,dribbling_frequency,bending_angle,duration
0,0.8229267001152039,0.611163854598999,0.8324385285377502,2.307692307692308,68.12723547854749,13
