hand,first_max_height,min_height,second_max_height,dribbling_frequency,bending_angle,duration
0,1.2599684000015259,0.99917072057724,1.250288963317871,2.142857142857143,11.443441918740742,14
