hand,first_max_height,min_height,second_max_height,dribbling_frequency,bending_angle,duration
0,1.4255577325820923,1.05049729347229,1.4384123086929321,1.3043478260869565,1.2526980281817688,23
