hand,first_max_height,min_height,second_max_height,dribbling_frequency,bending_angle,duration
0,1.3293187618255615,1.0142157077789307,1.2927857637405396,2.142857142857143,8.138736571460022,14
