hand,first_max_height,min_height,second_max_height,dribbling_frequency,bending_angle,duration
0,1.284962773323059,1.096544623374939,1.2559665441513062,2.7272727272727275,5.845495336091354,11
