hand,first_max_height,min_height,second_max_height,dribbling_frequency,bending_angle,duration
0,1.3689082860946655,1.0119878053665161,1.4320615530014038,1.3636363636363638,9.851490303376488,22
