hand,first_max_height,min_height,second_max_height,dribbling_frequency,bending_angle,duration
0,1.3506401777267456,1.0289921760559082,1.3899818658828735,2.0,9.553712303750975,15
