hand,first_max_height,min_height,second_max_height,dribbling_frequency,bending_angle,duration
0,1.212646245956421,0.9756532311439514,1.254428505897522,2.5,13.740454221048159,12
