hand,first_max_height,min_height,second_max_height,dribbling_frequency,bending_angle,duration
0,1.4095475673675537,0.9865238666534424,1.39918851852417,1.5,1.2104098628476736,20
