hand,first_max_height,min_height,second_max_height,dribbling_frequency,bending_angle,duration
0,1.1369086503982544,0.8412402868270874,1.1513789892196655,1.7647058823529411,23.122758450266303,17
