hand,first_max_height,min_height,second_max_height,dribbling_frequency,bending_angle,duration
0,1.3832335472106934,0.9918748140335083,1.387434959411621,1.7647058823529411,4.982474384485312,17
