hand,first_max_height,min_height,second_max_height,dribbling_frequency,bending_angle,duration
0,1.3582627773284912,1.0571874380111694,1.3828210830688477,2.142857142857143,8.261015713001612,14
