hand,first_max_height,min_height,second_max_height,dribbling_frequency,bending_angle,duration
0,1.1704611778259277,0.942895233631134,1.261129379272461,1.3043478260869565,18.06979287025452,23
