hand,first_max_height,min_height,second_max_height,dribbling_frequency,bending_angle,duration
0,1.3573375940322876,1.0328352451324463,1.3586761951446533,2.142857142857143,5.657646527609603,14
