hand,first_max_height,min_height,second_max_height,dribbling_frequency,bending_angle,duration
0,1.352843999862671,1.0615607500076294,1.3704966306686401,2.0,6.369081263369963,15
