hand,first_max_height,min_height,second_max_height,dribbling_frequency,bending_angle,duration
0,1.319646954536438,0.9734483361244202,1.2867224216461182,2.142857142857143,17.38089114645157,14
