hand,first_max_height,min_height,second_max_height,dribbling_frequency,bending_angle,duration
0,1.484690546989441,1.0771878957748413,1.3177826404571533,1.5789473684210527,6.066394810967036,19
