hand,first_max_height,min_height,second_max_height,dribbling_frequency,bending_angle,duration
0,1.3906707763671875,1.0010786056518555,1.367485761642456,2.0,4.936532518268205,15
