hand,first_max_height,min_height,second_max_height,dribbling_frequency,bending_angle,duration
0,1.2989767789840698,0.9985678791999817,1.328054666519165,1.5789473684210527,17.97331131900488,19
