hand,first_max_height,min_height,second_max_height,dribbling_frequency,bending_angle,duration
0,1.1509840488433838,0.8308950066566467,1.150277018547058,1.875,22.96520671356927,16
