hand,first_max_height,min_height,second_max_height,dribbling_frequency,bending_angle,duration
0,1.2559665441513062,1.0926847457885742,1.285064697265625,3.0,8.510479963123535,10
