hand,first_max_height,min_height,second_max_height,dribbling_frequency,bending_angle,duration
0,1.0949888229370117,0.9710903167724609,1.1235997676849365,3.0,17.98176003202437,10
