hand,first_max_height,min_height,second_max_height,dribbling_frequency,bending_angle,duration
0,1.2084224224090576,0.8932539820671082,1.2131625413894653,2.307692307692308,30.15032090555379,13
