hand,first_max_height,min_height,second_max_height,dribbling_frequency,bending_angle,duration
0,1.184598684310913,1.0499917268753052,1.1728442907333374,3.0,10.17493446313486,10
