hand,first_max_height,min_height,second_max_height,dribbling_frequency,bending_angle,duration
0,1.4142730236053467,1.0346488952636719,1.3935540914535522,1.3636363636363638,6.288299951561756,22
