hand,first_max_height,min_height,second_max_height,dribbling_frequency,bending_angle,duration
0,1.2706488370895386,0.9853380918502808,1.3328404426574707,1.5789473684210527,14.000114801671302,19
