hand,first_max_height,min_height,second_max_height,dribbling_frequency,bending_angle,duration
0,1.1842787265777588,0.9411611557006836,1.2008922100067139,2.307692307692308,27.795792266011965,13
