hand,first_max_height,min_height,second_max_height,dribbling_frequency,bending_angle,duration
0,1.2668123245239258,0.9385585188865662,1.2817445993423462,2.0,23.01995863770317,15
