hand,first_max_height,min_height,second_max_height,dribbling_frequency,bending_angle,duration
0,1.340554118156433,1.0637739896774292,1.3364619016647339,2.142857142857143,3.7725651917018563,14
