hand,first_max_height,min_height,second_max_height,dribbling_frequency,bending_angle,duration
0,1.1793179512023926,0.945673942565918,1.2324496507644653,2.5,30.363410894579513,12
