hand,first_max_height,min_height,second_max_height,dribbling_frequency,bending_angle,duration
0,1.3704966306686401,1.0646637678146362,1.358389973640442,2.142857142857143,7.479702010552732,14
