hand,first_max_height,min_height,second_max_height,dribbling_frequency,bending_angle,duration
0,1.3429949283599854,1.0714935064315796,1.3489515781402588,1.875,11.075786933184407,16
