hand,first_max_height,min_height,second_max_height,dribbling_frequency,bending_angle,duration
0,1.1937410831451416,0.9635745882987976,1.1854265928268433,2.307692307692308,17.028660177230822,13
