hand,first_max_height,min_height,second_max_height,dribbling_frequency,bending_angle,duration
0,1.3207114934921265,0.9857617020606995,1.3575953245162964,1.5,10.119873411819398,20
