hand,first_max_height,min_height,second_max_height,dribbling_frequency,bending_angle,duration
0,1.3935540914535522,0.967334508895874,1.3253495693206787,1.5,6.7864080134427605,20
