hand,first_max_height,min_height,second_max_height,dribbling_frequency,bending_angle,duration
0,1.2107696533203125,0.9385457634925842,1.2179723978042603,2.5,26.51583122652126,12
