hand,first_max_height,min_height,second_max_height,dribbling_frequency,bending_angle,duration
0,1.388999342918396,0.9552956223487854,1.3071717023849487,1.3636363636363638,13.802501819032903,22
