hand,first_max_height,min_height,second_max_height,dribbling_frequency,bending_angle,duration
0,1.1777076721191406,0.8746068477630615,1.1851146221160889,2.5,35.6059147412171,12
