hand,first_max_height,min_height,second_max_height,dribbling_frequency,bending_angle,duration
0,0.947145938873291,0.7615175843238831,0.9918820261955261,2.142857142857143,60.19195427495776,14
