hand,first_max_height,min_height,second_max_height,dribbling_frequency,bending_angle,duration
0,1.3119876384735107,1.0364055633544922,1.3050222396850586,2.307692307692308,6.760387540196067,13
