hand,first_max_height,min_height,second_max_height,dribbling_frequency,bending_angle,duration
0,1.3130508661270142,0.8712212443351746,1.3179274797439575,1.5789473684210527,22.107192525816014,19
