hand,first_max_height,min_height,second_max_height,dribbling_frequency,bending_angle,duration
0,1.0415515899658203,0.8618548512458801,1.0806759595870972,2.142857142857143,29.360748078599762,14
