hand,first_max_height,min_height,second_max_height,dribbling_frequency,bending_angle,duration
0,1.1411855220794678,0.7770507335662842,1.1575775146484375,1.6666666666666665,27.710728014046968,18
