hand,first_max_height,min_height,second_max_height,dribbling_frequency,bending_angle,duration
0,1.2455942630767822,1.0398180484771729,1.2598803043365479,2.307692307692308,9.709801340734352,13
