hand,first_max_height,min_height,second_max_height,dribbling_frequency,bending_angle,duration
0,1.2606709003448486,1.0161889791488647,1.2273916006088257,2.142857142857143,8.137150675942861,14
