hand,first_max_height,min_height,second_max_height,dribbling_frequency,bending_angle,duration
0,1.1938636302947998,0.9400127530097961,1.1708695888519287,2.5,30.52579327914698,12
