hand,first_max_height,min_height,second_max_height,dribbling_frequency,bending_angle,duration
0,1.2176753282546997,1.0714185237884521,1.1868946552276611,3.0,16.5919044440917,10
