hand,first_max_height,min_height,second_max_height,dribbling_frequency,bending_angle,duration
0,0.6837275624275208,0.6341152191162109,1.53541100025177,2.307692307692308,75.01441843852486,13
