hand,first_max_height,min_height,second_max_height,dribbling_frequency,bending_angle,duration
0,1.3637503385543823,0.9963305592536926,1.351117491722107,1.5,8.356437335648138,20
