hand,first_max_height,min_height,second_max_height,dribbling_frequency,bending_angle,duration
0,1.2135932445526123,0.9381645917892456,1.2262710332870483,2.307692307692308,24.56133754323937,13
