hand,first_max_height,min_height,second_max_height,dribbling_frequency,bending_angle,duration
0,1.3662840127944946,0.9975986480712891,1.4027643203735352,1.7647058823529411,5.981408606429608,17
