hand,first_max_height,min_height,second_max_height,dribbling_frequency,bending_angle,duration
0,1.0199569463729858,0.8026793599128723,0.9435518383979797,2.307692307692308,45.42946309353284,13
