hand,first_max_height,min_height,second_max_height,dribbling_frequency,bending_angle,duration
0,1.0860236883163452,0.9139224886894226,1.0265792608261108,3.0,31.96284166519703,10
