hand,first_max_height,min_height,second_max_height,dribbling_frequency,bending_angle,duration
0,1.4141020774841309,1.029471755027771,1.4082900285720825,1.875,6.595613197368277,16
