hand,first_max_height,min_height,second_max_height,dribbling_frequency,bending_angle,duration
0,1.3107635974884033,0.9929153919219971,1.2877562046051025,1.5789473684210527,9.293799983021074,19
