hand,first_max_height,min_height,second_max_height,dribbling_frequency,bending_angle,duration
0,1.248763918876648,0.9728061556816101,1.3207114934921265,1.5,12.357978070704974,20
