hand,first_max_height,min_height,second_max_height,dribbling_frequency,bending_angle,duration
0,1.359678864479065,1.0544686317443848,1.3481640815734863,1.875,4.073723066415212,16
