hand,first_max_height,min_height,second_max_height,dribbling_frequency,bending_angle,duration
0,1.216280460357666,0.9229415059089661,1.2115845680236816,2.142857142857143,25.485519715193025,14
