hand,first_max_height,min_height,second_max_height,dribbling_frequency,bending_angle,duration
0,1.4515079259872437,1.052988886833191,1.4667000770568848,1.3636363636363638,1.4519422455309143,22
