hand,first_max_height,min_height,second_max_height,dribbling_frequency,bending_angle,duration
0,1.4056462049484253,0.9534811973571777,1.39574134349823,1.875,7.836002850015713,16
