hand,first_max_height,min_height,second_max_height,dribbling_frequency,bending_angle,duration
0,1.3735296726226807,1.0088120698928833,1.3637503385543823,1.6666666666666665,9.320027908395554,18
