hand,first_max_height,min_height,second_max_height,dribbling_frequency,bending_angle,duration
0,1.4134836196899414,1.0488603115081787,1.3975768089294434,1.7647058823529411,7.465959787493411,17
