hand,first_max_height,min_height,second_max_height,dribbling_frequency,bending_angle,duration
0,1.349221110343933,1.0087703466415405,1.3333486318588257,2.0,11.095391566347113,15
