hand,first_max_height,min_height,second_max_height,dribbling_frequency,bending_angle,duration
0,1.3328404426574707,0.9697009325027466,1.388999342918396,1.6666666666666665,14.95938005244044,18
