hand,first_max_height,min_height,second_max_height,dribbling_frequency,bending_angle,duration
0,1.1895536184310913,0.9101194739341736,1.0809382200241089,3.0,21.832178386913736,10
