hand,first_max_height,min_height,second_max_height,dribbling_frequency,bending_angle,duration
0,1.3241896629333496,1.002478003501892,1.281972050666809,2.142857142857143,16.991297709198264,14
