hand,first_max_height,min_height,second_max_height,dribbling_frequency,bending_angle,duration
0,1.164076566696167,0.7939715385437012,1.1179875135421753,1.875,21.811751297829765,16
