hand,first_max_height,min_height,second_max_height,dribbling_frequency,bending_angle,duration
0,1.358221411705017,0.9729245901107788,1.4047434329986572,1.875,13.690513067780378,16
