hand,first_max_height,min_height,second_max_height,dribbling_frequency,bending_angle,duration
0,1.3098276853561401,1.0015277862548828,1.268626093864441,2.0,8.320848274734107,15
