hand,first_max_height,min_height,second_max_height,dribbling_frequency,bending_angle,duration
0,1.376308560371399,1.053133487701416,1.3699069023132324,2.0,10.553473906218699,15
