hand,first_max_height,min_height,second_max_height,dribbling_frequency,bending_angle,duration
0,1.072784185409546,0.8332583904266357,1.1287498474121094,2.307692307692308,25.438844968097694,13
