hand,first_max_height,min_height,second_max_height,dribbling_frequency,bending_angle,duration
0,1.2452499866485596,1.0979557037353516,1.3342952728271484,2.5,4.138128614166195,12
