hand,first_max_height,min_height,second_max_height,dribbling_frequency,bending_angle,duration
0,0.993826150894165,0.8268700242042542,0.9576993584632874,3.0,46.355983394281736,10
