hand,first_max_height,min_height,second_max_height,dribbling_frequency,bending_angle,duration
0,0.905446469783783,0.7925741672515869,0.937574028968811,2.7272727272727275,56.59164012170886,11
