hand,first_max_height,min_height,second_max_height,dribbling_frequency,bending_angle,duration
0,0.8997635841369629,0.747093141078949,1.1069355010986328,2.307692307692308,36.33204726444695,13
