hand,first_max_height,min_height,second_max_height,dribbling_frequency,bending_angle,duration
0,0.7671825289726257,0.6416671276092529,0.7288419008255005,2.142857142857143,60.585077691964536,14
