hand,first_max_height,min_height,second_max_height,dribbling_frequency,bending_angle,duration
0,1.2273916006088257,0.9983134865760803,1.212074875831604,2.142857142857143,8.515649765469128,14
