hand,first_max_height,min_height,second_max_height,dribbling_frequency,bending_angle,duration
0,1.282140851020813,1.0475244522094727,1.2907562255859375,2.142857142857143,6.852369291334819,14
