hand,first_max_height,min_height,second_max_height,dribbling_frequency,bending_angle,duration
0,1.1811467409133911,0.8326042294502258,1.1601500511169434,1.6666666666666665,22.981157274291473,18
