hand,first_max_height,min_height,second_max_height,dribbling_frequency,bending_angle,duration
0,1.414989709854126,0.9010362029075623,1.4900599718093872,1.5789473684210527,11.121565213458656,19
