hand,first_max_height,min_height,second_max_height,dribbling_frequency,bending_angle,duration
0,0.949907124042511,0.7801604270935059,0.9401904940605164,2.5,55.38285967371666,12
