hand,first_max_height,min_height,second_max_height,dribbling_frequency,bending_angle,duration
0,1.0919420719146729,0.7521598935127258,1.1034727096557617,2.0,25.44569652559793,15
