hand,first_max_height,min_height,second_max_height,dribbling_frequency,bending_angle,duration
0,0.8039458394050598,0.6141945123672485,0.7013109922409058,2.5,60.14936183446741,12
