hand,first_max_height,min_height,second_max_height,dribbling_frequency,bending_angle,duration
0,1.2993810176849365,1.0562269687652588,1.352380394935608,2.142857142857143,7.829505917504497,14
