hand,first_max_height,min_height,second_max_height,dribbling_frequency,bending_angle,duration
0,1.1854265928268433,0.9481355547904968,1.1833781003952026,2.307692307692308,15.223855136108622,13
