hand,first_max_height,min_height,second_max_height,dribbling_frequency,bending_angle,duration
0,1.150015950202942,1.0140234231948853,1.1427353620529175,3.0,22.742622279418228,10
