hand,first_max_height,min_height,second_max_height,dribbling_frequency,bending_angle,duration
0,1.2494267225265503,1.032838225364685,1.2587454319000244,2.307692307692308,11.505140903732391,13
