hand,first_max_height,min_height,second_max_height,dribbling_frequency,bending_angle,duration
0,1.3017520904541016,1.0254846811294556,1.3012745380401611,2.307692307692308,15.40017173286319,13
