hand,first_max_height,min_height,second_max_height,dribbling_frequency,bending_angle,duration
0,1.308339238166809,1.0041881799697876,1.3316006660461426,2.142857142857143,7.634330276584986,14
