hand,first_max_height,min_height,second_max_height,dribbling_frequency,bending_angle,duration
0,1.0021003484725952,0.5895034670829773,1.006146788597107,2.0,59.80551820482801,15
