hand,first_max_height,min_height,second_max_height,dribbling_frequency,bending_angle,duration
0,1.3702057600021362,0.9533162117004395,1.4973400831222534,1.5,20.512781613699985,20
