hand,first_max_height,min_height,second_max_height,dribbling_frequency,bending_angle,duration
0,1.1943858861923218,0.9563453197479248,1.16229248046875,2.142857142857143,17.99161527164701,14
