hand,first_max_height,min_height,second_max_height,dribbling_frequency,bending_angle,duration
0,1.331774115562439,1.0835572481155396,1.3515143394470215,2.142857142857143,7.268889403711466,14
