hand,first_max_height,min_height,second_max_height,dribbling_frequency,bending_angle,duration
0,1.259765386581421,1.0572102069854736,1.2042850255966187,2.7272727272727275,15.51755833558094,11
