hand,first_max_height,min_height,second_max_height,dribbling_frequency,bending_angle,duration
0,1.3510639667510986,1.0147504806518555,1.3033047914505005,1.6666666666666665,16.496308857586435,18
