hand,first_max_height,min_height,second_max_height,dribbling_frequency,bending_angle,duration
0,1.303784966468811,1.083579182624817,1.1989880800247192,3.0,10.26664685656421,10
