hand,first_max_height,min_height,second_max_height,dribbling_frequency,bending_angle,duration
0,1.3201777935028076,1.0181840658187866,1.3347117900848389,2.0,7.754796790257262,15
