hand,first_max_height,min_height,second_max_height,dribbling_frequency,bending_angle,duration
0,1.2983288764953613,1.0046125650405884,1.300003170967102,1.875,6.914464962651839,16
