hand,first_max_height,min_height,second_max_height,dribbling_frequency,bending_angle,duration
0,1.3085516691207886,0.978211522102356,1.2690848112106323,1.5789473684210527,13.292173487536616,19
