hand,first_max_height,min_height,second_max_height,dribbling_frequency,bending_angle,duration
0,1.3655210733413696,0.9502223134040833,1.3451083898544312,1.4285714285714284,15.471221815112314,21
