hand,first_max_height,min_height,second_max_height,dribbling_frequency,bending_angle,duration
0,1.2604539394378662,0.9625617265701294,1.2293704748153687,2.307692307692308,23.899198222666023,13
