hand,first_max_height,min_height,second_max_height,dribbling_frequency,bending_angle,duration
0,1.3507007360458374,1.038713812828064,1.3300671577453613,2.307692307692308,10.76026018466752,13
