hand,first_max_height,min_height,second_max_height,dribbling_frequency,bending_angle,duration
0,1.4509334564208984,1.1728532314300537,1.5135794878005981,2.0,6.0810557380551025,15
