hand,first_max_height,min_height,second_max_height,dribbling_frequency,bending_angle,duration
0,1.2690848112106323,0.9575777053833008,1.2847278118133545,1.6666666666666665,14.505664650969997,18
