hand,first_max_height,min_height,second_max_height,dribbling_frequency,bending_angle,duration
0,1.2202056646347046,0.9127770066261292,1.1962159872055054,2.307692307692308,29.20278082913075,13
