hand,first_max_height,min_height,second_max_height,dribbling_frequency,bending_angle,duration
0,1.3413714170455933,0.9733769297599792,1.3481312990188599,1.875,11.813935058591118,16
