hand,first_max_height,min_height,second_max_height,dribbling_frequency,bending_angle,duration
0,1.3470789194107056,1.0336966514587402,1.3932799100875854,2.0,6.833399238042688,15
