hand,first_max_height,min_height,second_max_height,dribbling_frequency,bending_angle,duration
0,1.286561131477356,0.9988380074501038,1.2877697944641113,2.307692307692308,8.67321745983513,13
