hand,first_max_height,min_height,second_max_height,dribbling_frequency,bending_angle,duration
0,1.3252657651901245,1.0119880437850952,1.28887140750885,1.875,8.634595147457024,16
