hand,first_max_height,min_height,second_max_height,dribbling_frequency,bending_angle,duration
0,1.478003740310669,1.094402551651001,1.4577146768569946,1.4285714285714284,0.7258750755447273,21
