hand,first_max_height,min_height,second_max_height,dribbling_frequency,bending_angle,duration
0,1.139957308769226,1.0364493131637573,1.184598684310913,3.0,8.956928413101986,10
