hand,first_max_height,min_height,second_max_height,dribbling_frequency,bending_angle,duration
0,1.3847917318344116,1.0373164415359497,1.3423783779144287,2.0,8.610418417271239,15
