hand,first_max_height,min_height,second_max_height,dribbling_frequency,bending_angle,duration
0,1.2076878547668457,0.7747682332992554,1.1785485744476318,1.7647058823529411,41.36344393373225,17
