hand,first_max_height,min_height,second_max_height,dribbling_frequency,bending_angle,duration
0,1.3236823081970215,0.8623303771018982,1.3105462789535522,1.6666666666666665,21.349021705880517,18
