hand,first_max_height,min_height,second_max_height,dribbling_frequency,bending_angle,duration
0,1.2043957710266113,1.0518169403076172,1.2067582607269287,2.5,20.80622383266604,12
