hand,first_max_height,min_height,second_max_height,dribbling_frequency,bending_angle,duration
0,1.3797900676727295,1.0428396463394165,1.3940917253494263,1.5789473684210527,7.62430708395415,19
