hand,first_max_height,min_height,second_max_height,dribbling_frequency,bending_angle,duration
0,0.9162181615829468,0.7527658939361572,0.8907012939453125,2.307692307692308,61.70269916510407,13
