hand,first_max_height,min_height,second_max_height,dribbling_frequency,bending_angle,duration
0,1.103408932685852,0.8085595369338989,1.0949044227600098,2.307692307692308,39.29183868328564,13
