hand,first_max_height,min_height,second_max_height,dribbling_frequency,bending_angle,duration
0,1.2289501428604126,0.8710722327232361,1.5255024433135986,1.5789473684210527,38.43448910736718,19
