hand,first_max_height,min_height,second_max_height,dribbling_frequency,bending_angle,duration
0,1.4207954406738281,0.9756262898445129,1.3788611888885498,1.875,8.510030827250691,16
