hand,first_max_height,min_height,second_max_height,dribbling_frequency,bending_angle,duration
0,1.459820032119751,1.0867927074432373,1.4338371753692627,1.3043478260869565,0.5097990941173526,23
