hand,first_max_height,min_height,second_max_height,dribbling_frequency,bending_angle,duration
0,1.328054666519165,0.9691803455352783,1.3195430040359497,1.6666666666666665,16.641260383676087,18
