hand,first_max_height,min_height,second_max_height,dribbling_frequency,bending_angle,duration
0,1.2368289232254028,0.9501560926437378,1.2362562417984009,2.307692307692308,30.5266602254747,13
