hand,first_max_height,min_height,second_max_height,dribbling_frequency,bending_angle,duration
0,1.2421224117279053,1.0276141166687012,1.2429988384246826,2.307692307692308,14.632595652293592,13
