hand,first_max_height,min_height,second_max_height,dribbling_frequency,bending_angle,duration
0,0.9295636415481567,0.9101836085319519,0.913219153881073,1.4285714285714284,7.612639906531657,21
