hand,first_max_height,min_height,second_max_height,dribbling_frequency,bending_angle,duration
0,0.7363663911819458,0.711593508720398,0.7259898781776428,1.875,49.75530391852983,16
