hand,first_max_height,min_height,second_max_height,dribbling_frequency,bending_angle,duration
0,1.2767091989517212,0.7854023575782776,0.8941745758056641,1.875,33.98450740847858,16
