hand,first_max_height,min_height,second_max_height,dribbling_frequency,bending_angle,duration
0,0.922571063041687,0.914493203163147,0.9243485331535339,1.25,1.491130148078044,24
