hand,first_max_height,min_height,second_max_height,dribbling_frequency,bending_angle,duration
0,0.9509241580963135,0.9199169874191284,0.9224217534065247,2.0,13.112342666093422,15
