hand,first_max_height,min_height,second_max_height,dribbling_frequency,bending_angle,duration
0,0.8382384777069092,0.8148994445800781,1.2401888370513916,2.142857142857143,41.22041332174848,14
