hand,first_max_height,min_height,second_max_height,dribbling_frequency,bending_angle,duration
0,0.8774428963661194,0.8653336763381958,0.8836921453475952,1.7647058823529411,31.207806814347663,17
