hand,first_max_height,min_height,second_max_height,dribbling_frequency,bending_angle,duration
0,1.1640418767929077,0.8293839693069458,0.864563524723053,2.142857142857143,33.162927434802434,14
