hand,first_max_height,min_height,second_max_height,dribbling_frequency,bending_angle,duration
0,0.918979287147522,0.9018538594245911,0.9046201109886169,1.5789473684210527,6.705250741453597,19
