hand,first_max_height,min_height,second_max_height,dribbling_frequency,bending_angle,duration
0,0.9273093342781067,0.8645216226577759,0.865789532661438,1.3636363636363638,23.509122360957793,22
