hand,first_max_height,min_height,second_max_height,dribbling_frequency,bending_angle,duration
0,0.9325559139251709,0.9220025539398193,0.9468794465065002,1.4285714285714284,8.825571884412263,21
