hand,first_max_height,min_height,second_max_height,dribbling_frequency,bending_angle,duration
0,1.0039070844650269,0.7240625023841858,0.8798299431800842,2.7272727272727275,63.323274619328345,11
