hand,first_max_height,min_height,second_max_height,dribbling_frequency,bending_angle,duration
0,1.3009599447250366,0.9276727437973022,0.9405154585838318,2.0,11.296750354208399,15
