hand,first_max_height,min_height,second_max_height,dribbling_frequency,bending_angle,duration
0,1.1651338338851929,0.8609218597412109,0.895722508430481,1.7647058823529411,26.158760262601657,17
