hand,first_max_height,min_height,second_max_height,dribbling_frequency,bending_angle,duration
0,0.9175317883491516,0.9119867086410522,0.9297541975975037,1.4285714285714284,10.510725547091258,21
