hand,first_max_height,min_height,second_max_height,dribbling_frequency,bending_angle,duration
0,0.7785005569458008,0.7398243546485901,0.7613186836242676,1.875,41.33920668327036,16
