hand,first_max_height,min_height,second_max_height,dribbling_frequency,bending_angle,duration
0,0.7180842161178589,0.6981279253959656,1.192473292350769,1.6666666666666665,48.742381509621836,18
