hand,first_max_height,min_height,second_max_height,dribbling_frequency,bending_angle,duration
0,0.9343276023864746,0.9323931336402893,0.9604741334915161,1.3636363636363638,0.39342667564456035,22
