hand,first_max_height,min_height,second_max_height,dribbling_frequency,bending_angle,duration
0,0.9145330190658569,0.6139581203460693,0.8626174330711365,1.3043478260869565,59.90572082908301,23
