hand,first_max_height,min_height,second_max_height,dribbling_frequency,bending_angle,duration
0,0.9403238892555237,0.9179633855819702,0.9336837530136108,1.5789473684210527,8.40155151014395,19
