hand,first_max_height,min_height,second_max_height,dribbling_frequency,bending_angle,duration
0,1.0850193500518799,1.0794674158096313,1.0883686542510986,2.0,5.656027532481535,15
