hand,first_max_height,min_height,second_max_height,dribbling_frequency,bending_angle,duration
0,1.0941482782363892,0.932633101940155,1.1948953866958618,3.0,34.017157748986854,10
