hand,first_max_height,min_height,second_max_height,dribbling_frequency,bending_angle,duration
1,0.927556574344635,0.8598248362541199,0.8720656037330627,2.5,30.107902198215783,12
