hand,first_max_height,min_height,second_max_height,dribbling_frequency,bending_angle,duration
0,0.9727568626403809,0.8532459139823914,0.9170564413070679,1.3636363636363638,15.968506325330406,22
