hand,first_max_height,min_height,second_max_height,dribbling_frequency,bending_angle,duration
0,0.9643555283546448,0.8997929692268372,1.1365258693695068,2.5,18.57429872119998,12
