hand,first_max_height,min_height,second_max_height,dribbling_frequency,bending_angle,duration
0,0.9230772852897644,0.904111385345459,0.9179022312164307,2.142857142857143,35.24147666165622,14
