hand,first_max_height,min_height,second_max_height,dribbling_frequency,bending_angle,duration
1,1.080947995185852,1.0694960355758667,1.0907741785049438,2.7272727272727275,14.127837411400678,11
