hand,first_max_height,min_height,second_max_height,dribbling_frequency,bending_angle,duration
0,1.2651960849761963,0.9805662035942078,1.2617958784103394,2.142857142857143,20.492459302068056,14
