hand,first_max_height,min_height,second_max_height,dribbling_frequency,bending_angle,duration
0,0.9322729110717773,0.9235870838165283,0.9355577826499939,1.5,3.6500766890839453,20
