hand,first_max_height,min_height,second_max_height,dribbling_frequency,bending_angle,duration
0,0.8801381587982178,0.8664389848709106,0.8746944069862366,2.0,34.71608455045084,15
