hand,first_max_height,min_height,second_max_height,dribbling_frequency,bending_angle,duration
0,0.6432581543922424,0.6362878084182739,0.6395168900489807,2.7272727272727275,65.9969045908944,11
