hand,first_max_height,min_height,second_max_height,dribbling_frequency,bending_angle,duration
0,0.7474990487098694,0.7206310033798218,0.7236157059669495,3.0,61.412367707914804,10
