hand,first_max_height,min_height,second_max_height,dribbling_frequency,bending_angle,duration
1,0.9366533756256104,0.9364995956420898,0.9468499422073364,2.5,7.96984516141279,12
