hand,first_max_height,min_height,second_max_height,dribbling_frequency,bending_angle,duration
1,1.0708411931991577,1.0027892589569092,1.0568878650665283,1.7647058823529411,21.11713729140927,17
