hand,first_max_height,min_height,second_max_height,dribbling_frequency,bending_angle,duration
0,0.9295811057090759,0.9215906262397766,0.953029215335846,2.307692307692308,34.108980421069845,13
