hand,first_max_height,min_height,second_max_height,dribbling_frequency,bending_angle,duration
0,0.7034807205200195,0.6925215721130371,0.709630012512207,2.5,69.04892381649282,12
