hand,first_max_height,min_height,second_max_height,dribbling_frequency,bending_angle,duration
0,1.062844157218933,0.7248480319976807,1.0321240425109863,2.142857142857143,57.93960000924883,14
