hand,first_max_height,min_height,second_max_height,dribbling_frequency,bending_angle,duration
1,0.7444479465484619,0.7165683507919312,0.7486653327941895,2.0,57.22307717060378,15
