hand,first_max_height,min_height,second_max_height,dribbling_frequency,bending_angle,duration
0,0.9160445332527161,0.8769229650497437,1.168338656425476,1.5789473684210527,35.64787845761834,19
