hand,first_max_height,min_height,second_max_height,dribbling_frequency,bending_angle,duration
0,1.4097667932510376,0.7809687256813049,0.7930750846862793,2.0,14.182668384995475,15
