hand,first_max_height,min_height,second_max_height,dribbling_frequency,bending_angle,duration
1,0.8601856827735901,0.8434474468231201,0.8681467771530151,2.5,39.192496626444324,12
