hand,first_max_height,min_height,second_max_height,dribbling_frequency,bending_angle,duration
0,1.075594186782837,1.0711365938186646,1.0742933750152588,3.0,8.849337660469228,10
