hand,first_max_height,min_height,second_max_height,dribbling_frequency,bending_angle,duration
0,0.8682841658592224,0.8423413634300232,0.8565331101417542,1.5,48.71491975300127,20
