hand,first_max_height,min_height,second_max_height,dribbling_frequency,bending_angle,duration
0,1.2151228189468384,0.9199619293212891,1.137505292892456,2.307692307692308,27.54741296556668,13
