hand,first_max_height,min_height,second_max_height,dribbling_frequency,bending_angle,duration
0,0.7321473956108093,0.7080404758453369,0.7413012385368347,1.25,56.07816395167592,24
