hand,first_max_height,min_height,second_max_height,dribbling_frequency,bending_angle,duration
0,1.1041498184204102,1.082511067390442,1.0941163301467896,1.4285714285714284,4.050481168218396,21
