hand,first_max_height,min_height,second_max_height,dribbling_frequency,bending_angle,duration
0,0.808063805103302,0.7648202180862427,0.7875331044197083,1.875,51.11321514435968,16
