hand,first_max_height,min_height,second_max_height,dribbling_frequency,bending_angle,duration
0,1.1283241510391235,1.0479151010513306,1.1296417713165283,1.5,16.105468988045168,20
