hand,first_max_height,min_height,second_max_height,dribbling_frequency,bending_angle,duration
0,0.9901975393295288,0.9685550332069397,0.9744213819503784,2.307692307692308,30.729827812179337,13
