hand,first_max_height,min_height,second_max_height,dribbling_frequency,bending_angle,duration
0,1.0664916038513184,1.0409990549087524,1.063462495803833,1.7647058823529411,4.705222013414149,17
