hand,first_max_height,min_height,second_max_height,dribbling_frequency,bending_angle,duration
0,1.226954698562622,0.8690793514251709,0.9875348210334778,2.0,29.525223684093202,15
