hand,first_max_height,min_height,second_max_height,dribbling_frequency,bending_angle,duration
0,1.008846402168274,0.5308330655097961,0.5524803996086121,2.0,47.1577811768003,15
