hand,first_max_height,min_height,second_max_height,dribbling_frequency,bending_angle,duration
0,0.7327998876571655,0.7250614762306213,0.7538182139396667,2.142857142857143,57.41209876144771,14
