hand,first_max_height,min_height,second_max_height,dribbling_frequency,bending_angle,duration
0,0.9953137040138245,0.6584257483482361,0.7591613531112671,2.307692307692308,60.24332055934438,13
