hand,first_max_height,min_height,second_max_height,dribbling_frequency,bending_angle,duration
0,1.1945339441299438,0.8338580131530762,0.9122098088264465,2.0,31.13610514899112,15
