hand,first_max_height,min_height,second_max_height,dribbling_frequency,bending_angle,duration
0,1.2999284267425537,0.6946530342102051,0.9174385666847229,1.6666666666666665,30.720070887761825,18
