hand,first_max_height,min_height,second_max_height,dribbling_frequency,bending_angle,duration
0,1.0417914390563965,0.9822119474411011,1.008610725402832,1.875,26.661181542467016,16
