hand,first_max_height,min_height,second_max_height,dribbling_frequency,bending_angle,duration
0,0.9290345907211304,0.9228735566139221,0.926600456237793,3.0,10.872551954013257,10
