hand,first_max_height,min_height,second_max_height,dribbling_frequency,bending_angle,duration
0,0.8913320899009705,0.8848748803138733,0.8991472721099854,3.0,25.421256873274196,10
