hand,first_max_height,min_height,second_max_height,dribbling_frequency,bending_angle,duration
0,1.0893425941467285,0.7750803232192993,1.1650326251983643,2.307692307692308,50.68539336158853,13
