hand,first_max_height,min_height,second_max_height,dribbling_frequency,bending_angle,duration
0,1.1189862489700317,1.1097533702850342,1.110548496246338,3.0,6.895157124050804,10
