hand,first_max_height,min_height,second_max_height,dribbling_frequency,bending_angle,duration
0,1.0867332220077515,0.8137742280960083,0.8867520689964294,3.0,41.04841863178933,10
