hand,first_max_height,min_height,second_max_height,dribbling_frequency,bending_angle,duration
0,0.9483155012130737,0.6559554934501648,0.7069554924964905,1.7647058823529411,58.47405825949347,17
