hand,first_max_height,min_height,second_max_height,dribbling_frequency,bending_angle,duration
1,1.010025978088379,0.9921409487724304,1.0222687721252441,2.5,10.047125449966984,12
