hand,first_max_height,min_height,second_max_height,dribbling_frequency,bending_angle,duration
0,0.945427656173706,0.9428213834762573,0.9531491994857788,2.5,7.001918011426961,12
