hand,first_max_height,min_height,second_max_height,dribbling_frequency,bending_angle,duration
0,0.9278439879417419,0.6667523980140686,0.8284382820129395,2.7272727272727275,60.32125580445455,11
