hand,first_max_height,min_height,second_max_height,dribbling_frequency,bending_angle,duration
0,0.8566454648971558,0.8316556215286255,0.860600471496582,2.5,36.09587818474896,12
