hand,first_max_height,min_height,second_max_height,dribbling_frequency,bending_angle,duration
0,0.876873254776001,0.869053840637207,0.8788524866104126,2.5,28.585993535817227,12
