hand,first_max_height,min_height,second_max_height,dribbling_frequency,bending_angle,duration
0,0.9040533900260925,0.8896911144256592,0.8918293118476868,2.7272727272727275,46.22171725139647,11
