hand,first_max_height,min_height,second_max_height,dribbling_frequency,bending_angle,duration
0,1.2662016153335571,0.8545719981193542,0.9265640377998352,1.7647058823529411,16.794510410638814,17
