hand,first_max_height,min_height,second_max_height,dribbling_frequency,bending_angle,duration
0,0.965329647064209,0.9397107362747192,0.9703570604324341,1.25,7.587045411552257,24
