hand,first_max_height,min_height,second_max_height,dribbling_frequency,bending_angle,duration
0,1.1530570983886719,1.126605749130249,1.154401421546936,1.5,11.171591247205884,20
