hand,first_max_height,min_height,second_max_height,dribbling_frequency,bending_angle,duration
1,0.9427074193954468,0.9249345660209656,0.9288903474807739,1.5789473684210527,14.818680393247945,19
