hand,first_max_height,min_height,second_max_height,dribbling_frequency,bending_angle,duration
0,0.9611932635307312,0.5602995753288269,0.6897489428520203,1.875,60.14555774173871,16
