hand,first_max_height,min_height,second_max_height,dribbling_frequency,bending_angle,duration
0,1.107704997062683,0.7405521273612976,0.8591346740722656,2.142857142857143,45.19441896332784,14
