hand,first_max_height,min_height,second_max_height,dribbling_frequency,bending_angle,duration
0,1.0770436525344849,0.6287240386009216,0.7026148438453674,2.307692307692308,59.96961145892271,13
