hand,first_max_height,min_height,second_max_height,dribbling_frequency,bending_angle,duration
0,0.737296462059021,0.650123119354248,0.6806186437606812,1.5,60.003812731021796,20
