hand,first_max_height,min_height,second_max_height,dribbling_frequency,bending_angle,duration
0,0.9572850465774536,0.9546031951904297,0.970887303352356,1.6666666666666665,7.299687686040625,18
