hand,first_max_height,min_height,second_max_height,dribbling_frequency,bending_angle,duration
0,0.8403869867324829,0.8290967345237732,0.8403789401054382,3.0,55.68128190530098,10
