hand,first_max_height,min_height,second_max_height,dribbling_frequency,bending_angle,duration
0,0.8233910799026489,0.7177202105522156,0.9942059516906738,1.5,49.45976796832791,20
