hand,first_max_height,min_height,second_max_height,dribbling_frequency,bending_angle,duration
0,0.9378365278244019,0.927459716796875,0.9405241012573242,2.307692307692308,21.789148593562693,13
