hand,first_max_height,min_height,second_max_height,dribbling_frequency,bending_angle,duration
0,0.6230361461639404,0.6173921227455139,0.6274681687355042,2.7272727272727275,63.59751907087464,11
