hand,first_max_height,min_height,second_max_height,dribbling_frequency,bending_angle,duration
0,1.2332388162612915,0.7934839725494385,1.2287243604660034,2.142857142857143,38.77288556866055,14
