hand,first_max_height,min_height,second_max_height,dribbling_frequency,bending_angle,duration
1,0.6754743456840515,0.6514377593994141,0.6642284989356995,2.7272727272727275,60.64205630873734,11
