hand,first_max_height,min_height,second_max_height,dribbling_frequency,bending_angle,duration
0,0.928000271320343,0.8565273880958557,0.8613401055335999,1.875,15.476202680801276,16
