hand,first_max_height,min_height,second_max_height,dribbling_frequency,bending_angle,duration
0,0.7491430640220642,0.7346681356430054,0.7417128086090088,2.7272727272727275,58.10546851972506,11
