hand,first_max_height,min_height,second_max_height,dribbling_frequency,bending_angle,duration
0,0.8194838762283325,0.645403265953064,0.6868007183074951,2.307692307692308,65.03079222789245,13
