hand,first_max_height,min_height,second_max_height,dribbling_frequency,bending_angle,duration
0,0.7288432121276855,0.7012122869491577,0.7147958278656006,1.7647058823529411,58.72073097919367,17
