hand,first_max_height,min_height,second_max_height,dribbling_frequency,bending_angle,duration
1,1.0503878593444824,1.0347545146942139,1.0473960638046265,1.7647058823529411,11.999053166863225,17
