hand,first_max_height,min_height,second_max_height,dribbling_frequency,bending_angle,duration
0,0.9324377775192261,0.9153352379798889,0.9243399500846863,1.875,33.02958247928388,16
