hand,first_max_height,min_height,second_max_height,dribbling_frequency,bending_angle,duration
0,0.9319689869880676,0.9297435283660889,0.9344229698181152,2.7272727272727275,7.047341983139832,11
