hand,first_max_height,min_height,second_max_height,dribbling_frequency,bending_angle,duration
1,0.9720838665962219,0.9700855612754822,0.9717797636985779,2.307692307692308,3.0678328158240804,13
