hand,first_max_height,min_height,second_max_height,dribbling_frequency,bending_angle,duration
0,0.8585794568061829,0.7420371174812317,0.9352413415908813,2.142857142857143,60.15636594616862,14
