hand,first_max_height,min_height,second_max_height,dribbling_frequency,bending_angle,duration
1,1.0873867273330688,1.0544513463974,1.1026809215545654,2.7272727272727275,9.124190452924045,11
