hand,first_max_height,min_height,second_max_height,dribbling_frequency,bending_angle,duration
0,0.645967960357666,0.6377214193344116,0.8198005557060242,2.0,65.50441440986506,15
