hand,first_max_height,min_height,second_max_height,dribbling_frequency,bending_angle,duration
1,1.1846160888671875,1.1753313541412354,1.1756205558776855,2.7272727272727275,14.292441608305753,11
