hand,first_max_height,min_height,second_max_height,dribbling_frequency,bending_angle,duration
0,1.266641616821289,1.0134170055389404,1.1060035228729248,2.7272727272727275,39.249588508192396,11
