hand,first_max_height,min_height,second_max_height,dribbling_frequency,bending_angle,duration
1,1.0496113300323486,1.024752140045166,1.0467193126678467,2.142857142857143,17.08290744419152,14
