hand,first_max_height,min_height,second_max_height,dribbling_frequency,bending_angle,duration
0,0.8966243267059326,0.8882780075073242,0.9329574704170227,2.5,29.82117098343631,12
