hand,first_max_height,min_height,second_max_height,dribbling_frequency,bending_angle,duration
1,0.9639796614646912,0.9578189253807068,0.9610316157341003,1.5789473684210527,4.430334281226187,19
