hand,first_max_height,min_height,second_max_height,dribbling_frequency,bending_angle,duration
0,0.8950915932655334,0.8680535554885864,0.870999276638031,1.25,11.232329772927924,24
