hand,first_max_height,min_height,second_max_height,dribbling_frequency,bending_angle,duration
1,0.8246901035308838,0.7914079427719116,0.844562292098999,3.0,59.03444867442784,10
