hand,first_max_height,min_height,second_max_height,dribbling_frequency,bending_angle,duration
1,0.917371392250061,0.9057853817939758,0.9085519313812256,2.0,15.77919151162712,15
