hand,first_max_height,min_height,second_max_height,dribbling_frequency,bending_angle,duration
1,0.7349028587341309,0.7223750352859497,0.7567415237426758,2.142857142857143,53.628749258405044,14
