hand,first_max_height,min_height,second_max_height,dribbling_frequency,bending_angle,duration
0,0.9296117424964905,0.5466470718383789,0.8667307496070862,1.6666666666666665,64.65810389758816,18
