hand,first_max_height,min_height,second_max_height,dribbling_frequency,bending_angle,duration
0,0.606891930103302,0.5792794227600098,0.6491970419883728,2.307692307692308,71.61344464758149,13
