hand,first_max_height,min_height,second_max_height,dribbling_frequency,bending_angle,duration
0,0.7272369861602783,0.7093098759651184,0.7335709929466248,2.142857142857143,60.25639881270921,14
