hand,first_max_height,min_height,second_max_height,dribbling_frequency,bending_angle,duration
0,1.0741993188858032,1.0297540426254272,1.0817769765853882,1.7647058823529411,20.61059958927743,17
