hand,first_max_height,min_height,second_max_height,dribbling_frequency,bending_angle,duration
0,0.9116737246513367,0.9089468717575073,1.29239821434021,1.5789473684210527,11.2986554880958,19
