hand,first_max_height,min_height,second_max_height,dribbling_frequency,bending_angle,duration
0,0.9503787755966187,0.9465314149856567,0.9762105941772461,1.5789473684210527,2.6090585855810646,19
