hand,first_max_height,min_height,second_max_height,dribbling_frequency,bending_angle,duration
0,0.73769611120224,0.6720914244651794,0.8248834609985352,1.4285714285714284,55.87804884461773,21
