hand,first_max_height,min_height,second_max_height,dribbling_frequency,bending_angle,duration
0,1.1740587949752808,0.8758760690689087,0.9171473979949951,2.142857142857143,17.0297161789653,14
