hand,first_max_height,min_height,second_max_height,dribbling_frequency,bending_angle,duration
0,0.9634335041046143,0.9370145797729492,0.9667068719863892,1.875,27.708564638055176,16
