hand,first_max_height,min_height,second_max_height,dribbling_frequency,bending_angle,duration
0,1.04700767993927,1.0163933038711548,1.0523935556411743,1.5,14.701779667989513,20
