hand,first_max_height,min_height,second_max_height,dribbling_frequency,bending_angle,duration
1,1.1658984422683716,1.1558270454406738,1.1588205099105835,2.7272727272727275,11.530226586660342,11
