hand,first_max_height,min_height,second_max_height,dribbling_frequency,bending_angle,duration
0,0.8289268016815186,0.8280400037765503,0.844416618347168,2.7272727272727275,47.178870480057604,11
