hand,first_max_height,min_height,second_max_height,dribbling_frequency,bending_angle,duration
0,0.8957048058509827,0.886172890663147,0.9048363566398621,2.7272727272727275,47.70711679343871,11
