hand,first_max_height,min_height,second_max_height,dribbling_frequency,bending_angle,duration
0,0.9489802122116089,0.9482405781745911,0.9900939464569092,1.6666666666666665,2.2238988950608856,18
