hand,first_max_height,min_height,second_max_height,dribbling_frequency,bending_angle,duration
0,0.7355390787124634,0.730064332485199,0.7472667694091797,3.0,63.13807796791586,10
