hand,first_max_height,min_height,second_max_height,dribbling_frequency,bending_angle,duration
0,0.9369638562202454,0.6671397089958191,0.9058199524879456,2.307692307692308,58.60103029535325,13
