hand,first_max_height,min_height,second_max_height,dribbling_frequency,bending_angle,duration
0,0.910990834236145,0.6167669892311096,0.6889198422431946,1.6666666666666665,61.691299372046416,18
