hand,first_max_height,min_height,second_max_height,dribbling_frequency,bending_angle,duration
0,1.0736415386199951,0.684561014175415,1.0849568843841553,1.3636363636363638,54.28842231265137,22
