hand,first_max_height,min_height,second_max_height,dribbling_frequency,bending_angle,duration
0,0.6849686503410339,0.6770122051239014,0.7512627243995667,1.25,64.6909347092527,24
