hand,first_max_height,min_height,second_max_height,dribbling_frequency,bending_angle,duration
0,1.178636908531189,1.137467622756958,1.1797082424163818,1.4285714285714284,10.439626414423635,21
