hand,first_max_height,min_height,second_max_height,dribbling_frequency,bending_angle,duration
0,1.3201824426651,0.9334837794303894,1.2538442611694336,1.4285714285714284,8.082271030832988,21
