hand,first_max_height,min_height,second_max_height,dribbling_frequency,bending_angle,duration
0,1.129349708557129,0.6810062527656555,0.9563633799552917,2.307692307692308,57.50345180247298,13
