hand,first_max_height,min_height,second_max_height,dribbling_frequency,bending_angle,duration
0,0.878576397895813,0.7981789112091064,0.9618452787399292,2.142857142857143,43.24456859757795,14
