hand,first_max_height,min_height,second_max_height,dribbling_frequency,bending_angle,duration
0,1.0045692920684814,0.6442923545837402,0.7654892206192017,2.0,60.343317604788936,15
