hand,first_max_height,min_height,second_max_height,dribbling_frequency,bending_angle,duration
1,1.132558822631836,1.1253902912139893,1.1634398698806763,1.3043478260869565,19.900256181670947,23
