hand,first_max_height,min_height,second_max_height,dribbling_frequency,bending_angle,duration
0,1.1346206665039062,1.091027855873108,1.1659690141677856,1.7647058823529411,10.907999806063875,17
