hand,first_max_height,min_height,second_max_height,dribbling_frequency,bending_angle,duration
0,0.7077229022979736,0.6679273843765259,1.0039070844650269,1.3043478260869565,62.89464381620338,23
