hand,first_max_height,min_height,second_max_height,dribbling_frequency,bending_angle,duration
0,1.137505292892456,0.8034617900848389,0.9461920857429504,1.875,29.52526507562462,16
