hand,first_max_height,min_height,second_max_height,dribbling_frequency,bending_angle,duration
0,1.1514421701431274,1.0091664791107178,1.1945339441299438,2.7272727272727275,30.92103000693579,11
