hand,first_max_height,min_height,second_max_height,dribbling_frequency,bending_angle,duration
1,1.0047520399093628,0.986603319644928,0.9922437071800232,1.6666666666666665,6.9997553379873265,18
