hand,first_max_height,min_height,second_max_height,dribbling_frequency,bending_angle,duration
1,0.6655464768409729,0.6531368494033813,0.6743227243423462,2.7272727272727275,61.71019221325529,11
