hand,first_max_height,min_height,second_max_height,dribbling_frequency,bending_angle,duration
0,1.3995120525360107,0.9055941104888916,0.9289385676383972,1.7647058823529411,17.350236437906677,17
