hand,first_max_height,min_height,second_max_height,dribbling_frequency,bending_angle,duration
0,0.919512152671814,0.913323163986206,0.9220091700553894,1.875,11.996499231379017,16
