hand,first_max_height,min_height,second_max_height,dribbling_frequency,bending_angle,duration
0,0.9570342302322388,0.7073607444763184,0.8539630174636841,3.0,62.42131370058443,10
