hand,first_max_height,min_height,second_max_height,dribbling_frequency,bending_angle,duration
1,0.9288903474807739,0.9112089276313782,0.9212737679481506,1.25,15.657999412250366,24
