hand,first_max_height,min_height,second_max_height,dribbling_frequency,bending_angle,duration
0,0.6352674961090088,0.6290465593338013,0.6484867930412292,1.6666666666666665,65.0437853155732,18
