hand,first_max_height,min_height,second_max_height,dribbling_frequency,bending_angle,duration
0,1.192473292350769,0.7012725472450256,0.8418501615524292,1.7647058823529411,51.485580893828384,17
