hand,first_max_height,min_height,second_max_height,dribbling_frequency,bending_angle,duration
0,0.8122433423995972,0.6269879341125488,0.6923905611038208,2.5,65.07649732786165,12
