hand,first_max_height,min_height,second_max_height,dribbling_frequency,bending_angle,duration
0,1.2598206996917725,0.9605058431625366,1.254969835281372,1.4285714285714284,4.213176917578964,21
