hand,first_max_height,min_height,second_max_height,dribbling_frequency,bending_angle,duration
0,0.9477753043174744,0.9345221519470215,0.9352129101753235,2.5,6.508167719066567,12
