hand,first_max_height,min_height,second_max_height,dribbling_frequency,bending_angle,duration
0,1.2323992252349854,0.8987939357757568,0.9718990325927734,2.142857142857143,15.900333126447837,14
