hand,first_max_height,min_height,second_max_height,dribbling_frequency,bending_angle,duration
0,0.7923077344894409,0.7740483283996582,0.7780329585075378,3.0,52.4274357789272,10
