hand,first_max_height,min_height,second_max_height,dribbling_frequency,bending_angle,duration
0,0.9617573618888855,0.9559825658798218,1.3375217914581299,2.0,13.534418896317792,15
