hand,first_max_height,min_height,second_max_height,dribbling_frequency,bending_angle,duration
0,0.9630469083786011,0.9623229503631592,0.9746115803718567,1.875,4.6329255440708685,16
