hand,first_max_height,min_height,second_max_height,dribbling_frequency,bending_angle,duration
0,1.3205479383468628,0.900877833366394,1.017320990562439,1.875,15.910015210052192,16
