hand,first_max_height,min_height,second_max_height,dribbling_frequency,bending_angle,duration
0,0.9397166967391968,0.9261188507080078,1.3071348667144775,2.142857142857143,27.342411804040974,14
