hand,first_max_height,min_height,second_max_height,dribbling_frequency,bending_angle,duration
0,0.9455926418304443,0.9322102069854736,0.9354515075683594,1.875,4.837167774172532,16
