hand,first_max_height,min_height,second_max_height,dribbling_frequency,bending_angle,duration
0,0.8584492802619934,0.8450469374656677,0.8759365081787109,2.307692307692308,29.882975270116063,13
