hand,first_max_height,min_height,second_max_height,dribbling_frequency,bending_angle,duration
0,0.9240007400512695,0.921954870223999,0.926533043384552,3.0,9.439890895956719,10
