hand,first_max_height,min_height,second_max_height,dribbling_frequency,bending_angle,duration
0,1.0103422403335571,0.999860942363739,1.0070255994796753,3.0,8.575238735401916,10
