hand,first_max_height,min_height,second_max_height,dribbling_frequency,bending_angle,duration
0,1.1992101669311523,0.8587819933891296,1.2038160562515259,2.142857142857143,26.70915372394118,14
