hand,first_max_height,min_height,second_max_height,dribbling_frequency,bending_angle,duration
0,0.9740917086601257,0.8199835419654846,1.0902334451675415,2.7272727272727275,45.91714029247785,11
