hand,first_max_height,min_height,second_max_height,dribbling_frequency,bending_angle,duration
1,0.8999698162078857,0.8685564398765564,0.918900728225708,1.5789473684210527,19.583017353820036,19
