hand,first_max_height,min_height,second_max_height,dribbling_frequency,bending_angle,duration
1,0.9357510805130005,0.897834062576294,0.9353712797164917,2.5,31.572277335800557,12
