hand,first_max_height,min_height,second_max_height,dribbling_frequency,bending_angle,duration
0,1.3242652416229248,0.9489796757698059,1.3944612741470337,2.142857142857143,27.583724340284387,14
