hand,first_max_height,min_height,second_max_height,dribbling_frequency,bending_angle,duration
0,0.8706841468811035,0.8409303426742554,0.8746744990348816,1.5,24.725880991859523,20
