hand,first_max_height,min_height,second_max_height,dribbling_frequency,bending_angle,duration
0,1.085334062576294,0.8564574122428894,0.8942397236824036,2.0,15.81427170427628,15
