hand,first_max_height,min_height,second_max_height,dribbling_frequency,bending_angle,duration
0,0.9351974725723267,0.9254655241966248,0.932475209236145,2.307692307692308,8.220678075087793,13
