hand,first_max_height,min_height,second_max_height,dribbling_frequency,bending_angle,duration
0,0.767094612121582,0.757240891456604,0.9700586199760437,2.142857142857143,50.66148699212958,14
