hand,first_max_height,min_height,second_max_height,dribbling_frequency,bending_angle,duration
1,1.1742810010910034,1.1612156629562378,1.1702407598495483,1.4285714285714284,11.810799184079057,21
