hand,first_max_height,min_height,second_max_height,dribbling_frequency,bending_angle,duration
0,0.9386598467826843,0.9284443259239197,0.9384012222290039,1.7647058823529411,9.303845383443788,17
