hand,first_max_height,min_height,second_max_height,dribbling_frequency,bending_angle,duration
0,1.080702781677246,0.8601111769676208,1.1324928998947144,2.5,40.55979913213573,12
