hand,first_max_height,min_height,second_max_height,dribbling_frequency,bending_angle,duration
0,0.9545016884803772,0.9539323449134827,0.9706621766090393,3.0,4.130795256084018,10
