hand,first_max_height,min_height,second_max_height,dribbling_frequency,bending_angle,duration
1,0.9684252142906189,0.9631673693656921,0.964560329914093,1.6666666666666665,2.2940248756285277,18
