hand,first_max_height,min_height,second_max_height,dribbling_frequency,bending_angle,duration
0,1.0544352531433105,1.0164034366607666,1.057595133781433,1.4285714285714284,16.450039241336107,21
