hand,first_max_height,min_height,second_max_height,dribbling_frequency,bending_angle,duration
0,1.1094151735305786,1.104121446609497,1.1174194812774658,2.142857142857143,4.684865861346437,14
