hand,first_max_height,min_height,second_max_height,dribbling_frequency,bending_angle,duration
0,0.8309921622276306,0.803454577922821,1.1323031187057495,1.875,41.66299660261489,16
