hand,first_max_height,min_height,second_max_height,dribbling_frequency,bending_angle,duration
0,1.16279935836792,0.7616924047470093,0.8605314493179321,2.0,40.38665858582084,15
