hand,first_max_height,min_height,second_max_height,dribbling_frequency,bending_angle,duration
0,1.0983059406280518,1.0082666873931885,1.0646109580993652,1.4285714285714284,19.74911135769463,21
