hand,first_max_height,min_height,second_max_height,dribbling_frequency,bending_angle,duration
0,0.7933089137077332,0.6302140355110168,0.8928437829017639,1.6666666666666665,65.11795616977868,18
