hand,first_max_height,min_height,second_max_height,dribbling_frequency,bending_angle,duration
1,0.9392558932304382,0.9342621564865112,0.9490024447441101,1.6666666666666665,4.780938445510658,18
