hand,first_max_height,min_height,second_max_height,dribbling_frequency,bending_angle,duration
0,1.1545312404632568,1.1102290153503418,1.1131194829940796,3.0,14.585486689141803,10
