hand,first_max_height,min_height,second_max_height,dribbling_frequency,bending_angle,duration
0,1.0304546356201172,1.019795298576355,1.0293110609054565,1.6666666666666665,13.833330562228912,18
