hand,first_max_height,min_height,second_max_height,dribbling_frequency,bending_angle,duration
0,1.2274484634399414,0.7928948998451233,0.8965094089508057,1.7647058823529411,25.776543831403615,17
