hand,first_max_height,min_height,second_max_height,dribbling_frequency,bending_angle,duration
1,0.9149062633514404,0.9040000438690186,0.9111319780349731,2.5,19.55887068701772,12
