hand,first_max_height,min_height,second_max_height,dribbling_frequency,bending_angle,duration
1,0.7371201515197754,0.7003756165504456,0.7439573407173157,2.142857142857143,59.46814528423061,14
