hand,first_max_height,min_height,second_max_height,dribbling_frequency,bending_angle,duration
0,1.0174674987792969,0.601857602596283,0.8225539326667786,2.142857142857143,58.18177583255332,14
