hand,first_max_height,min_height,second_max_height,dribbling_frequency,bending_angle,duration
0,0.7754381895065308,0.7611520290374756,0.763846755027771,3.0,53.84153883141332,10
