hand,first_max_height,min_height,second_max_height,dribbling_frequency,bending_angle,duration
0,0.768517017364502,0.7619004249572754,0.9733112454414368,2.5,46.837776427870864,12
