hand,first_max_height,min_height,second_max_height,dribbling_frequency,bending_angle,duration
0,0.9614413380622864,0.621132493019104,0.7381677627563477,1.875,58.928106888634936,16
