hand,first_max_height,min_height,second_max_height,dribbling_frequency,bending_angle,duration
1,1.0266777276992798,0.9964134693145752,1.0256906747817993,2.307692307692308,26.046639507645594,13
