hand,first_max_height,min_height,second_max_height,dribbling_frequency,bending_angle,duration
0,0.8804222941398621,0.8693550229072571,0.9054697751998901,2.142857142857143,47.598099465747325,14
