hand,first_max_height,min_height,second_max_height,dribbling_frequency,bending_angle,duration
0,0.7747073173522949,0.743877649307251,0.7634921669960022,1.6666666666666665,53.30485571048359,18
