hand,first_max_height,min_height,second_max_height,dribbling_frequency,bending_angle,duration
0,1.0194653272628784,0.6846314072608948,0.9830963015556335,2.307692307692308,60.72614034091692,13
