hand,first_max_height,min_height,second_max_height,dribbling_frequency,bending_angle,duration
0,0.7717905044555664,0.73600172996521,1.093050479888916,2.307692307692308,51.34521634175887,13
