hand,first_max_height,min_height,second_max_height,dribbling_frequency,bending_angle,duration
0,0.9408315420150757,0.9242268204689026,0.9388143420219421,1.5789473684210527,10.320533360169609,19
