hand,first_max_height,min_height,second_max_height,dribbling_frequency,bending_angle,duration
0,0.922844409942627,0.8810759782791138,0.9045194983482361,1.875,32.74486217256993,16
