hand,first_max_height,min_height,second_max_height,dribbling_frequency,bending_angle,duration
0,0.9281662702560425,0.9070981740951538,0.9079365730285645,1.3043478260869565,11.348692900570041,23
