hand,first_max_height,min_height,second_max_height,dribbling_frequency,bending_angle,duration
0,0.8343551754951477,0.6341115236282349,0.7055884599685669,2.5,62.83426850245002,12
