hand,first_max_height,min_height,second_max_height,dribbling_frequency,bending_angle,duration
0,0.747299313545227,0.7348496913909912,0.7380428314208984,3.0,62.87055559071916,10
