hand,first_max_height,min_height,second_max_height,dribbling_frequency,bending_angle,duration
0,0.9573909044265747,0.9546945691108704,0.9895921945571899,2.307692307692308,2.9288959663141103,13
