hand,first_max_height,min_height,second_max_height,dribbling_frequency,bending_angle,duration
0,0.8838109970092773,0.8780131340026855,1.31294584274292,2.142857142857143,31.118915649578557,14
