hand,first_max_height,min_height,second_max_height,dribbling_frequency,bending_angle,duration
0,1.1447440385818481,0.9470470547676086,1.1888419389724731,2.7272727272727275,32.31296230825023,11
