hand,first_max_height,min_height,second_max_height,dribbling_frequency,bending_angle,duration
0,0.9629973769187927,0.9374793171882629,0.9385392665863037,1.3043478260869565,13.47911577627457,23
