hand,first_max_height,min_height,second_max_height,dribbling_frequency,bending_angle,duration
0,0.8641709685325623,0.8210011124610901,1.1878854036331177,2.0,35.033579459784754,15
