hand,first_max_height,min_height,second_max_height,dribbling_frequency,bending_angle,duration
0,0.9320478439331055,0.9193369150161743,0.9261746406555176,1.5789473684210527,9.723962157226353,19
