hand,first_max_height,min_height,second_max_height,dribbling_frequency,bending_angle,duration
0,0.9260961413383484,0.9172473549842834,0.9215156435966492,2.5,20.150320485889562,12
