hand,first_max_height,min_height,second_max_height,dribbling_frequency,bending_angle,duration
0,1.1069488525390625,0.6262794733047485,0.6884503364562988,1.6666666666666665,33.33925905042103,18
