hand,first_max_height,min_height,second_max_height,dribbling_frequency,bending_angle,duration
0,0.9061030745506287,0.7092038989067078,0.7981152534484863,2.307692307692308,51.594744018054435,13
