hand,first_max_height,min_height,second_max_height,dribbling_frequency,bending_angle,duration
0,1.0755223035812378,1.0709619522094727,1.1199777126312256,1.3636363636363638,13.630113772632907,22
