hand,first_max_height,min_height,second_max_height,dribbling_frequency,bending_angle,duration
0,1.1460134983062744,0.7893807291984558,0.8555641174316406,2.0,26.985023982850475,15
