hand,first_max_height,min_height,second_max_height,dribbling_frequency,bending_angle,duration
0,0.7165765166282654,0.7150446176528931,0.7308893203735352,2.5,63.633557577820305,12
