hand,first_max_height,min_height,second_max_height,dribbling_frequency,bending_angle,duration
0,1.2385001182556152,0.9563589096069336,1.1856868267059326,1.4285714285714284,8.133960239087568,21
