hand,first_max_height,min_height,second_max_height,dribbling_frequency,bending_angle,duration
1,0.9230340719223022,0.8693608045578003,0.8911119103431702,1.4285714285714284,23.561262826242586,21
