hand,first_max_height,min_height,second_max_height,dribbling_frequency,bending_angle,duration
0,0.9156724214553833,0.820351779460907,0.848097026348114,2.0,33.927889877700885,15
