hand,first_max_height,min_height,second_max_height,dribbling_frequency,bending_angle,duration
0,0.8588512539863586,0.832411527633667,0.8756633400917053,1.5789473684210527,26.23510988257018,19
