hand,first_max_height,min_height,second_max_height,dribbling_frequency,bending_angle,duration
0,1.1254348754882812,1.1127402782440186,1.1234989166259766,1.875,3.3604661340989637,16
