hand,first_max_height,min_height,second_max_height,dribbling_frequency,bending_angle,duration
0,0.5025874972343445,0.4400269687175751,0.5279887914657593,2.0,81.73596933196337,15
