hand,first_max_height,min_height,second_max_height,dribbling_frequency,bending_angle,duration
0,0.8983012437820435,0.8563351035118103,1.069379448890686,2.142857142857143,28.790082003416593,14
