hand,first_max_height,min_height,second_max_height,dribbling_frequency,bending_angle,duration
0,1.0483976602554321,1.0389539003372192,1.0679749250411987,1.3043478260869565,10.463476586170318,23
