hand,first_max_height,min_height,second_max_height,dribbling_frequency,bending_angle,duration
0,0.84328693151474,0.8189098238945007,1.2316603660583496,1.875,34.43658024181874,16
