hand,first_max_height,min_height,second_max_height,dribbling_frequency,bending_angle,duration
0,0.8837915062904358,0.8654738664627075,0.8832513689994812,1.7647058823529411,32.980837034167905,17
