hand,first_max_height,min_height,second_max_height,dribbling_frequency,bending_angle,duration
0,0.9627724289894104,0.6643884181976318,0.7368611693382263,1.5,63.736996260449054,20
