hand,first_max_height,min_height,second_max_height,dribbling_frequency,bending_angle,duration
0,0.8086903095245361,0.7794543504714966,1.1282050609588623,2.0,48.31366219967205,15
