hand,first_max_height,min_height,second_max_height,dribbling_frequency,bending_angle,duration
1,0.9324691891670227,0.8757349252700806,0.9739261865615845,2.0,26.24785904671515,15
