hand,first_max_height,min_height,second_max_height,dribbling_frequency,bending_angle,duration
0,1.0707058906555176,0.5970500707626343,0.6894495487213135,1.6666666666666665,49.044900903729946,18
