hand,first_max_height,min_height,second_max_height,dribbling_frequency,bending_angle,duration
0,0.9692429304122925,0.7664068937301636,0.878576397895813,1.5789473684210527,42.91630143868513,19
