hand,first_max_height,min_height,second_max_height,dribbling_frequency,bending_angle,duration
0,0.718802273273468,0.5164645910263062,0.9090473651885986,1.5,71.23810159893742,20
