hand,first_max_height,min_height,second_max_height,dribbling_frequency,bending_angle,duration
0,0.8799335360527039,0.8616048097610474,0.8837159872055054,1.5,34.284996129812534,20
