hand,first_max_height,min_height,second_max_height,dribbling_frequency,bending_angle,duration
0,0.8014086484909058,0.6343658566474915,1.1473654508590698,1.3043478260869565,62.674291729827736,23
