hand,first_max_height,min_height,second_max_height,dribbling_frequency,bending_angle,duration
0,0.9565565586090088,0.9481590986251831,0.965329647064209,1.4285714285714284,5.869777733193324,21
