hand,first_max_height,min_height,second_max_height,dribbling_frequency,bending_angle,duration
1,1.0734734535217285,1.060691475868225,1.0699331760406494,2.0,9.58197340981104,15
