hand,first_max_height,min_height,second_max_height,dribbling_frequency,bending_angle,duration
0,0.9383929371833801,0.9285648465156555,0.9604979753494263,2.307692307692308,39.03155375893122,13
