hand,first_max_height,min_height,second_max_height,dribbling_frequency,bending_angle,duration
0,0.753252387046814,0.7461842894554138,0.780163586139679,1.7647058823529411,54.986020990146955,17
