hand,first_max_height,min_height,second_max_height,dribbling_frequency,bending_angle,duration
0,1.1557360887527466,1.1065391302108765,1.1659914255142212,1.4285714285714284,12.770261144928142,21
