hand,first_max_height,min_height,second_max_height,dribbling_frequency,bending_angle,duration
0,1.2924094200134277,0.9186596870422363,1.0334628820419312,2.0,19.63248874329473,15
