hand,first_max_height,min_height,second_max_height,dribbling_frequency,bending_angle,duration
0,0.9336211085319519,0.9335950016975403,0.95807284116745,1.5789473684210527,8.09260769286144,19
