hand,first_max_height,min_height,second_max_height,dribbling_frequency,bending_angle,duration
0,0.8607466816902161,0.8292210102081299,1.3182671070098877,1.875,34.150235522578704,16
