hand,first_max_height,min_height,second_max_height,dribbling_frequency,bending_angle,duration
0,0.9154251217842102,0.9100130796432495,0.9114353656768799,3.0,10.741421515592481,10
