hand,first_max_height,min_height,second_max_height,dribbling_frequency,bending_angle,duration
0,1.1264890432357788,0.6309324502944946,0.7552748322486877,2.0,56.777446877720216,15
