hand,first_max_height,min_height,second_max_height,dribbling_frequency,bending_angle,duration
0,1.061016321182251,0.7575839161872864,0.9953137040138245,2.5,59.460434132945075,12
