hand,first_max_height,min_height,second_max_height,dribbling_frequency,bending_angle,duration
0,0.922868549823761,0.9092550277709961,0.9253200888633728,1.3043478260869565,4.322678658461454,23
