hand,first_max_height,min_height,second_max_height,dribbling_frequency,bending_angle,duration
0,1.339704990386963,1.0293853282928467,1.3114439249038696,1.875,13.48209396685014,16
