hand,first_max_height,min_height,second_max_height,dribbling_frequency,bending_angle,duration
0,0.8459258079528809,0.8045448064804077,0.8137598037719727,1.4285714285714284,34.21061226797533,21
