hand,first_max_height,min_height,second_max_height,dribbling_frequency,bending_angle,duration
0,0.9300370812416077,0.9187467694282532,0.920741081237793,1.875,9.498349473757022,16
