hand,first_max_height,min_height,second_max_height,dribbling_frequency,bending_angle,duration
0,0.8894245028495789,0.8682769536972046,0.8913508653640747,1.3043478260869565,19.31238200663942,23
