hand,first_max_height,min_height,second_max_height,dribbling_frequency,bending_angle,duration
0,1.2846601009368896,0.7941346168518066,0.8215308785438538,1.875,14.99799410098466,16
