hand,first_max_height,min_height,second_max_height,dribbling_frequency,bending_angle,duration
1,1.0651527643203735,1.0348560810089111,1.0656213760375977,2.142857142857143,25.124941437630078,14
