hand,first_max_height,min_height,second_max_height,dribbling_frequency,bending_angle,duration
0,0.9703336954116821,0.7264876961708069,0.9203592538833618,2.7272727272727275,58.41530739739239,11
