hand,first_max_height,min_height,second_max_height,dribbling_frequency,bending_angle,duration
0,0.8531534671783447,0.8396047949790955,1.172156810760498,2.0,44.51565026669833,15
