hand,first_max_height,min_height,second_max_height,dribbling_frequency,bending_angle,duration
0,0.7476896643638611,0.586745023727417,0.6315625905990601,2.307692307692308,67.64321420245669,13
