hand,first_max_height,min_height,second_max_height,dribbling_frequency,bending_angle,duration
0,1.0268752574920654,1.0260884761810303,1.0559173822402954,1.4285714285714284,10.14014891586065,21
