hand,first_max_height,min_height,second_max_height,dribbling_frequency,bending_angle,duration
0,0.8812809586524963,0.8728681802749634,0.8979181051254272,2.0,31.334239662299918,15
