hand,first_max_height,min_height,second_max_height,dribbling_frequency,bending_angle,duration
0,1.3315255641937256,0.8557466268539429,0.8861140012741089,2.0,15.167250679228824,15
