hand,first_max_height,min_height,second_max_height,dribbling_frequency,bending_angle,duration
1,1.1491146087646484,1.1199790239334106,1.1326652765274048,1.3043478260869565,14.481492301889588,23
