hand,first_max_height,min_height,second_max_height,dribbling_frequency,bending_angle,duration
0,1.169319987297058,1.1269487142562866,1.1410633325576782,2.307692307692308,4.697291340977149,13
