hand,first_max_height,min_height,second_max_height,dribbling_frequency,bending_angle,duration
0,0.5793648362159729,0.48829385638237,0.8992456793785095,1.4285714285714284,78.94759870997298,21
