hand,first_max_height,min_height,second_max_height,dribbling_frequency,bending_angle,duration
0,0.9553225040435791,0.94638991355896,0.9488746523857117,2.307692307692308,11.596606872414238,13
