hand,first_max_height,min_height,second_max_height,dribbling_frequency,bending_angle,duration
1,0.9645686149597168,0.9587717652320862,0.9675188064575195,1.3043478260869565,1.7633898755713593,23
