hand,first_max_height,min_height,second_max_height,dribbling_frequency,bending_angle,duration
1,1.1913127899169922,1.158133864402771,1.1587326526641846,1.5,14.357364719848421,20
