hand,first_max_height,min_height,second_max_height,dribbling_frequency,bending_angle,duration
0,1.176520824432373,0.8177258968353271,0.9951058030128479,2.0,32.153726791559976,15
