hand,first_max_height,min_height,second_max_height,dribbling_frequency,bending_angle,duration
0,0.9186491966247559,0.7104583382606506,0.8866806030273438,1.4285714285714284,10.51243758077441,21
