hand,first_max_height,min_height,second_max_height,dribbling_frequency,bending_angle,duration
0,0.9368236660957336,0.9216493368148804,0.9349881410598755,2.5,35.572401993488455,12
