hand,first_max_height,min_height,second_max_height,dribbling_frequency,bending_angle,duration
0,0.5653104782104492,0.5553064942359924,0.5960239171981812,2.0,72.28006056490507,15
