hand,first_max_height,min_height,second_max_height,dribbling_frequency,bending_angle,duration
0,0.9006282687187195,0.8898926973342896,0.9071648716926575,1.5789473684210527,19.488816268603358,19
