hand,first_max_height,min_height,second_max_height,dribbling_frequency,bending_angle,duration
0,1.1717143058776855,0.9484959840774536,1.1613494157791138,2.307692307692308,27.09991260616631,13
