hand,first_max_height,min_height,second_max_height,dribbling_frequency,bending_angle,duration
0,1.0158438682556152,0.9475685358047485,0.9718369841575623,1.5789473684210527,27.73049049989001,19
