hand,first_max_height,min_height,second_max_height,dribbling_frequency,bending_angle,duration
0,0.9121528267860413,0.9003075361251831,1.26688551902771,2.142857142857143,24.0554208601356,14
