hand,first_max_height,min_height,second_max_height,dribbling_frequency,bending_angle,duration
0,1.2060834169387817,1.0023261308670044,1.2730177640914917,2.307692307692308,16.604441630199965,13
