hand,first_max_height,min_height,second_max_height,dribbling_frequency,bending_angle,duration
1,0.9274972081184387,0.9206244945526123,0.9233741164207458,1.875,6.783588296613784,16
