hand,first_max_height,min_height,second_max_height,dribbling_frequency,bending_angle,duration
0,0.9423149824142456,0.9269582033157349,0.9316838979721069,2.7272727272727275,8.929415197461966,11
