hand,first_max_height,min_height,second_max_height,dribbling_frequency,bending_angle,duration
1,1.008431077003479,0.9650495052337646,0.9832223653793335,1.5789473684210527,12.857128695731367,19
