hand,first_max_height,min_height,second_max_height,dribbling_frequency,bending_angle,duration
0,0.8695383667945862,0.8509954214096069,0.8680801391601562,1.5789473684210527,35.89948357659034,19
