hand,first_max_height,min_height,second_max_height,dribbling_frequency,bending_angle,duration
0,0.9165548086166382,0.9071030616760254,0.9289175868034363,2.142857142857143,9.092285808366865,14
