hand,first_max_height,min_height,second_max_height,dribbling_frequency,bending_angle,duration
0,0.9000771045684814,0.8959653377532959,0.9022945165634155,3.0,10.490512697028697,10
