hand,first_max_height,min_height,second_max_height,dribbling_frequency,bending_angle,duration
0,0.7753100991249084,0.7724103331565857,0.9427397847175598,2.0,52.79109436346281,15
