hand,first_max_height,min_height,second_max_height,dribbling_frequency,bending_angle,duration
0,0.9250099062919617,0.9214632511138916,0.9310969710350037,1.6666666666666665,10.545086038054192,18
