hand,first_max_height,min_height,second_max_height,dribbling_frequency,bending_angle,duration
0,0.9467737078666687,0.9458000659942627,0.9511942863464355,3.0,10.569890625703843,10
