hand,first_max_height,min_height,second_max_height,dribbling_frequency,bending_angle,duration
0,0.9275652170181274,0.9241583347320557,0.9329631924629211,1.875,10.519859232415639,16
