hand,first_max_height,min_height,second_max_height,dribbling_frequency,bending_angle,duration
0,0.964630126953125,0.7600483298301697,0.8031929135322571,2.0,36.778637892330934,15
