hand,first_max_height,min_height,second_max_height,dribbling_frequency,bending_angle,duration
0,1.289587140083313,0.8921924233436584,0.9163783192634583,1.7647058823529411,12.478898465270737,17
