hand,first_max_height,min_height,second_max_height,dribbling_frequency,bending_angle,duration
0,0.9639129638671875,0.9491816759109497,0.9549179673194885,1.3043478260869565,6.335714524971388,23
