hand,first_max_height,min_height,second_max_height,dribbling_frequency,bending_angle,duration
0,0.9198586940765381,0.878663957118988,0.8849512934684753,1.5,21.04756441827185,20
