hand,first_max_height,min_height,second_max_height,dribbling_frequency,bending_angle,duration
0,0.8078165054321289,0.7013272643089294,0.7077229022979736,2.307692307692308,62.92405800644527,13
