hand,first_max_height,min_height,second_max_height,dribbling_frequency,bending_angle,duration
0,1.3121908903121948,0.7499839067459106,0.8935146927833557,1.875,20.504337461088376,16
