hand,first_max_height,min_height,second_max_height,dribbling_frequency,bending_angle,duration
0,1.0266391038894653,0.9215034246444702,0.928000271320343,2.142857142857143,14.764354136744231,14
