hand,first_max_height,min_height,second_max_height,dribbling_frequency,bending_angle,duration
1,0.8198103904724121,0.7971570491790771,0.9270246028900146,1.25,37.84833105033671,24
