hand,first_max_height,min_height,second_max_height,dribbling_frequency,bending_angle,duration
0,0.9339882731437683,0.9290496110916138,0.9311864376068115,2.142857142857143,3.674848010821438,14
