hand,first_max_height,min_height,second_max_height,dribbling_frequency,bending_angle,duration
0,0.6589867472648621,0.6489369869232178,0.8454738855361938,2.7272727272727275,61.482540535470996,11
