hand,first_max_height,min_height,second_max_height,dribbling_frequency,bending_angle,duration
0,0.7074748873710632,0.7047394514083862,1.0193740129470825,3.0,57.28596026799545,10
