hand,first_max_height,min_height,second_max_height,dribbling_frequency,bending_angle,duration
0,0.7740573883056641,0.7515436410903931,0.7923077344894409,1.5789473684210527,54.110693817068544,19
