hand,first_max_height,min_height,second_max_height,dribbling_frequency,bending_angle,duration
0,0.9549083113670349,0.952009916305542,0.9572961926460266,1.875,3.6231929905859652,16
