hand,first_max_height,min_height,second_max_height,dribbling_frequency,bending_angle,duration
0,1.0120686292648315,0.9853957891464233,1.3125971555709839,1.5789473684210527,26.976583502495036,19
