hand,first_max_height,min_height,second_max_height,dribbling_frequency,bending_angle,duration
0,0.9042532444000244,0.8855200409889221,1.3195161819458008,2.307692307692308,26.454581180909184,13
