hand,first_max_height,min_height,second_max_height,dribbling_frequency,bending_angle,duration
1,0.9308155179023743,0.9150605201721191,0.9157145023345947,2.7272727272727275,12.082464956469341,11
