hand,first_max_height,min_height,second_max_height,dribbling_frequency,bending_angle,duration
0,0.9705003499984741,0.9219910502433777,0.9246315360069275,1.25,5.191914989636822,24
