hand,first_max_height,min_height,second_max_height,dribbling_frequency,bending_angle,duration
1,0.9452731609344482,0.9430353045463562,0.9452467560768127,2.307692307692308,8.931749330747323,13
