hand,first_max_height,min_height,second_max_height,dribbling_frequency,bending_angle,duration
0,1.125524878501892,0.6755471229553223,0.7408829927444458,2.0,50.70509563145478,15
