hand,first_max_height,min_height,second_max_height,dribbling_frequency,bending_angle,duration
1,0.8920853137969971,0.8244704604148865,0.8581339120864868,3.0,45.39003049918704,10
