hand,first_max_height,min_height,second_max_height,dribbling_frequency,bending_angle,duration
1,0.9304511547088623,0.9230286478996277,0.9315863251686096,1.875,5.685954891923838,16
