hand,first_max_height,min_height,second_max_height,dribbling_frequency,bending_angle,duration
0,0.6978824138641357,0.6658279895782471,1.0195581912994385,1.5789473684210527,60.5549732479832,19
