hand,first_max_height,min_height,second_max_height,dribbling_frequency,bending_angle,duration
0,1.0182082653045654,0.7522295713424683,0.9442214369773865,2.7272727272727275,58.0888392866944,11
