hand,first_max_height,min_height,second_max_height,dribbling_frequency,bending_angle,duration
0,0.9364265203475952,0.9150065183639526,0.9259183406829834,1.875,37.71681094940584,16
