hand,first_max_height,min_height,second_max_height,dribbling_frequency,bending_angle,duration
1,1.0327268838882446,1.0106804370880127,1.058544635772705,2.142857142857143,6.571341787719346,14
