hand,first_max_height,min_height,second_max_height,dribbling_frequency,bending_angle,duration
0,0.9914216995239258,0.9735363721847534,0.9924147129058838,2.7272727272727275,30.92274784999686,11
