hand,first_max_height,min_height,second_max_height,dribbling_frequency,bending_angle,duration
0,0.9400195479393005,0.926974356174469,0.9373835325241089,1.4285714285714284,8.141239891665085,21
