hand,first_max_height,min_height,second_max_height,dribbling_frequency,bending_angle,duration
0,0.677284836769104,0.6724891662597656,0.6928925514221191,1.25,65.79394057729297,24
