hand,first_max_height,min_height,second_max_height,dribbling_frequency,bending_angle,duration
0,0.9562567472457886,0.9077187776565552,1.2081397771835327,2.0,32.08986009099961,15
