hand,first_max_height,min_height,second_max_height,dribbling_frequency,bending_angle,duration
0,0.9495953321456909,0.6454038619995117,0.9299601316452026,2.5,63.16360229567254,12
