hand,first_max_height,min_height,second_max_height,dribbling_frequency,bending_angle,duration
1,0.9393144249916077,0.928817868232727,0.9435697197914124,2.142857142857143,7.984680782126447,14
