hand,first_max_height,min_height,second_max_height,dribbling_frequency,bending_angle,duration
0,0.679103672504425,0.6691328883171082,1.053507685661316,1.7647058823529411,59.989816047632935,17
