hand,first_max_height,min_height,second_max_height,dribbling_frequency,bending_angle,duration
0,0.7310494184494019,0.7205415368080139,0.7397809028625488,2.5,58.17586285538168,12
