hand,first_max_height,min_height,second_max_height,dribbling_frequency,bending_angle,duration
0,0.9461566805839539,0.9397955536842346,0.9435459971427917,2.142857142857143,6.818548805577216,14
