hand,first_max_height,min_height,second_max_height,dribbling_frequency,bending_angle,duration
1,0.9375963807106018,0.9241867065429688,0.9270802736282349,1.6666666666666665,7.621403207847727,18
