hand,first_max_height,min_height,second_max_height,dribbling_frequency,bending_angle,duration
1,1.0736229419708252,0.980644941329956,1.0556550025939941,1.7647058823529411,13.066213583978163,17
