hand,first_max_height,min_height,second_max_height,dribbling_frequency,bending_angle,duration
0,0.8588548302650452,0.7985763549804688,1.2175465822219849,1.3636363636363638,33.14167248859625,22
