hand,first_max_height,min_height,second_max_height,dribbling_frequency,bending_angle,duration
0,1.0554583072662354,0.8671689629554749,1.1783924102783203,1.3043478260869565,39.96105871493158,23
