hand,first_max_height,min_height,second_max_height,dribbling_frequency,bending_angle,duration
0,0.9388126730918884,0.9251495599746704,0.9274868965148926,2.0,5.482208475076254,15
