hand,first_max_height,min_height,second_max_height,dribbling_frequency,bending_angle,duration
0,0.9072356224060059,0.615753173828125,0.6706324815750122,2.307692307692308,62.34626819079481,13
