hand,first_max_height,min_height,second_max_height,dribbling_frequency,bending_angle,duration
0,0.9260346293449402,0.8861294388771057,0.9042532444000244,3.0,26.426987217566474,10
