hand,first_max_height,min_height,second_max_height,dribbling_frequency,bending_angle,duration
1,0.9606838822364807,0.957044243812561,0.9590312838554382,2.142857142857143,2.417781580084543,14
