hand,first_max_height,min_height,second_max_height,dribbling_frequency,bending_angle,duration
0,1.0060697793960571,0.9748444557189941,0.9972292184829712,2.0,29.85913785614257,15
