hand,first_max_height,min_height,second_max_height,dribbling_frequency,bending_angle,duration
0,0.9594547748565674,0.9415327310562134,0.9426805973052979,2.307692307692308,9.955368436132549,13
