hand,first_max_height,min_height,second_max_height,dribbling_frequency,bending_angle,duration
0,0.9196869730949402,0.9040254354476929,0.9080041646957397,2.307692307692308,12.746909473809882,13
