hand,first_max_height,min_height,second_max_height,dribbling_frequency,bending_angle,duration
0,0.8946167230606079,0.8741472363471985,1.1872692108154297,2.5,33.87946157434051,12
