hand,first_max_height,min_height,second_max_height,dribbling_frequency,bending_angle,duration
0,1.2671911716461182,0.9641035795211792,1.3036983013153076,2.0,24.986946938010103,15
