hand,first_max_height,min_height,second_max_height,dribbling_frequency,bending_angle,duration
0,0.8834228515625,0.7051585912704468,0.9364514946937561,2.5,60.855732557137124,12
