hand,first_max_height,min_height,second_max_height,dribbling_frequency,bending_angle,duration
0,0.9117264151573181,0.718582034111023,0.7549839019775391,2.142857142857143,50.18589389260919,14
