hand,first_max_height,min_height,second_max_height,dribbling_frequency,bending_angle,duration
0,1.227144718170166,0.78498375415802,0.8698843121528625,2.142857142857143,34.313855122778534,14
