hand,first_max_height,min_height,second_max_height,dribbling_frequency,bending_angle,duration
0,0.893918514251709,0.6454083323478699,0.684035062789917,1.7647058823529411,58.080016896174776,17
