hand,first_max_height,min_height,second_max_height,dribbling_frequency,bending_angle,duration
0,0.9338197708129883,0.9229333996772766,0.9242410659790039,2.7272727272727275,12.062676471663627,11
