hand,first_max_height,min_height,second_max_height,dribbling_frequency,bending_angle,duration
1,0.9541004300117493,0.918368399143219,0.9213470816612244,1.3043478260869565,10.393830331962734,23
