hand,first_max_height,min_height,second_max_height,dribbling_frequency,bending_angle,duration
1,0.8482934832572937,0.7808824777603149,0.7952662706375122,3.0,50.25019339837365,10
