hand,first_max_height,min_height,second_max_height,dribbling_frequency,bending_angle,duration
0,1.0574543476104736,0.9827959537506104,1.0588948726654053,1.7647058823529411,21.27677051960444,17
