hand,first_max_height,min_height,second_max_height,dribbling_frequency,bending_angle,duration
0,0.9331064820289612,0.9198406934738159,0.9206953644752502,2.142857142857143,9.21747031169822,14
