hand,first_max_height,min_height,second_max_height,dribbling_frequency,bending_angle,duration
0,0.9255936145782471,0.9223887324333191,0.9345983266830444,1.875,6.004492732788544,16
