hand,first_max_height,min_height,second_max_height,dribbling_frequency,bending_angle,duration
0,1.0974894762039185,1.0479881763458252,1.1048403978347778,1.5,19.298843269479853,20
