hand,first_max_height,min_height,second_max_height,dribbling_frequency,bending_angle,duration
1,0.8771634101867676,0.6964970231056213,0.7808033227920532,1.3636363636363638,36.281906636664964,22
