hand,first_max_height,min_height,second_max_height,dribbling_frequency,bending_angle,duration
0,0.7375176548957825,0.7182381749153137,0.7220423817634583,2.7272727272727275,54.764285591857,11
