hand,first_max_height,min_height,second_max_height,dribbling_frequency,bending_angle,duration
0,0.8898919224739075,0.8409762978553772,0.8607466816902161,2.5,33.92921252267595,12
