hand,first_max_height,min_height,second_max_height,dribbling_frequency,bending_angle,duration
0,1.1169461011886597,1.0484305620193481,1.123220443725586,1.875,15.598339743993652,16
