hand,first_max_height,min_height,second_max_height,dribbling_frequency,bending_angle,duration
0,0.7202382683753967,0.7025250792503357,1.0879480838775635,1.7647058823529411,59.12700321550257,17
