hand,first_max_height,min_height,second_max_height,dribbling_frequency,bending_angle,duration
0,0.93916916847229,0.9273514151573181,0.9346833825111389,1.5789473684210527,5.2665720604082065,19
