hand,first_max_height,min_height,second_max_height,dribbling_frequency,bending_angle,duration
0,0.9957257509231567,0.6734867691993713,0.9992932081222534,2.307692307692308,60.799018581730465,13
