hand,first_max_height,min_height,second_max_height,dribbling_frequency,bending_angle,duration
0,0.7472565770149231,0.7193397879600525,0.739955723285675,1.7647058823529411,54.461716994368295,17
