hand,first_max_height,min_height,second_max_height,dribbling_frequency,bending_angle,duration
0,0.9371637105941772,0.9320913553237915,0.9342166185379028,2.142857142857143,2.366766500820562,14
