hand,first_max_height,min_height,second_max_height,dribbling_frequency,bending_angle,duration
0,0.9162741899490356,0.9109734892845154,0.9139297604560852,2.307692307692308,23.51707507226357,13
