hand,first_max_height,min_height,second_max_height,dribbling_frequency,bending_angle,duration
0,0.8565331101417542,0.8413083553314209,0.8496644496917725,2.307692307692308,52.14451066886822,13
