hand,first_max_height,min_height,second_max_height,dribbling_frequency,bending_angle,duration
0,1.1435214281082153,0.7759393453598022,0.8639344573020935,2.5,40.81680983924495,12
