hand,first_max_height,min_height,second_max_height,dribbling_frequency,bending_angle,duration
1,0.9156807065010071,0.9129770994186401,0.9159380793571472,2.307692307692308,9.26006067780845,13
