hand,first_max_height,min_height,second_max_height,dribbling_frequency,bending_angle,duration
0,0.9043999910354614,0.8444538712501526,0.8656180500984192,2.5,33.63034704539724,12
