hand,first_max_height,min_height,second_max_height,dribbling_frequency,bending_angle,duration
0,1.3098589181900024,0.9131098389625549,0.965365469455719,1.4285714285714284,23.56011948372246,21
