hand,first_max_height,min_height,second_max_height,dribbling_frequency,bending_angle,duration
0,0.6491970419883728,0.6025577783584595,0.6608440279960632,2.142857142857143,71.36870281871776,14
