hand,first_max_height,min_height,second_max_height,dribbling_frequency,bending_angle,duration
0,0.9907596707344055,0.6273903846740723,0.6966632008552551,2.307692307692308,59.976953488722366,13
