hand,first_max_height,min_height,second_max_height,dribbling_frequency,bending_angle,duration
0,1.2193759679794312,0.847553551197052,1.188482642173767,1.875,35.9556849534444,16
