hand,first_max_height,min_height,second_max_height,dribbling_frequency,bending_angle,duration
0,1.1786450147628784,0.8184158205986023,1.1435214281082153,2.142857142857143,36.93123976683026,14
