hand,first_max_height,min_height,second_max_height,dribbling_frequency,bending_angle,duration
0,0.9111813902854919,0.9103525280952454,0.9344343543052673,1.5,5.867064437982805,20
