hand,first_max_height,min_height,second_max_height,dribbling_frequency,bending_angle,duration
0,1.0352778434753418,0.858210563659668,1.1740587949752808,1.25,33.54388421827828,24
