hand,first_max_height,min_height,second_max_height,dribbling_frequency,bending_angle,duration
1,1.166848063468933,1.1655381917953491,1.1740134954452515,2.7272727272727275,12.75976121924783,11
