hand,first_max_height,min_height,second_max_height,dribbling_frequency,bending_angle,duration
0,0.8579463958740234,0.8389905691146851,0.8625309467315674,1.5,28.255561452742498,20
