hand,first_max_height,min_height,second_max_height,dribbling_frequency,bending_angle,duration
0,0.9149524569511414,0.8944568634033203,0.9330787062644958,2.0,42.443346959972544,15
