hand,first_max_height,min_height,second_max_height,dribbling_frequency,bending_angle,duration
1,0.9281859993934631,0.9262403249740601,0.9354031085968018,1.875,4.54208652847261,16
