hand,first_max_height,min_height,second_max_height,dribbling_frequency,bending_angle,duration
1,0.9339861273765564,0.9278572201728821,0.9291048049926758,3.0,6.601667464210676,10
