hand,first_max_height,min_height,second_max_height,dribbling_frequency,bending_angle,duration
0,1.2038160562515259,0.9044181108474731,1.2729257345199585,2.307692307692308,20.1118681430197,13
