hand,first_max_height,min_height,second_max_height,dribbling_frequency,bending_angle,duration
0,1.0604288578033447,1.0490401983261108,1.069862723350525,2.142857142857143,11.27782469195538,14
