hand,first_max_height,min_height,second_max_height,dribbling_frequency,bending_angle,duration
0,0.6015334725379944,0.5153149962425232,0.8530515432357788,2.5,79.28176582509212,12
