hand,first_max_height,min_height,second_max_height,dribbling_frequency,bending_angle,duration
0,1.0642699003219604,1.0126880407333374,1.0703198909759521,1.875,19.83944730795104,16
