hand,first_max_height,min_height,second_max_height,dribbling_frequency,bending_angle,duration
0,1.0675829648971558,0.6811797618865967,0.798619270324707,1.7647058823529411,58.30812455518576,17
