hand,first_max_height,min_height,second_max_height,dribbling_frequency,bending_angle,duration
0,0.9925050735473633,0.9466068148612976,0.9930744767189026,1.6666666666666665,32.434107188421635,18
