hand,first_max_height,min_height,second_max_height,dribbling_frequency,bending_angle,duration
0,0.9030532836914062,0.8981958031654358,0.9710116982460022,1.25,44.44459408866909,24
