hand,first_max_height,min_height,second_max_height,dribbling_frequency,bending_angle,duration
0,0.6440184116363525,0.6438698768615723,0.6821065545082092,2.7272727272727275,66.0701649328152,11
