hand,first_max_height,min_height,second_max_height,dribbling_frequency,bending_angle,duration
0,1.10426664352417,1.0499444007873535,1.1088775396347046,1.875,15.907279140450239,16
