hand,first_max_height,min_height,second_max_height,dribbling_frequency,bending_angle,duration
0,1.030490517616272,0.7439132928848267,1.0507351160049438,2.5,64.43980587506978,12
