hand,first_max_height,min_height,second_max_height,dribbling_frequency,bending_angle,duration
0,0.957484781742096,0.8106233477592468,0.9056150317192078,1.5,16.85654069135385,20
