hand,first_max_height,min_height,second_max_height,dribbling_frequency,bending_angle,duration
0,1.3675285577774048,0.9175000190734863,0.9616512060165405,1.875,14.203707001300081,16
