hand,first_max_height,min_height,second_max_height,dribbling_frequency,bending_angle,duration
0,1.0400105714797974,0.7983262538909912,0.9564717411994934,3.0,57.930296749240455,10
