hand,first_max_height,min_height,second_max_height,dribbling_frequency,bending_angle,duration
0,0.726568877696991,0.6918861269950867,1.1699200868606567,1.6666666666666665,58.37922265401423,18
