hand,first_max_height,min_height,second_max_height,dribbling_frequency,bending_angle,duration
0,0.6700535416603088,0.6315215229988098,0.9120399951934814,1.3636363636363638,61.30818371170647,22
