hand,first_max_height,min_height,second_max_height,dribbling_frequency,bending_angle,duration
0,0.913349986076355,0.8682687878608704,0.9120899438858032,1.6666666666666665,21.195775249459196,18
