hand,first_max_height,min_height,second_max_height,dribbling_frequency,bending_angle,duration
0,1.0750638246536255,1.0677167177200317,1.0983059406280518,1.6666666666666665,24.418311771837786,18
