hand,first_max_height,min_height,second_max_height,dribbling_frequency,bending_angle,duration
1,0.6759817004203796,0.609860897064209,0.6250432729721069,2.0,64.63848380740379,15
