hand,first_max_height,min_height,second_max_height,dribbling_frequency,bending_angle,duration
0,0.9057238101959229,0.874780535697937,1.1640418767929077,1.7647058823529411,27.87909058119287,17
