hand,first_max_height,min_height,second_max_height,dribbling_frequency,bending_angle,duration
1,0.713009774684906,0.6927199363708496,0.7247911691665649,2.142857142857143,60.55254670964151,14
