hand,first_max_height,min_height,second_max_height,dribbling_frequency,bending_angle,duration
0,1.0473343133926392,0.7265418767929077,0.9321382641792297,2.7272727272727275,56.567363128387385,11
