hand,first_max_height,min_height,second_max_height,dribbling_frequency,bending_angle,duration
0,0.9353656768798828,0.9303688406944275,0.9422225952148438,1.25,6.392244585331872,24
