hand,first_max_height,min_height,second_max_height,dribbling_frequency,bending_angle,duration
0,1.042173981666565,1.0401943922042847,1.0673298835754395,2.142857142857143,5.859488411754051,14
