hand,first_max_height,min_height,second_max_height,dribbling_frequency,bending_angle,duration
0,0.9392388463020325,0.9286869764328003,0.9289863109588623,1.875,4.747692281190236,16
