hand,first_max_height,min_height,second_max_height,dribbling_frequency,bending_angle,duration
0,1.068894863128662,1.042157769203186,1.0832206010818481,1.5,8.375177967792618,20
