hand,first_max_height,min_height,second_max_height,dribbling_frequency,bending_angle,duration
0,1.0399655103683472,1.0326133966445923,1.0449506044387817,3.0,11.645088520160888,10
