hand,first_max_height,min_height,second_max_height,dribbling_frequency,bending_angle,duration
0,0.9161668419837952,0.8961675763130188,0.9188072085380554,1.4285714285714284,6.90392387467264,21
