hand,first_max_height,min_height,second_max_height,dribbling_frequency,bending_angle,duration
0,0.9654535055160522,0.9603777527809143,0.9658403396606445,3.0,4.597154031958628,10
