hand,first_max_height,min_height,second_max_height,dribbling_frequency,bending_angle,duration
0,0.9396169781684875,0.6834220886230469,0.877088725566864,3.0,59.933187283030726,10
