hand,first_max_height,min_height,second_max_height,dribbling_frequency,bending_angle,duration
0,0.7326471209526062,0.7206224799156189,0.8703814744949341,2.0,61.46828058241924,15
