hand,first_max_height,min_height,second_max_height,dribbling_frequency,bending_angle,duration
0,0.8831524848937988,0.7463617920875549,0.9306125640869141,3.0,63.210757180656536,10
