hand,first_max_height,min_height,second_max_height,dribbling_frequency,bending_angle,duration
0,1.2664941549301147,0.9859399795532227,1.2538176774978638,2.0,18.832773945946357,15
