hand,first_max_height,min_height,second_max_height,dribbling_frequency,bending_angle,duration
0,0.9484618902206421,0.9290924072265625,0.9324557781219482,1.5,2.968033643542062,20
