hand,first_max_height,min_height,second_max_height,dribbling_frequency,bending_angle,duration
0,0.9259681701660156,0.8902812004089355,0.9006282687187195,2.0,18.532516622759807,15
