hand,first_max_height,min_height,second_max_height,dribbling_frequency,bending_angle,duration
0,1.0150671005249023,0.9941997528076172,0.9952311515808105,2.307692307692308,12.564756613093751,13
