hand,first_max_height,min_height,second_max_height,dribbling_frequency,bending_angle,duration
0,1.0085289478302002,1.0063937902450562,1.0137003660202026,2.307692307692308,30.14708357581087,13
