hand,first_max_height,min_height,second_max_height,dribbling_frequency,bending_angle,duration
0,0.6547311544418335,0.6523504853248596,0.6711814999580383,2.5,59.537749302991514,12
