hand,first_max_height,min_height,second_max_height,dribbling_frequency,bending_angle,duration
1,0.9020719528198242,0.8916696906089783,0.9037356972694397,1.5,10.091058949925777,20
