hand,first_max_height,min_height,second_max_height,dribbling_frequency,bending_angle,duration
0,1.0483778715133667,1.0291287899017334,1.0328065156936646,2.5,8.434928633455494,12
