hand,first_max_height,min_height,second_max_height,dribbling_frequency,bending_angle,duration
0,1.1067601442337036,0.7940278649330139,1.0490610599517822,2.307692307692308,43.10910746258099,13
