hand,first_max_height,min_height,second_max_height,dribbling_frequency,bending_angle,duration
0,0.8151522278785706,0.6042050719261169,0.6975514888763428,2.0,53.72810500174233,15
