hand,first_max_height,min_height,second_max_height,dribbling_frequency,bending_angle,duration
1,0.9260739684104919,0.9224076271057129,0.9496264457702637,1.6666666666666665,16.425392981596858,18
