hand,first_max_height,min_height,second_max_height,dribbling_frequency,bending_angle,duration
0,0.943254292011261,0.934997022151947,0.9403949975967407,1.6666666666666665,9.437248020806969,18
