hand,first_max_height,min_height,second_max_height,dribbling_frequency,bending_angle,duration
0,0.9570810794830322,0.9553475975990295,0.9615818858146667,2.7272727272727275,5.567420945403544,11
