hand,first_max_height,min_height,second_max_height,dribbling_frequency,bending_angle,duration
0,1.1058285236358643,0.7970538139343262,0.8066024780273438,3.0,34.50099825713777,10
