hand,first_max_height,min_height,second_max_height,dribbling_frequency,bending_angle,duration
0,0.8481197953224182,0.7945807576179504,0.8246650099754333,1.875,49.27876482812005,16
