hand,first_max_height,min_height,second_max_height,dribbling_frequency,bending_angle,duration
0,0.8246650099754333,0.7784470915794373,0.808063805103302,1.875,47.59981689359187,16
