hand,first_max_height,min_height,second_max_height,dribbling_frequency,bending_angle,duration
0,0.873720109462738,0.6593294143676758,0.6666663885116577,2.307692307692308,28.220421183298804,13
