hand,first_max_height,min_height,second_max_height,dribbling_frequency,bending_angle,duration
0,0.9346609115600586,0.8777094483375549,0.8929859399795532,2.5,21.860116525122482,12
