hand,first_max_height,min_height,second_max_height,dribbling_frequency,bending_angle,duration
0,0.6837078928947449,0.6834414601325989,1.0106920003890991,1.875,60.22453068126745,16
