hand,first_max_height,min_height,second_max_height,dribbling_frequency,bending_angle,duration
1,1.1888245344161987,1.1389474868774414,1.1440284252166748,1.3636363636363638,13.731186845946034,22
