hand,first_max_height,min_height,second_max_height,dribbling_frequency,bending_angle,duration
0,0.7471680045127869,0.7306585311889648,0.751558244228363,2.307692307692308,65.53247421070034,13
