hand,first_max_height,min_height,second_max_height,dribbling_frequency,bending_angle,duration
1,1.0258945226669312,1.0068660974502563,1.0389608144760132,1.7647058823529411,4.905215467140285,17
