hand,first_max_height,min_height,second_max_height,dribbling_frequency,bending_angle,duration
0,0.9289863109588623,0.9267225861549377,0.9323383569717407,3.0,5.263922892271043,10
