hand,first_max_height,min_height,second_max_height,dribbling_frequency,bending_angle,duration
0,0.9381173849105835,0.9334638714790344,0.9337915182113647,3.0,5.032009946553497,10
