hand,first_max_height,min_height,second_max_height,dribbling_frequency,bending_angle,duration
0,0.7778142690658569,0.7600679993629456,0.762391209602356,2.142857142857143,60.095295714469664,14
