hand,first_max_height,min_height,second_max_height,dribbling_frequency,bending_angle,duration
1,0.9329192638397217,0.9245237112045288,0.9255055785179138,2.307692307692308,5.950995722888677,13
