hand,first_max_height,min_height,second_max_height,dribbling_frequency,bending_angle,duration
0,1.0658202171325684,1.0177884101867676,1.0642699003219604,1.875,19.151408533595866,16
