hand,first_max_height,min_height,second_max_height,dribbling_frequency,bending_angle,duration
0,1.3195161819458008,0.8943409323692322,1.1785093545913696,2.307692307692308,27.384260940992554,13
