hand,first_max_height,min_height,second_max_height,dribbling_frequency,bending_angle,duration
0,0.9134222865104675,0.9067342877388,0.9134357571601868,2.0,12.256779485427671,15
