hand,first_max_height,min_height,second_max_height,dribbling_frequency,bending_angle,duration
0,0.7954110503196716,0.762994647026062,0.7961090803146362,2.0,52.68537349384105,15
