hand,first_max_height,min_height,second_max_height,dribbling_frequency,bending_angle,duration
0,1.215637445449829,0.8381888270378113,1.174263834953308,2.142857142857143,29.451517708153286,14
