hand,first_max_height,min_height,second_max_height,dribbling_frequency,bending_angle,duration
0,0.9515793323516846,0.9477270841598511,0.9556286931037903,1.7647058823529411,4.159948425140169,17
