hand,first_max_height,min_height,second_max_height,dribbling_frequency,bending_angle,duration
0,0.9291062951087952,0.9126694798469543,1.1301770210266113,2.307692307692308,23.41859776699612,13
