hand,first_max_height,min_height,second_max_height,dribbling_frequency,bending_angle,duration
0,0.6563763618469238,0.6438922882080078,0.9005006551742554,2.7272727272727275,64.8480046565343,11
