hand,first_max_height,min_height,second_max_height,dribbling_frequency,bending_angle,duration
0,0.9380266666412354,0.9314788579940796,0.9317469596862793,2.0,4.957062040700449,15
