hand,first_max_height,min_height,second_max_height,dribbling_frequency,bending_angle,duration
0,0.8066024780273438,0.7921467423439026,0.9845084547996521,2.5,35.87724773396024,12
