hand,first_max_height,min_height,second_max_height,dribbling_frequency,bending_angle,duration
0,0.9375866651535034,0.9335943460464478,0.9432677626609802,2.142857142857143,1.1341861311589676,14
