hand,first_max_height,min_height,second_max_height,dribbling_frequency,bending_angle,duration
0,0.9047958254814148,0.6756101250648499,0.7344223856925964,2.142857142857143,59.5333532139208,14
