hand,first_max_height,min_height,second_max_height,dribbling_frequency,bending_angle,duration
0,0.780163586139679,0.7670720219612122,0.7697291970252991,3.0,53.1840084745107,10
