hand,first_max_height,min_height,second_max_height,dribbling_frequency,bending_angle,duration
0,0.8912403583526611,0.8634493350982666,1.2790125608444214,1.7647058823529411,24.776293208785432,17
