hand,first_max_height,min_height,second_max_height,dribbling_frequency,bending_angle,duration
0,0.5342726111412048,0.46080687642097473,0.5793648362159729,2.0,80.55096085674998,15
