hand,first_max_height,min_height,second_max_height,dribbling_frequency,bending_angle,duration
0,0.7317973971366882,0.6786269545555115,1.0274654626846313,1.7647058823529411,55.115348214928666,17
