hand,first_max_height,min_height,second_max_height,dribbling_frequency,bending_angle,duration
0,0.9285894632339478,0.9284111261367798,0.9383269548416138,3.0,0.7603554366243704,10
