hand,first_max_height,min_height,second_max_height,dribbling_frequency,bending_angle,duration
0,0.9620911478996277,0.9611610770225525,0.9849716424942017,2.0,7.941184735046061,15
