hand,first_max_height,min_height,second_max_height,dribbling_frequency,bending_angle,duration
0,0.7981152534484863,0.7488961219787598,0.7717905044555664,3.0,50.82810035142857,10
