hand,first_max_height,min_height,second_max_height,dribbling_frequency,bending_angle,duration
0,1.2371464967727661,0.9004267454147339,1.2402805089950562,1.3636363636363638,11.9965511421317,22
