hand,first_max_height,min_height,second_max_height,dribbling_frequency,bending_angle,duration
0,1.0390483140945435,0.7305216193199158,0.9325370788574219,2.5,59.82921101898177,12
