hand,first_max_height,min_height,second_max_height,dribbling_frequency,bending_angle,duration
1,1.0595732927322388,1.019133448600769,1.0388754606246948,2.142857142857143,29.973450409223087,14
