hand,first_max_height,min_height,second_max_height,dribbling_frequency,bending_angle,duration
1,1.0462135076522827,1.0322322845458984,1.2080860137939453,1.4285714285714284,30.218764112554425,21
