hand,first_max_height,min_height,second_max_height,dribbling_frequency,bending_angle,duration
0,0.8001331090927124,0.7382076382637024,0.8846219778060913,2.7272727272727275,51.822934864390646,11
