hand,first_max_height,min_height,second_max_height,dribbling_frequency,bending_angle,duration
1,1.0663490295410156,1.003872275352478,1.0381064414978027,2.307692307692308,32.03864485935697,13
