hand,first_max_height,min_height,second_max_height,dribbling_frequency,bending_angle,duration
0,0.9911757707595825,0.5926393270492554,0.732640266418457,1.7647058823529411,64.6946776146525,17
