hand,first_max_height,min_height,second_max_height,dribbling_frequency,bending_angle,duration
0,1.273352861404419,0.9268698692321777,0.9785823822021484,2.142857142857143,18.462560575841554,14
