hand,first_max_height,min_height,second_max_height,dribbling_frequency,bending_angle,duration
0,0.7513865828514099,0.7475234866142273,0.9482133388519287,2.142857142857143,47.93284093736656,14
