hand,first_max_height,min_height,second_max_height,dribbling_frequency,bending_angle,duration
1,0.9362513422966003,0.9301813840866089,0.9318559765815735,2.5,7.159334814311752,12
