hand,first_max_height,min_height,second_max_height,dribbling_frequency,bending_angle,duration
0,1.0630897283554077,1.0594404935836792,1.082086205482483,2.7272727272727275,5.896673837358971,11
