hand,first_max_height,min_height,second_max_height,dribbling_frequency,bending_angle,duration
0,0.8861140012741089,0.8420559763908386,0.8603911399841309,2.307692307692308,29.564389947101706,13
