hand,first_max_height,min_height,second_max_height,dribbling_frequency,bending_angle,duration
1,1.105880618095398,1.0695420503616333,1.100555658340454,2.307692307692308,24.555304176925972,13
