hand,first_max_height,min_height,second_max_height,dribbling_frequency,bending_angle,duration
0,0.9282256364822388,0.9265444278717041,0.9613552093505859,1.4285714285714284,4.278152901381534,21
