hand,first_max_height,min_height,second_max_height,dribbling_frequency,bending_angle,duration
0,1.077998399734497,1.0655325651168823,1.0677223205566406,2.0,7.0469677418856325,15
