hand,first_max_height,min_height,second_max_height,dribbling_frequency,bending_angle,duration
1,1.039651870727539,1.030227541923523,1.0353996753692627,2.0,10.494179413821035,15
