hand,first_max_height,min_height,second_max_height,dribbling_frequency,bending_angle,duration
0,1.024732232093811,0.7297874093055725,1.1264890432357788,2.307692307692308,57.82867872278989,13
