hand,first_max_height,min_height,second_max_height,dribbling_frequency,bending_angle,duration
0,1.0923645496368408,0.6854113936424255,0.7892139554023743,1.875,50.437134366939176,16
