hand,first_max_height,min_height,second_max_height,dribbling_frequency,bending_angle,duration
0,1.057278037071228,0.8056851625442505,1.0355769395828247,2.307692307692308,49.56837336005255,13
