hand,first_max_height,min_height,second_max_height,dribbling_frequency,bending_angle,duration
0,1.1181004047393799,1.1100280284881592,1.1171247959136963,3.0,8.691479688807142,10
