hand,first_max_height,min_height,second_max_height,dribbling_frequency,bending_angle,duration
1,0.9315863251686096,0.9239657521247864,0.9322246313095093,2.0,5.757074254719518,15
