hand,first_max_height,min_height,second_max_height,dribbling_frequency,bending_angle,duration
0,1.151440978050232,1.116214394569397,1.154262900352478,1.875,14.792515553693567,16
