hand,first_max_height,min_height,second_max_height,dribbling_frequency,bending_angle,duration
0,0.8679561614990234,0.8659539818763733,1.301199197769165,1.875,34.32875327380195,16
