hand,first_max_height,min_height,second_max_height,dribbling_frequency,bending_angle,duration
0,1.0596520900726318,0.6728765368461609,0.7304238677024841,1.5,28.162027684108217,20
