hand,first_max_height,min_height,second_max_height,dribbling_frequency,bending_angle,duration
0,0.9136069416999817,0.8784337043762207,0.8841512203216553,1.7647058823529411,28.345348335153606,17
