hand,first_max_height,min_height,second_max_height,dribbling_frequency,bending_angle,duration
1,1.0608837604522705,1.0240273475646973,1.045109748840332,2.5,27.795117365784943,12
