hand,first_max_height,min_height,second_max_height,dribbling_frequency,bending_angle,duration
1,1.1621482372283936,1.1553735733032227,1.1649093627929688,1.7647058823529411,3.9808643841158555,17
