hand,first_max_height,min_height,second_max_height,dribbling_frequency,bending_angle,duration
0,1.2813218832015991,0.9247051477432251,1.2166163921356201,2.0,23.221411124753118,15
