hand,first_max_height,min_height,second_max_height,dribbling_frequency,bending_angle,duration
0,1.3085026741027832,0.9575071930885315,1.2060834169387817,1.875,17.61963736126729,16
