hand,first_max_height,min_height,second_max_height,dribbling_frequency,bending_angle,duration
0,1.0300207138061523,0.6079282164573669,0.7443035244941711,2.0,55.388542938228134,15
