hand,first_max_height,min_height,second_max_height,dribbling_frequency,bending_angle,duration
0,1.2856765985488892,0.9637436270713806,1.2369747161865234,2.142857142857143,24.810048861742654,14
