hand,first_max_height,min_height,second_max_height,dribbling_frequency,bending_angle,duration
0,1.0899962186813354,0.7570194005966187,0.8165184855461121,1.7647058823529411,33.472735854808924,17
