hand,first_max_height,min_height,second_max_height,dribbling_frequency,bending_angle,duration
0,0.9416019916534424,0.934529721736908,0.9365969896316528,3.0,2.9708237005354703,10
