hand,first_max_height,min_height,second_max_height,dribbling_frequency,bending_angle,duration
1,0.9125926494598389,0.8978278040885925,0.8984905481338501,2.142857142857143,15.678032657887767,14
