hand,first_max_height,min_height,second_max_height,dribbling_frequency,bending_angle,duration
1,0.9454468488693237,0.9377558827400208,0.9405767321586609,2.5,7.269612384740578,12
