hand,first_max_height,min_height,second_max_height,dribbling_frequency,bending_angle,duration
0,0.9218271970748901,0.9190105199813843,0.9230367541313171,2.7272727272727275,8.95099937110508,11
