hand,first_max_height,min_height,second_max_height,dribbling_frequency,bending_angle,duration
0,1.1093320846557617,1.0642685890197754,1.067274570465088,1.25,12.452685977299803,24
