hand,first_max_height,min_height,second_max_height,dribbling_frequency,bending_angle,duration
0,0.6491666436195374,0.6409189701080322,0.923041045665741,1.25,62.35365790649587,24
