hand,first_max_height,min_height,second_max_height,dribbling_frequency,bending_angle,duration
0,0.9118053317070007,0.6019160747528076,0.7151276469230652,2.0,63.696494035093885,15
