hand,first_max_height,min_height,second_max_height,dribbling_frequency,bending_angle,duration
0,0.7444068193435669,0.7381582856178284,0.7520319819450378,3.0,52.519117335546795,10
