hand,first_max_height,min_height,second_max_height,dribbling_frequency,bending_angle,duration
0,0.8958892226219177,0.6429010629653931,0.980417788028717,2.142857142857143,64.78628779659833,14
