hand,first_max_height,min_height,second_max_height,dribbling_frequency,bending_angle,duration
0,0.9614781737327576,0.7055794596672058,0.8047075271606445,2.5,58.722066584648935,12
