hand,first_max_height,min_height,second_max_height,dribbling_frequency,bending_angle,duration
0,0.8518507480621338,0.6966049075126648,0.7020784616470337,2.307692307692308,55.0308419936247,13
