hand,first_max_height,min_height,second_max_height,dribbling_frequency,bending_angle,duration
0,0.7891005873680115,0.7446988821029663,1.1133805513381958,1.5789473684210527,50.35056740874301,19
