hand,first_max_height,min_height,second_max_height,dribbling_frequency,bending_angle,duration
0,0.9942059516906738,0.627595067024231,0.7218741774559021,1.7647058823529411,53.50811918072067,17
