hand,first_max_height,min_height,second_max_height,dribbling_frequency,bending_angle,duration
0,1.0286961793899536,1.0123884677886963,1.04700767993927,1.3636363636363638,17.391392195879735,22
