hand,first_max_height,min_height,second_max_height,dribbling_frequency,bending_angle,duration
0,1.12600576877594,0.9624468088150024,1.0933135747909546,1.25,14.862515844274013,24
