hand,first_max_height,min_height,second_max_height,dribbling_frequency,bending_angle,duration
1,1.0506501197814941,1.019228219985962,1.049767017364502,2.5,26.125664091501847,12
