hand,first_max_height,min_height,second_max_height,dribbling_frequency,bending_angle,duration
0,0.9185836911201477,0.5647764801979065,0.9369638562202454,1.25,62.74700044288772,24
