hand,first_max_height,min_height,second_max_height,dribbling_frequency,bending_angle,duration
0,0.990185022354126,0.985062301158905,1.0084458589553833,1.6666666666666665,8.95060577684935,18
