hand,first_max_height,min_height,second_max_height,dribbling_frequency,bending_angle,duration
0,0.7184174656867981,0.7145624756813049,0.7234354019165039,1.5,61.48857913379989,20
