hand,first_max_height,min_height,second_max_height,dribbling_frequency,bending_angle,duration
0,0.9114622473716736,0.9068450927734375,0.9198648929595947,2.5,34.730271353710684,12
