hand,first_max_height,min_height,second_max_height,dribbling_frequency,bending_angle,duration
0,0.8026474714279175,0.6985434889793396,0.7001970410346985,2.7272727272727275,53.539137600890136,11
