hand,first_max_height,min_height,second_max_height,dribbling_frequency,bending_angle,duration
0,0.9329160451889038,0.9302773475646973,0.9511979818344116,1.4285714285714284,14.300496443777481,21
