hand,first_max_height,min_height,second_max_height,dribbling_frequency,bending_angle,duration
0,0.8044719696044922,0.6656075119972229,0.696835994720459,2.307692307692308,61.917877126987875,13
