hand,first_max_height,min_height,second_max_height,dribbling_frequency,bending_angle,duration
1,1.0578182935714722,1.0387258529663086,1.0510622262954712,1.875,10.589745196751126,16
