hand,first_max_height,min_height,second_max_height,dribbling_frequency,bending_angle,duration
0,0.6566398739814758,0.6557983756065369,0.8585794568061829,3.0,61.80424098480075,10
