hand,first_max_height,min_height,second_max_height,dribbling_frequency,bending_angle,duration
1,0.9282659888267517,0.890707790851593,0.9283123016357422,2.307692307692308,32.89482936230988,13
