hand,first_max_height,min_height,second_max_height,dribbling_frequency,bending_angle,duration
0,1.0068696737289429,0.9947267770767212,1.0014101266860962,2.142857142857143,29.74009181785883,14
