hand,first_max_height,min_height,second_max_height,dribbling_frequency,bending_angle,duration
0,0.9282239675521851,0.8867539763450623,1.3074008226394653,1.7647058823529411,22.905850704544306,17
