hand,first_max_height,min_height,second_max_height,dribbling_frequency,bending_angle,duration
0,1.194754719734192,0.869884192943573,1.135549545288086,2.307692307692308,35.478233874368925,13
