hand,first_max_height,min_height,second_max_height,dribbling_frequency,bending_angle,duration
1,1.131807804107666,1.1219353675842285,1.1323548555374146,2.0,12.379033432804702,15
