hand,first_max_height,min_height,second_max_height,dribbling_frequency,bending_angle,duration
1,0.8387596607208252,0.8284746408462524,0.8620069026947021,2.307692307692308,39.82179000328193,13
