hand,first_max_height,min_height,second_max_height,dribbling_frequency,bending_angle,duration
0,0.9304388165473938,0.9173496961593628,0.9338030815124512,2.0,7.715839519805945,15
