hand,first_max_height,min_height,second_max_height,dribbling_frequency,bending_angle,duration
0,1.2475031614303589,0.9233070015907288,1.1955722570419312,2.5,37.84954119068666,12
