hand,first_max_height,min_height,second_max_height,dribbling_frequency,bending_angle,duration
0,1.1582973003387451,0.8560423851013184,0.9347242712974548,1.875,30.345413225835337,16
