hand,first_max_height,min_height,second_max_height,dribbling_frequency,bending_angle,duration
0,0.8740411400794983,0.8488009572029114,0.9323660731315613,2.307692307692308,27.949234219139733,13
