hand,first_max_height,min_height,second_max_height,dribbling_frequency,bending_angle,duration
0,1.203443169593811,0.6624382734298706,0.9256232380867004,1.5,40.71730302911004,20
