hand,first_max_height,min_height,second_max_height,dribbling_frequency,bending_angle,duration
0,0.6677694320678711,0.6232664585113525,0.9326341152191162,2.0,71.68649839995003,15
