hand,first_max_height,min_height,second_max_height,dribbling_frequency,bending_angle,duration
0,1.044008493423462,0.7137163877487183,0.7945630550384521,2.0,50.59198081952833,15
