hand,first_max_height,min_height,second_max_height,dribbling_frequency,bending_angle,duration
1,1.140284538269043,1.137789249420166,1.1401525735855103,3.0,17.285626373249972,10
