hand,first_max_height,min_height,second_max_height,dribbling_frequency,bending_angle,duration
0,0.95430588722229,0.9025115966796875,0.9057238101959229,3.0,24.50554441717881,10
