hand,first_max_height,min_height,second_max_height,dribbling_frequency,bending_angle,duration
0,1.0264110565185547,0.9561766982078552,1.0162423849105835,1.5,23.92221030058176,20
