hand,first_max_height,min_height,second_max_height,dribbling_frequency,bending_angle,duration
0,0.8694234490394592,0.782440185546875,1.2174187898635864,1.6666666666666665,39.133303924913115,18
