hand,first_max_height,min_height,second_max_height,dribbling_frequency,bending_angle,duration
0,1.0572587251663208,1.0408689975738525,1.042173981666565,1.4285714285714284,6.192030631262275,21
