hand,first_max_height,min_height,second_max_height,dribbling_frequency,bending_angle,duration
0,0.7174597978591919,0.6398360133171082,1.1166497468948364,1.5,57.077755499889335,20
