hand,first_max_height,min_height,second_max_height,dribbling_frequency,bending_angle,duration
0,1.0293110609054565,1.0240694284439087,1.0290883779525757,2.307692307692308,15.111596144558007,13
