hand,first_max_height,min_height,second_max_height,dribbling_frequency,bending_angle,duration
0,0.7839697003364563,0.756293773651123,0.7869799137115479,1.875,51.25693224499516,16
