hand,first_max_height,min_height,second_max_height,dribbling_frequency,bending_angle,duration
0,0.9397643208503723,0.9229688048362732,1.3224135637283325,1.6666666666666665,18.028746512573427,18
