hand,first_max_height,min_height,second_max_height,dribbling_frequency,bending_angle,duration
0,0.7226296067237854,0.7114421725273132,0.7317938804626465,2.5,57.658816793230926,12
