hand,first_max_height,min_height,second_max_height,dribbling_frequency,bending_angle,duration
0,1.0331356525421143,1.0174353122711182,1.0251137018203735,1.7647058823529411,11.596311295901108,17
