hand,first_max_height,min_height,second_max_height,dribbling_frequency,bending_angle,duration
1,0.9365232586860657,0.9262893199920654,0.9304511547088623,1.875,4.802323692942504,16
