hand,first_max_height,min_height,second_max_height,dribbling_frequency,bending_angle,duration
0,1.0273557901382446,1.0155075788497925,1.0963598489761353,1.875,32.51825698705331,16
