hand,first_max_height,min_height,second_max_height,dribbling_frequency,bending_angle,duration
0,0.9226623177528381,0.9045905470848083,0.9067250490188599,2.0,10.004901761273805,15
