hand,first_max_height,min_height,second_max_height,dribbling_frequency,bending_angle,duration
0,0.9212986826896667,0.878372073173523,0.8839080929756165,3.0,29.03247858406111,10
