hand,first_max_height,min_height,second_max_height,dribbling_frequency,bending_angle,duration
0,0.6834943890571594,0.665938138961792,0.9972686767578125,1.5789473684210527,58.55765314639185,19
