hand,first_max_height,min_height,second_max_height,dribbling_frequency,bending_angle,duration
1,0.94866943359375,0.9345957040786743,0.9421502947807312,1.7647058823529411,6.396619261418641,17
