hand,first_max_height,min_height,second_max_height,dribbling_frequency,bending_angle,duration
0,0.9364514946937561,0.7347906231880188,0.9568639397621155,3.0,60.93196949871825,10
