hand,first_max_height,min_height,second_max_height,dribbling_frequency,bending_angle,duration
0,0.8514367341995239,0.6197744011878967,0.6522845029830933,1.875,62.14819018303177,16
