hand,first_max_height,min_height,second_max_height,dribbling_frequency,bending_angle,duration
0,0.8811821937561035,0.8565917015075684,0.8593416810035706,2.142857142857143,24.597800781158266,14
