hand,first_max_height,min_height,second_max_height,dribbling_frequency,bending_angle,duration
0,1.2316603660583496,0.9014212489128113,1.2189713716506958,2.307692307692308,33.695591773385,13
