hand,first_max_height,min_height,second_max_height,dribbling_frequency,bending_angle,duration
0,0.9474067091941833,0.9009236693382263,0.9041527509689331,1.25,19.295797558898123,24
