hand,first_max_height,min_height,second_max_height,dribbling_frequency,bending_angle,duration
1,0.6563917398452759,0.6408369541168213,0.6520041227340698,2.7272727272727275,63.53808306008822,11
