hand,first_max_height,min_height,second_max_height,dribbling_frequency,bending_angle,duration
0,1.0185167789459229,0.9342111945152283,1.0268229246139526,1.5789473684210527,25.80201554806942,19
