hand,first_max_height,min_height,second_max_height,dribbling_frequency,bending_angle,duration
0,0.8907939791679382,0.611618161201477,0.6715449094772339,2.5,62.311546074836095,12
