hand,first_max_height,min_height,second_max_height,dribbling_frequency,bending_angle,duration
1,0.9228401184082031,0.9079640507698059,0.9267316460609436,2.307692307692308,12.164727540325073,13
