hand,first_max_height,min_height,second_max_height,dribbling_frequency,bending_angle,duration
0,0.619434654712677,0.6110843420028687,1.061016321182251,2.0,68.95304937652803,15
