hand,first_max_height,min_height,second_max_height,dribbling_frequency,bending_angle,duration
1,1.1891402006149292,1.1650428771972656,1.1874641180038452,1.5,9.537844828008385,20
