hand,first_max_height,min_height,second_max_height,dribbling_frequency,bending_angle,duration
0,1.0920864343643188,0.8288256525993347,1.111955165863037,2.5,42.51823532554106,12
