hand,first_max_height,min_height,second_max_height,dribbling_frequency,bending_angle,duration
0,1.008708119392395,0.9794554710388184,0.9829505681991577,1.3636363636363638,11.88246079721728,22
