hand,first_max_height,min_height,second_max_height,dribbling_frequency,bending_angle,duration
0,0.7361542582511902,0.7339667081832886,0.7437856793403625,2.142857142857143,60.26908511073541,14
