hand,first_max_height,min_height,second_max_height,dribbling_frequency,bending_angle,duration
0,0.7266786098480225,0.6884682178497314,0.7132738828659058,2.142857142857143,59.38368849351848,14
