hand,first_max_height,min_height,second_max_height,dribbling_frequency,bending_angle,duration
0,0.8928437829017639,0.8903348445892334,0.9214504957199097,2.7272727272727275,22.592668307264617,11
