hand,first_max_height,min_height,second_max_height,dribbling_frequency,bending_angle,duration
0,0.6225298047065735,0.5949410200119019,0.5970726013183594,2.7272727272727275,69.84872519445474,11
