hand,first_max_height,min_height,second_max_height,dribbling_frequency,bending_angle,duration
0,0.8825852870941162,0.86614990234375,0.8898765444755554,2.142857142857143,32.96296244841666,14
