hand,first_max_height,min_height,second_max_height,dribbling_frequency,bending_angle,duration
0,1.0691704750061035,0.6500827074050903,0.6980127692222595,1.875,58.293660186461885,16
