hand,first_max_height,min_height,second_max_height,dribbling_frequency,bending_angle,duration
0,1.05433988571167,1.0513032674789429,1.056166410446167,2.7272727272727275,12.396003991168051,11
