hand,first_max_height,min_height,second_max_height,dribbling_frequency,bending_angle,duration
0,1.154854655265808,0.8587126731872559,1.100627064704895,2.7272727272727275,42.315284810241245,11
