hand,first_max_height,min_height,second_max_height,dribbling_frequency,bending_angle,duration
1,1.0188144445419312,1.006976842880249,1.0821878910064697,2.142857142857143,27.40393791308795,14
