hand,first_max_height,min_height,second_max_height,dribbling_frequency,bending_angle,duration
0,0.7746123671531677,0.6932809948921204,1.0881272554397583,1.25,51.70214582810642,24
