hand,first_max_height,min_height,second_max_height,dribbling_frequency,bending_angle,duration
0,0.9459705948829651,0.9295735359191895,0.9318810701370239,2.142857142857143,1.1991101175173262,14
