hand,first_max_height,min_height,second_max_height,dribbling_frequency,bending_angle,duration
1,0.8827854990959167,0.8603108525276184,0.8918731212615967,2.5,37.6369589943995,12
