hand,first_max_height,min_height,second_max_height,dribbling_frequency,bending_angle,duration
0,0.8923952579498291,0.8069814443588257,0.8561749458312988,1.7647058823529411,32.96287627768999,17
