hand,first_max_height,min_height,second_max_height,dribbling_frequency,bending_angle,duration
0,1.0357859134674072,0.8369426727294922,1.0682287216186523,2.7272727272727275,56.38950987498442,11
