hand,first_max_height,min_height,second_max_height,dribbling_frequency,bending_angle,duration
0,0.8755654096603394,0.6581921577453613,0.7130523324012756,1.7647058823529411,58.31842304729653,17
