hand,first_max_height,min_height,second_max_height,dribbling_frequency,bending_angle,duration
0,0.9514639973640442,0.9481859803199768,0.9517735838890076,3.0,9.680710252235995,10
