hand,first_max_height,min_height,second_max_height,dribbling_frequency,bending_angle,duration
0,1.2512636184692383,0.7923392057418823,0.882732629776001,1.875,34.95391173479757,16
