hand,first_max_height,min_height,second_max_height,dribbling_frequency,bending_angle,duration
1,1.0333683490753174,0.989420473575592,1.04708993434906,1.875,26.78624417169983,16
