hand,first_max_height,min_height,second_max_height,dribbling_frequency,bending_angle,duration
0,0.8411411046981812,0.7707805037498474,1.2058664560317993,1.5789473684210527,38.07740921479387,19
