hand,first_max_height,min_height,second_max_height,dribbling_frequency,bending_angle,duration
0,0.7105633020401001,0.6801440119743347,1.098958969116211,2.0,58.810293058096185,15
