hand,first_max_height,min_height,second_max_height,dribbling_frequency,bending_angle,duration
0,0.7172231078147888,0.6988776326179504,0.7226296067237854,2.307692307692308,56.68769424889645,13
