hand,first_max_height,min_height,second_max_height,dribbling_frequency,bending_angle,duration
0,0.9444071650505066,0.9183472394943237,0.9199349284172058,2.142857142857143,5.380966626753424,14
