hand,first_max_height,min_height,second_max_height,dribbling_frequency,bending_angle,duration
0,1.0673493146896362,1.040937066078186,1.0499098300933838,1.875,11.07198492427142,16
