hand,first_max_height,min_height,second_max_height,dribbling_frequency,bending_angle,duration
0,1.0733548402786255,0.754227876663208,1.0675829648971558,2.142857142857143,57.87654129402795,14
