hand,first_max_height,min_height,second_max_height,dribbling_frequency,bending_angle,duration
0,0.7866571545600891,0.760602593421936,0.7834192514419556,2.307692307692308,52.829939331755476,13
