hand,first_max_height,min_height,second_max_height,dribbling_frequency,bending_angle,duration
0,0.684035062789917,0.6601938009262085,0.9570342302322388,1.3043478260869565,59.00724138859526,23
