hand,first_max_height,min_height,second_max_height,dribbling_frequency,bending_angle,duration
0,0.7383660078048706,0.6399450898170471,0.9718583226203918,2.0,57.83570580005324,15
