hand,first_max_height,min_height,second_max_height,dribbling_frequency,bending_angle,duration
0,1.242519736289978,0.9419522285461426,1.1447440385818481,2.307692307692308,32.30952023123593,13
