hand,first_max_height,min_height,second_max_height,dribbling_frequency,bending_angle,duration
0,0.8967303037643433,0.8737600445747375,1.2170203924179077,1.7647058823529411,31.662475097615072,17
