hand,first_max_height,min_height,second_max_height,dribbling_frequency,bending_angle,duration
0,1.0275428295135498,0.7434534430503845,0.9910635948181152,2.307692307692308,57.59567130396599,13
