hand,first_max_height,min_height,second_max_height,dribbling_frequency,bending_angle,duration
1,0.7622073292732239,0.6979294419288635,0.7824971675872803,2.0,59.80551820482801,15
