hand,first_max_height,min_height,second_max_height,dribbling_frequency,bending_angle,duration
0,0.9352936744689941,0.9061097502708435,0.9145888686180115,1.3636363636363638,8.50340244368318,22
