hand,first_max_height,min_height,second_max_height,dribbling_frequency,bending_angle,duration
0,0.751794159412384,0.7149897217750549,0.7797917127609253,2.5,58.613797624512564,12
