hand,first_max_height,min_height,second_max_height,dribbling_frequency,bending_angle,duration
0,0.9430263042449951,0.9406870007514954,0.9487338662147522,2.0,1.7612856132920294,15
