hand,first_max_height,min_height,second_max_height,dribbling_frequency,bending_angle,duration
0,0.6978161931037903,0.6729565262794495,1.0829771757125854,1.875,58.01277268852758,16
