hand,first_max_height,min_height,second_max_height,dribbling_frequency,bending_angle,duration
0,0.9774736166000366,0.5985710024833679,0.7106807827949524,2.142857142857143,66.20583831325402,14
