hand,first_max_height,min_height,second_max_height,dribbling_frequency,bending_angle,duration
0,1.0143513679504395,1.0101916790008545,1.020749807357788,2.307692307692308,28.14071872250848,13
