hand,first_max_height,min_height,second_max_height,dribbling_frequency,bending_angle,duration
0,0.8666038513183594,0.8470600843429565,1.1109161376953125,2.307692307692308,35.86673883156027,13
