hand,first_max_height,min_height,second_max_height,dribbling_frequency,bending_angle,duration
0,0.860600471496582,0.8242312669754028,1.2475031614303589,2.142857142857143,38.26124454240452,14
