hand,first_max_height,min_height,second_max_height,dribbling_frequency,bending_angle,duration
1,0.9392805695533752,0.8880516290664673,0.9526306390762329,1.5789473684210527,24.01834213476373,19
