hand,first_max_height,min_height,second_max_height,dribbling_frequency,bending_angle,duration
0,0.9865753650665283,0.9648327231407166,0.9659783840179443,3.0,18.330160322612937,10
