hand,first_max_height,min_height,second_max_height,dribbling_frequency,bending_angle,duration
0,0.8923140168190002,0.8913453221321106,1.2728403806686401,2.142857142857143,28.880288574227244,14
