hand,first_max_height,min_height,second_max_height,dribbling_frequency,bending_angle,duration
0,0.8489094972610474,0.8198466897010803,0.8275260329246521,2.307692307692308,36.998454811518386,13
