hand,first_max_height,min_height,second_max_height,dribbling_frequency,bending_angle,duration
1,0.7162116169929504,0.7088598608970642,0.7215102314949036,2.7272727272727275,61.00384917089792,11
