hand,first_max_height,min_height,second_max_height,dribbling_frequency,bending_angle,duration
1,1.0050700902938843,0.9931365847587585,1.0102815628051758,2.5,23.58321763649484,12
