hand,first_max_height,min_height,second_max_height,dribbling_frequency,bending_angle,duration
0,1.436800241470337,0.8707929849624634,0.9562856554985046,1.5789473684210527,16.027104457009514,19
