hand,first_max_height,min_height,second_max_height,dribbling_frequency,bending_angle,duration
0,0.8348697423934937,0.8347195386886597,1.1058285236358643,2.7272727272727275,32.08166981928515,11
