hand,first_max_height,min_height,second_max_height,dribbling_frequency,bending_angle,duration
0,0.9436091780662537,0.937063992023468,0.9404378533363342,2.7272727272727275,8.007627153532832,11
