hand,first_max_height,min_height,second_max_height,dribbling_frequency,bending_angle,duration
0,1.31294584274292,0.8993234634399414,1.2185484170913696,1.875,29.189476025410812,16
