hand,first_max_height,min_height,second_max_height,dribbling_frequency,bending_angle,duration
0,1.0022892951965332,0.7120049595832825,0.8860728740692139,2.5,58.056460563890575,12
