hand,first_max_height,min_height,second_max_height,dribbling_frequency,bending_angle,duration
0,1.1656867265701294,0.7863742709159851,0.9397166967391968,1.7647058823529411,39.97346359173261,17
