hand,first_max_height,min_height,second_max_height,dribbling_frequency,bending_angle,duration
0,1.1503310203552246,1.1079671382904053,1.1465225219726562,1.875,14.60704628224016,16
