hand,first_max_height,min_height,second_max_height,dribbling_frequency,bending_angle,duration
0,0.7372018694877625,0.6968114972114563,0.7407145500183105,2.5,57.15518460004489,12
