hand,first_max_height,min_height,second_max_height,dribbling_frequency,bending_angle,duration
0,0.7668027877807617,0.7446345686912537,0.750866174697876,2.5,63.86578637102533,12
