hand,first_max_height,min_height,second_max_height,dribbling_frequency,bending_angle,duration
0,1.2730177640914917,0.9018690586090088,1.0500235557556152,2.142857142857143,16.730453616450937,14
