hand,first_max_height,min_height,second_max_height,dribbling_frequency,bending_angle,duration
0,1.1274529695510864,1.0624641180038452,1.1581714153289795,1.7647058823529411,14.751649370396983,17
