hand,first_max_height,min_height,second_max_height,dribbling_frequency,bending_angle,duration
0,1.1133805513381958,0.8177027106285095,1.029410481452942,2.5,49.08452320598844,12
