hand,first_max_height,min_height,second_max_height,dribbling_frequency,bending_angle,duration
1,1.1588205099105835,1.1504825353622437,1.1710864305496216,2.7272727272727275,14.366754864591627,11
