hand,first_max_height,min_height,second_max_height,dribbling_frequency,bending_angle,duration
0,0.7697473764419556,0.7674852013587952,0.7825387716293335,2.5,50.58965999400212,12
