hand,first_max_height,min_height,second_max_height,dribbling_frequency,bending_angle,duration
0,0.7544332146644592,0.7040812373161316,1.069054126739502,2.0,49.83290623647027,15
