hand,first_max_height,min_height,second_max_height,dribbling_frequency,bending_angle,duration
0,1.0671230554580688,0.7803241610527039,0.997955858707428,2.307692307692308,57.22648966922605,13
