hand,first_max_height,min_height,second_max_height,dribbling_frequency,bending_angle,duration
0,0.9392160773277283,0.9356233477592468,0.9412323236465454,1.5,6.6785066801558095,20
