hand,first_max_height,min_height,second_max_height,dribbling_frequency,bending_angle,duration
1,0.911867618560791,0.9109454154968262,0.952278196811676,1.875,20.566293275364703,16
