hand,first_max_height,min_height,second_max_height,dribbling_frequency,bending_angle,duration
0,0.7110527753829956,0.6928938627243042,0.7702235579490662,2.142857142857143,61.14301915510964,14
