hand,first_max_height,min_height,second_max_height,dribbling_frequency,bending_angle,duration
0,0.9289385676383972,0.9217548370361328,1.3199914693832397,1.6666666666666665,13.336017585817899,18
