hand,first_max_height,min_height,second_max_height,dribbling_frequency,bending_angle,duration
0,1.1242693662643433,0.7569723725318909,1.0194560289382935,2.307692307692308,53.858993944771186,13
