hand,first_max_height,min_height,second_max_height,dribbling_frequency,bending_angle,duration
1,1.0155314207077026,0.9920334219932556,1.0139471292495728,2.0,8.021470584565316,15
