hand,first_max_height,min_height,second_max_height,dribbling_frequency,bending_angle,duration
0,0.9255149364471436,0.923825740814209,0.9429394602775574,2.7272727272727275,33.900835606958616,11
