hand,first_max_height,min_height,second_max_height,dribbling_frequency,bending_angle,duration
0,1.3421152830123901,0.9353023171424866,0.9394115805625916,1.875,11.026968006281939,16
