hand,first_max_height,min_height,second_max_height,dribbling_frequency,bending_angle,duration
0,1.1971955299377441,0.8725080490112305,1.1754977703094482,2.0,30.65791078999074,15
