hand,first_max_height,min_height,second_max_height,dribbling_frequency,bending_angle,duration
0,1.2221554517745972,0.7484005093574524,0.872958779335022,2.0,38.4330158925948,15
