hand,first_max_height,min_height,second_max_height,dribbling_frequency,bending_angle,duration
1,1.045546531677246,1.0299960374832153,1.0732710361480713,2.307692307692308,27.50533309242905,13
