hand,first_max_height,min_height,second_max_height,dribbling_frequency,bending_angle,duration
0,0.9991307258605957,0.9810604453086853,0.9994649291038513,1.875,31.70667279420431,16
