hand,first_max_height,min_height,second_max_height,dribbling_frequency,bending_angle,duration
0,1.2491824626922607,0.911124050617218,0.9926106333732605,2.0,15.362483989726966,15
