hand,first_max_height,min_height,second_max_height,dribbling_frequency,bending_angle,duration
0,0.8164013028144836,0.8000462055206299,0.9115726947784424,1.25,36.82258856978446,24
