hand,first_max_height,min_height,second_max_height,dribbling_frequency,bending_angle,duration
0,0.7999213337898254,0.717356264591217,0.8272646069526672,1.7647058823529411,48.93814618073637,17
