hand,first_max_height,min_height,second_max_height,dribbling_frequency,bending_angle,duration
0,0.7618194818496704,0.6037760376930237,0.6842747330665588,2.142857142857143,62.71583447656594,14
