hand,first_max_height,min_height,second_max_height,dribbling_frequency,bending_angle,duration
0,0.8639344573020935,0.8366791605949402,0.8641709685325623,2.0,34.31878072186659,15
