hand,first_max_height,min_height,second_max_height,dribbling_frequency,bending_angle,duration
0,0.9011912941932678,0.8750847578048706,1.2995494604110718,1.875,23.494368120449433,16
