hand,first_max_height,min_height,second_max_height,dribbling_frequency,bending_angle,duration
0,0.9711414575576782,0.9602602124214172,0.9607962965965271,2.307692307692308,1.4342676976222313,13
