hand,first_max_height,min_height,second_max_height,dribbling_frequency,bending_angle,duration
0,0.9199684858322144,0.9054456353187561,0.9087793827056885,2.142857142857143,11.086520487044572,14
