hand,first_max_height,min_height,second_max_height,dribbling_frequency,bending_angle,duration
0,0.7804380655288696,0.7394484877586365,1.123002052307129,2.0,44.42861839714121,15
