hand,first_max_height,min_height,second_max_height,dribbling_frequency,bending_angle,duration
0,1.060732126235962,0.9850093126296997,1.0489044189453125,1.7647058823529411,20.573131641683442,17
