hand,first_max_height,min_height,second_max_height,dribbling_frequency,bending_angle,duration
0,1.264577865600586,0.9448296427726746,1.2781410217285156,1.4285714285714284,7.92384974520429,21
