hand,first_max_height,min_height,second_max_height,dribbling_frequency,bending_angle,duration
0,0.8941745758056641,0.8472772836685181,0.8584478497505188,3.0,32.927109755098584,10
