hand,first_max_height,min_height,second_max_height,dribbling_frequency,bending_angle,duration
0,0.7176398634910583,0.6857108473777771,0.6937577128410339,2.142857142857143,55.222316655548816,14
