hand,first_max_height,min_height,second_max_height,dribbling_frequency,bending_angle,duration
0,1.003882646560669,0.9849534630775452,1.000057339668274,1.875,23.43712957063575,16
