hand,first_max_height,min_height,second_max_height,dribbling_frequency,bending_angle,duration
0,1.0442839860916138,1.0007282495498657,1.0289111137390137,1.875,25.131263439234107,16
