hand,first_max_height,min_height,second_max_height,dribbling_frequency,bending_angle,duration
0,1.1151987314224243,0.788482129573822,0.8812825679779053,1.875,38.669486378305415,16
