hand,first_max_height,min_height,second_max_height,dribbling_frequency,bending_angle,duration
0,1.2115925550460815,0.7899603247642517,0.907183051109314,1.875,27.19989628473795,16
