hand,first_max_height,min_height,second_max_height,dribbling_frequency,bending_angle,duration
0,1.0849568843841553,0.7912795543670654,1.0275567770004272,2.5,57.4557698409302,12
