hand,first_max_height,min_height,second_max_height,dribbling_frequency,bending_angle,duration
1,0.9450209736824036,0.9385511875152588,0.9407386183738708,2.307692307692308,8.056645311517185,13
