hand,first_max_height,min_height,second_max_height,dribbling_frequency,bending_angle,duration
0,0.8997102379798889,0.8614493012428284,0.8713545203208923,2.5,30.414415429093264,12
