hand,first_max_height,min_height,second_max_height,dribbling_frequency,bending_angle,duration
1,0.5441278219223022,0.5436261296272278,0.8142579197883606,2.0,76.14665210260989,15
