hand,first_max_height,min_height,second_max_height,dribbling_frequency,bending_angle,duration
0,1.1754977703094482,0.882673442363739,1.285369634628296,2.0,31.38257573947552,15
