hand,first_max_height,min_height,second_max_height,dribbling_frequency,bending_angle,duration
0,0.8867520689964294,0.7423639893531799,0.9211879372596741,3.0,51.46780261946738,10
