hand,first_max_height,min_height,second_max_height,dribbling_frequency,bending_angle,duration
1,1.0900144577026367,1.0649704933166504,1.0820813179016113,2.7272727272727275,17.99161527164701,11
