hand,first_max_height,min_height,second_max_height,dribbling_frequency,bending_angle,duration
0,1.022297739982605,0.7549484372138977,0.9330851435661316,2.5,58.80516740729442,12
