hand,first_max_height,min_height,second_max_height,dribbling_frequency,bending_angle,duration
0,0.9398014545440674,0.9298315644264221,0.9349308013916016,1.3636363636363638,7.44939820200003,22
