hand,first_max_height,min_height,second_max_height,dribbling_frequency,bending_angle,duration
1,1.064893364906311,0.9809280037879944,0.9986280202865601,1.5789473684210527,7.928553164135552,19
