hand,first_max_height,min_height,second_max_height,dribbling_frequency,bending_angle,duration
0,0.9327215552330017,0.9285332560539246,0.9414557814598083,1.5789473684210527,8.345038919368912,19
