hand,first_max_height,min_height,second_max_height,dribbling_frequency,bending_angle,duration
0,0.9297584891319275,0.7876706123352051,0.7913592457771301,1.5789473684210527,9.247260903168133,19
