hand,first_max_height,min_height,second_max_height,dribbling_frequency,bending_angle,duration
0,0.9339317083358765,0.9335341453552246,0.9685863256454468,1.3043478260869565,3.695588535116677,23
