hand,first_max_height,min_height,second_max_height,dribbling_frequency,bending_angle,duration
0,0.8667362332344055,0.8546652793884277,0.9576910734176636,2.307692307692308,28.200872541922408,13
