hand,first_max_height,min_height,second_max_height,dribbling_frequency,bending_angle,duration
0,1.144680142402649,0.7649084329605103,0.9738252758979797,2.307692307692308,55.2367359252873,13
