hand,first_max_height,min_height,second_max_height,dribbling_frequency,bending_angle,duration
0,1.3126542568206787,0.8303424119949341,0.9514347910881042,1.7647058823529411,25.470450401587918,17
