hand,first_max_height,min_height,second_max_height,dribbling_frequency,bending_angle,duration
1,1.1562927961349487,1.154107689857483,1.1668436527252197,2.142857142857143,7.486060450750464,14
