hand,first_max_height,min_height,second_max_height,dribbling_frequency,bending_angle,duration
1,0.9598070979118347,0.9272241592407227,0.9444164633750916,1.6666666666666665,21.744940774989143,18
