hand,first_max_height,min_height,second_max_height,dribbling_frequency,bending_angle,duration
1,0.9615264534950256,0.9600597620010376,0.9658702611923218,2.0,2.471922493268309,15
