hand,first_max_height,min_height,second_max_height,dribbling_frequency,bending_angle,duration
0,0.9321258068084717,0.9249638319015503,0.9322019815444946,2.5,10.934903927153156,12
