hand,first_max_height,min_height,second_max_height,dribbling_frequency,bending_angle,duration
1,0.9018341302871704,0.901290774345398,0.9091909527778625,2.7272727272727275,10.677433449013927,11
