hand,first_max_height,min_height,second_max_height,dribbling_frequency,bending_angle,duration
0,0.9819296598434448,0.9638079404830933,1.0004385709762573,1.6666666666666665,21.411012792195084,18
