hand,first_max_height,min_height,second_max_height,dribbling_frequency,bending_angle,duration
0,1.2185484170913696,0.8415225744247437,0.9080646634101868,2.142857142857143,32.9578220298887,14
