hand,first_max_height,min_height,second_max_height,dribbling_frequency,bending_angle,duration
0,0.9491807818412781,0.933121383190155,0.9363441467285156,1.4285714285714284,16.862556626934804,21
