hand,first_max_height,min_height,second_max_height,dribbling_frequency,bending_angle,duration
1,1.149920105934143,1.1483745574951172,1.1641020774841309,1.875,13.624969534032914,16
