hand,first_max_height,min_height,second_max_height,dribbling_frequency,bending_angle,duration
0,0.6387297511100769,0.6196719408035278,0.6263424754142761,2.0,61.65775146486367,15
