hand,first_max_height,min_height,second_max_height,dribbling_frequency,bending_angle,duration
0,0.9714651107788086,0.9570159316062927,0.9855059385299683,1.5789473684210527,18.730467636184038,19
