hand,first_max_height,min_height,second_max_height,dribbling_frequency,bending_angle,duration
0,1.095268726348877,0.6484130620956421,0.6525825262069702,1.5,44.725992750118735,20
