hand,first_max_height,min_height,second_max_height,dribbling_frequency,bending_angle,duration
1,0.9273439645767212,0.9245661497116089,0.9433829188346863,2.307692307692308,13.402554089335077,13
