hand,first_max_height,min_height,second_max_height,dribbling_frequency,bending_angle,duration
0,0.8496644496917725,0.8420729637145996,0.8456931114196777,3.0,52.97000275846762,10
