hand,first_max_height,min_height,second_max_height,dribbling_frequency,bending_angle,duration
0,0.6641677618026733,0.6625911593437195,0.6781420111656189,2.5,63.00153022796246,12
