hand,first_max_height,min_height,second_max_height,dribbling_frequency,bending_angle,duration
0,0.7782296538352966,0.7570125460624695,0.7596925497055054,2.307692307692308,57.6922850747776,13
