hand,first_max_height,min_height,second_max_height,dribbling_frequency,bending_angle,duration
0,1.1535618305206299,1.1278135776519775,1.1606981754302979,1.4285714285714284,11.520692881052573,21
