hand,first_max_height,min_height,second_max_height,dribbling_frequency,bending_angle,duration
0,0.8993241190910339,0.8298740983009338,1.1267608404159546,2.0,34.63622900324252,15
