hand,first_max_height,min_height,second_max_height,dribbling_frequency,bending_angle,duration
0,0.7513038516044617,0.7394208312034607,1.0871762037277222,2.307692307692308,53.609952372278286,13
