hand,first_max_height,min_height,second_max_height,dribbling_frequency,bending_angle,duration
0,0.6945483088493347,0.5712521076202393,1.0352778434753418,1.3043478260869565,67.87330546956652,23
