hand,first_max_height,min_height,second_max_height,dribbling_frequency,bending_angle,duration
0,0.6590390205383301,0.6473818421363831,0.663967490196228,1.5789473684210527,62.36919863735583,19
