hand,first_max_height,min_height,second_max_height,dribbling_frequency,bending_angle,duration
0,1.0762633085250854,0.7302042245864868,0.7392679452896118,2.5,33.685406136506494,12
