hand,first_max_height,min_height,second_max_height,dribbling_frequency,bending_angle,duration
0,0.9137635827064514,0.895932674407959,0.9354190230369568,2.0,16.963196025068754,15
