hand,first_max_height,min_height,second_max_height,dribbling_frequency,bending_angle,duration
0,0.9693303108215332,0.9543704986572266,0.9634517431259155,1.3043478260869565,4.9591026011244645,23
