hand,first_max_height,min_height,second_max_height,dribbling_frequency,bending_angle,duration
0,1.0933228731155396,0.6610568761825562,0.7642033100128174,2.0,57.65360086492354,15
