hand,first_max_height,min_height,second_max_height,dribbling_frequency,bending_angle,duration
0,0.886356770992279,0.8528499007225037,1.1992101669311523,1.5789473684210527,26.841745160151177,19
