hand,first_max_height,min_height,second_max_height,dribbling_frequency,bending_angle,duration
0,0.872958779335022,0.8276769518852234,0.8428176641464233,2.307692307692308,35.74246528673245,13
