hand,first_max_height,min_height,second_max_height,dribbling_frequency,bending_angle,duration
0,0.7485263347625732,0.7202974557876587,0.7635919451713562,2.307692307692308,54.679514562529086,13
