hand,first_max_height,min_height,second_max_height,dribbling_frequency,bending_angle,duration
0,0.7603078484535217,0.728358268737793,0.7350642681121826,2.142857142857143,53.30801192579309,14
