hand,first_max_height,min_height,second_max_height,dribbling_frequency,bending_angle,duration
1,0.9013140797615051,0.8884268403053284,0.904513955116272,3.0,17.825167758910084,10
