hand,first_max_height,min_height,second_max_height,dribbling_frequency,bending_angle,duration
0,0.925174355506897,0.901108980178833,0.9297136068344116,1.3636363636363638,9.71793516970752,22
