hand,first_max_height,min_height,second_max_height,dribbling_frequency,bending_angle,duration
0,0.8614535331726074,0.6065452098846436,0.7383660078048706,1.875,58.21187778762798,16
