hand,first_max_height,min_height,second_max_height,dribbling_frequency,bending_angle,duration
0,0.9232908487319946,0.6083447933197021,0.8916569352149963,1.4285714285714284,62.3712410353951,21
