hand,first_max_height,min_height,second_max_height,dribbling_frequency,bending_angle,duration
0,1.1282050609588623,0.8509551882743835,0.9740917086601257,2.7272727272727275,44.49318254173638,11
