hand,first_max_height,min_height,second_max_height,dribbling_frequency,bending_angle,duration
0,0.6258481740951538,0.594974160194397,0.6065923571586609,1.5789473684210527,71.4959959217836,19
