hand,first_max_height,min_height,second_max_height,dribbling_frequency,bending_angle,duration
0,0.9651430249214172,0.9527480602264404,0.9551409482955933,1.875,14.958279602398326,16
