hand,first_max_height,min_height,second_max_height,dribbling_frequency,bending_angle,duration
0,0.9197767376899719,0.9170517325401306,0.9178767204284668,2.7272727272727275,16.347196096066938,11
