hand,first_max_height,min_height,second_max_height,dribbling_frequency,bending_angle,duration
0,0.8891878128051758,0.6266229748725891,0.6283835768699646,1.5,30.91102740700815,20
