hand,first_max_height,min_height,second_max_height,dribbling_frequency,bending_angle,duration
0,0.6532403826713562,0.636132538318634,0.8343551754951477,2.7272727272727275,65.06871088838798,11
