hand,first_max_height,min_height,second_max_height,dribbling_frequency,bending_angle,duration
0,0.7916377782821655,0.7667948603630066,0.7842040061950684,1.875,42.85961830669237,16
