hand,first_max_height,min_height,second_max_height,dribbling_frequency,bending_angle,duration
0,0.6306025981903076,0.630526065826416,0.8122433423995972,2.7272727272727275,64.21341466588413,11
