hand,first_max_height,min_height,second_max_height,dribbling_frequency,bending_angle,duration
0,0.7547051906585693,0.751425564289093,0.756935715675354,3.0,57.25030497575386,10
