hand,first_max_height,min_height,second_max_height,dribbling_frequency,bending_angle,duration
0,0.8595046997070312,0.6104243993759155,0.7405591011047363,2.0,59.84427691768136,15
