hand,first_max_height,min_height,second_max_height,dribbling_frequency,bending_angle,duration
1,0.9294632077217102,0.92545485496521,0.9366533756256104,1.6666666666666665,6.83844622722872,18
