hand,first_max_height,min_height,second_max_height,dribbling_frequency,bending_angle,duration
0,0.7442712187767029,0.7185509204864502,0.9957257509231567,1.5789473684210527,60.885392309466816,19
