hand,first_max_height,min_height,second_max_height,dribbling_frequency,bending_angle,duration
0,1.0137003660202026,0.9998123645782471,1.0111188888549805,2.0,29.506840806710763,15
