hand,first_max_height,min_height,second_max_height,dribbling_frequency,bending_angle,duration
0,0.6756988763809204,0.66220623254776,0.8187965750694275,2.307692307692308,58.367510012859945,13
