hand,first_max_height,min_height,second_max_height,dribbling_frequency,bending_angle,duration
0,0.8908791542053223,0.8706602454185486,0.8910632729530334,1.5,47.930159319764606,20
