hand,first_max_height,min_height,second_max_height,dribbling_frequency,bending_angle,duration
0,1.0268229246139526,0.9616760015487671,1.051985502243042,1.7647058823529411,25.41195261246704,17
