hand,first_max_height,min_height,second_max_height,dribbling_frequency,bending_angle,duration
0,0.9595146775245667,0.6420801877975464,0.8204988837242126,2.5,60.014092438069035,12
