hand,first_max_height,min_height,second_max_height,dribbling_frequency,bending_angle,duration
0,1.0933135747909546,0.9726204872131348,1.046710729598999,1.5789473684210527,15.109534677764394,19
