hand,first_max_height,min_height,second_max_height,dribbling_frequency,bending_angle,duration
1,0.964560329914093,0.9644791483879089,0.9720838665962219,1.875,2.0443108977878133,16
