hand,first_max_height,min_height,second_max_height,dribbling_frequency,bending_angle,duration
1,1.055888295173645,1.0533345937728882,1.058605432510376,2.7272727272727275,13.04881564031764,11
