hand,first_max_height,min_height,second_max_height,dribbling_frequency,bending_angle,duration
0,0.8345280885696411,0.6329744458198547,0.7117207646369934,2.142857142857143,59.95271671584976,14
