hand,first_max_height,min_height,second_max_height,dribbling_frequency,bending_angle,duration
0,0.6283596754074097,0.6219526529312134,0.6433746218681335,1.6666666666666665,61.39674375521151,18
