hand,first_max_height,min_height,second_max_height,dribbling_frequency,bending_angle,duration
0,0.8591346740722656,0.8210440874099731,0.8940606713294983,2.142857142857143,35.86723823812334,14
