hand,first_max_height,min_height,second_max_height,dribbling_frequency,bending_angle,duration
0,1.2175465822219849,0.9040677547454834,1.175312876701355,2.307692307692308,37.04654092004303,13
