hand,first_max_height,min_height,second_max_height,dribbling_frequency,bending_angle,duration
0,1.2166163921356201,0.8146368265151978,0.95430588722229,1.875,29.385301077261932,16
