hand,first_max_height,min_height,second_max_height,dribbling_frequency,bending_angle,duration
0,1.2744635343551636,0.9498950839042664,1.2598206996917725,1.4285714285714284,4.532066807851082,21
