hand,first_max_height,min_height,second_max_height,dribbling_frequency,bending_angle,duration
0,0.9206784963607788,0.6367942690849304,0.7317575216293335,1.5789473684210527,61.17244310999403,19
