hand,first_max_height,min_height,second_max_height,dribbling_frequency,bending_angle,duration
0,0.9830963015556335,0.6987330317497253,1.0905632972717285,2.307692307692308,60.40366581021218,13
