hand,first_max_height,min_height,second_max_height,dribbling_frequency,bending_angle,duration
0,0.8928464651107788,0.8601053953170776,0.8967303037643433,2.0,25.638725071140144,15
