hand,first_max_height,min_height,second_max_height,dribbling_frequency,bending_angle,duration
0,1.100627064704895,0.8661255240440369,1.1489189863204956,2.5,43.067583895147045,12
