hand,first_max_height,min_height,second_max_height,dribbling_frequency,bending_angle,duration
0,0.6921808123588562,0.6764218211174011,1.0660064220428467,1.5,58.2446813370781,20
