hand,first_max_height,min_height,second_max_height,dribbling_frequency,bending_angle,duration
0,0.9571387767791748,0.9465293884277344,0.952016294002533,1.6666666666666665,7.615754791829716,18
