hand,first_max_height,min_height,second_max_height,dribbling_frequency,bending_angle,duration
0,0.8187965750694275,0.6393714547157288,0.7119890451431274,1.875,56.35640072498117,16
