hand,first_max_height,min_height,second_max_height,dribbling_frequency,bending_angle,duration
0,0.9225667119026184,0.9089936017990112,0.9606044292449951,1.3636363636363638,13.072571813182055,22
