hand,first_max_height,min_height,second_max_height,dribbling_frequency,bending_angle,duration
1,0.924749493598938,0.9124609231948853,0.9330618381500244,1.4285714285714284,5.356955453933829,21
