hand,first_max_height,min_height,second_max_height,dribbling_frequency,bending_angle,duration
0,0.9073477387428284,0.8248338103294373,0.8481197953224182,1.875,33.699544383252224,16
