hand,first_max_height,min_height,second_max_height,dribbling_frequency,bending_angle,duration
0,0.8097138404846191,0.7839431762695312,1.2046103477478027,1.7647058823529411,40.79694982798629,17
