hand,first_max_height,min_height,second_max_height,dribbling_frequency,bending_angle,duration
0,1.0900650024414062,1.0899953842163086,1.1140881776809692,1.6666666666666665,7.4008808302176945,18
