hand,first_max_height,min_height,second_max_height,dribbling_frequency,bending_angle,duration
0,0.6806186437606812,0.6790612936019897,1.0390483140945435,2.0,60.26972442867781,15
