hand,first_max_height,min_height,second_max_height,dribbling_frequency,bending_angle,duration
1,0.9431623220443726,0.9279325008392334,0.9340962767601013,1.4285714285714284,3.4043922757832905,21
