hand,first_max_height,min_height,second_max_height,dribbling_frequency,bending_angle,duration
0,0.8724077343940735,0.8570677042007446,0.872810423374176,2.5,30.256182496618372,12
