hand,first_max_height,min_height,second_max_height,dribbling_frequency,bending_angle,duration
0,1.19829523563385,0.8410677909851074,0.9758333563804626,2.142857142857143,28.509337359216822,14
