hand,first_max_height,min_height,second_max_height,dribbling_frequency,bending_angle,duration
0,0.9353553652763367,0.9326770305633545,0.9360568523406982,3.0,3.6016843638688427,10
