hand,first_max_height,min_height,second_max_height,dribbling_frequency,bending_angle,duration
1,1.1658347845077515,1.1562420129776,1.1593624353408813,1.5789473684210527,11.081922444753465,19
