hand,first_max_height,min_height,second_max_height,dribbling_frequency,bending_angle,duration
0,1.1234989166259766,1.1165133714675903,1.1216014623641968,3.0,4.932968450153509,10
