hand,first_max_height,min_height,second_max_height,dribbling_frequency,bending_angle,duration
0,0.9057170748710632,0.8947781324386597,1.2752132415771484,2.0,23.04800689987068,15
