hand,first_max_height,min_height,second_max_height,dribbling_frequency,bending_angle,duration
0,0.9051029682159424,0.7140504717826843,0.7159321308135986,1.5789473684210527,26.314976008302644,19
