hand,first_max_height,min_height,second_max_height,dribbling_frequency,bending_angle,duration
0,1.087713360786438,1.0580025911331177,1.0634403228759766,2.5,18.26577908069583,12
