hand,first_max_height,min_height,second_max_height,dribbling_frequency,bending_angle,duration
0,0.8531368970870972,0.8152455687522888,0.8282415270805359,2.142857142857143,34.90490096064278,14
