hand,first_max_height,min_height,second_max_height,dribbling_frequency,bending_angle,duration
0,0.9434821605682373,0.9372957944869995,0.9389979839324951,2.7272727272727275,10.980471468034638,11
