hand,first_max_height,min_height,second_max_height,dribbling_frequency,bending_angle,duration
0,1.2126989364624023,0.8350942730903625,0.8740411400794983,1.5789473684210527,15.951842254477873,19
