hand,first_max_height,min_height,second_max_height,dribbling_frequency,bending_angle,duration
0,0.915932297706604,0.8938115239143372,0.9524439573287964,2.0,8.408817959200096,15
