hand,first_max_height,min_height,second_max_height,dribbling_frequency,bending_angle,duration
0,0.9495130777359009,0.9342769384384155,1.2518925666809082,1.4285714285714284,13.773387307126233,21
