hand,first_max_height,min_height,second_max_height,dribbling_frequency,bending_angle,duration
0,0.9169843196868896,0.9120891094207764,0.9123007655143738,2.5,8.72908688036498,12
