hand,first_max_height,min_height,second_max_height,dribbling_frequency,bending_angle,duration
0,0.6065923571586609,0.5983738303184509,0.6114994883537292,2.0,76.14272239678442,15
