hand,first_max_height,min_height,second_max_height,dribbling_frequency,bending_angle,duration
0,0.9386637210845947,0.9197678565979004,0.9275287985801697,1.5,14.37377106853819,20
