hand,first_max_height,min_height,second_max_height,dribbling_frequency,bending_angle,duration
0,0.8680801391601562,0.8678221106529236,0.8801381587982178,3.0,37.09879185017703,10
