hand,first_max_height,min_height,second_max_height,dribbling_frequency,bending_angle,duration
0,0.5279887914657593,0.45126521587371826,0.7965558171272278,1.7647058823529411,84.73143240741169,17
