hand,first_max_height,min_height,second_max_height,dribbling_frequency,bending_angle,duration
0,0.8851163983345032,0.8724403381347656,0.8842998743057251,2.0,30.836758722881907,15
