hand,first_max_height,min_height,second_max_height,dribbling_frequency,bending_angle,duration
0,0.6161296367645264,0.5720871090888977,0.5732474327087402,1.5789473684210527,67.53900019093858,19
