hand,first_max_height,min_height,second_max_height,dribbling_frequency,bending_angle,duration
1,0.8991302251815796,0.8813904523849487,0.9013140797615051,2.7272727272727275,16.775089301644407,11
