hand,first_max_height,min_height,second_max_height,dribbling_frequency,bending_angle,duration
1,0.9352965354919434,0.9248201251029968,0.9412301778793335,1.4285714285714284,8.32966211028295,21
