hand,first_max_height,min_height,second_max_height,dribbling_frequency,bending_angle,duration
0,1.0151323080062866,1.0093142986297607,1.0403926372528076,1.5,13.687626954427593,20
