hand,first_max_height,min_height,second_max_height,dribbling_frequency,bending_angle,duration
1,0.9191256165504456,0.9167630076408386,0.9271723628044128,1.875,7.622733245380193,16
