hand,first_max_height,min_height,second_max_height,dribbling_frequency,bending_angle,duration
0,0.9480085968971252,0.9315207004547119,0.9319547414779663,1.6666666666666665,1.6902201680828783,18
