hand,first_max_height,min_height,second_max_height,dribbling_frequency,bending_angle,duration
0,0.9819121956825256,0.9342278242111206,0.9519241452217102,2.0,14.644421326563823,15
