hand,first_max_height,min_height,second_max_height,dribbling_frequency,bending_angle,duration
0,0.9347110390663147,0.8557045459747314,1.0942986011505127,2.142857142857143,33.26641479156444,14
