hand,first_max_height,min_height,second_max_height,dribbling_frequency,bending_angle,duration
0,0.9488475918769836,0.8768251538276672,1.1460134983062744,1.25,38.6107900126288,24
