hand,first_max_height,min_height,second_max_height,dribbling_frequency,bending_angle,duration
0,0.8222500681877136,0.5989645719528198,0.6505300402641296,1.6666666666666665,59.77977146944305,18
