hand,first_max_height,min_height,second_max_height,dribbling_frequency,bending_angle,duration
0,1.2152916193008423,0.8861491084098816,0.9226993918418884,2.142857142857143,19.533034197382968,14
