hand,first_max_height,min_height,second_max_height,dribbling_frequency,bending_angle,duration
0,0.7159289717674255,0.7089195251464844,0.8846574425697327,1.5,57.02713201533047,20
