hand,first_max_height,min_height,second_max_height,dribbling_frequency,bending_angle,duration
0,0.9337915182113647,0.9281604290008545,0.9300597906112671,2.5,7.546513798721651,12
