hand,first_max_height,min_height,second_max_height,dribbling_frequency,bending_angle,duration
0,0.8561749458312988,0.8385360836982727,1.2750592231750488,2.307692307692308,38.65406994590275,13
