hand,first_max_height,min_height,second_max_height,dribbling_frequency,bending_angle,duration
1,1.0542662143707275,0.960062563419342,1.0100897550582886,1.875,20.82452875573406,16
