hand,first_max_height,min_height,second_max_height,dribbling_frequency,bending_angle,duration
0,0.8058019280433655,0.7519297003746033,0.7732813954353333,2.142857142857143,49.283808740751326,14
