hand,first_max_height,min_height,second_max_height,dribbling_frequency,bending_angle,duration
1,0.8821843862533569,0.8760083317756653,0.8967016339302063,2.307692307692308,15.659978843260852,13
