hand,first_max_height,min_height,second_max_height,dribbling_frequency,bending_angle,duration
0,0.7188434600830078,0.6991674304008484,1.056235671043396,1.875,56.42569994027723,16
