hand,first_max_height,min_height,second_max_height,dribbling_frequency,bending_angle,duration
0,0.6674548387527466,0.6339549422264099,0.8859131336212158,2.0,59.91523851443496,15
