hand,first_max_height,min_height,second_max_height,dribbling_frequency,bending_angle,duration
0,0.9978264570236206,0.7016645669937134,0.9218730330467224,2.5,59.69719345995342,12
