hand,first_max_height,min_height,second_max_height,dribbling_frequency,bending_angle,duration
0,0.918093204498291,0.9045389890670776,0.9230772852897644,2.142857142857143,36.23262544355635,14
