hand,first_max_height,min_height,second_max_height,dribbling_frequency,bending_angle,duration
0,0.9084933400154114,0.8955497741699219,0.9040533900260925,3.0,45.71892029722174,10
