hand,first_max_height,min_height,second_max_height,dribbling_frequency,bending_angle,duration
0,0.9066619873046875,0.9040482640266418,0.9100149273872375,2.307692307692308,11.147038171963324,13
