hand,first_max_height,min_height,second_max_height,dribbling_frequency,bending_angle,duration
0,0.7907586097717285,0.75788813829422,1.2156482934951782,1.875,43.94593421520905,16
