hand,first_max_height,min_height,second_max_height,dribbling_frequency,bending_angle,duration
0,1.1404798030853271,1.0901317596435547,1.1344630718231201,1.6666666666666665,14.79473373953036,18
