hand,first_max_height,min_height,second_max_height,dribbling_frequency,bending_angle,duration
0,0.9764508008956909,0.8289487361907959,0.8326300978660583,2.5,32.459889573637554,12
