hand,first_max_height,min_height,second_max_height,dribbling_frequency,bending_angle,duration
0,0.7466350197792053,0.712185800075531,1.1320538520812988,2.142857142857143,48.72411713082381,14
