hand,first_max_height,min_height,second_max_height,dribbling_frequency,bending_angle,duration
0,0.9262456297874451,0.9099432826042175,0.9107192158699036,2.0,13.496999153859214,15
