hand,first_max_height,min_height,second_max_height,dribbling_frequency,bending_angle,duration
1,1.1892205476760864,1.1736042499542236,1.1888245344161987,1.5789473684210527,14.95938005244044,19
