hand,first_max_height,min_height,second_max_height,dribbling_frequency,bending_angle,duration
0,0.733112096786499,0.6167646050453186,0.7584142088890076,1.875,64.58907942621123,16
