hand,first_max_height,min_height,second_max_height,dribbling_frequency,bending_angle,duration
0,0.6923266053199768,0.675855278968811,0.9955276250839233,1.3636363636363638,63.57396534194549,22
