hand,first_max_height,min_height,second_max_height,dribbling_frequency,bending_angle,duration
0,0.6884503364562988,0.5918011665344238,0.606891930103302,2.307692307692308,69.90855213207584,13
