hand,first_max_height,min_height,second_max_height,dribbling_frequency,bending_angle,duration
0,0.7166130542755127,0.7015838027000427,0.9329694509506226,2.5,61.6065300223958,12
