hand,first_max_height,min_height,second_max_height,dribbling_frequency,bending_angle,duration
0,0.9636763334274292,0.945266842842102,0.9462864995002747,1.6666666666666665,7.591435440257183,18
