hand,first_max_height,min_height,second_max_height,dribbling_frequency,bending_angle,duration
0,0.9515181183815002,0.9496696591377258,0.9633023142814636,2.0,4.381684788482542,15
