hand,first_max_height,min_height,second_max_height,dribbling_frequency,bending_angle,duration
0,1.0642567873001099,1.0502198934555054,1.0536004304885864,3.0,13.838075084000756,10
