hand,first_max_height,min_height,second_max_height,dribbling_frequency,bending_angle,duration
0,0.9347242712974548,0.8997839093208313,0.9018195271492004,2.7272727272727275,22.723555647350587,11
