hand,first_max_height,min_height,second_max_height,dribbling_frequency,bending_angle,duration
0,0.8498791456222534,0.8171483278274536,1.1233009099960327,1.875,36.699444310826124,16
