hand,first_max_height,min_height,second_max_height,dribbling_frequency,bending_angle,duration
0,1.0531216859817505,1.0281416177749634,1.064430832862854,2.0,21.875973593033034,15
