hand,first_max_height,min_height,second_max_height,dribbling_frequency,bending_angle,duration
0,0.9224552512168884,0.8920834064483643,0.9675784707069397,1.5789473684210527,9.909021364688027,19
