hand,first_max_height,min_height,second_max_height,dribbling_frequency,bending_angle,duration
0,0.7389577031135559,0.6886078119277954,0.9058101177215576,2.0,56.47361735753429,15
