hand,first_max_height,min_height,second_max_height,dribbling_frequency,bending_angle,duration
0,0.7545573115348816,0.7404102683067322,0.8663811683654785,2.5,47.26641738621535,12
