hand,first_max_height,min_height,second_max_height,dribbling_frequency,bending_angle,duration
0,1.04508638381958,0.9804633855819702,1.0670522451400757,1.5789473684210527,23.592732047717774,19
