hand,first_max_height,min_height,second_max_height,dribbling_frequency,bending_angle,duration
1,0.8975870013237,0.8858871459960938,0.9112089276313782,2.142857142857143,16.694590803496485,14
