hand,first_max_height,min_height,second_max_height,dribbling_frequency,bending_angle,duration
0,0.5962838530540466,0.5957900285720825,0.9446610808372498,1.3043478260869565,77.45291206422309,23
