hand,first_max_height,min_height,second_max_height,dribbling_frequency,bending_angle,duration
0,1.1199777126312256,1.0763691663742065,1.116798996925354,1.3636363636363638,16.36582091801167,22
