hand,first_max_height,min_height,second_max_height,dribbling_frequency,bending_angle,duration
0,0.9007511734962463,0.9001363515853882,0.9165154099464417,1.4285714285714284,10.262223295686171,21
