hand,first_max_height,min_height,second_max_height,dribbling_frequency,bending_angle,duration
0,0.7329567670822144,0.7275148630142212,0.7513038516044617,2.7272727272727275,53.87737494299371,11
