hand,first_max_height,min_height,second_max_height,dribbling_frequency,bending_angle,duration
0,1.1117621660232544,0.7873711585998535,0.9838853478431702,3.0,55.79604277628533,10
