hand,first_max_height,min_height,second_max_height,dribbling_frequency,bending_angle,duration
0,1.1282408237457275,0.8223190903663635,0.9966465830802917,3.0,57.12328384143654,10
