hand,first_max_height,min_height,second_max_height,dribbling_frequency,bending_angle,duration
0,0.9218730330467224,0.6789726614952087,0.955659031867981,2.5,60.86318447128214,12
