hand,first_max_height,min_height,second_max_height,dribbling_frequency,bending_angle,duration
0,0.6793310046195984,0.5932610630989075,0.733112096786499,1.7647058823529411,66.42974788794052,17
