hand,first_max_height,min_height,second_max_height,dribbling_frequency,bending_angle,duration
1,1.0568424463272095,1.0296097993850708,1.0595732927322388,2.5,29.424425825878,12
