hand,first_max_height,min_height,second_max_height,dribbling_frequency,bending_angle,duration
0,0.8485450744628906,0.7946981191635132,1.0596520900726318,2.142857142857143,51.085133159199465,14
