hand,first_max_height,min_height,second_max_height,dribbling_frequency,bending_angle,duration
0,1.0274654626846313,0.6463193893432617,0.7033427953720093,2.0,57.13020088544179,15
