hand,first_max_height,min_height,second_max_height,dribbling_frequency,bending_angle,duration
0,1.1705249547958374,1.124055027961731,1.1675848960876465,1.4285714285714284,11.917676359399355,21
