hand,first_max_height,min_height,second_max_height,dribbling_frequency,bending_angle,duration
0,0.7370485067367554,0.7044628262519836,1.1315717697143555,1.875,57.60553132739597,16
