hand,first_max_height,min_height,second_max_height,dribbling_frequency,bending_angle,duration
1,0.9750396609306335,0.9448622465133667,0.9477506875991821,1.5,4.964199948624116,20
