hand,first_max_height,min_height,second_max_height,dribbling_frequency,bending_angle,duration
0,0.9225095510482788,0.6556982398033142,0.910990834236145,2.5,58.835620178628055,12
