hand,first_max_height,min_height,second_max_height,dribbling_frequency,bending_angle,duration
0,0.9221423268318176,0.906553328037262,0.9248705506324768,2.307692307692308,32.89799236092976,13
