hand,first_max_height,min_height,second_max_height,dribbling_frequency,bending_angle,duration
0,0.7538182139396667,0.7520782947540283,0.788068413734436,2.5,55.91693422122108,12
