hand,first_max_height,min_height,second_max_height,dribbling_frequency,bending_angle,duration
0,0.9239415526390076,0.6237146854400635,1.0627835988998413,1.3043478260869565,60.86516049704554,23
