hand,first_max_height,min_height,second_max_height,dribbling_frequency,bending_angle,duration
1,0.9057127237319946,0.8752930760383606,0.9045652747154236,2.142857142857143,20.395881882607743,14
