hand,first_max_height,min_height,second_max_height,dribbling_frequency,bending_angle,duration
0,0.9721220135688782,0.9449533224105835,0.9495806694030762,1.4285714285714284,7.419049368679527,21
