hand,first_max_height,min_height,second_max_height,dribbling_frequency,bending_angle,duration
1,0.9085519313812256,0.9039326906204224,0.9071217775344849,3.0,14.281318956452292,10
