hand,first_max_height,min_height,second_max_height,dribbling_frequency,bending_angle,duration
0,1.0098899602890015,0.7227016687393188,0.7746123671531677,2.142857142857143,52.562601935361336,14
