hand,first_max_height,min_height,second_max_height,dribbling_frequency,bending_angle,duration
1,1.05085027217865,1.032161831855774,1.0646592378616333,2.142857142857143,26.87992366556067,14
