hand,first_max_height,min_height,second_max_height,dribbling_frequency,bending_angle,duration
0,0.9433267712593079,0.9373612999916077,0.9514647722244263,1.875,2.8657108156569637,16
