hand,first_max_height,min_height,second_max_height,dribbling_frequency,bending_angle,duration
0,0.9485459327697754,0.9445229172706604,0.9472663998603821,3.0,6.927352107392864,10
