hand,first_max_height,min_height,second_max_height,dribbling_frequency,bending_angle,duration
0,0.848097026348114,0.7280207276344299,1.141834020614624,1.3636363636363638,33.75075075735671,22
