hand,first_max_height,min_height,second_max_height,dribbling_frequency,bending_angle,duration
0,0.9642021059989929,0.949310302734375,0.9693303108215332,1.3636363636363638,6.2718215465270415,22
