hand,first_max_height,min_height,second_max_height,dribbling_frequency,bending_angle,duration
0,0.9966465830802917,0.8359425663948059,1.0741223096847534,2.7272727272727275,61.5386017294826,11
