hand,first_max_height,min_height,second_max_height,dribbling_frequency,bending_angle,duration
0,0.915035605430603,0.9136143922805786,0.9435631036758423,1.7647058823529411,11.230053423352397,17
