hand,first_max_height,min_height,second_max_height,dribbling_frequency,bending_angle,duration
1,1.1085984706878662,1.0854111909866333,1.0982214212417603,2.5,11.466424555252656,12
