hand,first_max_height,min_height,second_max_height,dribbling_frequency,bending_angle,duration
0,1.1486276388168335,0.6748720407485962,0.742816686630249,2.142857142857143,40.91160857998027,14
