hand,first_max_height,min_height,second_max_height,dribbling_frequency,bending_angle,duration
0,0.9391516447067261,0.7112686038017273,0.7524012327194214,2.307692307692308,56.539383579427046,13
