hand,first_max_height,min_height,second_max_height,dribbling_frequency,bending_angle,duration
0,1.0274256467819214,0.9759174585342407,1.0373425483703613,1.875,24.73585014061502,16
