hand,first_max_height,min_height,second_max_height,dribbling_frequency,bending_angle,duration
0,1.1878100633621216,0.8147394061088562,0.900275707244873,1.875,26.243674035787613,16
