hand,first_max_height,min_height,second_max_height,dribbling_frequency,bending_angle,duration
1,0.9579432010650635,0.9446496963500977,0.9484374523162842,2.307692307692308,7.493398266443457,13
