hand,first_max_height,min_height,second_max_height,dribbling_frequency,bending_angle,duration
0,1.2503929138183594,0.9084997177124023,1.0035498142242432,1.7647058823529411,13.668851173737224,17
