hand,first_max_height,min_height,second_max_height,dribbling_frequency,bending_angle,duration
0,0.9190771579742432,0.9154202938079834,0.9244358539581299,2.5,10.313228561124074,12
