hand,first_max_height,min_height,second_max_height,dribbling_frequency,bending_angle,duration
0,0.8695888519287109,0.8474082946777344,0.8651462197303772,1.875,27.19303893648661,16
