hand,first_max_height,min_height,second_max_height,dribbling_frequency,bending_angle,duration
0,0.7073783278465271,0.7005885243415833,1.107704997062683,2.0,52.01392648572953,15
