hand,first_max_height,min_height,second_max_height,dribbling_frequency,bending_angle,duration
0,0.8759365081787109,0.8423736691474915,0.8626098036766052,2.142857142857143,29.355800623788355,14
