hand,first_max_height,min_height,second_max_height,dribbling_frequency,bending_angle,duration
0,0.9367536306381226,0.9129726886749268,0.9145851135253906,2.0,8.199906575871783,15
