hand,first_max_height,min_height,second_max_height,dribbling_frequency,bending_angle,duration
0,1.0875957012176514,0.6444247961044312,0.7835513949394226,2.142857142857143,60.842706056258194,14
