hand,first_max_height,min_height,second_max_height,dribbling_frequency,bending_angle,duration
0,0.8953573703765869,0.8649142980575562,0.8680785298347473,2.7272727272727275,47.45297203719322,11
