hand,first_max_height,min_height,second_max_height,dribbling_frequency,bending_angle,duration
0,0.6678767800331116,0.6512990593910217,0.6923266053199768,2.5,62.886978549443405,12
