hand,first_max_height,min_height,second_max_height,dribbling_frequency,bending_angle,duration
0,1.0682287216186523,0.6896855235099792,0.8518507480621338,1.875,56.37251128739044,16
