hand,first_max_height,min_height,second_max_height,dribbling_frequency,bending_angle,duration
0,0.8375460505485535,0.628541111946106,0.6896732449531555,2.0,60.097148851383764,15
