hand,first_max_height,min_height,second_max_height,dribbling_frequency,bending_angle,duration
0,0.9342166185379028,0.9249854683876038,0.9490440487861633,1.25,3.4221382994432132,24
