hand,first_max_height,min_height,second_max_height,dribbling_frequency,bending_angle,duration
1,1.1610584259033203,1.1573612689971924,1.1710354089736938,2.142857142857143,18.08784347615881,14
