hand,first_max_height,min_height,second_max_height,dribbling_frequency,bending_angle,duration
0,0.9198690056800842,0.8992451429367065,0.9035665988922119,1.3636363636363638,26.159181908443646,22
