hand,first_max_height,min_height,second_max_height,dribbling_frequency,bending_angle,duration
0,1.0387921333312988,0.6823331713676453,0.807516872882843,1.875,47.525897957871265,16
