hand,first_max_height,min_height,second_max_height,dribbling_frequency,bending_angle,duration
0,0.9823529124259949,0.6024746894836426,0.6702471971511841,2.307692307692308,62.38001174440902,13
