hand,first_max_height,min_height,second_max_height,dribbling_frequency,bending_angle,duration
0,1.1613494157791138,0.9881328344345093,1.2236018180847168,2.7272727272727275,34.86625773270548,11
