hand,first_max_height,min_height,second_max_height,dribbling_frequency,bending_angle,duration
0,0.7474737763404846,0.7315165996551514,0.9347172975540161,2.307692307692308,49.322075759287976,13
