hand,first_max_height,min_height,second_max_height,dribbling_frequency,bending_angle,duration
0,0.8867680430412292,0.879771888256073,0.9023165702819824,2.307692307692308,16.97213491540963,13
