hand,first_max_height,min_height,second_max_height,dribbling_frequency,bending_angle,duration
0,0.8837159872055054,0.8836352825164795,0.8927620649337769,2.7272727272727275,32.94927362124544,11
