hand,first_max_height,min_height,second_max_height,dribbling_frequency,bending_angle,duration
0,1.1593189239501953,0.8236212134361267,1.1008970737457275,2.307692307692308,37.457039507234825,13
