hand,first_max_height,min_height,second_max_height,dribbling_frequency,bending_angle,duration
0,1.1343650817871094,0.8985634446144104,1.1891591548919678,2.5,34.85264533010263,12
