hand,first_max_height,min_height,second_max_height,dribbling_frequency,bending_angle,duration
0,0.9463323950767517,0.9303076863288879,0.9316098093986511,1.5789473684210527,6.072844718905532,19
