hand,first_max_height,min_height,second_max_height,dribbling_frequency,bending_angle,duration
0,0.902244508266449,0.8956400752067566,0.9186491966247559,1.5789473684210527,19.39464474585525,19
