hand,first_max_height,min_height,second_max_height,dribbling_frequency,bending_angle,duration
0,0.9141432642936707,0.653929591178894,0.9774736166000366,2.307692307692308,66.5152465957574,13
