hand,first_max_height,min_height,second_max_height,dribbling_frequency,bending_angle,duration
0,0.8319938778877258,0.790248692035675,0.8107497692108154,2.307692307692308,48.39862112273828,13
