hand,first_max_height,min_height,second_max_height,dribbling_frequency,bending_angle,duration
0,0.9667068719863892,0.9252443313598633,0.9632852077484131,1.875,29.44035336690675,16
