hand,first_max_height,min_height,second_max_height,dribbling_frequency,bending_angle,duration
0,0.8846574425697327,0.6448318958282471,0.8507808446884155,1.3043478260869565,19.042600003732016,23
