hand,first_max_height,min_height,second_max_height,dribbling_frequency,bending_angle,duration
0,0.8129791021347046,0.7918927073478699,0.7950056791305542,2.7272727272727275,53.609797089247024,11
