hand,first_max_height,min_height,second_max_height,dribbling_frequency,bending_angle,duration
0,0.9299601316452026,0.5917904376983643,0.6563763618469238,1.4285714285714284,64.97969330173531,21
