hand,first_max_height,min_height,second_max_height,dribbling_frequency,bending_angle,duration
0,0.7888054847717285,0.7698555588722229,1.1987169981002808,2.142857142857143,54.32494350089522,14
