hand,first_max_height,min_height,second_max_height,dribbling_frequency,bending_angle,duration
0,1.1799790859222412,0.8796424865722656,1.176520824432373,1.3043478260869565,18.07669834610234,23
