hand,first_max_height,min_height,second_max_height,dribbling_frequency,bending_angle,duration
0,1.0420798063278198,0.7243075370788574,0.9198033213615417,2.5,58.15498637114127,12
