hand,first_max_height,min_height,second_max_height,dribbling_frequency,bending_angle,duration
0,1.188482642173767,0.8149521946907043,0.932104766368866,1.7647058823529411,36.27253662290805,17
