hand,first_max_height,min_height,second_max_height,dribbling_frequency,bending_angle,duration
0,0.709702730178833,0.7064231038093567,0.7228171229362488,2.0,63.825925167868334,15
