hand,first_max_height,min_height,second_max_height,dribbling_frequency,bending_angle,duration
0,0.9465962052345276,0.8887708783149719,0.8934410214424133,1.7647058823529411,9.847402018309248,17
