hand,first_max_height,min_height,second_max_height,dribbling_frequency,bending_angle,duration
1,0.9021108150482178,0.8991991281509399,0.9220054149627686,2.142857142857143,18.39730858122311,14
