hand,first_max_height,min_height,second_max_height,dribbling_frequency,bending_angle,duration
0,0.9276654124259949,0.9256772398948669,0.9390541911125183,2.7272727272727275,13.531044089735152,11
