hand,first_max_height,min_height,second_max_height,dribbling_frequency,bending_angle,duration
1,1.047798752784729,1.007929801940918,1.0543835163116455,2.5,32.71932996088671,12
