hand,first_max_height,min_height,second_max_height,dribbling_frequency,bending_angle,duration
0,0.955659031867981,0.596607506275177,0.7372018694877625,2.0,61.850770124911996,15
