hand,first_max_height,min_height,second_max_height,dribbling_frequency,bending_angle,duration
0,0.6894495487213135,0.644729495048523,1.0048497915267944,1.5,63.41646679045914,20
