hand,first_max_height,min_height,second_max_height,dribbling_frequency,bending_angle,duration
0,0.9013180136680603,0.9008540511131287,0.9191965460777283,2.0,16.149381683481913,15
