hand,first_max_height,min_height,second_max_height,dribbling_frequency,bending_angle,duration
1,0.9595231413841248,0.9515738487243652,0.9550116062164307,1.6666666666666665,4.181363513133642,18
