hand,first_max_height,min_height,second_max_height,dribbling_frequency,bending_angle,duration
0,1.3150337934494019,1.0132640600204468,1.250765323638916,2.0,18.419644877655113,15
