hand,first_max_height,min_height,second_max_height,dribbling_frequency,bending_angle,duration
0,0.9507016539573669,0.9370970129966736,0.9378514289855957,1.6666666666666665,3.947066455243251,18
