hand,first_max_height,min_height,second_max_height,dribbling_frequency,bending_angle,duration
1,1.0449728965759277,1.0322703123092651,1.0435118675231934,1.7647058823529411,10.534847438264421,17
