hand,first_max_height,min_height,second_max_height,dribbling_frequency,bending_angle,duration
0,1.085695743560791,0.6556090116500854,0.6840519905090332,1.875,56.267969896136655,16
