hand,first_max_height,min_height,second_max_height,dribbling_frequency,bending_angle,duration
0,0.8443145751953125,0.8259151577949524,0.8406229615211487,1.7647058823529411,27.677869905803806,17
