hand,first_max_height,min_height,second_max_height,dribbling_frequency,bending_angle,duration
0,1.0779495239257812,1.0592350959777832,1.0660557746887207,1.875,5.780340814586885,16
