hand,first_max_height,min_height,second_max_height,dribbling_frequency,bending_angle,duration
1,0.6613385677337646,0.6501652002334595,0.6672749519348145,3.0,74.35998564153961,10
