hand,first_max_height,min_height,second_max_height,dribbling_frequency,bending_angle,duration
0,0.9604741334915161,0.9121963381767273,0.916635274887085,1.5,1.3015778222681997,20
