hand,first_max_height,min_height,second_max_height,dribbling_frequency,bending_angle,duration
1,1.0522195100784302,1.0482898950576782,1.0491418838500977,2.7272727272727275,9.126307451551147,11
