hand,first_max_height,min_height,second_max_height,dribbling_frequency,bending_angle,duration
0,0.5482786297798157,0.43951430916786194,0.5487805604934692,2.142857142857143,78.94023955989759,14
