hand,first_max_height,min_height,second_max_height,dribbling_frequency,bending_angle,duration
0,0.6851856112480164,0.6817421913146973,1.0319486856460571,2.5,61.035295197076614,12
