hand,first_max_height,min_height,second_max_height,dribbling_frequency,bending_angle,duration
0,0.9472048282623291,0.9405113458633423,0.952080488204956,1.5789473684210527,6.382312245789035,19
