hand,first_max_height,min_height,second_max_height,dribbling_frequency,bending_angle,duration
0,0.9024311304092407,0.8433929681777954,0.8455450534820557,1.3043478260869565,22.947798882008488,23
