hand,first_max_height,min_height,second_max_height,dribbling_frequency,bending_angle,duration
0,1.3123947381973267,0.9320788383483887,1.313927412033081,1.3636363636363638,7.6766943744758125,22
