hand,first_max_height,min_height,second_max_height,dribbling_frequency,bending_angle,duration
0,1.0116989612579346,0.7215160131454468,0.7555588483810425,2.142857142857143,60.09298818390813,14
