hand,first_max_height,min_height,second_max_height,dribbling_frequency,bending_angle,duration
1,1.0745089054107666,1.0721156597137451,1.0743821859359741,3.0,8.336354562483233,10
