hand,first_max_height,min_height,second_max_height,dribbling_frequency,bending_angle,duration
0,1.0941206216812134,0.757910966873169,1.0106085538864136,2.307692307692308,57.840488299629264,13
