hand,first_max_height,min_height,second_max_height,dribbling_frequency,bending_angle,duration
0,0.6596518754959106,0.6542294025421143,0.6668899655342102,2.5,59.95005308264102,12
