hand,first_max_height,min_height,second_max_height,dribbling_frequency,bending_angle,duration
0,1.2836436033248901,0.7819148302078247,0.9481454491615295,2.0,27.347801263826256,15
