hand,first_max_height,min_height,second_max_height,dribbling_frequency,bending_angle,duration
0,1.1317685842514038,0.8005098700523376,1.1289628744125366,2.0,50.73170677556843,15
