hand,first_max_height,min_height,second_max_height,dribbling_frequency,bending_angle,duration
1,0.9384692311286926,0.9300559163093567,0.9468569159507751,1.7647058823529411,4.746783318525324,17
