hand,first_max_height,min_height,second_max_height,dribbling_frequency,bending_angle,duration
1,1.1252175569534302,1.1043598651885986,1.1260349750518799,2.7272727272727275,4.049966619332268,11
