hand,first_max_height,min_height,second_max_height,dribbling_frequency,bending_angle,duration
0,0.864563524723053,0.858860433101654,0.9562567472457886,2.7272727272727275,30.58877063284354,11
