hand,first_max_height,min_height,second_max_height,dribbling_frequency,bending_angle,duration
1,1.0602327585220337,1.0193047523498535,1.059973120689392,2.307692307692308,29.122592319880262,13
