hand,first_max_height,min_height,second_max_height,dribbling_frequency,bending_angle,duration
0,0.6505933403968811,0.5619198679924011,0.6777904033660889,1.4285714285714284,69.7410624325508,21
