hand,first_max_height,min_height,second_max_height,dribbling_frequency,bending_angle,duration
1,1.0415915250778198,1.0244832038879395,1.05085027217865,2.5,29.102000008128478,12
