hand,first_max_height,min_height,second_max_height,dribbling_frequency,bending_angle,duration
0,0.798619270324707,0.7572762370109558,1.0286201238632202,2.307692307692308,55.96157466805326,13
