hand,first_max_height,min_height,second_max_height,dribbling_frequency,bending_angle,duration
0,1.257666826248169,0.7641512751579285,0.8933069705963135,2.0,32.85375552391115,15
