hand,first_max_height,min_height,second_max_height,dribbling_frequency,bending_angle,duration
1,0.9465461373329163,0.9449270367622375,0.9522272944450378,1.875,6.943923603321957,16
