hand,first_max_height,min_height,second_max_height,dribbling_frequency,bending_angle,duration
0,0.7317172884941101,0.718226969242096,0.7347100973129272,3.0,68.61793366797707,10
