hand,first_max_height,min_height,second_max_height,dribbling_frequency,bending_angle,duration
0,0.8855241537094116,0.8750264048576355,0.8779029846191406,1.7647058823529411,35.08553078000463,17
