hand,first_max_height,min_height,second_max_height,dribbling_frequency,bending_angle,duration
0,0.6912236213684082,0.6866329312324524,0.7127877473831177,2.5,59.51008792959339,12
