hand,first_max_height,min_height,second_max_height,dribbling_frequency,bending_angle,duration
0,0.9408889412879944,0.9362469911575317,0.9364457130432129,2.307692307692308,11.551482946247004,13
