hand,first_max_height,min_height,second_max_height,dribbling_frequency,bending_angle,duration
0,0.8796126246452332,0.873741626739502,0.8838510513305664,2.307692307692308,34.44301005654385,13
