hand,first_max_height,min_height,second_max_height,dribbling_frequency,bending_angle,duration
0,0.9314548969268799,0.914351761341095,0.9159363508224487,1.3043478260869565,7.019006557130497,23
