hand,first_max_height,min_height,second_max_height,dribbling_frequency,bending_angle,duration
0,1.0832206010818481,1.0697214603424072,1.102229118347168,1.6666666666666665,6.567611069190498,18
