hand,first_max_height,min_height,second_max_height,dribbling_frequency,bending_angle,duration
0,0.8589361906051636,0.7369924783706665,1.203443169593811,1.25,41.543674255175425,24
