hand,first_max_height,min_height,second_max_height,dribbling_frequency,bending_angle,duration
0,1.1853187084197998,0.9036531448364258,1.2371464967727661,1.3043478260869565,10.20166243700407,23
