hand,first_max_height,min_height,second_max_height,dribbling_frequency,bending_angle,duration
0,0.6565898060798645,0.6457512378692627,0.663493275642395,1.875,61.9945183180601,16
