hand,first_max_height,min_height,second_max_height,dribbling_frequency,bending_angle,duration
0,0.627856433391571,0.49915188550949097,0.718802273273468,1.5,74.55558384659048,20
