hand,first_max_height,min_height,second_max_height,dribbling_frequency,bending_angle,duration
1,0.9583852887153625,0.9553925395011902,0.9562680125236511,1.875,0.9001531162466939,16
