hand,first_max_height,min_height,second_max_height,dribbling_frequency,bending_angle,duration
0,1.0711308717727661,0.6384678483009338,0.7796046137809753,1.7647058823529411,57.9729050932676,17
