hand,first_max_height,min_height,second_max_height,dribbling_frequency,bending_angle,duration
0,1.0262172222137451,1.014758825302124,1.0278253555297852,2.142857142857143,14.300120475090338,14
