hand,first_max_height,min_height,second_max_height,dribbling_frequency,bending_angle,duration
0,0.8710991144180298,0.8667712211608887,0.9790587425231934,1.5,25.376842018896433,20
