hand,first_max_height,min_height,second_max_height,dribbling_frequency,bending_angle,duration
0,1.0400184392929077,0.6555405259132385,0.7768146395683289,1.6666666666666665,56.46754648601982,18
