hand,first_max_height,min_height,second_max_height,dribbling_frequency,bending_angle,duration
0,0.7892139554023743,0.7692680358886719,0.7796342968940735,2.5,47.5766926833583,12
