hand,first_max_height,min_height,second_max_height,dribbling_frequency,bending_angle,duration
0,0.9655440449714661,0.8019371628761292,1.1431915760040283,1.875,32.50937849655007,16
