hand,first_max_height,min_height,second_max_height,dribbling_frequency,bending_angle,duration
1,0.9283316135406494,0.9137166142463684,0.917860209941864,1.5,6.446065881636859,20
