hand,first_max_height,min_height,second_max_height,dribbling_frequency,bending_angle,duration
0,0.8236566185951233,0.8088955879211426,0.816548764705658,1.6666666666666665,53.80286040033464,18
