hand,first_max_height,min_height,second_max_height,dribbling_frequency,bending_angle,duration
0,0.802330732345581,0.7754048705101013,1.420773983001709,1.4285714285714284,43.66015886764769,21
