hand,first_max_height,min_height,second_max_height,dribbling_frequency,bending_angle,duration
0,0.9314681887626648,0.9280115962028503,0.9374658465385437,1.6666666666666665,8.394683429534373,18
