hand,first_max_height,min_height,second_max_height,dribbling_frequency,bending_angle,duration
0,0.8373781442642212,0.8088198304176331,1.224955677986145,1.7647058823529411,34.23282050585841,17
