hand,first_max_height,min_height,second_max_height,dribbling_frequency,bending_angle,duration
0,0.7106807827949524,0.6637842059135437,0.6898929476737976,2.307692307692308,60.72271419671824,13
