hand,first_max_height,min_height,second_max_height,dribbling_frequency,bending_angle,duration
0,0.8605707883834839,0.8205099701881409,0.8219350576400757,2.7272727272727275,43.87479300963764,11
