hand,first_max_height,min_height,second_max_height,dribbling_frequency,bending_angle,duration
0,0.5524803996086121,0.5449292063713074,0.618776261806488,3.0,70.21219084631882,10
