hand,first_max_height,min_height,second_max_height,dribbling_frequency,bending_angle,duration
0,0.9188221096992493,0.8156328797340393,0.8276253342628479,2.0,48.77043777815411,15
