hand,first_max_height,min_height,second_max_height,dribbling_frequency,bending_angle,duration
0,0.5487805604934692,0.4303096830844879,0.5256978869438171,2.307692307692308,80.73426776232341,13
