hand,first_max_height,min_height,second_max_height,dribbling_frequency,bending_angle,duration
0,0.9359947443008423,0.924255907535553,0.9258431792259216,3.0,13.19411728382227,10
