hand,first_max_height,min_height,second_max_height,dribbling_frequency,bending_angle,duration
0,0.6578454375267029,0.6437997221946716,0.6715086698532104,1.3636363636363638,71.65421001034011,22
