hand,first_max_height,min_height,second_max_height,dribbling_frequency,bending_angle,duration
0,1.2538176774978638,0.8963874578475952,0.9903293251991272,2.0,18.38320066400036,15
