hand,first_max_height,min_height,second_max_height,dribbling_frequency,bending_angle,duration
0,0.5625339150428772,0.5536460876464844,0.5677729845046997,2.5,73.01725814045997,12
