hand,first_max_height,min_height,second_max_height,dribbling_frequency,bending_angle,duration
0,0.6958833932876587,0.6914147734642029,0.6977385878562927,1.875,66.48262484891175,16
