hand,first_max_height,min_height,second_max_height,dribbling_frequency,bending_angle,duration
0,1.0307897329330444,1.0210473537445068,1.0531216859817505,2.142857142857143,22.62633535360034,14
