hand,first_max_height,min_height,second_max_height,dribbling_frequency,bending_angle,duration
0,0.9162392020225525,0.9070900082588196,0.9243766069412231,1.7647058823529411,10.938636856281486,17
