hand,first_max_height,min_height,second_max_height,dribbling_frequency,bending_angle,duration
0,0.7262564301490784,0.6809738278388977,0.6905726194381714,2.142857142857143,52.506646639920184,14
