hand,first_max_height,min_height,second_max_height,dribbling_frequency,bending_angle,duration
0,1.0905632972717285,0.6227301955223083,0.7478435039520264,1.875,58.2512129515473,16
