hand,first_max_height,min_height,second_max_height,dribbling_frequency,bending_angle,duration
0,0.9297770857810974,0.915457546710968,0.9212859869003296,1.875,6.777585731189947,16
