hand,first_max_height,min_height,second_max_height,dribbling_frequency,bending_angle,duration
0,1.2781410217285156,0.9446679353713989,1.2385001182556152,1.5789473684210527,10.372346694285925,19
