hand,first_max_height,min_height,second_max_height,dribbling_frequency,bending_angle,duration
0,1.0695668458938599,1.0516058206558228,1.062996745109558,1.875,9.999494619113804,16
