hand,first_max_height,min_height,second_max_height,dribbling_frequency,bending_angle,duration
0,1.2351163625717163,0.7307339310646057,0.8471882343292236,1.5,19.565098208620068,20
