hand,first_max_height,min_height,second_max_height,dribbling_frequency,bending_angle,duration
0,1.1760972738265991,1.1335474252700806,1.202386498451233,1.6666666666666665,11.87686467147483,18
