hand,first_max_height,min_height,second_max_height,dribbling_frequency,bending_angle,duration
0,0.9304596781730652,0.9248824119567871,0.9278685450553894,2.7272727272727275,4.188492074653915,11
