hand,first_max_height,min_height,second_max_height,dribbling_frequency,bending_angle,duration
0,0.8874191641807556,0.8590074181556702,0.8883554339408875,2.307692307692308,34.95272706865847,13
