hand,first_max_height,min_height,second_max_height,dribbling_frequency,bending_angle,duration
0,1.3284343481063843,0.822143018245697,0.922844409942627,1.7647058823529411,28.5354946092433,17
