hand,first_max_height,min_height,second_max_height,dribbling_frequency,bending_angle,duration
0,0.8978672027587891,0.6272128820419312,0.732952892780304,1.875,60.36346679966268,16
