hand,first_max_height,min_height,second_max_height,dribbling_frequency,bending_angle,duration
1,1.0743821859359741,1.0656102895736694,1.0742610692977905,1.3636363636363638,8.057869275540519,22
