hand,first_max_height,min_height,second_max_height,dribbling_frequency,bending_angle,duration
0,0.8772401809692383,0.8606202006340027,0.8754123449325562,2.307692307692308,33.74097553969037,13
