hand,first_max_height,min_height,second_max_height,dribbling_frequency,bending_angle,duration
0,1.309931755065918,0.9415454268455505,1.2115925550460815,2.142857142857143,22.141748333049183,14
