hand,first_max_height,min_height,second_max_height,dribbling_frequency,bending_angle,duration
0,0.9028789401054382,0.8997770547866821,0.9296706914901733,1.3636363636363638,3.5701744070077504,22
