hand,first_max_height,min_height,second_max_height,dribbling_frequency,bending_angle,duration
0,0.7284849882125854,0.6876506805419922,0.6934962868690491,3.0,59.59379483300461,10
