hand,first_max_height,min_height,second_max_height,dribbling_frequency,bending_angle,duration
0,0.6975514888763428,0.5993143916130066,0.6642846465110779,2.5,67.58082153488895,12
