hand,first_max_height,min_height,second_max_height,dribbling_frequency,bending_angle,duration
0,0.6711814999580383,0.6583131551742554,0.6905770897865295,2.0,59.87131312025809,15
