hand,first_max_height,min_height,second_max_height,dribbling_frequency,bending_angle,duration
0,0.7181915640830994,0.5780858993530273,0.769105851650238,1.25,64.27875910343086,24
