hand,first_max_height,min_height,second_max_height,dribbling_frequency,bending_angle,duration
0,0.9531491994857788,0.8808753490447998,0.8838504552841187,1.7647058823529411,7.116205334239696,17
