hand,first_max_height,min_height,second_max_height,dribbling_frequency,bending_angle,duration
1,0.9145666360855103,0.9131014347076416,0.9166523814201355,3.0,7.591142965365469,10
