hand,first_max_height,min_height,second_max_height,dribbling_frequency,bending_angle,duration
0,0.7066617608070374,0.6851491332054138,0.7128892540931702,1.5789473684210527,56.924048585628725,19
