hand,first_max_height,min_height,second_max_height,dribbling_frequency,bending_angle,duration
0,0.9445717334747314,0.7321303486824036,0.9524474143981934,1.4285714285714284,48.806316801447714,21
