hand,first_max_height,min_height,second_max_height,dribbling_frequency,bending_angle,duration
0,0.9602281451225281,0.6167770624160767,0.7176398634910583,2.142857142857143,61.00268454487006,14
