hand,first_max_height,min_height,second_max_height,dribbling_frequency,bending_angle,duration
0,0.8916569352149963,0.6254761815071106,0.6614119410514832,1.4285714285714284,62.66800716507021,21
