hand,first_max_height,min_height,second_max_height,dribbling_frequency,bending_angle,duration
0,0.6525825262069702,0.48048135638237,0.5837748646736145,1.6666666666666665,67.75909883109296,18
