hand,first_max_height,min_height,second_max_height,dribbling_frequency,bending_angle,duration
0,0.9273210763931274,0.9235159754753113,0.9431770443916321,1.5789473684210527,9.54880867511871,19
