hand,first_max_height,min_height,second_max_height,dribbling_frequency,bending_angle,duration
0,1.301199197769165,1.017918586730957,1.2059861421585083,2.307692307692308,33.71330292748527,13
