hand,first_max_height,min_height,second_max_height,dribbling_frequency,bending_angle,duration
0,1.1689915657043457,0.867211639881134,0.9011912941932678,2.307692307692308,25.566294026807167,13
