hand,first_max_height,min_height,second_max_height,dribbling_frequency,bending_angle,duration
1,1.0913722515106201,1.0741794109344482,1.080947995185852,2.5,11.918307417738218,12
