hand,first_max_height,min_height,second_max_height,dribbling_frequency,bending_angle,duration
1,1.1587326526641846,1.1349014043807983,1.140192985534668,2.0,17.973840906469693,15
