hand,first_max_height,min_height,second_max_height,dribbling_frequency,bending_angle,duration
0,0.9645991921424866,0.7508750557899475,0.9129334688186646,3.0,62.6516707111909,10
