hand,first_max_height,min_height,second_max_height,dribbling_frequency,bending_angle,duration
0,1.0029330253601074,0.6249493956565857,0.8305417895317078,1.6666666666666665,62.816421140688945,18
