hand,first_max_height,min_height,second_max_height,dribbling_frequency,bending_angle,duration
0,0.8307340741157532,0.8214958310127258,0.8443145751953125,1.875,29.076256647798008,16
