hand,first_max_height,min_height,second_max_height,dribbling_frequency,bending_angle,duration
0,1.069379448890686,0.8037747144699097,0.9033024907112122,1.7647058823529411,35.08562762048645,17
