hand,first_max_height,min_height,second_max_height,dribbling_frequency,bending_angle,duration
1,0.9859403967857361,0.9676713347434998,0.979136049747467,2.307692307692308,8.326190154158212,13
