hand,first_max_height,min_height,second_max_height,dribbling_frequency,bending_angle,duration
1,1.1456022262573242,1.127909779548645,1.1377482414245605,1.4285714285714284,16.203651974160284,21
