hand,first_max_height,min_height,second_max_height,dribbling_frequency,bending_angle,duration
0,0.6898929476737976,0.6844597458839417,0.982644259929657,2.307692307692308,60.70776936068854,13
