hand,first_max_height,min_height,second_max_height,dribbling_frequency,bending_angle,duration
0,0.6945566534996033,0.6753646731376648,0.9396169781684875,2.307692307692308,61.669779803812155,13
