hand,first_max_height,min_height,second_max_height,dribbling_frequency,bending_angle,duration
0,0.9530115723609924,0.9525628685951233,0.9574375748634338,3.0,7.783259164198718,10
