hand,first_max_height,min_height,second_max_height,dribbling_frequency,bending_angle,duration
0,1.020758032798767,1.0023623704910278,1.0286961793899536,1.5,18.17249997711618,20
