hand,first_max_height,min_height,second_max_height,dribbling_frequency,bending_angle,duration
0,0.9297541975975037,0.9229702949523926,0.9334195852279663,1.6666666666666665,12.360484245359626,18
