hand,first_max_height,min_height,second_max_height,dribbling_frequency,bending_angle,duration
0,1.159325361251831,0.90484619140625,1.222393274307251,2.307692307692308,29.30476185957361,13
