hand,first_max_height,min_height,second_max_height,dribbling_frequency,bending_angle,duration
0,0.9530776739120483,0.7331335544586182,0.9644636511802673,2.5,56.27036196423452,12
