hand,first_max_height,min_height,second_max_height,dribbling_frequency,bending_angle,duration
0,1.147549033164978,0.8175039291381836,0.8362604379653931,2.5,31.51067738890855,12
