hand,first_max_height,min_height,second_max_height,dribbling_frequency,bending_angle,duration
0,0.813534140586853,0.7672329545021057,0.9675096273422241,1.5,44.09078884202394,20
