hand,first_max_height,min_height,second_max_height,dribbling_frequency,bending_angle,duration
0,0.9744213819503784,0.9708877801895142,1.0310205221176147,1.5,34.904368229086224,20
