hand,first_max_height,min_height,second_max_height,dribbling_frequency,bending_angle,duration
0,0.7096072435379028,0.6850340366363525,0.6977606415748596,2.142857142857143,57.86947177480236,14
