hand,first_max_height,min_height,second_max_height,dribbling_frequency,bending_angle,duration
0,0.8382108807563782,0.8346529006958008,1.1209055185317993,2.307692307692308,40.56783719533288,13
