hand,first_max_height,min_height,second_max_height,dribbling_frequency,bending_angle,duration
0,0.6795920729637146,0.6536191701889038,0.9101122617721558,2.0,59.14403108497981,15
