hand,first_max_height,min_height,second_max_height,dribbling_frequency,bending_angle,duration
0,0.9081454277038574,0.8796022534370422,1.233124017715454,2.0,32.21074022958924,15
