hand,first_max_height,min_height,second_max_height,dribbling_frequency,bending_angle,duration
0,0.7869799137115479,0.7716801166534424,0.7839297652244568,2.307692307692308,51.93715686480064,13
