hand,first_max_height,min_height,second_max_height,dribbling_frequency,bending_angle,duration
1,0.9974838495254517,0.9957543015480042,1.0458043813705444,2.307692307692308,10.548702126694732,13
