hand,first_max_height,min_height,second_max_height,dribbling_frequency,bending_angle,duration
0,0.7344223856925964,0.7227898836135864,0.7520947456359863,2.7272727272727275,57.16019301369305,11
