hand,first_max_height,min_height,second_max_height,dribbling_frequency,bending_angle,duration
0,0.9026355147361755,0.8960511088371277,0.8974065780639648,2.0,15.97199476691825,15
