hand,first_max_height,min_height,second_max_height,dribbling_frequency,bending_angle,duration
0,0.9599490165710449,0.6250613331794739,0.703808605670929,2.142857142857143,62.48086753319815,14
