hand,first_max_height,min_height,second_max_height,dribbling_frequency,bending_angle,duration
1,1.0487204790115356,1.0449219942092896,1.0606422424316406,2.5,12.328001217599468,12
