hand,first_max_height,min_height,second_max_height,dribbling_frequency,bending_angle,duration
0,0.982488214969635,0.962124764919281,0.9744895696640015,1.7647058823529411,6.102329996309827,17
