hand,first_max_height,min_height,second_max_height,dribbling_frequency,bending_angle,duration
0,0.7208067774772644,0.629898190498352,0.8978672027587891,2.0,60.75086851278635,15
