hand,first_max_height,min_height,second_max_height,dribbling_frequency,bending_angle,duration
0,0.7405591011047363,0.71347576379776,0.9006954431533813,1.3043478260869565,63.24790268105114,23
