hand,first_max_height,min_height,second_max_height,dribbling_frequency,bending_angle,duration
1,1.0238001346588135,0.9379861354827881,0.9610710740089417,3.0,34.24515130662485,10
