hand,first_max_height,min_height,second_max_height,dribbling_frequency,bending_angle,duration
0,1.0076894760131836,0.9971595406532288,1.0050944089889526,3.0,23.293635537874575,10
