hand,first_max_height,min_height,second_max_height,dribbling_frequency,bending_angle,duration
0,0.9733112454414368,0.6859842538833618,0.6900275349617004,2.5,49.76959865228779,12
