hand,first_max_height,min_height,second_max_height,dribbling_frequency,bending_angle,duration
0,0.8546786308288574,0.8098518252372742,0.8347133994102478,2.307692307692308,46.73462087926228,13
