hand,first_max_height,min_height,second_max_height,dribbling_frequency,bending_angle,duration
0,1.0193740129470825,0.6807864308357239,0.715839684009552,2.142857142857143,57.37301734103793,14
