hand,first_max_height,min_height,second_max_height,dribbling_frequency,bending_angle,duration
0,1.1494104862213135,1.108330488204956,1.1359275579452515,1.875,14.182931638823426,16
