hand,first_max_height,min_height,second_max_height,dribbling_frequency,bending_angle,duration
1,1.045109748840332,1.0122694969177246,1.0411903858184814,2.5,28.550194570230538,12
