hand,first_max_height,min_height,second_max_height,dribbling_frequency,bending_angle,duration
0,0.9179375171661377,0.9089034795761108,0.9190078377723694,1.4285714285714284,10.288425266809902,21
