hand,first_max_height,min_height,second_max_height,dribbling_frequency,bending_angle,duration
0,0.6343674659729004,0.6258342266082764,0.6386277079582214,2.142857142857143,65.69752782436886,14
