hand,first_max_height,min_height,second_max_height,dribbling_frequency,bending_angle,duration
0,0.9405693411827087,0.9299126267433167,1.2096240520477295,2.142857142857143,11.88152762776081,14
