hand,first_max_height,min_height,second_max_height,dribbling_frequency,bending_angle,duration
0,1.2729257345199585,0.8441068530082703,0.9051739573478699,2.307692307692308,21.289437582157408,13
