hand,first_max_height,min_height,second_max_height,dribbling_frequency,bending_angle,duration
0,0.9143095016479492,0.9015814661979675,0.9026355147361755,1.875,11.73563760603749,16
