hand,first_max_height,min_height,second_max_height,dribbling_frequency,bending_angle,duration
0,0.8909195065498352,0.8791646957397461,0.8887317180633545,2.7272727272727275,48.43784204845208,11
