hand,first_max_height,min_height,second_max_height,dribbling_frequency,bending_angle,duration
0,1.018418788909912,0.9382437467575073,1.436800241470337,1.6666666666666665,8.68401307618227,18
