hand,first_max_height,min_height,second_max_height,dribbling_frequency,bending_angle,duration
0,0.761485755443573,0.7213624715805054,0.7370485067367554,3.0,56.65221497591738,10
