hand,first_max_height,min_height,second_max_height,dribbling_frequency,bending_angle,duration
0,0.8192875981330872,0.7711271047592163,0.8140383362770081,1.7647058823529411,52.85913312246659,17
