hand,first_max_height,min_height,second_max_height,dribbling_frequency,bending_angle,duration
0,0.9247494339942932,0.9154515266418457,0.9218271970748901,1.875,8.80053346074866,16
