hand,first_max_height,min_height,second_max_height,dribbling_frequency,bending_angle,duration
0,0.9424271583557129,0.9193608164787292,0.9266997575759888,1.5,14.86586132501448,20
