hand,first_max_height,min_height,second_max_height,dribbling_frequency,bending_angle,duration
1,0.9433829188346863,0.9125392436981201,0.9264209866523743,3.0,18.38218108990577,10
