hand,first_max_height,min_height,second_max_height,dribbling_frequency,bending_angle,duration
0,0.7801838517189026,0.7507042288780212,0.7804380655288696,2.5,41.8917228217122,12
