hand,first_max_height,min_height,second_max_height,dribbling_frequency,bending_angle,duration
1,1.0527458190917969,1.0164570808410645,1.063385248184204,2.307692307692308,33.50184408404762,13
