hand,first_max_height,min_height,second_max_height,dribbling_frequency,bending_angle,duration
1,0.9621762633323669,0.9507609009742737,0.9674100875854492,1.4285714285714284,2.6403713952894394,21
