hand,first_max_height,min_height,second_max_height,dribbling_frequency,bending_angle,duration
0,0.9241113662719727,0.9229342937469482,1.3286092281341553,2.142857142857143,19.05540321293635,14
