hand,first_max_height,min_height,second_max_height,dribbling_frequency,bending_angle,duration
0,0.6961592435836792,0.6773684620857239,0.6955124735832214,3.0,57.14766251012875,10
