hand,first_max_height,min_height,second_max_height,dribbling_frequency,bending_angle,duration
0,0.9371672868728638,0.5911072492599487,0.6798591613769531,1.875,60.12680964126694,16
