hand,first_max_height,min_height,second_max_height,dribbling_frequency,bending_angle,duration
0,0.7239922285079956,0.6316670179367065,0.7523987293243408,1.6666666666666665,58.07334206547139,18
