hand,first_max_height,min_height,second_max_height,dribbling_frequency,bending_angle,duration
0,0.6891550421714783,0.6836923956871033,0.6997747421264648,2.5,58.44596987784107,12
