hand,first_max_height,min_height,second_max_height,dribbling_frequency,bending_angle,duration
1,1.063385248184204,1.0252336263656616,1.047798752784729,2.7272727272727275,33.144222062609565,11
