hand,first_max_height,min_height,second_max_height,dribbling_frequency,bending_angle,duration
0,1.1826993227005005,0.9351506233215332,1.2086752653121948,2.307692307692308,38.96132550252809,13
