hand,first_max_height,min_height,second_max_height,dribbling_frequency,bending_angle,duration
0,1.1679279804229736,1.1244583129882812,1.1745550632476807,1.3636363636363638,10.790888257034588,22
