hand,first_max_height,min_height,second_max_height,dribbling_frequency,bending_angle,duration
0,0.5732474327087402,0.5570459961891174,0.5639734864234924,2.5,73.68809781045285,12
