hand,first_max_height,min_height,second_max_height,dribbling_frequency,bending_angle,duration
0,0.9477173686027527,0.9338042140007019,0.9397643208503723,2.0,14.235853038236742,15
