hand,first_max_height,min_height,second_max_height,dribbling_frequency,bending_angle,duration
0,0.7693533897399902,0.7234834432601929,0.7373046875,1.7647058823529411,42.423211367947715,17
