hand,first_max_height,min_height,second_max_height,dribbling_frequency,bending_angle,duration
0,1.2046103477478027,0.7254992127418518,1.051448941230774,1.875,44.48187224432701,16
