hand,first_max_height,min_height,second_max_height,dribbling_frequency,bending_angle,duration
1,1.1586965322494507,1.147471308708191,1.1594324111938477,2.0,9.45524222996748,15
