hand,first_max_height,min_height,second_max_height,dribbling_frequency,bending_angle,duration
0,1.5517137050628662,0.8658415079116821,0.9018131494522095,1.7647058823529411,17.20802057282327,17
