hand,first_max_height,min_height,second_max_height,dribbling_frequency,bending_angle,duration
0,1.0584120750427246,0.6406774520874023,0.7169492244720459,1.875,60.87155828994969,16
