hand,first_max_height,min_height,second_max_height,dribbling_frequency,bending_angle,duration
0,0.9685457348823547,0.9574350714683533,0.957915186882019,2.307692307692308,11.846997613960827,13
