hand,first_max_height,min_height,second_max_height,dribbling_frequency,bending_angle,duration
0,0.9256232380867004,0.7106310129165649,1.1930534839630127,1.4285714285714284,41.18473265541243,21
