hand,first_max_height,min_height,second_max_height,dribbling_frequency,bending_angle,duration
0,1.2618404626846313,0.8700513243675232,0.955812931060791,2.142857142857143,26.512486870009035,14
