hand,first_max_height,min_height,second_max_height,dribbling_frequency,bending_angle,duration
0,0.9875348210334778,0.9553220868110657,1.3123947381973267,2.142857142857143,20.35712316683408,14
