hand,first_max_height,min_height,second_max_height,dribbling_frequency,bending_angle,duration
1,0.7871716022491455,0.7831836938858032,0.9188777804374695,2.7272727272727275,54.15008825697834,11
