hand,first_max_height,min_height,second_max_height,dribbling_frequency,bending_angle,duration
0,1.3199914693832397,0.8971232771873474,0.9473676085472107,1.875,17.39488072424194,16
