hand,first_max_height,min_height,second_max_height,dribbling_frequency,bending_angle,duration
0,0.8821620345115662,0.8596405386924744,0.9002964496612549,1.5,23.334284310360296,20
