hand,first_max_height,min_height,second_max_height,dribbling_frequency,bending_angle,duration
1,0.9260075688362122,0.9193291664123535,0.9463267922401428,2.5,15.396116744864441,12
