hand,first_max_height,min_height,second_max_height,dribbling_frequency,bending_angle,duration
0,0.9459935426712036,0.9372879862785339,0.9476860761642456,1.4285714285714284,7.572312274580441,21
