hand,first_max_height,min_height,second_max_height,dribbling_frequency,bending_angle,duration
0,0.9524439573287964,0.9251909852027893,0.9264968633651733,1.875,10.27410890335366,16
