hand,first_max_height,min_height,second_max_height,dribbling_frequency,bending_angle,duration
0,0.8551766872406006,0.8329137563705444,0.8478640913963318,2.0,30.689403289440673,15
