hand,first_max_height,min_height,second_max_height,dribbling_frequency,bending_angle,duration
0,0.9495524764060974,0.9486818909645081,0.9722935557365417,1.7647058823529411,5.963391767076369,17
