hand,first_max_height,min_height,second_max_height,dribbling_frequency,bending_angle,duration
0,1.2613589763641357,0.9328353404998779,1.0286900997161865,1.7647058823529411,7.673432287820268,17
