hand,first_max_height,min_height,second_max_height,dribbling_frequency,bending_angle,duration
1,0.6473419070243835,0.6395158767700195,0.6542807817459106,3.0,74.31938828921093,10
