hand,first_max_height,min_height,second_max_height,dribbling_frequency,bending_angle,duration
0,0.9080738425254822,0.6415715217590332,0.6795920729637146,1.875,59.870578456717475,16
