hand,first_max_height,min_height,second_max_height,dribbling_frequency,bending_angle,duration
0,0.9908044934272766,0.9757826924324036,0.9945880770683289,2.0,32.39516027281723,15
