hand,first_max_height,min_height,second_max_height,dribbling_frequency,bending_angle,duration
1,1.0375690460205078,1.02824068069458,1.0426170825958252,1.875,12.848631134104007,16
