hand,first_max_height,min_height,second_max_height,dribbling_frequency,bending_angle,duration
0,0.9533523917198181,0.9363435506820679,1.284429669380188,1.7647058823529411,8.762595269514904,17
