hand,first_max_height,min_height,second_max_height,dribbling_frequency,bending_angle,duration
0,0.7218741774559021,0.6958638429641724,1.0400184392929077,1.875,54.24802201270779,16
