hand,first_max_height,min_height,second_max_height,dribbling_frequency,bending_angle,duration
1,0.9342253804206848,0.9320328831672668,0.9450209736824036,2.5,7.815311770729913,12
