hand,first_max_height,min_height,second_max_height,dribbling_frequency,bending_angle,duration
0,0.9490216970443726,0.9423639178276062,0.9544541835784912,1.875,7.748556558860615,16
