hand,first_max_height,min_height,second_max_height,dribbling_frequency,bending_angle,duration
0,0.7001017332077026,0.6970319151878357,0.7029609084129333,2.7272727272727275,61.62904436130546,11
