hand,first_max_height,min_height,second_max_height,dribbling_frequency,bending_angle,duration
0,0.9291785955429077,0.9234883189201355,0.9277975559234619,1.4285714285714284,5.170871598696939,21
