hand,first_max_height,min_height,second_max_height,dribbling_frequency,bending_angle,duration
0,0.9397149085998535,0.9218778610229492,0.9249648451805115,1.5789473684210527,5.456746019489659,19
