hand,first_max_height,min_height,second_max_height,dribbling_frequency,bending_angle,duration
0,0.8678015470504761,0.8540774583816528,0.9366254210472107,1.6666666666666665,26.051311993596176,18
