hand,first_max_height,min_height,second_max_height,dribbling_frequency,bending_angle,duration
0,1.1489189863204956,0.8583440780639648,1.0726191997528076,2.7272727272727275,41.89486996306762,11
