hand,first_max_height,min_height,second_max_height,dribbling_frequency,bending_angle,duration
0,0.9211008548736572,0.9061586260795593,0.919512152671814,1.5,12.555762397059878,20
