hand,first_max_height,min_height,second_max_height,dribbling_frequency,bending_angle,duration
0,0.9328360557556152,0.6400576829910278,0.6947376132011414,2.0,59.57210657863638,15
