hand,first_max_height,min_height,second_max_height,dribbling_frequency,bending_angle,duration
0,0.9619338512420654,0.6609430909156799,0.7231712937355042,2.5,59.209626814217565,12
