hand,first_max_height,min_height,second_max_height,dribbling_frequency,bending_angle,duration
0,1.1705212593078613,0.7700537443161011,0.9005820751190186,1.7647058823529411,43.41379730840235,17
