hand,first_max_height,min_height,second_max_height,dribbling_frequency,bending_angle,duration
0,0.8907290101051331,0.5903347134590149,1.1214311122894287,1.25,64.1918917692867,24
