hand,first_max_height,min_height,second_max_height,dribbling_frequency,bending_angle,duration
1,0.9594134092330933,0.9348777532577515,1.0274518728256226,1.5,20.512781613699985,20
