hand,first_max_height,min_height,second_max_height,dribbling_frequency,bending_angle,duration
0,1.172453761100769,0.8231391310691833,0.8973985314369202,1.7647058823529411,31.946818202405524,17
