hand,first_max_height,min_height,second_max_height,dribbling_frequency,bending_angle,duration
0,0.9257491827011108,0.9212937355041504,0.9225366115570068,3.0,7.055823891187062,10
