hand,first_max_height,min_height,second_max_height,dribbling_frequency,bending_angle,duration
0,1.027284860610962,1.0062141418457031,1.053049087524414,1.5,20.07050547423061,20
