hand,first_max_height,min_height,second_max_height,dribbling_frequency,bending_angle,duration
0,0.8342299461364746,0.8145115375518799,1.154854655265808,1.875,44.55333938787448,16
