hand,first_max_height,min_height,second_max_height,dribbling_frequency,bending_angle,duration
1,0.9124808311462402,0.902965247631073,0.9230325818061829,2.307692307692308,13.417150355742834,13
