hand,first_max_height,min_height,second_max_height,dribbling_frequency,bending_angle,duration
0,1.0924559831619263,1.0914530754089355,1.1127138137817383,2.7272727272727275,5.486485814923804,11
