hand,first_max_height,min_height,second_max_height,dribbling_frequency,bending_angle,duration
1,0.9305561780929565,0.90076744556427,0.9017414450645447,2.0,16.71079872129798,15
