hand,first_max_height,min_height,second_max_height,dribbling_frequency,bending_angle,duration
0,1.2752132415771484,0.9476980566978455,1.222629427909851,2.0,26.63603781602629,15
