hand,first_max_height,min_height,second_max_height,dribbling_frequency,bending_angle,duration
0,0.7797917127609253,0.7588228583335876,1.051284670829773,2.5,54.96856587028154,12
