hand,first_max_height,min_height,second_max_height,dribbling_frequency,bending_angle,duration
0,1.1609634160995483,1.127890944480896,1.1757725477218628,1.4285714285714284,11.390823993282991,21
