hand,first_max_height,min_height,second_max_height,dribbling_frequency,bending_angle,duration
0,0.7437856793403625,0.7430480122566223,0.7954648733139038,2.0,61.53743816477544,15
