hand,first_max_height,min_height,second_max_height,dribbling_frequency,bending_angle,duration
0,0.9122098088264465,0.8618788123130798,0.8679561614990234,1.6666666666666665,30.469950753772718,18
