hand,first_max_height,min_height,second_max_height,dribbling_frequency,bending_angle,duration
1,0.7550249695777893,0.6720113158226013,0.7265873551368713,1.5,46.266550105093756,20
