hand,first_max_height,min_height,second_max_height,dribbling_frequency,bending_angle,duration
0,0.9442813992500305,0.9439297318458557,0.982488214969635,1.25,7.340835654908932,24
