hand,first_max_height,min_height,second_max_height,dribbling_frequency,bending_angle,duration
0,0.9295758605003357,0.9290658235549927,0.9530923962593079,2.307692307692308,8.828039384381949,13
