hand,first_max_height,min_height,second_max_height,dribbling_frequency,bending_angle,duration
0,1.1220651865005493,1.0920565128326416,1.0950353145599365,1.7647058823529411,3.8023677669115497,17
