hand,first_max_height,min_height,second_max_height,dribbling_frequency,bending_angle,duration
0,0.8667307496070862,0.5132657289505005,0.6266166567802429,2.0,68.27794391895135,15
