hand,first_max_height,min_height,second_max_height,dribbling_frequency,bending_angle,duration
0,0.9331469535827637,0.9300169944763184,0.9385551810264587,2.7272727272727275,2.6776201332384386,11
