hand,first_max_height,min_height,second_max_height,dribbling_frequency,bending_angle,duration
0,0.9124082922935486,0.9090105295181274,0.9092323780059814,2.7272727272727275,9.825639953583153,11
