hand,first_max_height,min_height,second_max_height,dribbling_frequency,bending_angle,duration
0,0.9264275431632996,0.8798832297325134,1.2353706359863281,2.0,27.23358497967186,15
