hand,first_max_height,min_height,second_max_height,dribbling_frequency,bending_angle,duration
1,1.0543835163116455,1.015594482421875,1.0602327585220337,2.307692307692308,30.15032090555379,13
