hand,first_max_height,min_height,second_max_height,dribbling_frequency,bending_angle,duration
0,0.901462197303772,0.8833664059638977,0.9003811478614807,1.6666666666666665,12.433575973181233,18
