hand,first_max_height,min_height,second_max_height,dribbling_frequency,bending_angle,duration
0,1.3394389152526855,0.9890724420547485,1.2618404626846313,2.142857142857143,22.93265941280948,14
