hand,first_max_height,min_height,second_max_height,dribbling_frequency,bending_angle,duration
1,0.9535695314407349,0.9385480880737305,0.9518129229545593,1.5789473684210527,4.584161485535628,19
