hand,first_max_height,min_height,second_max_height,dribbling_frequency,bending_angle,duration
0,1.420773983001709,0.971902072429657,1.3242652416229248,2.0,28.024885490687133,15
