hand,first_max_height,min_height,second_max_height,dribbling_frequency,bending_angle,duration
0,0.9461814165115356,0.9408034086227417,1.032845139503479,1.4285714285714284,6.200572749714244,21
