hand,first_max_height,min_height,second_max_height,dribbling_frequency,bending_angle,duration
0,1.04429292678833,1.0358277559280396,1.052200436592102,2.5,12.709222838626964,12
