hand,first_max_height,min_height,second_max_height,dribbling_frequency,bending_angle,duration
0,0.7591613531112671,0.6936150193214417,1.0766326189041138,1.3043478260869565,54.22802252058494,23
