hand,first_max_height,min_height,second_max_height,dribbling_frequency,bending_angle,duration
1,0.9444164633750916,0.9240627288818359,0.9594134092330933,1.875,21.566029634238397,16
