hand,first_max_height,min_height,second_max_height,dribbling_frequency,bending_angle,duration
0,0.8375936150550842,0.8358719348907471,0.8902913928031921,2.307692307692308,39.4228755146274,13
