hand,first_max_height,min_height,second_max_height,dribbling_frequency,bending_angle,duration
0,0.703503429889679,0.6306611895561218,0.7476896643638611,1.25,62.30086919689652,24
