hand,first_max_height,min_height,second_max_height,dribbling_frequency,bending_angle,duration
1,1.1328312158584595,1.1327024698257446,1.1532098054885864,3.0,8.362105530162218,10
