hand,first_max_height,min_height,second_max_height,dribbling_frequency,bending_angle,duration
0,0.9501652121543884,0.6721211075782776,0.6862319707870483,2.7272727272727275,57.56878933313915,11
