hand,first_max_height,min_height,second_max_height,dribbling_frequency,bending_angle,duration
1,1.0353996753692627,1.0276035070419312,1.0375690460205078,1.7647058823529411,12.485024020373206,17
