hand,first_max_height,min_height,second_max_height,dribbling_frequency,bending_angle,duration
0,0.9214504957199097,0.8147928714752197,1.0819017887115479,1.5789473684210527,12.618254598918174,19
