hand,first_max_height,min_height,second_max_height,dribbling_frequency,bending_angle,duration
0,1.2844709157943726,0.9260373115539551,1.2274484634399414,1.875,21.319607788752215,16
