hand,first_max_height,min_height,second_max_height,dribbling_frequency,bending_angle,duration
0,0.5839585661888123,0.5584822297096252,0.9142155647277832,2.0,71.7725394564453,15
