hand,first_max_height,min_height,second_max_height,dribbling_frequency,bending_angle,duration
1,0.9036897420883179,0.8986415266990662,0.917371392250061,2.7272727272727275,20.157660719505145,11
