hand,first_max_height,min_height,second_max_height,dribbling_frequency,bending_angle,duration
1,0.9237470626831055,0.9218010306358337,0.9297649264335632,2.307692307692308,6.84444089929283,13
