hand,first_max_height,min_height,second_max_height,dribbling_frequency,bending_angle,duration
0,1.2750592231750488,0.89015793800354,1.2221554517745972,2.142857142857143,35.45107939539494,14
