hand,first_max_height,min_height,second_max_height,dribbling_frequency,bending_angle,duration
1,0.9312416315078735,0.9140205383300781,0.9449318051338196,2.0,17.59664404730574,15
