hand,first_max_height,min_height,second_max_height,dribbling_frequency,bending_angle,duration
0,0.9302288889884949,0.9229021072387695,0.9309290051460266,1.6666666666666665,12.387336835441657,18
