hand,first_max_height,min_height,second_max_height,dribbling_frequency,bending_angle,duration
0,0.9456771016120911,0.8721989393234253,0.8745999336242676,1.875,35.68921290539638,16
