hand,first_max_height,min_height,second_max_height,dribbling_frequency,bending_angle,duration
0,0.7221432328224182,0.69271320104599,1.1117621660232544,1.875,57.814750498679466,16
