hand,first_max_height,min_height,second_max_height,dribbling_frequency,bending_angle,duration
0,1.1633936166763306,0.8111306428909302,0.8348697423934937,2.5,31.672089410272896,12
