hand,first_max_height,min_height,second_max_height,dribbling_frequency,bending_angle,duration
0,0.9543968439102173,0.7655319571495056,0.9511812925338745,2.0,53.202752162763815,15
