hand,first_max_height,min_height,second_max_height,dribbling_frequency,bending_angle,duration
0,1.1151942014694214,0.6900362372398376,1.0300207138061523,2.142857142857143,51.058839945619276,14
