hand,first_max_height,min_height,second_max_height,dribbling_frequency,bending_angle,duration
0,0.940329372882843,0.7820771932601929,0.9615617990493774,2.7272727272727275,61.61268633831084,11
