hand,first_max_height,min_height,second_max_height,dribbling_frequency,bending_angle,duration
0,0.8883554339408875,0.8539839386940002,1.323386788368225,1.7647058823529411,36.6274317570494,17
