hand,first_max_height,min_height,second_max_height,dribbling_frequency,bending_angle,duration
1,0.9397991299629211,0.8916347622871399,0.9163709878921509,2.5,22.804543577104628,12
