hand,first_max_height,min_height,second_max_height,dribbling_frequency,bending_angle,duration
0,0.9018131494522095,0.8988677263259888,1.4886956214904785,2.0,15.786575876937173,15
