hand,first_max_height,min_height,second_max_height,dribbling_frequency,bending_angle,duration
0,0.9481454491615295,0.8060944080352783,1.1956082582473755,1.6666666666666665,32.16851629828922,18
