hand,first_max_height,min_height,second_max_height,dribbling_frequency,bending_angle,duration
0,1.2402805089950562,0.915232241153717,0.9552061557769775,1.875,13.15412032281654,16
