hand,first_max_height,min_height,second_max_height,dribbling_frequency,bending_angle,duration
0,0.9125128984451294,0.8979817628860474,1.1225417852401733,2.307692307692308,20.16442309447763,13
