hand,first_max_height,min_height,second_max_height,dribbling_frequency,bending_angle,duration
1,0.721352219581604,0.6866642236709595,0.7208535075187683,2.142857142857143,60.31015127403696,14
