hand,first_max_height,min_height,second_max_height,dribbling_frequency,bending_angle,duration
0,0.9672265648841858,0.9187729954719543,1.2323992252349854,2.142857142857143,16.438030058149653,14
