hand,first_max_height,min_height,second_max_height,dribbling_frequency,bending_angle,duration
0,1.1713277101516724,0.8409450650215149,0.940096378326416,2.0,35.57690016057653,15
