hand,first_max_height,min_height,second_max_height,dribbling_frequency,bending_angle,duration
0,0.9508655667304993,0.9295559525489807,0.9348979592323303,1.4285714285714284,6.013681005919916,21
