hand,first_max_height,min_height,second_max_height,dribbling_frequency,bending_angle,duration
0,0.8687336444854736,0.8128227591514587,1.194754719734192,1.875,32.67853302052277,16
