hand,first_max_height,min_height,second_max_height,dribbling_frequency,bending_angle,duration
0,0.8683499097824097,0.8635125756263733,0.8791747093200684,2.5,38.075913563823875,12
