hand,first_max_height,min_height,second_max_height,dribbling_frequency,bending_angle,duration
0,1.093050479888916,0.794806182384491,1.1204179525375366,2.5,52.01127073342592,12
