hand,first_max_height,min_height,second_max_height,dribbling_frequency,bending_angle,duration
0,0.9899061322212219,0.9698899984359741,0.9829189777374268,1.4285714285714284,11.896824222478822,21
