hand,first_max_height,min_height,second_max_height,dribbling_frequency,bending_angle,duration
1,0.6888913512229919,0.6646536588668823,0.8518772721290588,1.3043478260869565,59.062481501640406,23
