hand,first_max_height,min_height,second_max_height,dribbling_frequency,bending_angle,duration
0,1.1709879636764526,0.8730809688568115,0.873720109462738,3.0,19.44062807529632,10
