hand,first_max_height,min_height,second_max_height,dribbling_frequency,bending_angle,duration
0,0.8942397236824036,0.8891993165016174,1.142307996749878,2.5,18.41341632758354,12
