hand,first_max_height,min_height,second_max_height,dribbling_frequency,bending_angle,duration
0,1.1552022695541382,0.6440821290016174,0.810645580291748,1.875,47.91441915924197,16
