hand,first_max_height,min_height,second_max_height,dribbling_frequency,bending_angle,duration
0,0.9459826350212097,0.6376500129699707,0.737296462059021,2.5,59.94862713057765,12
