hand,first_max_height,min_height,second_max_height,dribbling_frequency,bending_angle,duration
0,1.3108478784561157,0.7996332049369812,0.9764508008956909,1.7647058823529411,31.84573424979562,17
