hand,first_max_height,min_height,second_max_height,dribbling_frequency,bending_angle,duration
0,0.8603911399841309,0.8327081203460693,0.87931889295578,2.307692307692308,34.920331785685235,13
