hand,first_max_height,min_height,second_max_height,dribbling_frequency,bending_angle,duration
0,1.250765323638916,0.8878895044326782,1.0344629287719727,1.875,20.204031278444685,16
