hand,first_max_height,min_height,second_max_height,dribbling_frequency,bending_angle,duration
0,1.0524356365203857,0.6911237239837646,0.7707582712173462,2.142857142857143,49.43113535598163,14
