hand,first_max_height,min_height,second_max_height,dribbling_frequency,bending_angle,duration
0,1.2053200006484985,0.8014976382255554,0.9655440449714661,1.7647058823529411,33.41510375063621,17
