hand,first_max_height,min_height,second_max_height,dribbling_frequency,bending_angle,duration
0,0.8614231944084167,0.8365050554275513,0.964630126953125,2.5,36.11472515159526,12
