hand,first_max_height,min_height,second_max_height,dribbling_frequency,bending_angle,duration
0,0.9460456967353821,0.9387212991714478,0.9423826932907104,2.0,12.691903212995188,15
