hand,first_max_height,min_height,second_max_height,dribbling_frequency,bending_angle,duration
0,0.8774774670600891,0.82669597864151,0.8533632755279541,2.307692307692308,38.29634590034836,13
