hand,first_max_height,min_height,second_max_height,dribbling_frequency,bending_angle,duration
0,0.7648807764053345,0.7351800799369812,0.7363663911819458,2.5,43.96067946471033,12
