hand,first_max_height,min_height,second_max_height,dribbling_frequency,bending_angle,duration
1,1.0265700817108154,0.9463838934898376,1.0202909708023071,1.6666666666666665,24.649210873250848,18
