hand,first_max_height,min_height,second_max_height,dribbling_frequency,bending_angle,duration
0,0.784123420715332,0.704614520072937,0.7166130542755127,1.3043478260869565,48.26401645186239,23
