hand,first_max_height,min_height,second_max_height,dribbling_frequency,bending_angle,duration
0,1.0821741819381714,1.0249104499816895,1.0969525575637817,1.3043478260869565,15.886451999735868,23
