hand,first_max_height,min_height,second_max_height,dribbling_frequency,bending_angle,duration
1,1.1026809215545654,1.0718519687652588,1.106032371520996,3.0,10.870241292765611,10
