hand,first_max_height,min_height,second_max_height,dribbling_frequency,bending_angle,duration
0,0.8198723793029785,0.7597851753234863,1.0553429126739502,1.6666666666666665,42.6048627778558,18
