hand,first_max_height,min_height,second_max_height,dribbling_frequency,bending_angle,duration
0,1.2722407579421997,0.8796834945678711,0.9463981986045837,2.0,25.57370930015377,15
