hand,first_max_height,min_height,second_max_height,dribbling_frequency,bending_angle,duration
0,0.8460941314697266,0.8078457117080688,0.8303961753845215,2.5,43.2147855173782,12
