hand,first_max_height,min_height,second_max_height,dribbling_frequency,bending_angle,duration
0,1.178434133529663,1.1335313320159912,1.1941680908203125,1.4285714285714284,9.095955676886737,21
