hand,first_max_height,min_height,second_max_height,dribbling_frequency,bending_angle,duration
0,0.696835994720459,0.6779912710189819,0.7433887720108032,2.5,56.26284535979528,12
