hand,first_max_height,min_height,second_max_height,dribbling_frequency,bending_angle,duration
0,0.8980810642242432,0.8572537302970886,0.8874191641807556,2.142857142857143,32.66294138137659,14
