hand,first_max_height,min_height,second_max_height,dribbling_frequency,bending_angle,duration
0,0.7883210182189941,0.7823652029037476,0.8198723793029785,2.307692307692308,45.36169702347893,13
