hand,first_max_height,min_height,second_max_height,dribbling_frequency,bending_angle,duration
0,0.8803435564041138,0.6020582318305969,0.6756988763809204,1.7647058823529411,57.92237064019221,17
