hand,first_max_height,min_height,second_max_height,dribbling_frequency,bending_angle,duration
0,0.9322356581687927,0.8962317705154419,0.9041199684143066,1.5,21.6092238936148,20
