hand,first_max_height,min_height,second_max_height,dribbling_frequency,bending_angle,duration
0,0.5556955933570862,0.5398730039596558,0.5545892119407654,2.5,73.299596865114,12
