hand,first_max_height,min_height,second_max_height,dribbling_frequency,bending_angle,duration
0,0.9252278804779053,0.9177624583244324,0.9257280230522156,2.7272727272727275,34.148172138023334,11
