hand,first_max_height,min_height,second_max_height,dribbling_frequency,bending_angle,duration
0,0.9877405762672424,0.987129271030426,0.9926329255104065,2.7272727272727275,10.251816584833211,11
