hand,first_max_height,min_height,second_max_height,dribbling_frequency,bending_angle,duration
0,0.9240587949752808,0.9222579598426819,0.9292728304862976,2.307692307692308,7.358282251619993,13
