hand,first_max_height,min_height,second_max_height,dribbling_frequency,bending_angle,duration
0,0.6210421919822693,0.5935482382774353,0.6115567088127136,1.4285714285714284,63.62879650454742,21
