hand,first_max_height,min_height,second_max_height,dribbling_frequency,bending_angle,duration
0,0.9257592558860779,0.851542055606842,0.8577807545661926,1.7647058823529411,9.778965568993701,17
