hand,first_max_height,min_height,second_max_height,dribbling_frequency,bending_angle,duration
0,0.8372363448143005,0.6504237651824951,0.6945566534996033,2.307692307692308,59.91763856996263,13
