hand,first_max_height,min_height,second_max_height,dribbling_frequency,bending_angle,duration
0,0.9514968991279602,0.9044071435928345,1.0899962186813354,1.7647058823529411,13.375232289664932,17
