hand,first_max_height,min_height,second_max_height,dribbling_frequency,bending_angle,duration
0,0.732952892780304,0.6598173379898071,0.9156787991523743,2.142857142857143,57.01414673765467,14
