hand,first_max_height,min_height,second_max_height,dribbling_frequency,bending_angle,duration
0,1.1892023086547852,0.8786565661430359,1.0394777059555054,2.0,22.74512670840184,15
