hand,first_max_height,min_height,second_max_height,dribbling_frequency,bending_angle,duration
0,0.7169492244720459,0.7100800275802612,1.0770436525344849,1.5,60.5783998024845,20
