hand,first_max_height,min_height,second_max_height,dribbling_frequency,bending_angle,duration
1,0.9172356724739075,0.8994388580322266,0.905271589756012,2.5,16.272373515549496,12
