hand,first_max_height,min_height,second_max_height,dribbling_frequency,bending_angle,duration
0,0.8860728740692139,0.5846879482269287,0.6678767800331116,1.7647058823529411,63.28335573444634,17
