hand,first_max_height,min_height,second_max_height,dribbling_frequency,bending_angle,duration
0,0.9437656998634338,0.9317437410354614,0.9322729110717773,1.875,2.7074970397055744,16
