hand,first_max_height,min_height,second_max_height,dribbling_frequency,bending_angle,duration
0,1.2573997974395752,0.9152607917785645,0.9336783289909363,1.875,16.001863318417332,16
