hand,first_max_height,min_height,second_max_height,dribbling_frequency,bending_angle,duration
1,0.9163709878921509,0.875601053237915,0.9144107103347778,1.7647058823529411,23.86275766194168,17
