hand,first_max_height,min_height,second_max_height,dribbling_frequency,bending_angle,duration
1,0.913669764995575,0.9056477546691895,0.919559121131897,2.307692307692308,12.477448211360445,13
