hand,first_max_height,min_height,second_max_height,dribbling_frequency,bending_angle,duration
1,0.9338449835777283,0.9254072308540344,0.9402643442153931,2.142857142857143,7.65016558012986,14
