hand,first_max_height,min_height,second_max_height,dribbling_frequency,bending_angle,duration
0,1.1091444492340088,0.7275705933570862,1.0893425941467285,2.142857142857143,50.10767142304537,14
