hand,first_max_height,min_height,second_max_height,dribbling_frequency,bending_angle,duration
0,0.9317304491996765,0.9246765971183777,0.9324532151222229,1.6666666666666665,8.155411136297085,18
