hand,first_max_height,min_height,second_max_height,dribbling_frequency,bending_angle,duration
0,0.9536349177360535,0.9184949994087219,0.9547501802444458,1.5,28.687744876872223,20
