hand,first_max_height,min_height,second_max_height,dribbling_frequency,bending_angle,duration
0,1.057802677154541,1.051350712776184,1.0549440383911133,2.0,6.841238105589901,15
