hand,first_max_height,min_height,second_max_height,dribbling_frequency,bending_angle,duration
0,0.7038241624832153,0.6877536773681641,0.7105633020401001,2.7272727272727275,60.45807406364309,11
