hand,first_max_height,min_height,second_max_height,dribbling_frequency,bending_angle,duration
0,1.043378472328186,0.7186334133148193,0.8946167230606079,1.875,53.11036252026967,16
