hand,first_max_height,min_height,second_max_height,dribbling_frequency,bending_angle,duration
0,0.7208333015441895,0.7101871967315674,0.7290820479393005,2.307692307692308,56.19760443681279,13
