hand,first_max_height,min_height,second_max_height,dribbling_frequency,bending_angle,duration
0,1.1699200868606567,0.7707662582397461,1.0522947311401367,2.307692307692308,56.933442426173514,13
