hand,first_max_height,min_height,second_max_height,dribbling_frequency,bending_angle,duration
1,1.0133509635925293,0.9905597567558289,1.060951590538025,1.875,25.88045471437829,16
