hand,first_max_height,min_height,second_max_height,dribbling_frequency,bending_angle,duration
1,0.9569356441497803,0.897969126701355,0.985548198223114,2.0,36.33204726444695,15
