hand,first_max_height,min_height,second_max_height,dribbling_frequency,bending_angle,duration
0,0.8520883917808533,0.6169887185096741,0.8602510690689087,1.4285714285714284,62.68210851124324,21
