hand,first_max_height,min_height,second_max_height,dribbling_frequency,bending_angle,duration
0,0.7192198038101196,0.7156437635421753,0.7184174656867981,2.5,59.68346374027248,12
