hand,first_max_height,min_height,second_max_height,dribbling_frequency,bending_angle,duration
0,0.9051500558853149,0.7663635611534119,0.9823529124259949,3.0,61.74935754871048,10
