hand,first_max_height,min_height,second_max_height,dribbling_frequency,bending_angle,duration
0,0.6781420111656189,0.6736316680908203,0.7135974168777466,1.3636363636363638,62.10427606336369,22
