hand,first_max_height,min_height,second_max_height,dribbling_frequency,bending_angle,duration
0,1.1235369443893433,1.0556426048278809,1.0634101629257202,1.4285714285714284,13.899507693581928,21
