hand,first_max_height,min_height,second_max_height,dribbling_frequency,bending_angle,duration
0,0.8533086776733398,0.8375828862190247,0.886356770992279,2.0,34.89025059664707,15
