hand,first_max_height,min_height,second_max_height,dribbling_frequency,bending_angle,duration
0,1.0553429126739502,0.7843880653381348,1.003045678138733,2.5,43.5452814898214,12
