hand,first_max_height,min_height,second_max_height,dribbling_frequency,bending_angle,duration
0,0.9135773181915283,0.8552272915840149,0.8912403583526611,2.307692307692308,32.82282065110025,13
