hand,first_max_height,min_height,second_max_height,dribbling_frequency,bending_angle,duration
0,0.9327918291091919,0.8590570092201233,0.8613113760948181,1.7647058823529411,7.313431735596323,17
