hand,first_max_height,min_height,second_max_height,dribbling_frequency,bending_angle,duration
0,0.9291353821754456,0.9197924733161926,0.9304429888725281,2.7272727272727275,2.6406558035375505,11
