hand,first_max_height,min_height,second_max_height,dribbling_frequency,bending_angle,duration
0,0.9285532832145691,0.9259223341941833,0.9408274292945862,2.142857142857143,5.608598815457776,14
