hand,first_max_height,min_height,second_max_height,dribbling_frequency,bending_angle,duration
0,0.7553848624229431,0.7265336513519287,0.7454017400741577,1.7647058823529411,58.89683578070905,17
