hand,first_max_height,min_height,second_max_height,dribbling_frequency,bending_angle,duration
0,0.7835513949394226,0.671139657497406,0.7038241624832153,2.142857142857143,57.47120518576843,14
