hand,first_max_height,min_height,second_max_height,dribbling_frequency,bending_angle,duration
0,0.9308652281761169,0.9255298376083374,0.9335822463035583,1.6666666666666665,4.238430754067153,18
