hand,first_max_height,min_height,second_max_height,dribbling_frequency,bending_angle,duration
0,1.2625337839126587,0.9921966791152954,1.236005425453186,2.5,27.94594466831837,12
