hand,first_max_height,min_height,second_max_height,dribbling_frequency,bending_angle,duration
0,0.9353295564651489,0.9345158934593201,0.9371637105941772,2.7272727272727275,4.07268846331525,11
