hand,first_max_height,min_height,second_max_height,dribbling_frequency,bending_angle,duration
0,0.9437419176101685,0.9339536428451538,0.9386637210845947,1.875,18.068501470133125,16
