hand,first_max_height,min_height,second_max_height,dribbling_frequency,bending_angle,duration
0,1.0792659521102905,1.0550904273986816,1.0613309144973755,1.875,5.380888640567039,16
