hand,first_max_height,min_height,second_max_height,dribbling_frequency,bending_angle,duration
0,0.7785149216651917,0.7557975053787231,0.967914342880249,1.7647058823529411,50.125260422296066,17
