hand,first_max_height,min_height,second_max_height,dribbling_frequency,bending_angle,duration
0,0.8056026101112366,0.758272647857666,1.1751939058303833,2.307692307692308,47.7723464244716,13
