hand,first_max_height,min_height,second_max_height,dribbling_frequency,bending_angle,duration
1,0.867559552192688,0.8443548679351807,0.8672111630439758,2.0,57.97980054133249,15
