hand,first_max_height,min_height,second_max_height,dribbling_frequency,bending_angle,duration
0,0.9495263695716858,0.9453011155128479,0.9485299587249756,3.0,7.144030954922675,10
