hand,first_max_height,min_height,second_max_height,dribbling_frequency,bending_angle,duration
0,0.8098955750465393,0.6130902767181396,0.7474990487098694,2.142857142857143,63.44439370745952,14
