hand,first_max_height,min_height,second_max_height,dribbling_frequency,bending_angle,duration
1,1.1729861497879028,1.1689577102661133,1.1805260181427002,2.142857142857143,12.830276588544187,14
