hand,first_max_height,min_height,second_max_height,dribbling_frequency,bending_angle,duration
0,0.7782880067825317,0.7455729842185974,0.7821030020713806,1.6666666666666665,52.1802086967334,18
