hand,first_max_height,min_height,second_max_height,dribbling_frequency,bending_angle,duration
0,0.7296663522720337,0.7143846154212952,1.0264116525650024,1.3636363636363638,55.93549114807786,22
