hand,first_max_height,min_height,second_max_height,dribbling_frequency,bending_angle,duration
0,0.6721907258033752,0.6709547638893127,0.6824823021888733,1.875,64.09409629131153,16
