hand,first_max_height,min_height,second_max_height,dribbling_frequency,bending_angle,duration
0,0.9368377327919006,0.9071695804595947,0.9263281226158142,1.7647058823529411,33.83637175044082,17
