hand,first_max_height,min_height,second_max_height,dribbling_frequency,bending_angle,duration
1,0.9335926175117493,0.9187193512916565,0.9318387508392334,1.875,5.436709138189039,16
