hand,first_max_height,min_height,second_max_height,dribbling_frequency,bending_angle,duration
0,1.082452654838562,1.0624014139175415,1.0693267583847046,1.7647058823529411,7.4382943832795565,17
