hand,first_max_height,min_height,second_max_height,dribbling_frequency,bending_angle,duration
0,1.0557010173797607,1.0552197694778442,1.0759601593017578,2.142857142857143,8.321982863141553,14
