hand,first_max_height,min_height,second_max_height,dribbling_frequency,bending_angle,duration
0,0.9080646634101868,0.8921872973442078,0.9131194353103638,2.142857142857143,28.5876108161153,14
