hand,first_max_height,min_height,second_max_height,dribbling_frequency,bending_angle,duration
0,0.900485098361969,0.7723660469055176,0.8081529140472412,1.7647058823529411,35.424317136826346,17
