hand,first_max_height,min_height,second_max_height,dribbling_frequency,bending_angle,duration
0,0.854164719581604,0.8358270525932312,1.272638201713562,1.7647058823529411,33.31186121903782,17
