hand,first_max_height,min_height,second_max_height,dribbling_frequency,bending_angle,duration
0,0.9450462460517883,0.9443296790122986,0.9542387127876282,2.307692307692308,2.8703519220395894,13
