hand,first_max_height,min_height,second_max_height,dribbling_frequency,bending_angle,duration
0,0.8806309103965759,0.5842568874359131,0.6795710325241089,2.307692307692308,63.218828269879666,13
