hand,first_max_height,min_height,second_max_height,dribbling_frequency,bending_angle,duration
0,1.0598101615905762,1.0373210906982422,1.0499337911605835,1.4285714285714284,4.135290441373169,21
