hand,first_max_height,min_height,second_max_height,dribbling_frequency,bending_angle,duration
0,0.9267714023590088,0.6017159819602966,0.6761826872825623,2.307692307692308,61.83493288753561,13
