hand,first_max_height,min_height,second_max_height,dribbling_frequency,bending_angle,duration
0,1.1757725477218628,1.1309006214141846,1.1679279804229736,1.4285714285714284,10.174480976163126,21
