hand,first_max_height,min_height,second_max_height,dribbling_frequency,bending_angle,duration
0,0.9580439329147339,0.9550986289978027,0.9618739485740662,2.142857142857143,10.99886097271965,14
