hand,first_max_height,min_height,second_max_height,dribbling_frequency,bending_angle,duration
0,0.9357577562332153,0.8404770493507385,0.8588548302650452,2.5,31.315558454470192,12
