hand,first_max_height,min_height,second_max_height,dribbling_frequency,bending_angle,duration
0,0.8836921453475952,0.8753966689109802,0.8783499598503113,3.0,32.164417044581725,10
