hand,first_max_height,min_height,second_max_height,dribbling_frequency,bending_angle,duration
0,1.0048497915267944,0.7206720113754272,1.0283204317092896,2.5,59.39683152046483,12
