hand,first_max_height,min_height,second_max_height,dribbling_frequency,bending_angle,duration
0,1.3960646390914917,0.9695606231689453,1.3126542568206787,1.875,24.51664492198325,16
