hand,first_max_height,min_height,second_max_height,dribbling_frequency,bending_angle,duration
1,1.1667917966842651,1.156394124031067,1.1843398809432983,1.4285714285714284,3.8617775652245707,21
