hand,first_max_height,min_height,second_max_height,dribbling_frequency,bending_angle,duration
0,0.8206989765167236,0.8023579120635986,0.8246573209762573,2.307692307692308,60.32533124737201,13
