hand,first_max_height,min_height,second_max_height,dribbling_frequency,bending_angle,duration
0,0.7491390705108643,0.7381347417831421,0.7787217497825623,1.875,57.96683577690922,16
