hand,first_max_height,min_height,second_max_height,dribbling_frequency,bending_angle,duration
0,0.88929682970047,0.8874414563179016,0.8964738845825195,3.0,22.812814069805526,10
