hand,first_max_height,min_height,second_max_height,dribbling_frequency,bending_angle,duration
0,0.945441484451294,0.9354803562164307,0.9410827159881592,1.7647058823529411,7.572820100312172,17
