hand,first_max_height,min_height,second_max_height,dribbling_frequency,bending_angle,duration
1,0.926685094833374,0.9233829379081726,0.9392828941345215,1.6666666666666665,7.665139293227166,18
