hand,first_max_height,min_height,second_max_height,dribbling_frequency,bending_angle,duration
0,0.883385419845581,0.6539335250854492,0.7569907903671265,1.5,35.29974946891394,20
