hand,first_max_height,min_height,second_max_height,dribbling_frequency,bending_angle,duration
0,1.2893081903457642,1.0371463298797607,1.326043725013733,2.0,12.160953090738193,15
