hand,first_max_height,min_height,second_max_height,dribbling_frequency,bending_angle,duration
0,0.9310969710350037,0.9279996156692505,0.9317304491996765,1.875,8.768427933932198,16
