hand,first_max_height,min_height,second_max_height,dribbling_frequency,bending_angle,duration
0,0.6795710325241089,0.6500776410102844,0.7086606621742249,1.3636363636363638,63.233734720806744,22
