hand,first_max_height,min_height,second_max_height,dribbling_frequency,bending_angle,duration
0,0.953865647315979,0.9429866671562195,0.9436855316162109,3.0,3.454688053197233,10
