hand,first_max_height,min_height,second_max_height,dribbling_frequency,bending_angle,duration
0,0.9340567588806152,0.9328836798667908,0.939569890499115,1.5789473684210527,7.426785022403852,19
