hand,first_max_height,min_height,second_max_height,dribbling_frequency,bending_angle,duration
0,0.7081584930419922,0.6719714999198914,0.6788895130157471,2.307692307692308,55.58803384582063,13
