hand,first_max_height,min_height,second_max_height,dribbling_frequency,bending_angle,duration
0,1.1961572170257568,0.8063331246376038,0.923836886882782,1.875,31.082582898744285,16
