hand,first_max_height,min_height,second_max_height,dribbling_frequency,bending_angle,duration
0,0.9219581484794617,0.9173234105110168,0.9178264737129211,2.142857142857143,4.1489925438442805,14
