hand,first_max_height,min_height,second_max_height,dribbling_frequency,bending_angle,duration
0,0.9310992956161499,0.9276413917541504,0.9378887414932251,2.7272727272727275,12.646683547240357,11
