hand,first_max_height,min_height,second_max_height,dribbling_frequency,bending_angle,duration
0,1.1301770210266113,0.8779515624046326,1.2152916193008423,1.3043478260869565,22.483236369935067,23
