hand,first_max_height,min_height,second_max_height,dribbling_frequency,bending_angle,duration
0,0.95807284116745,0.9383425712585449,0.9393585920333862,1.875,9.326774382745903,16
