hand,first_max_height,min_height,second_max_height,dribbling_frequency,bending_angle,duration
0,0.7725502848625183,0.7635730504989624,0.8036872744560242,1.6666666666666665,57.233079145353265,18
