hand,first_max_height,min_height,second_max_height,dribbling_frequency,bending_angle,duration
0,1.2265740633010864,0.7386171817779541,0.8774774670600891,1.7647058823529411,38.81878116707741,17
