hand,first_max_height,min_height,second_max_height,dribbling_frequency,bending_angle,duration
0,1.0043540000915527,0.5945515632629395,0.6851856112480164,1.4285714285714284,63.94989850713123,21
