hand,first_max_height,min_height,second_max_height,dribbling_frequency,bending_angle,duration
0,0.9202122688293457,0.9194341897964478,0.9251243472099304,3.0,9.898083132517337,10
