hand,first_max_height,min_height,second_max_height,dribbling_frequency,bending_angle,duration
0,0.7127877473831177,0.7017294764518738,0.7167258262634277,2.5,57.6569036023618,12
