hand,first_max_height,min_height,second_max_height,dribbling_frequency,bending_angle,duration
0,0.919741153717041,0.6975338459014893,0.8617365956306458,3.0,58.639909685082394,10
