hand,first_max_height,min_height,second_max_height,dribbling_frequency,bending_angle,duration
0,0.9232574105262756,0.9203348159790039,0.9250099062919617,1.875,8.926891603014809,16
