hand,first_max_height,min_height,second_max_height,dribbling_frequency,bending_angle,duration
0,1.0942986011505127,0.9138990044593811,1.1853187084197998,1.5,23.379204737654412,20
