hand,first_max_height,min_height,second_max_height,dribbling_frequency,bending_angle,duration
1,0.9252426624298096,0.9231755137443542,0.924197793006897,3.0,7.007697379825392,10
