hand,first_max_height,min_height,second_max_height,dribbling_frequency,bending_angle,duration
0,0.8363737463951111,0.8090676069259644,1.2512636184692383,1.875,33.82500041211381,16
