hand,first_max_height,min_height,second_max_height,dribbling_frequency,bending_angle,duration
0,0.769105851650238,0.5890950560569763,0.8014086484909058,1.25,64.34986276415808,24
