hand,first_max_height,min_height,second_max_height,dribbling_frequency,bending_angle,duration
0,1.0914310216903687,0.8737109899520874,0.883385419845581,1.875,17.46656124986773,16
