hand,first_max_height,min_height,second_max_height,dribbling_frequency,bending_angle,duration
0,1.0435088872909546,0.959469735622406,1.0574543476104736,1.7647058823529411,23.02184622205882,17
