hand,first_max_height,min_height,second_max_height,dribbling_frequency,bending_angle,duration
0,1.3983653783798218,0.7450246810913086,0.8379072546958923,1.875,32.34763103976957,16
