hand,first_max_height,min_height,second_max_height,dribbling_frequency,bending_angle,duration
0,1.0427052974700928,0.7110257148742676,0.8777143955230713,2.142857142857143,47.3048938678145,14
