hand,first_max_height,min_height,second_max_height,dribbling_frequency,bending_angle,duration
0,0.8866806030273438,0.6651366949081421,0.8665247559547424,2.5,58.43357139726967,12
