hand,first_max_height,min_height,second_max_height,dribbling_frequency,bending_angle,duration
0,1.1269567012786865,0.9134379625320435,1.227144718170166,2.5,33.766315745668734,12
