hand,first_max_height,min_height,second_max_height,dribbling_frequency,bending_angle,duration
0,1.0471385717391968,1.002744436264038,1.0511155128479004,1.875,21.89980123436598,16
