hand,first_max_height,min_height,second_max_height,dribbling_frequency,bending_angle,duration
0,1.0194560289382935,0.7477473616600037,1.0880886316299438,2.5,55.41423707641171,12
