hand,first_max_height,min_height,second_max_height,dribbling_frequency,bending_angle,duration
0,1.1964796781539917,0.764569103717804,0.7693533897399902,2.7272727272727275,36.5581431898659,11
