hand,first_max_height,min_height,second_max_height,dribbling_frequency,bending_angle,duration
0,0.8062101006507874,0.7889588475227356,1.2440346479415894,2.5,44.87905837469262,12
