hand,first_max_height,min_height,second_max_height,dribbling_frequency,bending_angle,duration
0,0.9329694509506226,0.6497596502304077,0.8732612729072571,2.5,60.313490777503894,12
