hand,first_max_height,min_height,second_max_height,dribbling_frequency,bending_angle,duration
0,0.8487610220909119,0.8345516920089722,0.8441128730773926,2.307692307692308,29.132217986282317,13
