hand,first_max_height,min_height,second_max_height,dribbling_frequency,bending_angle,duration
0,1.1309239864349365,1.101675033569336,1.1267873048782349,1.6666666666666665,8.27569017187478,18
