hand,first_max_height,min_height,second_max_height,dribbling_frequency,bending_angle,duration
0,1.0319324731826782,0.9458487629890442,0.9477173686027527,1.3043478260869565,11.691089628055101,23
