hand,first_max_height,min_height,second_max_height,dribbling_frequency,bending_angle,duration
0,0.8033467531204224,0.7928634285926819,0.8597672581672668,2.5,40.735655210450744,12
