hand,first_max_height,min_height,second_max_height,dribbling_frequency,bending_angle,duration
1,0.6696783900260925,0.666229784488678,0.6780858635902405,2.5,63.37340721175783,12
