hand,first_max_height,min_height,second_max_height,dribbling_frequency,bending_angle,duration
0,0.8882851004600525,0.8568770289421082,1.231973648071289,1.875,26.14675600679255,16
