hand,first_max_height,min_height,second_max_height,dribbling_frequency,bending_angle,duration
0,0.6384919881820679,0.5489069819450378,0.5530757308006287,2.7272727272727275,71.49958640041818,11
