hand,first_max_height,min_height,second_max_height,dribbling_frequency,bending_angle,duration
1,1.1645563840866089,1.1554473638534546,1.1640769243240356,3.0,12.516565196597895,10
