hand,first_max_height,min_height,second_max_height,dribbling_frequency,bending_angle,duration
0,0.7353875637054443,0.7208627462387085,0.7412595152854919,2.5,56.166425296928246,12
