hand,first_max_height,min_height,second_max_height,dribbling_frequency,bending_angle,duration
1,0.9524898529052734,0.9259833097457886,0.9390367269515991,1.5789473684210527,7.739313473406769,19
