hand,first_max_height,min_height,second_max_height,dribbling_frequency,bending_angle,duration
0,0.976215124130249,0.9456530809402466,0.9464571475982666,1.7647058823529411,10.68751126728614,17
