hand,first_max_height,min_height,second_max_height,dribbling_frequency,bending_angle,duration
0,0.7912319898605347,0.7535296678543091,1.1467151641845703,1.5789473684210527,43.61177974679618,19
