hand,first_max_height,min_height,second_max_height,dribbling_frequency,bending_angle,duration
1,1.0426170825958252,1.0352988243103027,1.050152063369751,2.142857142857143,11.300989785573027,14
