hand,first_max_height,min_height,second_max_height,dribbling_frequency,bending_angle,duration
0,0.8703032732009888,0.8572760224342346,1.1947253942489624,2.5,32.02337443665203,12
