hand,first_max_height,min_height,second_max_height,dribbling_frequency,bending_angle,duration
0,0.9309231042861938,0.9139443635940552,0.915467381477356,1.875,5.109033669037867,16
