hand,first_max_height,min_height,second_max_height,dribbling_frequency,bending_angle,duration
0,1.2086553573608398,0.8849445581436157,1.1269567012786865,2.5,30.12737257054183,12
