hand,first_max_height,min_height,second_max_height,dribbling_frequency,bending_angle,duration
0,1.209264874458313,0.7527711987495422,0.9155954122543335,1.4285714285714284,46.9008081154904,21
