hand,first_max_height,min_height,second_max_height,dribbling_frequency,bending_angle,duration
0,1.0730581283569336,1.0647852420806885,1.0756717920303345,3.0,6.660381160308309,10
