hand,first_max_height,min_height,second_max_height,dribbling_frequency,bending_angle,duration
0,0.9355505704879761,0.9292845129966736,1.2664941549301147,1.875,16.511361750444454,16
