hand,first_max_height,min_height,second_max_height,dribbling_frequency,bending_angle,duration
0,1.272638201713562,0.8804351687431335,1.2094404697418213,1.875,32.883417162989225,16
