hand,first_max_height,min_height,second_max_height,dribbling_frequency,bending_angle,duration
0,0.957915186882019,0.9443054795265198,0.9574267268180847,1.5789473684210527,10.536735571184051,19
