hand,first_max_height,min_height,second_max_height,dribbling_frequency,bending_angle,duration
0,1.184879183769226,0.8071951866149902,1.0923645496368408,2.307692307692308,48.75381359916041,13
