hand,first_max_height,min_height,second_max_height,dribbling_frequency,bending_angle,duration
1,1.1353508234024048,1.1092873811721802,1.1311402320861816,1.3043478260869565,18.8736809806108,23
