hand,first_max_height,min_height,second_max_height,dribbling_frequency,bending_angle,duration
0,1.2342865467071533,0.9182671904563904,1.168651819229126,2.142857142857143,26.705896262479907,14
