hand,first_max_height,min_height,second_max_height,dribbling_frequency,bending_angle,duration
0,0.9519241452217102,0.9405828714370728,0.9433682560920715,2.7272727272727275,12.975285206278718,11
