hand,first_max_height,min_height,second_max_height,dribbling_frequency,bending_angle,duration
0,0.9613243937492371,0.9585423469543457,0.9672755002975464,1.875,8.690401756070724,16
