hand,first_max_height,min_height,second_max_height,dribbling_frequency,bending_angle,duration
1,1.100555658340454,1.024951696395874,1.0544350147247314,1.25,25.209714549187048,24
