hand,first_max_height,min_height,second_max_height,dribbling_frequency,bending_angle,duration
0,1.0432014465332031,0.9216240644454956,1.0429577827453613,1.5,24.554946364421316,20
