hand,first_max_height,min_height,second_max_height,dribbling_frequency,bending_angle,duration
0,0.7124084234237671,0.7094225883483887,0.723057746887207,2.7272727272727275,59.91575752019856,11
