hand,first_max_height,min_height,second_max_height,dribbling_frequency,bending_angle,duration
0,0.8484504222869873,0.8224738836288452,1.080702781677246,1.875,39.14883827644922,16
