hand,first_max_height,min_height,second_max_height,dribbling_frequency,bending_angle,duration
0,0.7549839019775391,0.7098308801651001,0.8691824674606323,2.0,53.36908697330453,15
