hand,first_max_height,min_height,second_max_height,dribbling_frequency,bending_angle,duration
0,0.7443035244941711,0.689775824546814,0.7243068218231201,2.7272727272727275,59.58521945336638,11
