hand,first_max_height,min_height,second_max_height,dribbling_frequency,bending_angle,duration
0,0.8815119862556458,0.8785856366157532,0.8947385549545288,2.5,32.65937340822689,12
