hand,first_max_height,min_height,second_max_height,dribbling_frequency,bending_angle,duration
0,0.9369179010391235,0.9282055497169495,0.9291353821754456,2.7272727272727275,4.3007039819236645,11
