hand,first_max_height,min_height,second_max_height,dribbling_frequency,bending_angle,duration
0,1.2080633640289307,0.7006794810295105,0.900485098361969,1.875,42.64557277553474,16
