hand,first_max_height,min_height,second_max_height,dribbling_frequency,bending_angle,duration
1,0.9264411926269531,0.9233978986740112,0.9240338802337646,2.307692307692308,14.566239749486984,13
