hand,first_max_height,min_height,second_max_height,dribbling_frequency,bending_angle,duration
0,0.9464318156242371,0.8229669332504272,1.1713277101516724,1.5789473684210527,18.26355285858061,19
