hand,first_max_height,min_height,second_max_height,dribbling_frequency,bending_angle,duration
1,0.873522937297821,0.8692644238471985,0.9021108150482178,2.307692307692308,21.3279943344673,13
