hand,first_max_height,min_height,second_max_height,dribbling_frequency,bending_angle,duration
0,1.056235671043396,0.6809324622154236,0.7798551917076111,2.307692307692308,55.30063072789706,13
