hand,first_max_height,min_height,second_max_height,dribbling_frequency,bending_angle,duration
0,0.8853316307067871,0.7037824392318726,0.711146354675293,1.4285714285714284,29.245892672516483,21
