hand,first_max_height,min_height,second_max_height,dribbling_frequency,bending_angle,duration
0,0.957711935043335,0.9489109516143799,0.9647963643074036,1.5789473684210527,4.857857743932849,19
