hand,first_max_height,min_height,second_max_height,dribbling_frequency,bending_angle,duration
0,0.9212859869003296,0.9114256501197815,0.9144120216369629,1.6666666666666665,9.360013232489376,18
