hand,first_max_height,min_height,second_max_height,dribbling_frequency,bending_angle,duration
0,0.7129605412483215,0.7019920945167542,0.7281450629234314,2.7272727272727275,71.97528630361724,11
