hand,first_max_height,min_height,second_max_height,dribbling_frequency,bending_angle,duration
0,1.1233009099960327,0.8452112674713135,0.9102733135223389,2.0,36.65875469522631,15
