hand,first_max_height,min_height,second_max_height,dribbling_frequency,bending_angle,duration
0,0.6474236845970154,0.5932732224464417,0.6298676133155823,1.3043478260869565,63.841998251386435,23
