hand,first_max_height,min_height,second_max_height,dribbling_frequency,bending_angle,duration
0,0.72208172082901,0.7055699825286865,1.0364450216293335,1.875,62.090208707959526,16
