hand,first_max_height,min_height,second_max_height,dribbling_frequency,bending_angle,duration
0,0.7147958278656006,0.6844359040260315,0.9538727402687073,1.875,61.87081846884014,16
