hand,first_max_height,min_height,second_max_height,dribbling_frequency,bending_angle,duration
0,0.9132159352302551,0.9123287796974182,0.9152718186378479,2.7272727272727275,7.295543210689264,11
