hand,first_max_height,min_height,second_max_height,dribbling_frequency,bending_angle,duration
0,0.589441180229187,0.5854911208152771,0.5995308756828308,2.7272727272727275,72.4577819714862,11
