hand,first_max_height,min_height,second_max_height,dribbling_frequency,bending_angle,duration
0,0.9199691414833069,0.8849033117294312,0.9067114591598511,2.307692307692308,24.317950108842364,13
