hand,first_max_height,min_height,second_max_height,dribbling_frequency,bending_angle,duration
0,0.9780411124229431,0.6772435307502747,0.7258992791175842,2.307692307692308,59.556800038640944,13
