hand,first_max_height,min_height,second_max_height,dribbling_frequency,bending_angle,duration
0,0.8394273519515991,0.7845659852027893,0.7907586097717285,3.0,39.42579172916582,10
