hand,first_max_height,min_height,second_max_height,dribbling_frequency,bending_angle,duration
0,0.8573232293128967,0.8279404640197754,0.8487610220909119,1.875,27.68225049803899,16
