hand,first_max_height,min_height,second_max_height,dribbling_frequency,bending_angle,duration
0,1.2836687564849854,0.7984350323677063,0.8980810642242432,1.875,33.28731943649723,16
