hand,first_max_height,min_height,second_max_height,dribbling_frequency,bending_angle,duration
0,0.863427460193634,0.6992734670639038,0.9267714023590088,3.0,63.74999215038682,10
