hand,first_max_height,min_height,second_max_height,dribbling_frequency,bending_angle,duration
1,0.9550116062164307,0.9493744969367981,0.9570396542549133,1.3636363636363638,2.855311473273984,22
