hand,first_max_height,min_height,second_max_height,dribbling_frequency,bending_angle,duration
0,0.8867051601409912,0.8467209935188293,0.8896373510360718,1.6666666666666665,22.785489948298885,18
