hand,first_max_height,min_height,second_max_height,dribbling_frequency,bending_angle,duration
0,0.9359750747680664,0.9299332499504089,0.930719256401062,1.875,9.06063779079912,16
