hand,first_max_height,min_height,second_max_height,dribbling_frequency,bending_angle,duration
0,1.0507351160049438,0.6184422373771667,0.7110527753829956,2.0,62.39597113090098,15
