hand,first_max_height,min_height,second_max_height,dribbling_frequency,bending_angle,duration
0,0.7202106714248657,0.7198460102081299,0.9445717334747314,2.7272727272727275,53.304225508567605,11
