hand,first_max_height,min_height,second_max_height,dribbling_frequency,bending_angle,duration
0,1.240540862083435,0.8689524531364441,1.3595010042190552,1.7647058823529411,32.17553350216507,17
