hand,first_max_height,min_height,second_max_height,dribbling_frequency,bending_angle,duration
1,0.7898130416870117,0.7613548040390015,0.7859246730804443,2.0,46.486455440741565,15
