hand,first_max_height,min_height,second_max_height,dribbling_frequency,bending_angle,duration
0,1.064489483833313,1.0498484373092651,1.064692735671997,1.3636363636363638,8.233565574419924,22
