hand,first_max_height,min_height,second_max_height,dribbling_frequency,bending_angle,duration
0,1.0687857866287231,0.6758801341056824,0.7296663522720337,2.0,49.64552179789522,15
