hand,first_max_height,min_height,second_max_height,dribbling_frequency,bending_angle,duration
0,0.9222415089607239,0.9076954126358032,0.9127850532531738,2.0,13.856358195568095,15
