hand,first_max_height,min_height,second_max_height,dribbling_frequency,bending_angle,duration
0,1.0442900657653809,1.0055954456329346,1.0683218240737915,1.7647058823529411,22.025423619908434,17
