hand,first_max_height,min_height,second_max_height,dribbling_frequency,bending_angle,duration
0,0.6902436017990112,0.6895411610603333,0.6931319236755371,3.0,62.07609008811765,10
