hand,first_max_height,min_height,second_max_height,dribbling_frequency,bending_angle,duration
0,0.7423485517501831,0.7136988043785095,0.7268979549407959,2.5,54.482372155927415,12
