hand,first_max_height,min_height,second_max_height,dribbling_frequency,bending_angle,duration
0,1.1289628744125366,0.7507875561714172,0.8465763330459595,2.0,47.745654215181304,15
