hand,first_max_height,min_height,second_max_height,dribbling_frequency,bending_angle,duration
1,1.0750341415405273,1.042572259902954,1.0509109497070312,2.7272727272727275,6.399265532507195,11
