hand,first_max_height,min_height,second_max_height,dribbling_frequency,bending_angle,duration
0,1.3182671070098877,0.978054940700531,1.293210744857788,2.142857142857143,31.171488266075652,14
