hand,first_max_height,min_height,second_max_height,dribbling_frequency,bending_angle,duration
0,0.9057856798171997,0.8169347047805786,1.023869514465332,2.5,45.91861048833883,12
