hand,first_max_height,min_height,second_max_height,dribbling_frequency,bending_angle,duration
1,0.7762062549591064,0.7574779391288757,0.8629805445671082,2.7272727272727275,58.75154182083666,11
