hand,first_max_height,min_height,second_max_height,dribbling_frequency,bending_angle,duration
0,0.8342732787132263,0.6046381592750549,0.6980689764022827,2.307692307692308,64.5480633123898,13
