hand,first_max_height,min_height,second_max_height,dribbling_frequency,bending_angle,duration
0,1.0014429092407227,0.9931828379631042,1.0262391567230225,2.0,28.991663918808058,15
