hand,first_max_height,min_height,second_max_height,dribbling_frequency,bending_angle,duration
0,0.8984798789024353,0.8914566040039062,0.9200688004493713,2.307692307692308,27.172008427501,13
