hand,first_max_height,min_height,second_max_height,dribbling_frequency,bending_angle,duration
0,0.6537650227546692,0.6352164149284363,0.8375460505485535,1.7647058823529411,62.44315401841218,17
