hand,first_max_height,min_height,second_max_height,dribbling_frequency,bending_angle,duration
0,1.008254051208496,0.9270305633544922,1.1432056427001953,1.875,18.987331912104924,16
