hand,first_max_height,min_height,second_max_height,dribbling_frequency,bending_angle,duration
0,1.2340941429138184,0.749603807926178,0.8287868499755859,2.307692307692308,38.749355697363,13
