hand,first_max_height,min_height,second_max_height,dribbling_frequency,bending_angle,duration
1,0.9333024621009827,0.9167003631591797,0.9182544946670532,3.0,15.647264753809088,10
