hand,first_max_height,min_height,second_max_height,dribbling_frequency,bending_angle,duration
0,1.071616530418396,1.0139960050582886,1.0658202171325684,1.875,18.887587640094086,16
