hand,first_max_height,min_height,second_max_height,dribbling_frequency,bending_angle,duration
0,0.9516291618347168,0.9417631030082703,0.9423739314079285,2.142857142857143,13.655325868429134,14
