hand,first_max_height,min_height,second_max_height,dribbling_frequency,bending_angle,duration
0,0.922602117061615,0.898737907409668,0.9154281616210938,1.875,33.88998073091084,16
