hand,first_max_height,min_height,second_max_height,dribbling_frequency,bending_angle,duration
1,1.080318570137024,1.043553352355957,1.071681261062622,2.307692307692308,26.733126211136966,13
