hand,first_max_height,min_height,second_max_height,dribbling_frequency,bending_angle,duration
0,0.9347111582756042,0.9336104393005371,0.9401385188102722,2.7272727272727275,3.304201636590153,11
