hand,first_max_height,min_height,second_max_height,dribbling_frequency,bending_angle,duration
0,1.0270789861679077,0.9425798058509827,1.1321382522583008,1.3043478260869565,26.538388376033197,23
