hand,first_max_height,min_height,second_max_height,dribbling_frequency,bending_angle,duration
0,1.3036983013153076,0.7462608218193054,0.8306930661201477,1.7647058823529411,26.434769892548125,17
