hand,first_max_height,min_height,second_max_height,dribbling_frequency,bending_angle,duration
0,1.0143729448318481,0.9840118885040283,1.012858510017395,2.0,31.26945375206486,15
