hand,first_max_height,min_height,second_max_height,dribbling_frequency,bending_angle,duration
0,0.6168034076690674,0.5301733016967773,0.5839585661888123,2.7272727272727275,70.64398874938321,11
