hand,first_max_height,min_height,second_max_height,dribbling_frequency,bending_angle,duration
0,0.7096745371818542,0.6403020024299622,0.8789013028144836,1.875,60.32312905293367,16
