hand,first_max_height,min_height,second_max_height,dribbling_frequency,bending_angle,duration
0,0.8444273471832275,0.8364121317863464,0.8635034561157227,1.3043478260869565,53.437432997957245,23
