hand,first_max_height,min_height,second_max_height,dribbling_frequency,bending_angle,duration
0,0.9470140337944031,0.657983124256134,0.7437446713447571,1.25,59.36612370857871,24
