hand,first_max_height,min_height,second_max_height,dribbling_frequency,bending_angle,duration
0,0.8846219778060913,0.7026134729385376,0.7675376534461975,2.5,54.54482279284873,12
