hand,first_max_height,min_height,second_max_height,dribbling_frequency,bending_angle,duration
0,0.9336783289909363,0.9233609437942505,1.2426254749298096,2.5,15.573531314060602,12
