hand,first_max_height,min_height,second_max_height,dribbling_frequency,bending_angle,duration
1,1.089131474494934,1.0338276624679565,1.0986051559448242,2.5,12.505914195303049,12
