hand,first_max_height,min_height,second_max_height,dribbling_frequency,bending_angle,duration
1,0.918796718120575,0.9148502945899963,0.9183945059776306,2.5,6.489736729910991,12
