hand,first_max_height,min_height,second_max_height,dribbling_frequency,bending_angle,duration
0,0.9793359637260437,0.6429988741874695,0.6637346744537354,2.5,38.787446741771895,12
