hand,first_max_height,min_height,second_max_height,dribbling_frequency,bending_angle,duration
0,0.9910635948181152,0.6378386616706848,0.7096072435379028,2.142857142857143,59.27859554794566,14
