hand,first_max_height,min_height,second_max_height,dribbling_frequency,bending_angle,duration
0,0.5837748646736145,0.5251715779304504,0.6384919881820679,1.5,73.9771600907773,20
