hand,first_max_height,min_height,second_max_height,dribbling_frequency,bending_angle,duration
0,0.9097727537155151,0.8830440640449524,0.9036575555801392,2.142857142857143,18.22466260697751,14
