hand,first_max_height,min_height,second_max_height,dribbling_frequency,bending_angle,duration
0,1.2401888370513916,0.9280101656913757,1.214529037475586,2.307692307692308,34.197216096532586,13
