hand,first_max_height,min_height,second_max_height,dribbling_frequency,bending_angle,duration
0,1.0699399709701538,1.0228753089904785,1.08063805103302,1.875,18.778560882933494,16
