hand,first_max_height,min_height,second_max_height,dribbling_frequency,bending_angle,duration
1,0.9529864192008972,0.9325134754180908,0.9408721923828125,1.5,6.466778379911131,20
