hand,first_max_height,min_height,second_max_height,dribbling_frequency,bending_angle,duration
1,1.0670603513717651,1.0489429235458374,1.0539307594299316,3.0,24.127116848235193,10
