hand,first_max_height,min_height,second_max_height,dribbling_frequency,bending_angle,duration
0,0.7517613172531128,0.6114528179168701,1.0554583072662354,1.5,68.77230087243434,20
