hand,first_max_height,min_height,second_max_height,dribbling_frequency,bending_angle,duration
0,0.6435176134109497,0.6316356658935547,0.6344984769821167,1.7647058823529411,69.67369738383123,17
