hand,first_max_height,min_height,second_max_height,dribbling_frequency,bending_angle,duration
0,0.9429956674575806,0.942295491695404,0.963211715221405,1.7647058823529411,6.060141816394937,17
