hand,first_max_height,min_height,second_max_height,dribbling_frequency,bending_angle,duration
0,0.7374353408813477,0.7172521948814392,0.7310494184494019,2.7272727272727275,58.4112590766799,11
