hand,first_max_height,min_height,second_max_height,dribbling_frequency,bending_angle,duration
0,0.9322969317436218,0.9253616333007812,0.9295828342437744,2.7272727272727275,7.695914479057307,11
