hand,first_max_height,min_height,second_max_height,dribbling_frequency,bending_angle,duration
0,0.9700586199760437,0.7190552353858948,0.7991948127746582,1.7647058823529411,50.119636445523966,17
