hand,first_max_height,min_height,second_max_height,dribbling_frequency,bending_angle,duration
0,1.1930534839630127,0.6757960319519043,0.7180842161178589,1.7647058823529411,46.40359038639717,17
