hand,first_max_height,min_height,second_max_height,dribbling_frequency,bending_angle,duration
1,1.0699331760406494,1.0532246828079224,1.071898341178894,1.875,10.334146013996968,16
