hand,first_max_height,min_height,second_max_height,dribbling_frequency,bending_angle,duration
0,0.9226993918418884,0.9148156046867371,1.1709879636764526,2.7272727272727275,20.695617372147094,11
