hand,first_max_height,min_height,second_max_height,dribbling_frequency,bending_angle,duration
0,1.0559173822402954,1.0554451942443848,1.068198323249817,2.142857142857143,8.464273821498127,14
