hand,first_max_height,min_height,second_max_height,dribbling_frequency,bending_angle,duration
1,0.9500641822814941,0.9296704530715942,0.9472587704658508,1.6666666666666665,7.017570643773647,18
