hand,first_max_height,min_height,second_max_height,dribbling_frequency,bending_angle,duration
0,0.6777904033660889,0.5869524478912354,0.5936069488525391,2.7272727272727275,67.99821743398678,11
