hand,first_max_height,min_height,second_max_height,dribbling_frequency,bending_angle,duration
0,0.9316161274909973,0.9257349967956543,0.9291785955429077,2.142857142857143,4.73967564415301,14
