hand,first_max_height,min_height,second_max_height,dribbling_frequency,bending_angle,duration
0,1.1866611242294312,0.9613167643547058,1.3146003484725952,2.307692307692308,23.98715333399011,13
