hand,first_max_height,min_height,second_max_height,dribbling_frequency,bending_angle,duration
0,1.1551951169967651,0.881779670715332,0.9567527770996094,2.142857142857143,15.950245293624244,14
