hand,first_max_height,min_height,second_max_height,dribbling_frequency,bending_angle,duration
0,1.237810730934143,0.7888590097427368,1.1047629117965698,1.5,27.439566715106725,20
