hand,first_max_height,min_height,second_max_height,dribbling_frequency,bending_angle,duration
0,0.9463981986045837,0.9011533856391907,0.9121528267860413,2.5,26.0465028530469,12
