hand,first_max_height,min_height,second_max_height,dribbling_frequency,bending_angle,duration
0,0.74375981092453,0.7174059748649597,0.721061646938324,2.7272727272727275,60.24184991986972,11
