hand,first_max_height,min_height,second_max_height,dribbling_frequency,bending_angle,duration
0,1.0733630657196045,1.0655276775360107,1.0679937601089478,3.0,5.44258225503953,10
