hand,first_max_height,min_height,second_max_height,dribbling_frequency,bending_angle,duration
0,0.9447813630104065,0.6535706520080566,0.7081584930419922,2.142857142857143,54.32083701420715,14
