hand,first_max_height,min_height,second_max_height,dribbling_frequency,bending_angle,duration
0,0.9102733135223389,0.8392952084541321,0.8646480441093445,2.0,31.22046140110435,15
