hand,first_max_height,min_height,second_max_height,dribbling_frequency,bending_angle,duration
0,0.9148467779159546,0.8717603087425232,0.8838109970092773,2.142857142857143,28.225094344037363,14
