hand,first_max_height,min_height,second_max_height,dribbling_frequency,bending_angle,duration
0,0.8626331686973572,0.8499876856803894,0.8612343668937683,3.0,31.753090813436767,10
