hand,first_max_height,min_height,second_max_height,dribbling_frequency,bending_angle,duration
0,0.9981902837753296,0.9367308020591736,0.988740861415863,1.5789473684210527,18.393730806405678,19
