hand,first_max_height,min_height,second_max_height,dribbling_frequency,bending_angle,duration
0,1.1814008951187134,0.8145273327827454,0.9276812672615051,2.0,30.63457097010938,15
