hand,first_max_height,min_height,second_max_height,dribbling_frequency,bending_angle,duration
0,0.8927620649337769,0.881353497505188,0.887258768081665,2.0,32.94074102410681,15
