hand,first_max_height,min_height,second_max_height,dribbling_frequency,bending_angle,duration
0,1.000057339668274,0.9735270738601685,1.0008131265640259,2.307692307692308,23.45236945079,13
