hand,first_max_height,min_height,second_max_height,dribbling_frequency,bending_angle,duration
0,1.2108014822006226,0.8283675909042358,1.2439957857131958,1.875,33.21968653478839,16
