hand,first_max_height,min_height,second_max_height,dribbling_frequency,bending_angle,duration
0,0.870999276638031,0.8666487336158752,0.9653445482254028,1.7647058823529411,21.550094917255198,17
