hand,first_max_height,min_height,second_max_height,dribbling_frequency,bending_angle,duration
0,0.8419303297996521,0.7562490701675415,1.1282408237457275,1.3043478260869565,52.38738110339275,23
