hand,first_max_height,min_height,second_max_height,dribbling_frequency,bending_angle,duration
0,1.1295980215072632,0.6411280035972595,0.7693760991096497,2.0,56.88373923029429,15
