hand,first_max_height,min_height,second_max_height,dribbling_frequency,bending_angle,duration
0,1.0192859172821045,0.7536722421646118,0.767094612121582,1.875,48.6193519357107,16
