hand,first_max_height,min_height,second_max_height,dribbling_frequency,bending_angle,duration
0,0.7033427953720093,0.6653578877449036,0.96327143907547,1.7647058823529411,55.579338472763084,17
