hand,first_max_height,min_height,second_max_height,dribbling_frequency,bending_angle,duration
0,0.6094053983688354,0.6022013425827026,0.6038047671318054,3.0,75.63291260973506,10
