hand,first_max_height,min_height,second_max_height,dribbling_frequency,bending_angle,duration
0,0.9263594746589661,0.9252680540084839,0.9349753856658936,1.7647058823529411,8.648200268078217,17
