hand,first_max_height,min_height,second_max_height,dribbling_frequency,bending_angle,duration
1,1.0461375713348389,1.0256863832473755,1.0644583702087402,2.5,29.308741072688594,12
