hand,first_max_height,min_height,second_max_height,dribbling_frequency,bending_angle,duration
0,0.982644259929657,0.7376537322998047,1.0032025575637817,2.307692307692308,62.865921182987115,13
