hand,first_max_height,min_height,second_max_height,dribbling_frequency,bending_angle,duration
0,0.842602014541626,0.6267355680465698,0.8560141921043396,2.5,65.78452948545448,12
