hand,first_max_height,min_height,second_max_height,dribbling_frequency,bending_angle,duration
0,0.6806805729866028,0.6598135232925415,0.9141302704811096,1.6666666666666665,65.29336026124214,18
