hand,first_max_height,min_height,second_max_height,dribbling_frequency,bending_angle,duration
0,0.9035665988922119,0.8956361413002014,0.9075255393981934,2.142857142857143,29.42057854333745,14
