hand,first_max_height,min_height,second_max_height,dribbling_frequency,bending_angle,duration
0,0.9066649675369263,0.8619015216827393,0.8761042952537537,2.5,31.06387801280843,12
