hand,first_max_height,min_height,second_max_height,dribbling_frequency,bending_angle,duration
0,0.8530515432357788,0.794561505317688,1.2893081903457642,2.142857142857143,58.21376739265877,14
