hand,first_max_height,min_height,second_max_height,dribbling_frequency,bending_angle,duration
0,0.7986621260643005,0.6185294985771179,0.9267974495887756,2.7272727272727275,65.80680965760875,11
