hand,first_max_height,min_height,second_max_height,dribbling_frequency,bending_angle,duration
0,0.9400250911712646,0.9361978769302368,0.9377040863037109,2.5,7.518128452335482,12
