hand,first_max_height,min_height,second_max_height,dribbling_frequency,bending_angle,duration
0,0.904022216796875,0.8609035611152649,0.8953845500946045,1.5789473684210527,19.727216709144475,19
