hand,first_max_height,min_height,second_max_height,dribbling_frequency,bending_angle,duration
0,0.9211385250091553,0.9147133231163025,0.9155606031417847,2.7272727272727275,5.828246611954152,11
