hand,first_max_height,min_height,second_max_height,dribbling_frequency,bending_angle,duration
0,1.0693172216415405,1.0614982843399048,1.069822907447815,2.5,8.623152599662763,12
