hand,first_max_height,min_height,second_max_height,dribbling_frequency,bending_angle,duration
0,0.9463125467300415,0.9445161819458008,0.9559807181358337,1.7647058823529411,6.5786712826122296,17
