hand,first_max_height,min_height,second_max_height,dribbling_frequency,bending_angle,duration
0,1.1785093545913696,0.7822028398513794,0.8854078650474548,2.142857142857143,35.14041299866671,14
