hand,first_max_height,min_height,second_max_height,dribbling_frequency,bending_angle,duration
0,0.8526315689086914,0.7195515632629395,1.057278037071228,1.5,40.67204114115408,20
