hand,first_max_height,min_height,second_max_height,dribbling_frequency,bending_angle,duration
0,0.9511427879333496,0.6444547176361084,0.7101858258247375,1.7647058823529411,58.22702499356437,17
