hand,first_max_height,min_height,second_max_height,dribbling_frequency,bending_angle,duration
0,1.0620712041854858,1.0327043533325195,1.033132791519165,1.875,11.878289270802606,16
