hand,first_max_height,min_height,second_max_height,dribbling_frequency,bending_angle,duration
0,0.7845795750617981,0.7458400726318359,1.041840672492981,1.5,53.89188267469136,20
