hand,first_max_height,min_height,second_max_height,dribbling_frequency,bending_angle,duration
0,1.1390173435211182,0.6775137782096863,0.864182710647583,1.7647058823529411,48.89470481889728,17
