hand,first_max_height,min_height,second_max_height,dribbling_frequency,bending_angle,duration
0,0.9265395402908325,0.9181201457977295,0.9259111285209656,1.875,8.663870479165432,16
