hand,first_max_height,min_height,second_max_height,dribbling_frequency,bending_angle,duration
0,1.2156482934951782,0.7462177872657776,0.7801838517189026,2.5,41.49452657775642,12
