hand,first_max_height,min_height,second_max_height,dribbling_frequency,bending_angle,duration
0,1.0106920003890991,0.6961823105812073,0.9599490165710449,2.307692307692308,59.96580477392725,13
