hand,first_max_height,min_height,second_max_height,dribbling_frequency,bending_angle,duration
0,0.8775578141212463,0.8711385726928711,0.8799335360527039,2.307692307692308,31.506043470543005,13
