hand,first_max_height,min_height,second_max_height,dribbling_frequency,bending_angle,duration
1,0.9330618381500244,0.9199516773223877,0.9267452359199524,1.875,6.0810557380551025,16
