hand,first_max_height,min_height,second_max_height,dribbling_frequency,bending_angle,duration
0,1.1161762475967407,1.1057699918746948,1.138325810432434,1.875,3.5318487650312234,16
