hand,first_max_height,min_height,second_max_height,dribbling_frequency,bending_angle,duration
0,0.8231420516967773,0.8136708736419678,0.8710991144180298,1.6666666666666665,36.87081204403742,18
