hand,first_max_height,min_height,second_max_height,dribbling_frequency,bending_angle,duration
0,0.8222956657409668,0.8167334198951721,0.8504305481910706,1.875,48.883598618633535,16
