hand,first_max_height,min_height,second_max_height,dribbling_frequency,bending_angle,duration
0,0.6702471971511841,0.6422933340072632,0.6599268913269043,1.5,62.37178572724198,20
