hand,first_max_height,min_height,second_max_height,dribbling_frequency,bending_angle,duration
0,1.326043725013733,1.0351216793060303,1.2922921180725098,2.0,5.1123342804947045,15
