hand,first_max_height,min_height,second_max_height,dribbling_frequency,bending_angle,duration
1,0.9237809181213379,0.9164328575134277,0.9191256165504456,1.7647058823529411,7.318676162470209,17
