hand,first_max_height,min_height,second_max_height,dribbling_frequency,bending_angle,duration
0,1.1411073207855225,1.1276007890701294,1.1356844902038574,2.0,3.2217091869980465,15
