hand,first_max_height,min_height,second_max_height,dribbling_frequency,bending_angle,duration
0,1.214285969734192,0.9103423953056335,1.1582973003387451,1.875,25.80228905569123,16
