hand,first_max_height,min_height,second_max_height,dribbling_frequency,bending_angle,duration
0,1.063462495803833,1.0501554012298584,1.061835527420044,2.0,5.541923043545158,15
