hand,first_max_height,min_height,second_max_height,dribbling_frequency,bending_angle,duration
0,0.9926477670669556,0.9412232041358948,0.9766867756843567,1.7647058823529411,32.120442422908525,17
