hand,first_max_height,min_height,second_max_height,dribbling_frequency,bending_angle,duration
0,0.9413296580314636,0.9268841743469238,0.9357325434684753,1.4285714285714284,7.078571822201487,21
