hand,first_max_height,min_height,second_max_height,dribbling_frequency,bending_angle,duration
0,1.066211223602295,1.0621901750564575,1.0668692588806152,3.0,6.880589087343688,10
