hand,first_max_height,min_height,second_max_height,dribbling_frequency,bending_angle,duration
0,1.008610725402832,0.9789211750030518,1.0149810314178467,2.0,26.483205250463136,15
