hand,first_max_height,min_height,second_max_height,dribbling_frequency,bending_angle,duration
0,0.920055627822876,0.9170966148376465,0.9573330879211426,1.7647058823529411,12.183169879788029,17
