hand,first_max_height,min_height,second_max_height,dribbling_frequency,bending_angle,duration
0,0.9157606363296509,0.9137242436408997,0.9408667683601379,3.0,10.312196616507276,10
