hand,first_max_height,min_height,second_max_height,dribbling_frequency,bending_angle,duration
1,0.9607636332511902,0.9544016122817993,0.958703339099884,1.3043478260869565,2.070136906579677,23
