hand,first_max_height,min_height,second_max_height,dribbling_frequency,bending_angle,duration
0,0.6900275349617004,0.6889192461967468,0.9145330190658569,2.7272727272727275,55.653204617380176,11
