hand,first_max_height,min_height,second_max_height,dribbling_frequency,bending_angle,duration
0,1.028329849243164,0.6565157771110535,1.111032485961914,1.3043478260869565,58.68241599905389,23
