hand,first_max_height,min_height,second_max_height,dribbling_frequency,bending_angle,duration
0,0.9172835946083069,0.9142248630523682,0.9208614826202393,1.875,11.350270032563621,16
