hand,first_max_height,min_height,second_max_height,dribbling_frequency,bending_angle,duration
0,1.0911500453948975,1.075848937034607,1.0809398889541626,2.0,3.054061623311733,15
