hand,first_max_height,min_height,second_max_height,dribbling_frequency,bending_angle,duration
0,0.9499201774597168,0.9247487783432007,0.9268132448196411,2.142857142857143,10.845713903887804,14
