hand,first_max_height,min_height,second_max_height,dribbling_frequency,bending_angle,duration
0,0.8777143955230713,0.796833336353302,0.8328971266746521,2.0,44.817140258361924,15
