hand,first_max_height,min_height,second_max_height,dribbling_frequency,bending_angle,duration
0,1.1752995252609253,0.5910356640815735,0.8589361906051636,1.6666666666666665,53.75646770775512,18
