hand,first_max_height,min_height,second_max_height,dribbling_frequency,bending_angle,duration
0,0.6761826872825623,0.6507534384727478,0.9272499084472656,1.3636363636363638,63.89466338467582,22
