hand,first_max_height,min_height,second_max_height,dribbling_frequency,bending_angle,duration
0,0.7991948127746582,0.744545042514801,0.9975326657295227,1.875,50.047963801254355,16
