hand,first_max_height,min_height,second_max_height,dribbling_frequency,bending_angle,duration
0,0.922416090965271,0.91946941614151,0.9272892475128174,2.0,7.3533096856325395,15
