hand,first_max_height,min_height,second_max_height,dribbling_frequency,bending_angle,duration
0,0.8154223561286926,0.7831571102142334,0.7978784441947937,2.142857142857143,61.76326123747815,14
