hand,first_max_height,min_height,second_max_height,dribbling_frequency,bending_angle,duration
0,0.9309693574905396,0.9294414520263672,0.9342096447944641,2.142857142857143,9.572297289590832,14
