hand,first_max_height,min_height,second_max_height,dribbling_frequency,bending_angle,duration
0,0.8281499147415161,0.8011012077331543,0.8307340741157532,1.6666666666666665,27.852981411908576,18
