hand,first_max_height,min_height,second_max_height,dribbling_frequency,bending_angle,duration
0,0.9305952191352844,0.9292487502098083,0.9333083033561707,2.5,6.9125118257485525,12
