hand,first_max_height,min_height,second_max_height,dribbling_frequency,bending_angle,duration
0,0.7540022730827332,0.7475294470787048,0.7695409059524536,2.307692307692308,51.86636484285307,13
