hand,first_max_height,min_height,second_max_height,dribbling_frequency,bending_angle,duration
0,0.9116860032081604,0.9015177488327026,0.9016525745391846,2.5,12.126106018804057,12
