hand,first_max_height,min_height,second_max_height,dribbling_frequency,bending_angle,duration
0,1.1387609243392944,0.7922371029853821,0.8596065640449524,2.307692307692308,36.98294959372055,13
