hand,first_max_height,min_height,second_max_height,dribbling_frequency,bending_angle,duration
1,0.9554492235183716,0.9521605968475342,0.9748668670654297,1.3043478260869565,0.9538503091384141,23
