hand,first_max_height,min_height,second_max_height,dribbling_frequency,bending_angle,duration
0,0.9170716404914856,0.9132634997367859,0.9241683483123779,2.7272727272727275,42.0383527820909,11
