hand,first_max_height,min_height,second_max_height,dribbling_frequency,bending_angle,duration
1,1.1352957487106323,1.1269551515579224,1.1432960033416748,1.3636363636363638,18.28261623991805,22
