hand,first_max_height,min_height,second_max_height,dribbling_frequency,bending_angle,duration
0,1.1856868267059326,0.9245075583457947,1.2351163625717163,1.3043478260869565,6.899023785997572,23
