hand,first_max_height,min_height,second_max_height,dribbling_frequency,bending_angle,duration
0,0.9260145425796509,0.920740008354187,0.9269543886184692,1.6666666666666665,3.1534526198182635,18
