hand,first_max_height,min_height,second_max_height,dribbling_frequency,bending_angle,duration
0,0.9972686767578125,0.6832515597343445,0.9552244544029236,2.0,54.961736427330266,15
