hand,first_max_height,min_height,second_max_height,dribbling_frequency,bending_angle,duration
1,1.0478017330169678,0.9793114066123962,1.0583609342575073,1.7647058823529411,23.746026221040978,17
