hand,first_max_height,min_height,second_max_height,dribbling_frequency,bending_angle,duration
0,0.754966139793396,0.7487528324127197,0.7694858908653259,2.307692307692308,51.8532138616768,13
