hand,first_max_height,min_height,second_max_height,dribbling_frequency,bending_angle,duration
0,0.940096378326416,0.8372753262519836,0.8788412809371948,2.0,28.555030984626228,15
