hand,first_max_height,min_height,second_max_height,dribbling_frequency,bending_angle,duration
0,0.7115181088447571,0.7067729830741882,0.7165765166282654,2.5,63.71664991191884,12
