hand,first_max_height,min_height,second_max_height,dribbling_frequency,bending_angle,duration
0,0.7119890451431274,0.6993308663368225,0.8755654096603394,2.142857142857143,55.1479294186438,14
