hand,first_max_height,min_height,second_max_height,dribbling_frequency,bending_angle,duration
1,1.1631245613098145,1.152782917022705,1.1602118015289307,2.142857142857143,12.397118543006124,14
