hand,first_max_height,min_height,second_max_height,dribbling_frequency,bending_angle,duration
0,1.2170203924179077,0.8943542838096619,1.1961572170257568,2.0,25.99880309335105,15
