hand,first_max_height,min_height,second_max_height,dribbling_frequency,bending_angle,duration
0,0.5256978869438171,0.452913761138916,0.5342726111412048,2.142857142857143,81.1090105163302,14
