hand,first_max_height,min_height,second_max_height,dribbling_frequency,bending_angle,duration
0,0.9930744767189026,0.9669486284255981,1.0045934915542603,2.0,33.081342361832945,15
