hand,first_max_height,min_height,second_max_height,dribbling_frequency,bending_angle,duration
0,0.8456931114196777,0.837122917175293,0.843174397945404,2.7272727272727275,53.1527071313927,11
