hand,first_max_height,min_height,second_max_height,dribbling_frequency,bending_angle,duration
1,1.0606701374053955,1.0069010257720947,1.0462135076522827,1.875,29.026760963079088,16
