hand,first_max_height,min_height,second_max_height,dribbling_frequency,bending_angle,duration
1,1.0652576684951782,1.0364936590194702,1.0694328546524048,2.307692307692308,24.847396929181965,13
