hand,first_max_height,min_height,second_max_height,dribbling_frequency,bending_angle,duration
0,1.0143460035324097,0.7317125201225281,0.9632110595703125,2.5,57.07086610945322,12
