hand,first_max_height,min_height,second_max_height,dribbling_frequency,bending_angle,duration
1,1.04708993434906,0.9588552117347717,1.0170623064041138,1.6666666666666665,23.648378620209197,18
