hand,first_max_height,min_height,second_max_height,dribbling_frequency,bending_angle,duration
0,0.9945880770683289,0.9879045486450195,0.9940738081932068,2.307692307692308,32.819598216489396,13
