hand,first_max_height,min_height,second_max_height,dribbling_frequency,bending_angle,duration
0,0.8774969577789307,0.8537896871566772,0.874931275844574,1.875,25.01497282499108,16
