hand,first_max_height,min_height,second_max_height,dribbling_frequency,bending_angle,duration
0,0.6980836391448975,0.6973344683647156,0.709702730178833,2.7272727272727275,65.53308213408965,11
