hand,first_max_height,min_height,second_max_height,dribbling_frequency,bending_angle,duration
0,0.8004055619239807,0.7631080150604248,0.7934632301330566,2.142857142857143,51.11194484836561,14
