hand,first_max_height,min_height,second_max_height,dribbling_frequency,bending_angle,duration
1,1.0403498411178589,1.008327841758728,1.0345457792282104,2.142857142857143,24.974023901133695,14
