hand,first_max_height,min_height,second_max_height,dribbling_frequency,bending_angle,duration
0,0.8091691732406616,0.6183955073356628,0.8226124048233032,1.875,64.02435910109688,16
