hand,first_max_height,min_height,second_max_height,dribbling_frequency,bending_angle,duration
0,0.8896373510360718,0.850899338722229,0.884920060634613,1.6666666666666665,21.352007848956845,18
