hand,first_max_height,min_height,second_max_height,dribbling_frequency,bending_angle,duration
0,0.6676928400993347,0.5831487774848938,0.6793310046195984,1.875,66.46701068396204,16
