hand,first_max_height,min_height,second_max_height,dribbling_frequency,bending_angle,duration
0,1.0057765245437622,0.6511251330375671,0.7319827675819397,2.5,62.40229128520913,12
