hand,first_max_height,min_height,second_max_height,dribbling_frequency,bending_angle,duration
1,0.9388017654418945,0.9270440936088562,0.9375030994415283,1.5,6.061969650099503,20
