hand,first_max_height,min_height,second_max_height,dribbling_frequency,bending_angle,duration
0,1.2059861421585083,1.0378639698028564,1.3284343481063843,2.5,34.23927913545926,12
