hand,first_max_height,min_height,second_max_height,dribbling_frequency,bending_angle,duration
0,1.1432056427001953,0.8945765495300293,0.9623209238052368,2.142857142857143,20.37394323111475,14
