hand,first_max_height,min_height,second_max_height,dribbling_frequency,bending_angle,duration
0,0.6258543133735657,0.5995873808860779,0.7293443083763123,1.3043478260869565,64.42424127491175,23
