hand,first_max_height,min_height,second_max_height,dribbling_frequency,bending_angle,duration
0,0.9244358539581299,0.9162633419036865,0.9340222477912903,1.5789473684210527,13.173913414420257,19
