hand,first_max_height,min_height,second_max_height,dribbling_frequency,bending_angle,duration
0,0.9309290051460266,0.9013596773147583,0.9014454483985901,1.875,12.286875790455694,16
