hand,first_max_height,min_height,second_max_height,dribbling_frequency,bending_angle,duration
1,1.0563980340957642,1.0179396867752075,1.0507451295852661,2.307692307692308,27.299144103968356,13
