hand,first_max_height,min_height,second_max_height,dribbling_frequency,bending_angle,duration
0,0.9455517530441284,0.9306321144104004,0.9343165755271912,1.3636363636363638,9.094742221267202,22
