hand,first_max_height,min_height,second_max_height,dribbling_frequency,bending_angle,duration
1,0.918900728225708,0.8889573216438293,0.9312416315078735,1.4285714285714284,15.322871944905216,21
