hand,first_max_height,min_height,second_max_height,dribbling_frequency,bending_angle,duration
0,0.946444034576416,0.9129891991615295,0.9269182085990906,1.25,4.539576560180703,24
