hand,first_max_height,min_height,second_max_height,dribbling_frequency,bending_angle,duration
0,0.6447469592094421,0.6285906434059143,0.6306025981903076,2.7272727272727275,63.377337416814264,11
