hand,first_max_height,min_height,second_max_height,dribbling_frequency,bending_angle,duration
0,0.9611914753913879,0.955276370048523,0.9642021059989929,1.3043478260869565,3.446228212650094,23
