hand,first_max_height,min_height,second_max_height,dribbling_frequency,bending_angle,duration
0,1.1209055185317993,0.9549939632415771,1.2248495817184448,1.4285714285714284,11.133353935322791,21
