hand,first_max_height,min_height,second_max_height,dribbling_frequency,bending_angle,duration
0,1.2621756792068481,0.9552769660949707,1.1069488525390625,1.6666666666666665,8.613307849677136,18
