hand,first_max_height,min_height,second_max_height,dribbling_frequency,bending_angle,duration
0,0.8156394362449646,0.7575791478157043,0.7713125944137573,2.5,45.829349081041805,12
