hand,first_max_height,min_height,second_max_height,dribbling_frequency,bending_angle,duration
0,0.8100709915161133,0.6065315008163452,0.6532403826713562,2.0,61.462091482119845,15
