hand,first_max_height,min_height,second_max_height,dribbling_frequency,bending_angle,duration
0,0.963269829750061,0.9324872493743896,0.9416190981864929,2.142857142857143,9.810435153208829,14
