hand,first_max_height,min_height,second_max_height,dribbling_frequency,bending_angle,duration
0,1.012830138206482,0.9803020358085632,1.027284860610962,1.25,22.304446537435126,24
