hand,first_max_height,min_height,second_max_height,dribbling_frequency,bending_angle,duration
0,1.154401421546936,1.131317138671875,1.158217191696167,1.4285714285714284,11.550702200810449,21
