hand,first_max_height,min_height,second_max_height,dribbling_frequency,bending_angle,duration
0,1.1947253942489624,0.8965620398521423,1.1964796781539917,1.875,31.13476415166551,16
