hand,first_max_height,min_height,second_max_height,dribbling_frequency,bending_angle,duration
0,0.9376057386398315,0.9353552460670471,0.9455926418304443,1.875,2.725147939061141,16
