hand,first_max_height,min_height,second_max_height,dribbling_frequency,bending_angle,duration
0,1.1467151641845703,0.7836172580718994,0.8923952579498291,2.0,40.02313686729329,15
