hand,first_max_height,min_height,second_max_height,dribbling_frequency,bending_angle,duration
0,0.9430790543556213,0.9411877393722534,0.9467353820800781,3.0,4.87598444915736,10
