hand,first_max_height,min_height,second_max_height,dribbling_frequency,bending_angle,duration
1,1.0583609342575073,0.9936730265617371,1.0515046119689941,1.875,23.267472387906736,16
