hand,first_max_height,min_height,second_max_height,dribbling_frequency,bending_angle,duration
0,0.8602510690689087,0.6861772537231445,0.9064169526100159,1.5,56.05099696535009,20
