hand,first_max_height,min_height,second_max_height,dribbling_frequency,bending_angle,duration
0,0.7481581568717957,0.6837354898452759,0.9953913688659668,1.7647058823529411,51.71734014818667,17
