hand,first_max_height,min_height,second_max_height,dribbling_frequency,bending_angle,duration
0,1.0914134979248047,1.0911171436309814,1.1218441724777222,2.5,12.165154688492098,12
