hand,first_max_height,min_height,second_max_height,dribbling_frequency,bending_angle,duration
0,0.9445664286613464,0.9280191659927368,0.9309693574905396,1.5789473684210527,11.896216259704854,19
