hand,first_max_height,min_height,second_max_height,dribbling_frequency,bending_angle,duration
0,0.8940606713294983,0.8592174053192139,1.2163094282150269,2.0,29.488652862080873,15
