hand,first_max_height,min_height,second_max_height,dribbling_frequency,bending_angle,duration
0,0.9147887229919434,0.9097110033035278,0.9143857955932617,1.875,10.409677892621783,16
