hand,first_max_height,min_height,second_max_height,dribbling_frequency,bending_angle,duration
0,0.654582679271698,0.6491976976394653,0.6523017883300781,2.307692307692308,63.16729081867786,13
