hand,first_max_height,min_height,second_max_height,dribbling_frequency,bending_angle,duration
0,0.9047563076019287,0.6066161394119263,0.7288432121276855,2.142857142857143,63.03457573770084,14
