hand,first_max_height,min_height,second_max_height,dribbling_frequency,bending_angle,duration
0,0.9144120216369629,0.9132614135742188,0.9310321807861328,1.875,8.465435563432258,16
