hand,first_max_height,min_height,second_max_height,dribbling_frequency,bending_angle,duration
0,0.9003811478614807,0.8908183574676514,0.9224552512168884,1.25,11.612492808535213,24
