hand,first_max_height,min_height,second_max_height,dribbling_frequency,bending_angle,duration
0,0.9165446162223816,0.9130393266677856,0.9170634746551514,2.307692307692308,5.8019106427340486,13
