hand,first_max_height,min_height,second_max_height,dribbling_frequency,bending_angle,duration
1,0.8518772721290588,0.8336995244026184,0.8915650248527527,2.5,55.38285967371666,12
