hand,first_max_height,min_height,second_max_height,dribbling_frequency,bending_angle,duration
0,0.9071648716926575,0.9057973027229309,0.9275907278060913,1.875,16.53995467141291,16
