hand,first_max_height,min_height,second_max_height,dribbling_frequency,bending_angle,duration
0,0.8393036723136902,0.839141845703125,0.902074933052063,2.307692307692308,33.09346464845497,13
