hand,first_max_height,min_height,second_max_height,dribbling_frequency,bending_angle,duration
0,0.8830378651618958,0.8456223607063293,0.8681590557098389,1.3636363636363638,26.210421151279427,22
