hand,first_max_height,min_height,second_max_height,dribbling_frequency,bending_angle,duration
0,1.024780035018921,1.0019422769546509,1.007622480392456,1.875,27.20246669202253,16
