hand,first_max_height,min_height,second_max_height,dribbling_frequency,bending_angle,duration
0,1.313927412033081,0.9395269155502319,1.2744635343551636,1.3043478260869565,4.269450637196717,23
