hand,first_max_height,min_height,second_max_height,dribbling_frequency,bending_angle,duration
1,1.0783240795135498,1.0484169721603394,1.0695035457611084,2.307692307692308,29.16449520044398,13
