hand,first_max_height,min_height,second_max_height,dribbling_frequency,bending_angle,duration
1,1.1084884405136108,1.0912754535675049,1.1110237836837769,2.5,6.152166104018474,12
