hand,first_max_height,min_height,second_max_height,dribbling_frequency,bending_angle,duration
0,0.9563633799552917,0.7281733155250549,1.1123651266098022,2.5,61.14099135684887,12
