hand,first_max_height,min_height,second_max_height,dribbling_frequency,bending_angle,duration
1,1.0202383995056152,1.0150014162063599,1.048170804977417,2.5,29.7755440618454,12
