hand,first_max_height,min_height,second_max_height,dribbling_frequency,bending_angle,duration
0,0.8788412809371948,0.8627750277519226,0.9136704802513123,2.5,35.51534966421163,12
