hand,first_max_height,min_height,second_max_height,dribbling_frequency,bending_angle,duration
0,0.9308579564094543,0.9273470640182495,0.9455517530441284,1.6666666666666665,2.0272283627995034,18
