hand,first_max_height,min_height,second_max_height,dribbling_frequency,bending_angle,duration
0,0.7615971565246582,0.7366865277290344,0.7713888883590698,2.0,58.06412929865689,15
