hand,first_max_height,min_height,second_max_height,dribbling_frequency,bending_angle,duration
0,0.93504798412323,0.9262940883636475,0.9303695559501648,3.0,8.483840061694307,10
