hand,first_max_height,min_height,second_max_height,dribbling_frequency,bending_angle,duration
0,1.2790125608444214,0.9155967235565186,1.226954698562622,2.307692307692308,27.959268613811854,13
