hand,first_max_height,min_height,second_max_height,dribbling_frequency,bending_angle,duration
0,1.0202064514160156,0.6879388093948364,0.7239922285079956,2.142857142857143,61.83308248258561,14
