hand,first_max_height,min_height,second_max_height,dribbling_frequency,bending_angle,duration
0,0.9005578756332397,0.868513822555542,0.8991450071334839,1.7647058823529411,22.492736162116557,17
