hand,first_max_height,min_height,second_max_height,dribbling_frequency,bending_angle,duration
0,0.9058101177215576,0.6991958022117615,0.8043292164802551,1.875,55.76612536847243,16
