hand,first_max_height,min_height,second_max_height,dribbling_frequency,bending_angle,duration
0,0.9405876994132996,0.9312138557434082,0.9408315420150757,1.6666666666666665,8.90843350906902,18
