hand,first_max_height,min_height,second_max_height,dribbling_frequency,bending_angle,duration
0,1.2086752653121948,0.7898036241531372,0.8501482009887695,2.142857142857143,42.323086178109996,14
