hand,first_max_height,min_height,second_max_height,dribbling_frequency,bending_angle,duration
1,1.0310975313186646,1.0153019428253174,1.0276738405227661,2.307692307692308,8.170026844574991,13
