hand,first_max_height,min_height,second_max_height,dribbling_frequency,bending_angle,duration
1,0.9264209866523743,0.7734962701797485,0.7820602059364319,1.3043478260869565,29.828027656923748,23
