hand,first_max_height,min_height,second_max_height,dribbling_frequency,bending_angle,duration
0,0.9434441924095154,0.9284179210662842,0.9295943379402161,1.7647058823529411,9.837788457457442,17
