hand,first_max_height,min_height,second_max_height,dribbling_frequency,bending_angle,duration
0,0.9051739573478699,0.8816713094711304,0.8977102041244507,2.307692307692308,18.526227177716017,13
