hand,first_max_height,min_height,second_max_height,dribbling_frequency,bending_angle,duration
0,1.077017068862915,1.0336514711380005,1.057424783706665,1.875,19.66411627867796,16
