hand,first_max_height,min_height,second_max_height,dribbling_frequency,bending_angle,duration
1,0.9748668670654297,0.9680031538009644,0.9681134819984436,3.0,4.319779438241692,10
