hand,first_max_height,min_height,second_max_height,dribbling_frequency,bending_angle,duration
0,0.7117207646369934,0.6330605149269104,0.8100709915161133,1.875,63.8644114190183,16
