hand,first_max_height,min_height,second_max_height,dribbling_frequency,bending_angle,duration
0,0.711093544960022,0.6995792388916016,1.043378472328186,2.307692307692308,55.30509481472505,13
