hand,first_max_height,min_height,second_max_height,dribbling_frequency,bending_angle,duration
0,0.695198118686676,0.6727104187011719,0.7175199389457703,2.0,58.267209574325705,15
