hand,first_max_height,min_height,second_max_height,dribbling_frequency,bending_angle,duration
0,0.8715330958366394,0.6185393333435059,0.7192408442497253,2.0,58.41565167589293,15
