hand,first_max_height,min_height,second_max_height,dribbling_frequency,bending_angle,duration
0,0.7326858639717102,0.6855849623680115,0.8438212275505066,1.875,54.18097679194841,16
