hand,first_max_height,min_height,second_max_height,dribbling_frequency,bending_angle,duration
0,0.9469428658485413,0.6591019630432129,0.6656368970870972,1.5,6.519407173261496,20
