hand,first_max_height,min_height,second_max_height,dribbling_frequency,bending_angle,duration
0,0.9462645053863525,0.929162859916687,0.932104229927063,1.3636363636363638,1.2111664293115363,22
