hand,first_max_height,min_height,second_max_height,dribbling_frequency,bending_angle,duration
0,0.9218031167984009,0.8711178302764893,1.230351209640503,2.0,28.001587124101615,15
