hand,first_max_height,min_height,second_max_height,dribbling_frequency,bending_angle,duration
0,1.0634403228759766,1.0436447858810425,1.067604422569275,2.0,14.28498635980702,15
