hand,first_max_height,min_height,second_max_height,dribbling_frequency,bending_angle,duration
1,0.8220506906509399,0.7660964727401733,0.8203402757644653,2.307692307692308,57.62397639522417,13
