hand,first_max_height,min_height,second_max_height,dribbling_frequency,bending_angle,duration
1,0.9027165174484253,0.8994120359420776,0.9097882509231567,2.7272727272727275,15.199130818653666,11
