hand,first_max_height,min_height,second_max_height,dribbling_frequency,bending_angle,duration
0,1.0931962728500366,1.088580846786499,1.1001124382019043,2.142857142857143,3.889996665735253,14
