hand,first_max_height,min_height,second_max_height,dribbling_frequency,bending_angle,duration
0,0.7967672944068909,0.7737487554550171,0.7742295265197754,2.307692307692308,49.03589875354969,13
