hand,first_max_height,min_height,second_max_height,dribbling_frequency,bending_angle,duration
0,0.9594079852104187,0.9042200446128845,0.9509241580963135,2.0,28.969320016889668,15
