hand,first_max_height,min_height,second_max_height,dribbling_frequency,bending_angle,duration
0,0.8933472633361816,0.6617836356163025,0.9401603937149048,2.142857142857143,61.88831068284529,14
