hand,first_max_height,min_height,second_max_height,dribbling_frequency,bending_angle,duration
0,1.2092043161392212,0.8761283159255981,0.9643555283546448,2.142857142857143,17.944780420849714,14
