hand,first_max_height,min_height,second_max_height,dribbling_frequency,bending_angle,duration
0,0.9436657428741455,0.6318943500518799,0.706306517124176,2.142857142857143,58.73308227764602,14
