hand,first_max_height,min_height,second_max_height,dribbling_frequency,bending_angle,duration
0,1.1174194812774658,1.1083967685699463,1.1140555143356323,3.0,4.23987605619007,10
