hand,first_max_height,min_height,second_max_height,dribbling_frequency,bending_angle,duration
0,1.0350054502487183,0.7486270666122437,0.9051500558853149,2.5,60.30933667291333,12
