hand,first_max_height,min_height,second_max_height,dribbling_frequency,bending_angle,duration
0,1.2804088592529297,0.8860278725624084,0.9318063259124756,2.142857142857143,14.808170419894944,14
