hand,first_max_height,min_height,second_max_height,dribbling_frequency,bending_angle,duration
0,1.051284670829773,0.7678302526473999,1.0045692920684814,2.5,59.06520222490473,12
