hand,first_max_height,min_height,second_max_height,dribbling_frequency,bending_angle,duration
0,0.6624509692192078,0.6513767242431641,0.9230101704597473,2.7272727272727275,66.01456634192259,11
