hand,first_max_height,min_height,second_max_height,dribbling_frequency,bending_angle,duration
0,0.91371750831604,0.8486047983169556,0.8521824479103088,2.0,10.904203569092486,15
