hand,first_max_height,min_height,second_max_height,dribbling_frequency,bending_angle,duration
0,0.9327894449234009,0.9037391543388367,0.9179799556732178,1.4285714285714284,10.271945119873868,21
