hand,first_max_height,min_height,second_max_height,dribbling_frequency,bending_angle,duration
0,0.7036860585212708,0.6875261664390564,0.7013053297996521,2.7272727272727275,69.28371055103113,11
