hand,first_max_height,min_height,second_max_height,dribbling_frequency,bending_angle,duration
1,0.9220524430274963,0.9169972538948059,0.9228036999702454,1.6666666666666665,8.677045442266357,18
