hand,first_max_height,min_height,second_max_height,dribbling_frequency,bending_angle,duration
1,1.1459134817123413,1.145859718322754,1.1580619812011719,2.7272727272727275,17.73792554392443,11
