hand,first_max_height,min_height,second_max_height,dribbling_frequency,bending_angle,duration
1,0.9514825940132141,0.942311704158783,0.9536128044128418,2.142857142857143,10.778490170534686,14
