hand,first_max_height,min_height,second_max_height,dribbling_frequency,bending_angle,duration
0,0.9187954068183899,0.9185340404510498,0.9397726058959961,1.7647058823529411,9.612021645845557,17
