hand,first_max_height,min_height,second_max_height,dribbling_frequency,bending_angle,duration
1,1.0416804552078247,0.986544668674469,1.031440258026123,3.0,21.832178386913736,10
