hand,first_max_height,min_height,second_max_height,dribbling_frequency,bending_angle,duration
0,1.2630668878555298,0.882289469242096,1.0920864343643188,2.5,38.75041611024288,12
