hand,first_max_height,min_height,second_max_height,dribbling_frequency,bending_angle,duration
0,0.928109347820282,0.9280560612678528,0.9401677846908569,1.875,6.558793740294712,16
