hand,first_max_height,min_height,second_max_height,dribbling_frequency,bending_angle,duration
0,0.679084837436676,0.6696471571922302,0.8241885304450989,2.5,62.31208950837865,12
