hand,first_max_height,min_height,second_max_height,dribbling_frequency,bending_angle,duration
0,0.8957003355026245,0.8284100890159607,0.8469396829605103,2.5,33.52653528140547,12
