hand,first_max_height,min_height,second_max_height,dribbling_frequency,bending_angle,duration
0,0.7965558171272278,0.7762429118156433,0.8097138404846191,2.307692307692308,39.62468194917568,13
