hand,first_max_height,min_height,second_max_height,dribbling_frequency,bending_angle,duration
0,1.2728403806686401,0.8818621039390564,0.9052310585975647,2.5,25.820814643320983,12
