hand,first_max_height,min_height,second_max_height,dribbling_frequency,bending_angle,duration
0,1.1218441724777222,1.0886510610580444,1.0994595289230347,1.6666666666666665,11.268362929180459,18
