hand,first_max_height,min_height,second_max_height,dribbling_frequency,bending_angle,duration
0,0.6842747330665588,0.6475212574005127,0.8345280885696411,2.142857142857143,63.858845977499165,14
