hand,first_max_height,min_height,second_max_height,dribbling_frequency,bending_angle,duration
0,0.92802494764328,0.9273390769958496,0.9305952191352844,3.0,6.8655439832097365,10
