hand,first_max_height,min_height,second_max_height,dribbling_frequency,bending_angle,duration
0,0.8824156522750854,0.8463966846466064,0.878646194934845,1.6666666666666665,23.524257659063064,18
