hand,first_max_height,min_height,second_max_height,dribbling_frequency,bending_angle,duration
0,0.6639703512191772,0.6393769979476929,0.6440184116363525,2.7272727272727275,65.94041638903815,11
