hand,first_max_height,min_height,second_max_height,dribbling_frequency,bending_angle,duration
0,0.8646480441093445,0.8527726531028748,1.2168161869049072,2.142857142857143,38.42600111874368,14
