hand,first_max_height,min_height,second_max_height,dribbling_frequency,bending_angle,duration
0,0.9929859042167664,0.9697942733764648,0.9908044934272766,2.0,32.69850312893901,15
