hand,first_max_height,min_height,second_max_height,dribbling_frequency,bending_angle,duration
0,0.6614119410514832,0.6495347619056702,0.8973254561424255,2.307692307692308,63.447048058384915,13
