hand,first_max_height,min_height,second_max_height,dribbling_frequency,bending_angle,duration
0,0.9408274292945862,0.9321795105934143,0.9475610256195068,1.875,4.685254783564719,16
