hand,first_max_height,min_height,second_max_height,dribbling_frequency,bending_angle,duration
0,1.160541296005249,1.1148852109909058,1.178434133529663,1.4285714285714284,12.09073553039819,21
