hand,first_max_height,min_height,second_max_height,dribbling_frequency,bending_angle,duration
0,1.0310205221176147,1.02313232421875,1.032517910003662,2.307692307692308,6.740856781763101,13
