hand,first_max_height,min_height,second_max_height,dribbling_frequency,bending_angle,duration
0,1.323386788368225,0.9195297956466675,1.2038789987564087,2.307692307692308,34.33579345773331,13
