hand,first_max_height,min_height,second_max_height,dribbling_frequency,bending_angle,duration
0,1.2189713716506958,0.8075366616249084,0.8898919224739075,2.142857142857143,35.346592194206146,14
