hand,first_max_height,min_height,second_max_height,dribbling_frequency,bending_angle,duration
0,1.2482545375823975,0.8861052393913269,1.2086553573608398,2.0,30.285526658010888,15
