hand,first_max_height,min_height,second_max_height,dribbling_frequency,bending_angle,duration
0,0.805906355381012,0.6375417709350586,0.6566398739814758,3.0,60.277436309674535,10
