hand,first_max_height,min_height,second_max_height,dribbling_frequency,bending_angle,duration
0,0.6947376132011414,0.6860203742980957,0.9511427879333496,2.0,55.398622317509954,15
