hand,first_max_height,min_height,second_max_height,dribbling_frequency,bending_angle,duration
0,1.226749062538147,0.8878373503684998,1.2836687564849854,2.142857142857143,30.606832700282663,14
