hand,first_max_height,min_height,second_max_height,dribbling_frequency,bending_angle,duration
0,0.8123513460159302,0.789358913898468,0.800338089466095,2.5,53.129927021057625,12
