hand,first_max_height,min_height,second_max_height,dribbling_frequency,bending_angle,duration
0,0.8898765444755554,0.8758230209350586,0.8857073187828064,2.142857142857143,34.354440318692674,14
