hand,first_max_height,min_height,second_max_height,dribbling_frequency,bending_angle,duration
1,1.0388754606246948,1.0195897817611694,1.036983847618103,2.7272727272727275,31.304992067590316,11
