hand,first_max_height,min_height,second_max_height,dribbling_frequency,bending_angle,duration
0,1.140578031539917,1.1115103960037231,1.1161762475967407,1.7647058823529411,2.2354488495098064,17
