hand,first_max_height,min_height,second_max_height,dribbling_frequency,bending_angle,duration
1,1.1562577486038208,1.1357146501541138,1.1625090837478638,1.6666666666666665,6.873013485865783,18
