hand,first_max_height,min_height,second_max_height,dribbling_frequency,bending_angle,duration
0,0.9156787991523743,0.6094846725463867,0.6674548387527466,2.0,59.47325959171369,15
