hand,first_max_height,min_height,second_max_height,dribbling_frequency,bending_angle,duration
0,0.707369327545166,0.7015409469604492,0.7200003266334534,2.5,53.037577966589396,12
