hand,first_max_height,min_height,second_max_height,dribbling_frequency,bending_angle,duration
0,0.9845084547996521,0.6212974786758423,0.925331711769104,1.3636363636363638,58.85074994465581,22
