hand,first_max_height,min_height,second_max_height,dribbling_frequency,bending_angle,duration
0,0.9342690110206604,0.8975076079368591,0.9004957675933838,3.0,10.907270584201385,10
