hand,first_max_height,min_height,second_max_height,dribbling_frequency,bending_angle,duration
0,0.7081767916679382,0.6753304600715637,0.9978264570236206,1.3043478260869565,59.49342547565681,23
