hand,first_max_height,min_height,second_max_height,dribbling_frequency,bending_angle,duration
0,0.9658821821212769,0.959062933921814,0.9639129638671875,2.307692307692308,7.9477049838627085,13
