hand,first_max_height,min_height,second_max_height,dribbling_frequency,bending_angle,duration
0,1.0249444246292114,0.6266454458236694,0.679084837436676,2.5,56.69044672638023,12
