hand,first_max_height,min_height,second_max_height,dribbling_frequency,bending_angle,duration
0,1.0588948726654053,0.9902941584587097,1.0425257682800293,1.6666666666666665,20.25829526492316,18
