hand,first_max_height,min_height,second_max_height,dribbling_frequency,bending_angle,duration
0,1.0611743927001953,1.0562949180603027,1.0613855123519897,2.142857142857143,7.68457856437041,14
