hand,first_max_height,min_height,second_max_height,dribbling_frequency,bending_angle,duration
0,0.7728943824768066,0.7638634443283081,0.7743521332740784,2.7272727272727275,62.27855867410314,11
