hand,first_max_height,min_height,second_max_height,dribbling_frequency,bending_angle,duration
0,1.228403091430664,0.9662166237831116,1.257666826248169,2.7272727272727275,30.83442280141916,11
