hand,first_max_height,min_height,second_max_height,dribbling_frequency,bending_angle,duration
0,0.8842998743057251,0.8772664070129395,0.8896069526672363,2.142857142857143,30.357549668792856,14
