hand,first_max_height,min_height,second_max_height,dribbling_frequency,bending_angle,duration
0,1.1498531103134155,1.1247612237930298,1.1623899936676025,1.3043478260869565,11.690139377535157,23
