hand,first_max_height,min_height,second_max_height,dribbling_frequency,bending_angle,duration
0,0.953029215335846,0.9378536939620972,0.9577088952064514,2.142857142857143,31.40675365722549,14
