hand,first_max_height,min_height,second_max_height,dribbling_frequency,bending_angle,duration
0,0.6901882886886597,0.6630699634552002,0.6847773790359497,2.5,69.05886028303662,12
