hand,first_max_height,min_height,second_max_height,dribbling_frequency,bending_angle,duration
0,1.1606981754302979,1.10723078250885,1.1330618858337402,1.5,11.520723749380888,20
