hand,first_max_height,min_height,second_max_height,dribbling_frequency,bending_angle,duration
0,1.1442432403564453,1.123841643333435,1.169319987297058,1.3043478260869565,4.5094918276676585,23
