hand,first_max_height,min_height,second_max_height,dribbling_frequency,bending_angle,duration
1,1.0575807094573975,1.0186797380447388,1.0461375713348389,2.307692307692308,28.729956334687095,13
