hand,first_max_height,min_height,second_max_height,dribbling_frequency,bending_angle,duration
0,0.9653980135917664,0.95067298412323,0.9601900577545166,1.25,5.32421764418305,24
