hand,first_max_height,min_height,second_max_height,dribbling_frequency,bending_angle,duration
0,0.6035959720611572,0.5711098313331604,0.6168034076690674,3.0,68.28172658778091,10
