hand,first_max_height,min_height,second_max_height,dribbling_frequency,bending_angle,duration
1,0.9712046980857849,0.9679633975028992,0.9689569473266602,3.0,0.6142941947388859,10
