hand,first_max_height,min_height,second_max_height,dribbling_frequency,bending_angle,duration
0,0.7722936272621155,0.7576095461845398,0.7827341556549072,2.142857142857143,46.73818397031774,14
