hand,first_max_height,min_height,second_max_height,dribbling_frequency,bending_angle,duration
0,0.6628382205963135,0.6170241236686707,0.619434654712677,3.0,66.09784268726027,10
