hand,first_max_height,min_height,second_max_height,dribbling_frequency,bending_angle,duration
1,1.0205092430114746,1.0171996355056763,1.0434191226959229,2.142857142857143,10.026878747988956,14
