hand,first_max_height,min_height,second_max_height,dribbling_frequency,bending_angle,duration
0,1.1194140911102295,0.7085323333740234,0.8062101006507874,2.142857142857143,46.39831321496002,14
