hand,first_max_height,min_height,second_max_height,dribbling_frequency,bending_angle,duration
0,0.9617581367492676,0.9569788575172424,0.9601535201072693,3.0,7.403418432204779,10
