hand,first_max_height,min_height,second_max_height,dribbling_frequency,bending_angle,duration
0,1.0602669715881348,0.6068133115768433,0.6589867472648621,2.5,58.22123455174457,12
