hand,first_max_height,min_height,second_max_height,dribbling_frequency,bending_angle,duration
0,1.2439957857131958,0.8252230286598206,1.3733359575271606,1.5789473684210527,32.738599833197604,19
