hand,first_max_height,min_height,second_max_height,dribbling_frequency,bending_angle,duration
1,0.7067919373512268,0.6598865985870361,0.6883882880210876,2.142857142857143,66.3560294862325,14
