hand,first_max_height,min_height,second_max_height,dribbling_frequency,bending_angle,duration
0,0.98453289270401,0.9562140107154846,1.0066126585006714,1.5789473684210527,32.140074726658675,19
