hand,first_max_height,min_height,second_max_height,dribbling_frequency,bending_angle,duration
0,0.8471882343292236,0.560364305973053,0.7181915640830994,1.3043478260869565,63.921886235636556,23
