hand,first_max_height,min_height,second_max_height,dribbling_frequency,bending_angle,duration
0,0.9655187129974365,0.5653438568115234,0.6961592435836792,1.875,63.01173552107666,16
