hand,first_max_height,min_height,second_max_height,dribbling_frequency,bending_angle,duration
0,1.1117973327636719,0.8600709438323975,0.9354756474494934,2.0,27.200855635078643,15
