hand,first_max_height,min_height,second_max_height,dribbling_frequency,bending_angle,duration
0,0.9277975559234619,0.9226920008659363,0.9304894804954529,1.6666666666666665,3.45884610990304,18
