hand,first_max_height,min_height,second_max_height,dribbling_frequency,bending_angle,duration
0,0.9866740107536316,0.7523520588874817,1.0899252891540527,2.5,50.964692512346964,12
