hand,first_max_height,min_height,second_max_height,dribbling_frequency,bending_angle,duration
0,0.6868007183074951,0.6829744577407837,0.8372363448143005,2.7272727272727275,60.20166335635409,11
