hand,first_max_height,min_height,second_max_height,dribbling_frequency,bending_angle,duration
0,0.987871527671814,0.9628006219863892,0.9828985929489136,1.6666666666666665,10.852267645557188,18
