hand,first_max_height,min_height,second_max_height,dribbling_frequency,bending_angle,duration
0,1.1585042476654053,1.120639443397522,1.1557291746139526,1.4285714285714284,10.715119415639373,21
