hand,first_max_height,min_height,second_max_height,dribbling_frequency,bending_angle,duration
0,1.2929478883743286,0.9260442852973938,0.963269829750061,1.875,8.195309690439839,16
