hand,first_max_height,min_height,second_max_height,dribbling_frequency,bending_angle,duration
0,1.1541825532913208,0.7394663691520691,1.024732232093811,2.307692307692308,54.45114162276365,13
