hand,first_max_height,min_height,second_max_height,dribbling_frequency,bending_angle,duration
1,1.058605432510376,1.054994821548462,1.0734734535217285,2.0,12.211794974347704,15
