hand,first_max_height,min_height,second_max_height,dribbling_frequency,bending_angle,duration
0,1.1577038764953613,0.7371073961257935,1.0709078311920166,2.142857142857143,56.90017895733461,14
