hand,first_max_height,min_height,second_max_height,dribbling_frequency,bending_angle,duration
0,0.7101442813873291,0.6899285912513733,0.7070568799972534,2.142857142857143,66.32092269134981,14
