hand,first_max_height,min_height,second_max_height,dribbling_frequency,bending_angle,duration
0,0.7675376534461975,0.7565184235572815,0.7845795750617981,3.0,52.389751003315816,10
