hand,first_max_height,min_height,second_max_height,dribbling_frequency,bending_angle,duration
0,0.992498517036438,0.9742315411567688,0.9771825075149536,2.0,10.499456679736047,15
