hand,first_max_height,min_height,second_max_height,dribbling_frequency,bending_angle,duration
0,0.9009779691696167,0.866865336894989,0.8796885013580322,2.142857142857143,25.514331756632505,14
