hand,first_max_height,min_height,second_max_height,dribbling_frequency,bending_angle,duration
0,0.8545203804969788,0.7329132556915283,0.7999213337898254,2.0,46.255165086945084,15
