hand,first_max_height,min_height,second_max_height,dribbling_frequency,bending_angle,duration
0,0.9231787919998169,0.9141596555709839,0.9161623120307922,2.142857142857143,14.524791934808492,14
