hand,first_max_height,min_height,second_max_height,dribbling_frequency,bending_angle,duration
0,0.8081529140472412,0.7508097290992737,1.195461630821228,1.5789473684210527,35.87062726675275,19
