hand,first_max_height,min_height,second_max_height,dribbling_frequency,bending_angle,duration
0,0.8732612729072571,0.6453828811645508,0.8806309103965759,2.5,63.75566883310075,12
