hand,first_max_height,min_height,second_max_height,dribbling_frequency,bending_angle,duration
0,1.2796281576156616,0.9178438782691956,1.226749062538147,2.142857142857143,29.488192259481565,14
