hand,first_max_height,min_height,second_max_height,dribbling_frequency,bending_angle,duration
0,0.9414557814598083,0.9308393597602844,0.9434441924095154,1.5789473684210527,9.476874184659621,19
