hand,first_max_height,min_height,second_max_height,dribbling_frequency,bending_angle,duration
0,0.8691824674606323,0.7073632478713989,0.8089345097541809,1.875,52.176087817405545,16
