hand,first_max_height,min_height,second_max_height,dribbling_frequency,bending_angle,duration
0,0.6266166567802429,0.43854132294654846,0.6015334725379944,2.5,77.21441567200424,12
