hand,first_max_height,min_height,second_max_height,dribbling_frequency,bending_angle,duration
0,0.7523987293243408,0.7076233625411987,0.7186146378517151,1.875,57.878913861493146,16
