hand,first_max_height,min_height,second_max_height,dribbling_frequency,bending_angle,duration
0,0.7186146378517151,0.7105036973953247,1.144680142402649,2.307692307692308,58.650054924239626,13
