hand,first_max_height,min_height,second_max_height,dribbling_frequency,bending_angle,duration
1,0.9107186198234558,0.8895984888076782,0.9105316996574402,2.307692307692308,22.261349416507006,13
