hand,first_max_height,min_height,second_max_height,dribbling_frequency,bending_angle,duration
0,0.9179022312164307,0.9008963704109192,0.9114622473716736,2.0,35.557449280467075,15
