hand,first_max_height,min_height,second_max_height,dribbling_frequency,bending_angle,duration
0,0.8966794610023499,0.8934096097946167,1.2342865467071533,2.7272727272727275,27.690844087068776,11
