hand,first_max_height,min_height,second_max_height,dribbling_frequency,bending_angle,duration
0,0.9575511813163757,0.9497923254966736,0.9533018469810486,1.7647058823529411,8.070108548569076,17
