hand,first_max_height,min_height,second_max_height,dribbling_frequency,bending_angle,duration
1,1.4089810848236084,1.058953046798706,1.4401484727859497,1.875,3.080305701407956,16
