hand,first_max_height,min_height,second_max_height,dribbling_frequency,bending_angle,duration
1,1.4390546083450317,1.0365031957626343,1.4824336767196655,1.7647058823529411,8.380367734525104,17
