hand,first_max_height,min_height,second_max_height,dribbling_frequency,bending_angle,duration
1,1.2636942863464355,0.9245361089706421,1.2349107265472412,1.6666666666666665,4.988492103657672,18
