hand,first_max_height,min_height,second_max_height,dribbling_frequency,bending_angle,duration
1,1.4725536108016968,1.1478108167648315,1.4117990732192993,1.4285714285714284,15.94265821595824,21
