hand,first_max_height,min_height,second_max_height,dribbling_frequency,bending_angle,duration
1,1.2225837707519531,1.0818547010421753,1.2052229642868042,2.307692307692308,12.050749179408058,13
