hand,first_max_height,min_height,second_max_height,dribbling_frequency,bending_angle,duration
1,1.486477017402649,0.9697096347808838,1.496366262435913,1.5789473684210527,2.101649322139638,19
