hand,first_max_height,min_height,second_max_height,dribbling_frequency,bending_angle,duration
1,1.4728060960769653,1.0085601806640625,1.6015958786010742,1.5,8.411685602751511,20
