hand,first_max_height,min_height,second_max_height,dribbling_frequency,bending_angle,duration
1,1.1621499061584473,0.8939748406410217,1.2614022493362427,2.307692307692308,39.88267487035729,13
