hand,first_max_height,min_height,second_max_height,dribbling_frequency,bending_angle,duration
1,1.4452012777328491,1.1027350425720215,1.3487945795059204,2.307692307692308,10.45141978172337,13
