hand,first_max_height,min_height,second_max_height,dribbling_frequency,bending_angle,duration
1,1.3370522260665894,1.0003976821899414,1.334358811378479,2.142857142857143,11.060320816097612,14
