hand,first_max_height,min_height,second_max_height,dribbling_frequency,bending_angle,duration
1,1.2919261455535889,1.0080504417419434,1.3116885423660278,2.142857142857143,13.03720146761422,14
