hand,first_max_height,min_height,second_max_height,dribbling_frequency,bending_angle,duration
1,1.0417590141296387,0.6822861433029175,1.0504271984100342,1.7647058823529411,61.540502631681186,17
