hand,first_max_height,min_height,second_max_height,dribbling_frequency,bending_angle,duration
1,0.7707771062850952,0.6126511693000793,0.7276352047920227,3.0,69.03475323120122,10
