hand,first_max_height,min_height,second_max_height,dribbling_frequency,bending_angle,duration
1,1.5625413656234741,1.0316600799560547,1.4885773658752441,1.6666666666666665,10.114572088654176,18
