hand,first_max_height,min_height,second_max_height,dribbling_frequency,bending_angle,duration
1,1.0416477918624878,0.722588062286377,1.02920401096344,2.142857142857143,53.80493066029586,14
