hand,first_max_height,min_height,second_max_height,dribbling_frequency,bending_angle,duration
1,1.5023893117904663,1.0212680101394653,1.4982819557189941,1.6666666666666665,7.52718205097444,18
