hand,first_max_height,min_height,second_max_height,dribbling_frequency,bending_angle,duration
1,1.4346023797988892,1.026233434677124,1.4039064645767212,1.875,2.273039934385409,16
