hand,first_max_height,min_height,second_max_height,dribbling_frequency,bending_angle,duration
1,1.337149977684021,1.0335758924484253,1.3588948249816895,2.142857142857143,15.280029744601638,14
