hand,first_max_height,min_height,second_max_height,dribbling_frequency,bending_angle,duration
1,1.3518431186676025,1.0070397853851318,1.3994792699813843,1.875,1.7962424253475449,16
