hand,first_max_height,min_height,second_max_height,dribbling_frequency,bending_angle,duration
1,1.5350126028060913,1.034237265586853,1.5465619564056396,1.4285714285714284,11.386555386842806,21
