hand,first_max_height,min_height,second_max_height,dribbling_frequency,bending_angle,duration
1,1.4239569902420044,1.0462520122528076,1.397922158241272,1.875,1.7389292129440725,16
