hand,first_max_height,min_height,second_max_height,dribbling_frequency,bending_angle,duration
1,1.4000463485717773,0.9548538327217102,1.4577417373657227,1.5789473684210527,5.759359474935848,19
