hand,first_max_height,min_height,second_max_height,dribbling_frequency,bending_angle,duration
1,0.9353211522102356,0.7619446516036987,0.9610839486122131,2.142857142857143,56.16145588189441,14
