hand,first_max_height,min_height,second_max_height,dribbling_frequency,bending_angle,duration
1,1.017896056175232,0.6756687164306641,1.0551148653030396,2.0,58.729544338168814,15
