hand,first_max_height,min_height,second_max_height,dribbling_frequency,bending_angle,duration
1,1.1927331686019897,0.7994030714035034,1.190600872039795,1.5789473684210527,24.79813096445003,19
