hand,first_max_height,min_height,second_max_height,dribbling_frequency,bending_angle,duration
1,1.1208326816558838,0.9320583939552307,1.1249767541885376,2.5,34.26982818581168,12
