hand,first_max_height,min_height,second_max_height,dribbling_frequency,bending_angle,duration
1,1.2818175554275513,0.8895115852355957,1.255230188369751,2.142857142857143,31.309655248126003,14
