hand,first_max_height,min_height,second_max_height,dribbling_frequency,bending_angle,duration
1,1.1146628856658936,0.8641915321350098,1.0764464139938354,2.142857142857143,35.55502715921173,14
