hand,first_max_height,min_height,second_max_height,dribbling_frequency,bending_angle,duration
1,1.034508466720581,0.8610703945159912,1.0288832187652588,2.7272727272727275,48.45268931525291,11
