hand,first_max_height,min_height,second_max_height,dribbling_frequency,bending_angle,duration
1,1.4169493913650513,0.9954183101654053,1.430540680885315,1.7647058823529411,17.067924151939298,17
