hand,first_max_height,min_height,second_max_height,dribbling_frequency,bending_angle,duration
1,1.269149899482727,0.7727271318435669,1.1267728805541992,2.0,31.357718390966063,15
