hand,first_max_height,min_height,second_max_height,dribbling_frequency,bending_angle,duration
1,1.4209009408950806,1.0386048555374146,1.387589454650879,2.0,8.025951490412792,15
