hand,first_max_height,min_height,second_max_height,dribbling_frequency,bending_angle,duration
1,1.367018222808838,0.9678187370300293,1.3594504594802856,1.875,8.524988113501504,16
