hand,first_max_height,min_height,second_max_height,dribbling_frequency,bending_angle,duration
1,1.4788013696670532,1.0020633935928345,1.455931305885315,1.7647058823529411,13.184346089633081,17
