hand,first_max_height,min_height,second_max_height,dribbling_frequency,bending_angle,duration
1,1.5807666778564453,1.0471642017364502,1.5793977975845337,1.3636363636363638,6.778964382174439,22
