hand,first_max_height,min_height,second_max_height,dribbling_frequency,bending_angle,duration
1,1.4208431243896484,1.0465996265411377,1.4779887199401855,1.7647058823529411,5.346642596930993,17
