hand,first_max_height,min_height,second_max_height,dribbling_frequency,bending_angle,duration
1,0.9134900569915771,0.8613920211791992,1.2794907093048096,2.7272727272727275,58.79935902002143,11
