hand,first_max_height,min_height,second_max_height,dribbling_frequency,bending_angle,duration
1,1.481076717376709,1.1259349584579468,1.4550601243972778,2.5,6.97768958115395,12
