hand,first_max_height,min_height,second_max_height,dribbling_frequency,bending_angle,duration
1,1.3985687494277954,1.085411787033081,1.4189448356628418,2.142857142857143,9.948035922536011,14
