hand,first_max_height,min_height,second_max_height,dribbling_frequency,bending_angle,duration
1,1.0111902952194214,0.8112710118293762,1.0248483419418335,2.5,55.5520054268352,12
