hand,first_max_height,min_height,second_max_height,dribbling_frequency,bending_angle,duration
1,1.4567991495132446,1.0394620895385742,1.4944465160369873,1.7647058823529411,4.327913246753558,17
