hand,first_max_height,min_height,second_max_height,dribbling_frequency,bending_angle,duration
1,1.2751364707946777,0.7685304284095764,1.028185248374939,1.7647058823529411,10.564393166147063,17
