hand,first_max_height,min_height,second_max_height,dribbling_frequency,bending_angle,duration
1,1.5149041414260864,1.0841152667999268,1.5153589248657227,1.7647058823529411,5.68027800199639,17
