hand,first_max_height,min_height,second_max_height,dribbling_frequency,bending_angle,duration
1,0.9760403633117676,0.7697237133979797,1.0346965789794922,2.307692307692308,49.26286965023683,13
