hand,first_max_height,min_height,second_max_height,dribbling_frequency,bending_angle,duration
1,1.3399310111999512,1.0501350164413452,1.3079801797866821,1.875,5.663999951745832,16
