hand,first_max_height,min_height,second_max_height,dribbling_frequency,bending_angle,duration
1,1.4399784803390503,0.9780396223068237,1.2968449592590332,1.7647058823529411,10.362862352205074,17
