hand,first_max_height,min_height,second_max_height,dribbling_frequency,bending_angle,duration
1,1.4619417190551758,1.0282692909240723,1.4683552980422974,2.0,4.684865861346437,15
