hand,first_max_height,min_height,second_max_height,dribbling_frequency,bending_angle,duration
1,0.541015088558197,0.44545912742614746,0.6599451899528503,3.0,72.21773250957027,10
