hand,first_max_height,min_height,second_max_height,dribbling_frequency,bending_angle,duration
1,1.354587197303772,0.959690272808075,1.3360908031463623,1.875,8.078290402612652,16
