hand,first_max_height,min_height,second_max_height,dribbling_frequency,bending_angle,duration
1,1.2575639486312866,0.9956238865852356,1.3606642484664917,2.0,30.485732505354413,15
