hand,first_max_height,min_height,second_max_height,dribbling_frequency,bending_angle,duration
1,1.4523159265518188,1.019161343574524,1.439269781112671,1.875,5.91556808055747,16
