hand,first_max_height,min_height,second_max_height,dribbling_frequency,bending_angle,duration
1,1.140620470046997,0.8598527312278748,0.9811472296714783,3.0,30.874747429836145,10
