hand,first_max_height,min_height,second_max_height,dribbling_frequency,bending_angle,duration
1,1.2159900665283203,1.0036550760269165,1.2126123905181885,2.142857142857143,24.337404519302357,14
