hand,first_max_height,min_height,second_max_height,dribbling_frequency,bending_angle,duration
1,1.4853729009628296,1.0098334550857544,1.4795069694519043,1.875,14.861732850454949,16
