hand,first_max_height,min_height,second_max_height,dribbling_frequency,bending_angle,duration
1,1.4798991680145264,1.037282943725586,1.4486113786697388,1.875,7.7710335488932225,16
