hand,first_max_height,min_height,second_max_height,dribbling_frequency,bending_angle,duration
1,1.4120759963989258,1.0488159656524658,1.379412055015564,2.0,3.3873195853941946,15
