hand,first_max_height,min_height,second_max_height,dribbling_frequency,bending_angle,duration
1,1.436227560043335,0.9545442461967468,1.415539264678955,1.875,17.695804658767326,16
