hand,first_max_height,min_height,second_max_height,dribbling_frequency,bending_angle,duration
1,1.4944465160369873,1.045400857925415,1.5625413656234741,1.7647058823529411,8.013431957920101,17
