hand,first_max_height,min_height,second_max_height,dribbling_frequency,bending_angle,duration
1,1.4202349185943604,1.0451182126998901,1.465514898300171,2.0,5.310921671526946,15
