hand,first_max_height,min_height,second_max_height,dribbling_frequency,bending_angle,duration
1,1.1589393615722656,0.8547326326370239,1.1327500343322754,2.0,34.296500579472536,15
