hand,first_max_height,min_height,second_max_height,dribbling_frequency,bending_angle,duration
1,1.5870927572250366,1.0462682247161865,1.57085382938385,1.3636363636363638,7.726569276191794,22
