hand,first_max_height,min_height,second_max_height,dribbling_frequency,bending_angle,duration
1,1.4812674522399902,1.1014339923858643,1.4883819818496704,1.3636363636363638,10.028564383660834,22
