hand,first_max_height,min_height,second_max_height,dribbling_frequency,bending_angle,duration
1,1.2425312995910645,1.005752682685852,1.2594412565231323,2.142857142857143,30.14708357581087,14
