hand,first_max_height,min_height,second_max_height,dribbling_frequency,bending_angle,duration
1,0.8886646032333374,0.6783978343009949,0.8874083161354065,2.307692307692308,63.5137572074863,13
