hand,first_max_height,min_height,second_max_height,dribbling_frequency,bending_angle,duration
1,1.5378645658493042,1.01555597782135,1.562363624572754,1.5789473684210527,2.549804424430971,19
