hand,first_max_height,min_height,second_max_height,dribbling_frequency,bending_angle,duration
1,1.4761161804199219,1.0415414571762085,1.4185428619384766,1.875,2.5291398105601193,16
