hand,first_max_height,min_height,second_max_height,dribbling_frequency,bending_angle,duration
1,0.9068734049797058,0.6085969805717468,0.6948493719100952,2.7272727272727275,56.65885482169934,11
