hand,first_max_height,min_height,second_max_height,dribbling_frequency,bending_angle,duration
1,1.1841901540756226,0.9177459478378296,1.3107097148895264,2.0,17.001675552618114,15
