hand,first_max_height,min_height,second_max_height,dribbling_frequency,bending_angle,duration
1,1.333653211593628,0.8333709836006165,1.6072770357131958,1.5,35.52870560803476,20
