hand,first_max_height,min_height,second_max_height,dribbling_frequency,bending_angle,duration
1,1.2127423286437988,0.9278070330619812,1.115091323852539,2.307692307692308,32.603671465034495,13
