hand,first_max_height,min_height,second_max_height,dribbling_frequency,bending_angle,duration
1,1.5511369705200195,0.9608832597732544,1.5079036951065063,1.5789473684210527,8.815424817811184,19
