hand,first_max_height,min_height,second_max_height,dribbling_frequency,bending_angle,duration
1,1.5302984714508057,1.0472290515899658,1.553504467010498,1.5789473684210527,0.7967514689041636,19
