hand,first_max_height,min_height,second_max_height,dribbling_frequency,bending_angle,duration
1,1.4613909721374512,1.0286601781845093,1.3885425329208374,1.6666666666666665,3.290551842588174,18
