hand,first_max_height,min_height,second_max_height,dribbling_frequency,bending_angle,duration
1,1.444936752319336,0.9608055949211121,1.419527292251587,1.5789473684210527,9.934121478304256,19
