hand,first_max_height,min_height,second_max_height,dribbling_frequency,bending_angle,duration
1,0.9012002348899841,0.6053316593170166,0.8461406230926514,2.5,64.52978261990776,12
