hand,first_max_height,min_height,second_max_height,dribbling_frequency,bending_angle,duration
1,1.5181409120559692,1.0610249042510986,1.5479044914245605,1.3636363636363638,3.885972327499022,22
