hand,first_max_height,min_height,second_max_height,dribbling_frequency,bending_angle,duration
1,0.9617135524749756,0.618450939655304,0.8719088435173035,2.307692307692308,65.02637782462281,13
