hand,first_max_height,min_height,second_max_height,dribbling_frequency,bending_angle,duration
1,1.4504960775375366,1.1145652532577515,1.4795993566513062,1.875,2.460210706338476,16
