hand,first_max_height,min_height,second_max_height,dribbling_frequency,bending_angle,duration
1,1.4158682823181152,1.0268324613571167,1.4145258665084839,2.142857142857143,9.394594344974367,14
