hand,first_max_height,min_height,second_max_height,dribbling_frequency,bending_angle,duration
1,1.5408012866973877,1.0483391284942627,1.5744727849960327,1.5789473684210527,0.28138102873797394,19
