hand,first_max_height,min_height,second_max_height,dribbling_frequency,bending_angle,duration
1,1.5117933750152588,1.0498225688934326,1.531073808670044,1.875,2.6043756400159297,16
