hand,first_max_height,min_height,second_max_height,dribbling_frequency,bending_angle,duration
1,1.4280893802642822,1.041265606880188,1.431322693824768,1.5789473684210527,3.2655645183449367,19
