hand,first_max_height,min_height,second_max_height,dribbling_frequency,bending_angle,duration
1,0.9128353595733643,0.6834816932678223,0.7903340458869934,2.5,55.93515014612836,12
