hand,first_max_height,min_height,second_max_height,dribbling_frequency,bending_angle,duration
1,1.2739460468292236,0.9651609063148499,1.0717616081237793,3.0,22.561822722286454,10
