hand,first_max_height,min_height,second_max_height,dribbling_frequency,bending_angle,duration
1,1.4169998168945312,0.9264969229698181,0.9415239095687866,2.5,15.513005985491233,12
