hand,first_max_height,min_height,second_max_height,dribbling_frequency,bending_angle,duration
1,1.2693212032318115,0.9402049779891968,1.2358821630477905,1.875,15.482802897790966,16
