hand,first_max_height,min_height,second_max_height,dribbling_frequency,bending_angle,duration
1,1.2993745803833008,0.9758924841880798,1.3829050064086914,1.7647058823529411,7.485348663441415,17
