hand,first_max_height,min_height,second_max_height,dribbling_frequency,bending_angle,duration
1,1.039035677909851,0.7149993777275085,0.9911589026451111,2.142857142857143,57.11595210692823,14
