hand,first_max_height,min_height,second_max_height,dribbling_frequency,bending_angle,duration
1,1.2052229642868042,1.1168996095657349,1.2335045337677002,2.5,12.469403807803717,12
