hand,first_max_height,min_height,second_max_height,dribbling_frequency,bending_angle,duration
1,1.4660342931747437,1.0030022859573364,1.4382952451705933,1.6666666666666665,8.078896518270426,18
