hand,first_max_height,min_height,second_max_height,dribbling_frequency,bending_angle,duration
1,1.5120638608932495,1.0216519832611084,1.587921142578125,1.3636363636363638,12.089526276557285,22
