hand,first_max_height,min_height,second_max_height,dribbling_frequency,bending_angle,duration
1,1.319727897644043,1.1262352466583252,1.3206908702850342,3.0,1.5182913388541028,10
