hand,first_max_height,min_height,second_max_height,dribbling_frequency,bending_angle,duration
1,1.416796088218689,0.989459216594696,1.488211750984192,1.6666666666666665,3.6426650992076217,18
