hand,first_max_height,min_height,second_max_height,dribbling_frequency,bending_angle,duration
1,1.0717263221740723,0.8132350444793701,1.0125693082809448,2.5,50.82635573997902,12
