hand,first_max_height,min_height,second_max_height,dribbling_frequency,bending_angle,duration
1,1.0990004539489746,0.8156429529190063,1.1144593954086304,2.307692307692308,38.76112116045899,13
