hand,first_max_height,min_height,second_max_height,dribbling_frequency,bending_angle,duration
1,1.351820945739746,1.0425081253051758,1.2519495487213135,3.0,24.574841452551244,10
