hand,first_max_height,min_height,second_max_height,dribbling_frequency,bending_angle,duration
1,1.4423396587371826,1.0635892152786255,1.4293006658554077,2.0,2.5766027909409632,15
