hand,first_max_height,min_height,second_max_height,dribbling_frequency,bending_angle,duration
1,1.2150914669036865,0.8891113996505737,1.4648470878601074,1.7647058823529411,36.925552758556535,17
