hand,first_max_height,min_height,second_max_height,dribbling_frequency,bending_angle,duration
1,1.545715093612671,1.069077730178833,1.5695875883102417,2.0,2.4630688870325685,15
