hand,first_max_height,min_height,second_max_height,dribbling_frequency,bending_angle,duration
1,1.4022986888885498,1.0028860569000244,1.4525007009506226,1.6666666666666665,6.222462568104712,18
