hand,first_max_height,min_height,second_max_height,dribbling_frequency,bending_angle,duration
1,1.339091181755066,0.9871768355369568,1.358730673789978,2.0,10.016034338569881,15
