hand,first_max_height,min_height,second_max_height,dribbling_frequency,bending_angle,duration
1,1.2899951934814453,1.0340791940689087,1.3346588611602783,2.307692307692308,21.88250854537262,13
