hand,first_max_height,min_height,second_max_height,dribbling_frequency,bending_angle,duration
1,1.27411949634552,0.949503481388092,1.5150587558746338,1.6666666666666665,30.647268411401843,18
