hand,first_max_height,min_height,second_max_height,dribbling_frequency,bending_angle,duration
1,1.4361461400985718,1.0265084505081177,1.3790704011917114,1.875,5.187686054471732,16
