hand,first_max_height,min_height,second_max_height,dribbling_frequency,bending_angle,duration
1,1.004358172416687,0.8166255354881287,1.1822481155395508,2.5,55.12307097512138,12
