hand,first_max_height,min_height,second_max_height,dribbling_frequency,bending_angle,duration
1,1.4011296033859253,0.9902989864349365,1.4163004159927368,1.7647058823529411,3.097421591230123,17
