hand,first_max_height,min_height,second_max_height,dribbling_frequency,bending_angle,duration
1,1.3319342136383057,1.0278346538543701,1.2127423286437988,2.0,13.202927896369966,15
