hand,first_max_height,min_height,second_max_height,dribbling_frequency,bending_angle,duration
1,1.3846620321273804,1.0319689512252808,1.3506488800048828,1.875,2.6640384256971386,16
