hand,first_max_height,min_height,second_max_height,dribbling_frequency,bending_angle,duration
1,0.9549936056137085,0.7565790414810181,1.4900306463241577,1.6666666666666665,59.54123871818803,18
