hand,first_max_height,min_height,second_max_height,dribbling_frequency,bending_angle,duration
1,1.3675626516342163,1.0256456136703491,1.3562296628952026,2.0,13.676669627548124,15
