hand,first_max_height,min_height,second_max_height,dribbling_frequency,bending_angle,duration
1,1.1899679899215698,0.7880675792694092,1.181957483291626,1.5,19.814904352704485,20
