hand,first_max_height,min_height,second_max_height,dribbling_frequency,bending_angle,duration
1,1.4462577104568481,0.9830144047737122,1.4260278940200806,1.6666666666666665,6.24179925328857,18
