hand,first_max_height,min_height,second_max_height,dribbling_frequency,bending_angle,duration
1,1.5899789333343506,1.0578104257583618,1.5650039911270142,1.3636363636363638,10.439626414423635,22
