hand,first_max_height,min_height,second_max_height,dribbling_frequency,bending_angle,duration
1,1.5002179145812988,1.0343269109725952,1.4642024040222168,1.7647058823529411,3.1959923399072885,17
