hand,first_max_height,min_height,second_max_height,dribbling_frequency,bending_angle,duration
1,1.4457494020462036,1.003163456916809,1.4360284805297852,1.6666666666666665,14.008584966217139,18
