hand,first_max_height,min_height,second_max_height,dribbling_frequency,bending_angle,duration
1,1.3918101787567139,1.0129050016403198,1.385107398033142,1.875,6.831008134035165,16
