hand,first_max_height,min_height,second_max_height,dribbling_frequency,bending_angle,duration
1,1.4432578086853027,1.0259268283843994,1.457329273223877,2.0,0.883460770931032,15
