hand,first_max_height,min_height,second_max_height,dribbling_frequency,bending_angle,duration
1,1.3753913640975952,1.0088448524475098,1.2782098054885864,1.7647058823529411,5.817704036965376,17
