hand,first_max_height,min_height,second_max_height,dribbling_frequency,bending_angle,duration
1,1.2967324256896973,0.9877583980560303,1.2746026515960693,1.7647058823529411,7.291303542503965,17
