hand,first_max_height,min_height,second_max_height,dribbling_frequency,bending_angle,duration
1,1.4172587394714355,0.8664703369140625,1.409792423248291,1.5,19.608206513846124,20
