hand,first_max_height,min_height,second_max_height,dribbling_frequency,bending_angle,duration
1,1.138275384902954,0.7669908404350281,1.490254521369934,1.5,49.30567810735384,20
