hand,first_max_height,min_height,second_max_height,dribbling_frequency,bending_angle,duration
1,0.9979673027992249,0.6879722476005554,0.9788194894790649,2.0,58.57657273479154,15
