hand,first_max_height,min_height,second_max_height,dribbling_frequency,bending_angle,duration
1,1.335493803024292,0.9009039998054504,1.248923659324646,2.0,21.93956365414964,15
