hand,first_max_height,min_height,second_max_height,dribbling_frequency,bending_angle,duration
1,1.508528470993042,1.0143972635269165,1.5408012866973877,1.5789473684210527,1.0972902090646226,19
