hand,first_max_height,min_height,second_max_height,dribbling_frequency,bending_angle,duration
1,1.5186243057250977,1.0158458948135376,1.5436245203018188,1.875,15.569235651188402,16
