hand,first_max_height,min_height,second_max_height,dribbling_frequency,bending_angle,duration
1,1.2518665790557861,0.9213208556175232,1.2706890106201172,2.142857142857143,26.301317797235505,14
