hand,first_max_height,min_height,second_max_height,dribbling_frequency,bending_angle,duration
1,1.0164519548416138,0.6745253801345825,0.9543992280960083,2.0,58.92637772334541,15
