hand,first_max_height,min_height,second_max_height,dribbling_frequency,bending_angle,duration
1,1.365347981452942,1.0049328804016113,1.3873862028121948,1.7647058823529411,14.124034921979794,17
