hand,first_max_height,min_height,second_max_height,dribbling_frequency,bending_angle,duration
1,1.3618592023849487,1.0628389120101929,1.6344610452651978,1.6666666666666665,4.83944701034217,18
