hand,first_max_height,min_height,second_max_height,dribbling_frequency,bending_angle,duration
1,1.4444890022277832,1.0467857122421265,1.4206371307373047,1.6666666666666665,5.7169256887409405,18
