hand,first_max_height,min_height,second_max_height,dribbling_frequency,bending_angle,duration
1,1.4149547815322876,0.9869845509529114,1.4544222354888916,2.142857142857143,9.938408728473002,14
