hand,first_max_height,min_height,second_max_height,dribbling_frequency,bending_angle,duration
1,1.5240883827209473,1.0159118175506592,1.5120551586151123,1.6666666666666665,8.603739635043992,18
