hand,first_max_height,min_height,second_max_height,dribbling_frequency,bending_angle,duration
1,1.1230120658874512,0.731320321559906,1.0021014213562012,2.5,40.7623875082284,12
