hand,first_max_height,min_height,second_max_height,dribbling_frequency,bending_angle,duration
1,1.4729773998260498,1.0430608987808228,1.4761161804199219,1.875,2.3257951188923203,16
