hand,first_max_height,min_height,second_max_height,dribbling_frequency,bending_angle,duration
1,1.4511371850967407,0.9982836246490479,1.4450528621673584,1.875,5.8383479040746495,16
