hand,first_max_height,min_height,second_max_height,dribbling_frequency,bending_angle,duration
1,1.079399585723877,0.8716395497322083,1.0746153593063354,2.7272727272727275,49.15744537485297,11
