hand,first_max_height,min_height,second_max_height,dribbling_frequency,bending_angle,duration
1,1.6829705238342285,1.0236471891403198,1.5366877317428589,1.3043478260869565,4.689627634721911,23
