hand,first_max_height,min_height,second_max_height,dribbling_frequency,bending_angle,duration
1,1.3403351306915283,1.0563560724258423,1.3286691904067993,2.142857142857143,12.521758562034746,14
