hand,first_max_height,min_height,second_max_height,dribbling_frequency,bending_angle,duration
1,1.5607048273086548,1.0380785465240479,1.5630443096160889,1.4285714285714284,9.763231284475044,21
