hand,first_max_height,min_height,second_max_height,dribbling_frequency,bending_angle,duration
1,1.3399460315704346,0.9073025584220886,1.3686180114746094,1.7647058823529411,27.22275201899962,17
