hand,first_max_height,min_height,second_max_height,dribbling_frequency,bending_angle,duration
1,1.4091509580612183,1.0401511192321777,1.3709179162979126,2.0,7.570883441466481,15
