hand,first_max_height,min_height,second_max_height,dribbling_frequency,bending_angle,duration
1,1.2857447862625122,0.9568061828613281,1.331467866897583,1.7647058823529411,11.664746931287265,17
