hand,first_max_height,min_height,second_max_height,dribbling_frequency,bending_angle,duration
1,1.5744727849960327,1.0536730289459229,1.5262576341629028,1.5789473684210527,2.0874277117173037,19
