hand,first_max_height,min_height,second_max_height,dribbling_frequency,bending_angle,duration
1,0.9753133058547974,0.8268555402755737,1.0353150367736816,2.5,55.64101642336837,12
