hand,first_max_height,min_height,second_max_height,dribbling_frequency,bending_angle,duration
1,0.6370264887809753,0.5615279078483582,0.9067807197570801,2.7272727272727275,71.26875146267454,11
