hand,first_max_height,min_height,second_max_height,dribbling_frequency,bending_angle,duration
1,1.5708014965057373,1.077280044555664,1.605080008506775,1.3636363636363638,6.366366290982511,22
