hand,first_max_height,min_height,second_max_height,dribbling_frequency,bending_angle,duration
1,1.4667881727218628,1.0495917797088623,1.4118540287017822,1.7647058823529411,5.735325314934054,17
