hand,first_max_height,min_height,second_max_height,dribbling_frequency,bending_angle,duration
1,1.439956545829773,0.9821494817733765,1.4492847919464111,1.7647058823529411,9.399340885281434,17
