hand,first_max_height,min_height,second_max_height,dribbling_frequency,bending_angle,duration
1,1.3907450437545776,1.0133907794952393,1.3927639722824097,2.0,13.504785607296975,15
