hand,first_max_height,min_height,second_max_height,dribbling_frequency,bending_angle,duration
1,1.437760829925537,0.9832506775856018,1.5042035579681396,1.6666666666666665,7.698279650427721,18
