hand,first_max_height,min_height,second_max_height,dribbling_frequency,bending_angle,duration
1,1.2295308113098145,1.1168932914733887,1.2580463886260986,2.5,11.31916371380194,12
