hand,first_max_height,min_height,second_max_height,dribbling_frequency,bending_angle,duration
1,0.9619241952896118,0.6259943246841431,0.9013028144836426,2.307692307692308,63.577368950273915,13
