hand,first_max_height,min_height,second_max_height,dribbling_frequency,bending_angle,duration
1,0.9625921845436096,0.7222685217857361,0.9208584427833557,2.142857142857143,45.4622531298971,14
