hand,first_max_height,min_height,second_max_height,dribbling_frequency,bending_angle,duration
1,1.5077394247055054,1.0322949886322021,1.5056318044662476,1.6666666666666665,2.2822914089869024,18
