hand,first_max_height,min_height,second_max_height,dribbling_frequency,bending_angle,duration
1,0.9163716435432434,0.7141276597976685,0.9679167866706848,2.307692307692308,62.531066589645064,13
