hand,first_max_height,min_height,second_max_height,dribbling_frequency,bending_angle,duration
1,0.9241153001785278,0.8851005434989929,1.3113899230957031,2.5,29.55207911031396,12
