hand,first_max_height,min_height,second_max_height,dribbling_frequency,bending_angle,duration
1,1.3511615991592407,0.9896596074104309,1.4489450454711914,1.6666666666666665,8.799299800849465,18
