hand,first_max_height,min_height,second_max_height,dribbling_frequency,bending_angle,duration
1,1.37368905544281,0.9756672382354736,1.3155333995819092,2.0,8.241202018787595,15
