hand,first_max_height,min_height,second_max_height,dribbling_frequency,bending_angle,duration
1,1.2326416969299316,1.0365674495697021,1.237653136253357,2.142857142857143,29.440563628367133,14
