hand,first_max_height,min_height,second_max_height,dribbling_frequency,bending_angle,duration
1,1.5675500631332397,1.003195881843567,1.4622248411178589,1.5,8.245346024558533,20
