hand,first_max_height,min_height,second_max_height,dribbling_frequency,bending_angle,duration
1,1.3678911924362183,1.0217353105545044,1.3918101787567139,1.875,6.765363834081198,16
