hand,first_max_height,min_height,second_max_height,dribbling_frequency,bending_angle,duration
1,1.02920401096344,0.7464480996131897,1.0024998188018799,2.307692307692308,55.816828051934394,13
