hand,first_max_height,min_height,second_max_height,dribbling_frequency,bending_angle,duration
1,1.449304223060608,0.9387409090995789,1.5790350437164307,1.5789473684210527,21.69521693513835,19
