hand,first_max_height,min_height,second_max_height,dribbling_frequency,bending_angle,duration
1,1.3800044059753418,0.9935212731361389,1.2446119785308838,2.0,4.7863207838270325,15
