hand,first_max_height,min_height,second_max_height,dribbling_frequency,bending_angle,duration
1,1.4011452198028564,0.9686076641082764,1.340628743171692,1.5789473684210527,4.770863708143319,19
