hand,first_max_height,min_height,second_max_height,dribbling_frequency,bending_angle,duration
1,1.174172043800354,0.8347088098526001,1.126397967338562,2.0,34.09818859282071,15
