hand,first_max_height,min_height,second_max_height,dribbling_frequency,bending_angle,duration
1,1.3951025009155273,0.9956114292144775,1.4255152940750122,1.7647058823529411,3.9942076197304566,17
