hand,first_max_height,min_height,second_max_height,dribbling_frequency,bending_angle,duration
1,1.4528281688690186,1.0350955724716187,1.4488674402236938,2.0,7.835154995585952,15
