hand,first_max_height,min_height,second_max_height,dribbling_frequency,bending_angle,duration
1,1.429017424583435,1.007929801940918,1.3574419021606445,1.5789473684210527,9.755017267161936,19
