hand,first_max_height,min_height,second_max_height,dribbling_frequency,bending_angle,duration
1,1.343627691268921,0.9383777976036072,1.4508435726165771,1.6666666666666665,26.945828421318087,18
