hand,first_max_height,min_height,second_max_height,dribbling_frequency,bending_angle,duration
1,1.3170380592346191,1.010794758796692,1.3957575559616089,2.142857142857143,10.863430135540357,14
