hand,first_max_height,min_height,second_max_height,dribbling_frequency,bending_angle,duration
1,1.1896134614944458,0.8861762881278992,1.2150914669036865,2.5,32.38532844707251,12
