hand,first_max_height,min_height,second_max_height,dribbling_frequency,bending_angle,duration
1,1.5356934070587158,1.0435447692871094,1.5269027948379517,1.6666666666666665,7.009860498600582,18
