hand,first_max_height,min_height,second_max_height,dribbling_frequency,bending_angle,duration
1,1.28053617477417,0.975488543510437,1.2397602796554565,2.307692307692308,16.849293874709705,13
