hand,first_max_height,min_height,second_max_height,dribbling_frequency,bending_angle,duration
1,1.3836524486541748,1.0046710968017578,1.3622779846191406,1.875,10.945589548473249,16
