hand,first_max_height,min_height,second_max_height,dribbling_frequency,bending_angle,duration
1,1.3704761266708374,1.0374308824539185,1.4558887481689453,2.142857142857143,8.810804254112776,14
