hand,first_max_height,min_height,second_max_height,dribbling_frequency,bending_angle,duration
1,1.1527669429779053,0.9474980235099792,1.1728862524032593,2.5,16.848927387490086,12
