hand,first_max_height,min_height,second_max_height,dribbling_frequency,bending_angle,duration
1,1.0346965789794922,0.7277654409408569,0.988020122051239,2.0,52.14566490539642,15
