hand,first_max_height,min_height,second_max_height,dribbling_frequency,bending_angle,duration
1,1.0841704607009888,0.8169335722923279,0.9435365796089172,2.7272727272727275,49.7255755582159,11
