hand,first_max_height,min_height,second_max_height,dribbling_frequency,bending_angle,duration
1,1.0939149856567383,0.6306502223014832,1.0483726263046265,1.6666666666666665,59.122154036559174,18
