hand,first_max_height,min_height,second_max_height,dribbling_frequency,bending_angle,duration
1,1.3982831239700317,0.9902989864349365,1.4162275791168213,1.7647058823529411,4.269817030218641,17
