hand,first_max_height,min_height,second_max_height,dribbling_frequency,bending_angle,duration
1,1.3170052766799927,1.0231739282608032,1.2320959568023682,2.142857142857143,23.489205702826983,14
