hand,first_max_height,min_height,second_max_height,dribbling_frequency,bending_angle,duration
1,1.4612470865249634,0.997373104095459,1.517913818359375,1.6666666666666665,7.154722553245883,18
