hand,first_max_height,min_height,second_max_height,dribbling_frequency,bending_angle,duration
1,1.4349735975265503,1.0375076532363892,1.464747428894043,1.6666666666666665,6.132644973425199,18
