hand,first_max_height,min_height,second_max_height,dribbling_frequency,bending_angle,duration
1,1.31508207321167,1.0323576927185059,1.3237156867980957,2.142857142857143,7.150522631140562,14
