hand,first_max_height,min_height,second_max_height,dribbling_frequency,bending_angle,duration
1,1.3849713802337646,1.0494447946548462,1.4528146982192993,1.875,6.9606238746925655,16
