hand,first_max_height,min_height,second_max_height,dribbling_frequency,bending_angle,duration
1,0.6948493719100952,0.6129357814788818,1.3333702087402344,1.875,71.31370979608576,16
