hand,first_max_height,min_height,second_max_height,dribbling_frequency,bending_angle,duration
1,1.1717230081558228,0.6859416365623474,1.0341969728469849,1.5789473684210527,54.918362617246714,19
