hand,first_max_height,min_height,second_max_height,dribbling_frequency,bending_angle,duration
1,1.3562296628952026,1.0226372480392456,1.3592522144317627,2.0,12.797185352403904,15
