hand,first_max_height,min_height,second_max_height,dribbling_frequency,bending_angle,duration
1,1.0464541912078857,0.6972739696502686,1.0743573904037476,2.0,59.86404380682762,15
