hand,first_max_height,min_height,second_max_height,dribbling_frequency,bending_angle,duration
1,1.6546989679336548,1.0657709836959839,1.6292078495025635,1.25,6.313387774183044,24
