hand,first_max_height,min_height,second_max_height,dribbling_frequency,bending_angle,duration
1,1.308830738067627,0.9858100414276123,1.3370522260665894,2.307692307692308,14.149021144026628,13
