hand,first_max_height,min_height,second_max_height,dribbling_frequency,bending_angle,duration
1,1.4464040994644165,1.044202208518982,1.4362846612930298,1.875,5.16757726662325,16
