hand,first_max_height,min_height,second_max_height,dribbling_frequency,bending_angle,duration
1,1.4808920621871948,1.0130748748779297,1.4860219955444336,1.875,9.056360914203845,16
