hand,first_max_height,min_height,second_max_height,dribbling_frequency,bending_angle,duration
1,1.4688928127288818,1.0392154455184937,1.4536651372909546,1.7647058823529411,4.668325776514434,17
