hand,first_max_height,min_height,second_max_height,dribbling_frequency,bending_angle,duration
1,1.3518502712249756,1.014666199684143,1.430504560470581,2.0,3.6875912093384717,15
