hand,first_max_height,min_height,second_max_height,dribbling_frequency,bending_angle,duration
1,1.4902827739715576,0.9588648080825806,1.5210756063461304,1.4285714285714284,19.298843269479853,21
