hand,first_max_height,min_height,second_max_height,dribbling_frequency,bending_angle,duration
1,1.1476311683654785,0.7565867900848389,1.2687615156173706,1.875,55.99756928147302,16
