hand,first_max_height,min_height,second_max_height,dribbling_frequency,bending_angle,duration
1,1.4186909198760986,1.0751330852508545,1.4436454772949219,2.0,3.576342119865992,15
