hand,first_max_height,min_height,second_max_height,dribbling_frequency,bending_angle,duration
1,1.4558887481689453,1.055119276046753,1.4528281688690186,2.307692307692308,6.2249245005737555,13
