hand,first_max_height,min_height,second_max_height,dribbling_frequency,bending_angle,duration
1,1.028171420097351,0.7710140943527222,1.5049527883529663,1.6666666666666665,62.717828037709936,18
