hand,first_max_height,min_height,second_max_height,dribbling_frequency,bending_angle,duration
1,1.4163058996200562,1.0054166316986084,1.4142615795135498,1.875,8.439347101626659,16
