hand,first_max_height,min_height,second_max_height,dribbling_frequency,bending_angle,duration
1,1.242559790611267,1.0144418478012085,1.3040242195129395,2.142857142857143,10.102866792142386,14
