hand,first_max_height,min_height,second_max_height,dribbling_frequency,bending_angle,duration
1,1.5008809566497803,0.9163088798522949,1.4507890939712524,1.5789473684210527,9.653187284927219,19
