hand,first_max_height,min_height,second_max_height,dribbling_frequency,bending_angle,duration
1,1.3846254348754883,0.9543169140815735,1.4993090629577637,1.7647058823529411,20.61321125800984,17
