hand,first_max_height,min_height,second_max_height,dribbling_frequency,bending_angle,duration
1,1.4178677797317505,1.0384867191314697,1.4315688610076904,1.7647058823529411,4.985698901504717,17
