hand,first_max_height,min_height,second_max_height,dribbling_frequency,bending_angle,duration
1,1.6597349643707275,0.9698662757873535,1.6405236721038818,1.3636363636363638,10.945789433357978,22
