hand,first_max_height,min_height,second_max_height,dribbling_frequency,bending_angle,duration
1,1.3793457746505737,0.9763152003288269,1.282254695892334,2.0,7.66929754948074,15
