hand,first_max_height,min_height,second_max_height,dribbling_frequency,bending_angle,duration
1,1.4755104780197144,0.9731754064559937,1.458482265472412,1.5,8.748249404532526,20
