hand,first_max_height,min_height,second_max_height,dribbling_frequency,bending_angle,duration
1,1.0556678771972656,0.8064794540405273,1.039638638496399,2.5,52.44823323334796,12
