hand,first_max_height,min_height,second_max_height,dribbling_frequency,bending_angle,duration
1,1.0152204036712646,0.8034272193908691,1.0028129816055298,2.7272727272727275,52.51975285499093,11
