hand,first_max_height,min_height,second_max_height,dribbling_frequency,bending_angle,duration
1,1.4536651372909546,1.0172736644744873,1.3733083009719849,1.7647058823529411,4.5243121557017805,17
