hand,first_max_height,min_height,second_max_height,dribbling_frequency,bending_angle,duration
1,0.9594904184341431,0.6114933490753174,0.7757379412651062,2.7272727272727275,66.71334044337779,11
