hand,first_max_height,min_height,second_max_height,dribbling_frequency,bending_angle,duration
1,1.3557929992675781,1.021517038345337,1.3085551261901855,2.142857142857143,9.715542690717003,14
