hand,first_max_height,min_height,second_max_height,dribbling_frequency,bending_angle,duration
1,1.1749777793884277,0.7927087545394897,1.2305071353912354,1.6666666666666665,31.842738051460604,18
