hand,first_max_height,min_height,second_max_height,dribbling_frequency,bending_angle,duration
1,1.3468178510665894,1.0581293106079102,1.4563896656036377,2.0,6.881297805657719,15
