hand,first_max_height,min_height,second_max_height,dribbling_frequency,bending_angle,duration
1,1.4637222290039062,0.9845300316810608,1.4689444303512573,1.6666666666666665,5.265922156397543,18
