hand,first_max_height,min_height,second_max_height,dribbling_frequency,bending_angle,duration
1,0.9458886384963989,0.7191468477249146,0.9015641808509827,2.307692307692308,56.62609736250781,13
