hand,first_max_height,min_height,second_max_height,dribbling_frequency,bending_angle,duration
1,1.6491645574569702,1.052762746810913,1.6426118612289429,1.3043478260869565,9.169939275081843,23
