hand,first_max_height,min_height,second_max_height,dribbling_frequency,bending_angle,duration
1,0.7984248399734497,0.5813945531845093,0.7661336064338684,2.7272727272727275,65.3972501837189,11
