hand,first_max_height,min_height,second_max_height,dribbling_frequency,bending_angle,duration
1,1.4194992780685425,1.025321364402771,1.4390546083450317,1.875,8.532726142268421,16
