hand,first_max_height,min_height,second_max_height,dribbling_frequency,bending_angle,duration
1,1.2198561429977417,0.9392344355583191,1.3908411264419556,2.0,25.978274806688766,15
