hand,first_max_height,min_height,second_max_height,dribbling_frequency,bending_angle,duration
1,1.0813674926757812,0.6975938677787781,1.6166584491729736,1.4285714285714284,45.08325887026029,21
