hand,first_max_height,min_height,second_max_height,dribbling_frequency,bending_angle,duration
1,1.4285571575164795,1.0119928121566772,1.46251380443573,1.6666666666666665,3.771881066387933,18
