hand,first_max_height,min_height,second_max_height,dribbling_frequency,bending_angle,duration
1,1.2384042739868164,1.0298432111740112,1.3801881074905396,2.142857142857143,14.564909886773968,14
