hand,first_max_height,min_height,second_max_height,dribbling_frequency,bending_angle,duration
1,1.6446706056594849,1.0227181911468506,1.7046107053756714,1.3043478260869565,5.814833393594564,23
