hand,first_max_height,min_height,second_max_height,dribbling_frequency,bending_angle,duration
1,0.7757379412651062,0.4995138645172119,1.523630142211914,1.3636363636363638,75.85692565311354,22
