hand,first_max_height,min_height,second_max_height,dribbling_frequency,bending_angle,duration
1,1.2628819942474365,0.9706888794898987,1.3224337100982666,1.6666666666666665,19.694684798437073,18
