hand,first_max_height,min_height,second_max_height,dribbling_frequency,bending_angle,duration
1,1.4896055459976196,0.9691100120544434,1.42547607421875,1.6666666666666665,6.086500196220332,18
