hand,first_max_height,min_height,second_max_height,dribbling_frequency,bending_angle,duration
1,1.4049136638641357,1.013850212097168,1.365937352180481,2.307692307692308,14.65678829018517,13
