hand,first_max_height,min_height,second_max_height,dribbling_frequency,bending_angle,duration
1,1.5958428382873535,1.065131425857544,1.6491645574569702,1.4285714285714284,11.107429735007216,21
