hand,first_max_height,min_height,second_max_height,dribbling_frequency,bending_angle,duration
1,1.3884727954864502,1.0043176412582397,1.4818929433822632,1.7647058823529411,7.4632346081874426,17
