hand,first_max_height,min_height,second_max_height,dribbling_frequency,bending_angle,duration
1,1.2207154035568237,0.8466088175773621,1.2418134212493896,1.7647058823529411,25.285444962981853,17
