hand,first_max_height,min_height,second_max_height,dribbling_frequency,bending_angle,duration
1,1.1794142723083496,0.9277292490005493,1.187394380569458,2.7272727272727275,36.39124427049955,11
