hand,first_max_height,min_height,second_max_height,dribbling_frequency,bending_angle,duration
1,1.219129204750061,0.980743944644928,1.2337008714675903,2.5,25.23928527674967,12
