hand,first_max_height,min_height,second_max_height,dribbling_frequency,bending_angle,duration
1,1.4432307481765747,1.0255452394485474,1.4246891736984253,1.7647058823529411,3.6609012555781963,17
