hand,first_max_height,min_height,second_max_height,dribbling_frequency,bending_angle,duration
1,1.32024347782135,0.971677839756012,1.2348999977111816,2.142857142857143,16.120560597833283,14
