hand,first_max_height,min_height,second_max_height,dribbling_frequency,bending_angle,duration
1,0.8024992346763611,0.6866493821144104,1.1142500638961792,2.7272727272727275,61.42889020045971,11
