hand,first_max_height,min_height,second_max_height,dribbling_frequency,bending_angle,duration
1,1.3384383916854858,0.9658129811286926,1.5366281270980835,1.875,17.781382367183237,16
