hand,first_max_height,min_height,second_max_height,dribbling_frequency,bending_angle,duration
1,1.4088209867477417,0.9986813068389893,1.3802237510681152,1.7647058823529411,4.959249473869942,17
