hand,first_max_height,min_height,second_max_height,dribbling_frequency,bending_angle,duration
1,1.464339017868042,1.0458390712738037,1.4771454334259033,1.875,4.89110465059922,16
