hand,first_max_height,min_height,second_max_height,dribbling_frequency,bending_angle,duration
1,1.383070945739746,1.0171246528625488,1.4076497554779053,1.7647058823529411,3.6944349865619928,17
