hand,first_max_height,min_height,second_max_height,dribbling_frequency,bending_angle,duration
1,1.6056277751922607,1.0500355958938599,1.6159939765930176,1.3636363636363638,4.223006611836392,22
