hand,first_max_height,min_height,second_max_height,dribbling_frequency,bending_angle,duration
1,0.9851798415184021,0.6965076923370361,1.001731038093567,2.307692307692308,62.96338772132958,13
