hand,first_max_height,min_height,second_max_height,dribbling_frequency,bending_angle,duration
1,1.0602951049804688,0.7001796960830688,0.9461982846260071,2.5,52.17323435248823,12
