hand,first_max_height,min_height,second_max_height,dribbling_frequency,bending_angle,duration
1,1.5038113594055176,0.9707434177398682,1.4936859607696533,1.6666666666666665,18.279898032491523,18
