hand,first_max_height,min_height,second_max_height,dribbling_frequency,bending_angle,duration
1,1.1822481155395508,0.888657808303833,1.4601833820343018,2.142857142857143,38.12034130459051,14
