hand,first_max_height,min_height,second_max_height,dribbling_frequency,bending_angle,duration
1,1.0134018659591675,0.7656314969062805,0.9816416501998901,2.142857142857143,50.325692054224625,14
