hand,first_max_height,min_height,second_max_height,dribbling_frequency,bending_angle,duration
1,1.383294939994812,0.9937788844108582,1.3784396648406982,2.0,5.411002707360323,15
