hand,first_max_height,min_height,second_max_height,dribbling_frequency,bending_angle,duration
1,1.294120192527771,0.8304278254508972,1.0931353569030762,1.875,19.800134389180947,16
