hand,first_max_height,min_height,second_max_height,dribbling_frequency,bending_angle,duration
1,1.2328708171844482,0.8026074767112732,1.2141187191009521,1.6666666666666665,25.354578753233312,18
