hand,first_max_height,min_height,second_max_height,dribbling_frequency,bending_angle,duration
1,1.5157828330993652,0.9715613126754761,1.439141035079956,1.6666666666666665,6.590479070133967,18
