hand,first_max_height,min_height,second_max_height,dribbling_frequency,bending_angle,duration
1,1.3693113327026367,0.9661669731140137,1.350134253501892,1.875,10.136691579722932,16
