hand,first_max_height,min_height,second_max_height,dribbling_frequency,bending_angle,duration
1,1.1946825981140137,0.9539421796798706,1.2325496673583984,1.875,14.648681935009224,16
