hand,first_max_height,min_height,second_max_height,dribbling_frequency,bending_angle,duration
1,1.1336398124694824,0.7399985194206238,1.1447303295135498,1.7647058823529411,52.893292553765384,17
