hand,first_max_height,min_height,second_max_height,dribbling_frequency,bending_angle,duration
1,1.5279067754745483,1.048382043838501,1.6092032194137573,1.6666666666666665,2.390331783894151,18
