hand,first_max_height,min_height,second_max_height,dribbling_frequency,bending_angle,duration
1,1.1695616245269775,0.8970947265625,1.1834160089492798,2.142857142857143,31.870159277054793,14
