hand,first_max_height,min_height,second_max_height,dribbling_frequency,bending_angle,duration
1,1.4548486471176147,1.054979681968689,1.4693955183029175,1.875,3.9150657280317613,16
