hand,first_max_height,min_height,second_max_height,dribbling_frequency,bending_angle,duration
1,1.2319282293319702,0.8071249127388,1.2101229429244995,1.5789473684210527,27.199132964383328,19
