hand,first_max_height,min_height,second_max_height,dribbling_frequency,bending_angle,duration
1,1.4058513641357422,1.059777021408081,1.3631612062454224,1.875,5.977950737723475,16
