hand,first_max_height,min_height,second_max_height,dribbling_frequency,bending_angle,duration
1,1.5010697841644287,1.0364333391189575,1.464130163192749,1.7647058823529411,7.80427929131603,17
