hand,first_max_height,min_height,second_max_height,dribbling_frequency,bending_angle,duration
1,1.2091182470321655,0.8572010397911072,1.1716612577438354,2.0,16.78699116507004,15
