hand,first_max_height,min_height,second_max_height,dribbling_frequency,bending_angle,duration
1,1.249140739440918,0.9573172330856323,1.2490673065185547,2.142857142857143,20.181774614933047,14
