hand,first_max_height,min_height,second_max_height,dribbling_frequency,bending_angle,duration
1,1.5485316514968872,0.951569676399231,1.5266903638839722,1.7647058823529411,17.68233219095582,17
