hand,first_max_height,min_height,second_max_height,dribbling_frequency,bending_angle,duration
1,1.248185634613037,0.8697837591171265,1.2318687438964844,1.875,30.961447418878457,16
