hand,first_max_height,min_height,second_max_height,dribbling_frequency,bending_angle,duration
1,1.447515606880188,0.993373692035675,1.5044760704040527,1.7647058823529411,12.491700655421356,17
