hand,first_max_height,min_height,second_max_height,dribbling_frequency,bending_angle,duration
1,1.3513156175613403,0.9424468874931335,1.354587197303772,1.7647058823529411,8.151162766808067,17
