hand,first_max_height,min_height,second_max_height,dribbling_frequency,bending_angle,duration
1,1.0201507806777954,0.8740339279174805,1.0672308206558228,2.307692307692308,44.65415067509113,13
