hand,first_max_height,min_height,second_max_height,dribbling_frequency,bending_angle,duration
1,1.5695875883102417,1.0583308935165405,1.5359553098678589,1.875,2.121449737347588,16
