hand,first_max_height,min_height,second_max_height,dribbling_frequency,bending_angle,duration
1,1.4748716354370117,1.0816501379013062,1.4239569902420044,1.7647058823529411,1.4232397571849889,17
