hand,first_max_height,min_height,second_max_height,dribbling_frequency,bending_angle,duration
1,1.14997398853302,0.9213623404502869,1.137244701385498,2.307692307692308,41.259489632897065,13
