hand,first_max_height,min_height,second_max_height,dribbling_frequency,bending_angle,duration
1,1.441373348236084,0.7551654577255249,1.0660126209259033,1.7647058823529411,18.43388215833051,17
