hand,first_max_height,min_height,second_max_height,dribbling_frequency,bending_angle,duration
1,1.1909434795379639,0.9300879240036011,1.2080357074737549,2.307692307692308,22.621511231898594,13
