hand,first_max_height,min_height,second_max_height,dribbling_frequency,bending_angle,duration
1,1.002233624458313,0.571238100528717,0.9617135524749756,2.0,66.62292557459864,15
