hand,first_max_height,min_height,second_max_height,dribbling_frequency,bending_angle,duration
1,1.4206424951553345,1.0221010446548462,1.4037456512451172,1.6666666666666665,8.671782981324244,18
