hand,first_max_height,min_height,second_max_height,dribbling_frequency,bending_angle,duration
1,1.538798451423645,1.0558419227600098,1.5062685012817383,1.6666666666666665,2.9778174683906733,18
