hand,first_max_height,min_height,second_max_height,dribbling_frequency,bending_angle,duration
1,1.2931957244873047,1.0409727096557617,1.3456987142562866,2.0,15.01832465390659,15
