hand,first_max_height,min_height,second_max_height,dribbling_frequency,bending_angle,duration
1,1.193851113319397,0.8331629633903503,1.1899679899215698,1.7647058823529411,24.984048551400992,17
