hand,first_max_height,min_height,second_max_height,dribbling_frequency,bending_angle,duration
1,0.9959477782249451,0.7372312545776367,1.0678281784057617,2.142857142857143,52.94326360447552,14
