hand,first_max_height,min_height,second_max_height,dribbling_frequency,bending_angle,duration
1,1.3553321361541748,0.9015403985977173,1.334383487701416,1.6666666666666665,28.569301841236715,18
