hand,first_max_height,min_height,second_max_height,dribbling_frequency,bending_angle,duration
1,1.465217113494873,1.0388998985290527,1.443926215171814,1.875,3.4596633777686194,16
