hand,first_max_height,min_height,second_max_height,dribbling_frequency,bending_angle,duration
1,1.3550773859024048,0.8592144250869751,1.379183053970337,1.5,20.996332493187133,20
