hand,first_max_height,min_height,second_max_height,dribbling_frequency,bending_angle,duration
1,1.4717711210250854,0.9897634387016296,1.445249319076538,1.7647058823529411,11.216326850130281,17
