hand,first_max_height,min_height,second_max_height,dribbling_frequency,bending_angle,duration
1,1.3554840087890625,0.9654386043548584,1.3608694076538086,1.6666666666666665,7.305875421157003,18
