hand,first_max_height,min_height,second_max_height,dribbling_frequency,bending_angle,duration
1,1.3089030981063843,1.0225099325180054,1.4355027675628662,2.0,24.361438417584367,15
