hand,first_max_height,min_height,second_max_height,dribbling_frequency,bending_angle,duration
1,1.4259452819824219,1.05856454372406,1.442829966545105,1.875,3.069112540940045,16
