hand,first_max_height,min_height,second_max_height,dribbling_frequency,bending_angle,duration
1,1.0288832187652588,0.8811293840408325,1.1056102514266968,2.7272727272727275,45.56980434042781,11
