hand,first_max_height,min_height,second_max_height,dribbling_frequency,bending_angle,duration
1,1.2604291439056396,0.9125794768333435,1.3174169063568115,1.875,22.94693161726412,16
