hand,first_max_height,min_height,second_max_height,dribbling_frequency,bending_angle,duration
1,1.509742021560669,0.9878473281860352,1.4989687204360962,1.6666666666666665,8.464273821498127,18
