hand,first_max_height,min_height,second_max_height,dribbling_frequency,bending_angle,duration
1,1.4639694690704346,0.9765394330024719,1.4117789268493652,1.875,14.580778724252243,16
