hand,first_max_height,min_height,second_max_height,dribbling_frequency,bending_angle,duration
1,1.4188112020492554,1.0380157232284546,1.3981908559799194,2.0,7.541260440708417,15
