hand,first_max_height,min_height,second_max_height,dribbling_frequency,bending_angle,duration
1,1.4545960426330566,1.0350091457366943,1.4259260892868042,2.0,5.271115811306126,15
