hand,first_max_height,min_height,second_max_height,dribbling_frequency,bending_angle,duration
1,1.4692987203598022,1.1223233938217163,1.4220283031463623,1.875,7.390872387183115,16
