hand,first_max_height,min_height,second_max_height,dribbling_frequency,bending_angle,duration
1,1.2968449592590332,0.8653859496116638,1.1419814825057983,1.875,23.137514002412914,16
