hand,first_max_height,min_height,second_max_height,dribbling_frequency,bending_angle,duration
1,1.3455204963684082,1.0764844417572021,1.3774434328079224,2.142857142857143,9.156694929171648,14
