hand,first_max_height,min_height,second_max_height,dribbling_frequency,bending_angle,duration
1,1.5366281270980835,0.9784504771232605,1.4957406520843506,1.875,9.02926930233725,16
