hand,first_max_height,min_height,second_max_height,dribbling_frequency,bending_angle,duration
1,1.2699910402297974,0.956643283367157,1.0229806900024414,3.0,7.651168288725444,10
