hand,first_max_height,min_height,second_max_height,dribbling_frequency,bending_angle,duration
1,1.1355074644088745,0.8842912912368774,1.1770296096801758,2.7272727272727275,35.825413418322555,11
