hand,first_max_height,min_height,second_max_height,dribbling_frequency,bending_angle,duration
1,1.4985095262527466,1.0316559076309204,1.4729773998260498,1.7647058823529411,2.5750964256181845,17
