hand,first_max_height,min_height,second_max_height,dribbling_frequency,bending_angle,duration
1,1.4206371307373047,1.0252846479415894,1.408084750175476,1.7647058823529411,3.7728014176860802,17
