hand,first_max_height,min_height,second_max_height,dribbling_frequency,bending_angle,duration
1,1.0027939081192017,0.7114010453224182,0.9387834072113037,2.5,53.53260886974258,12
