hand,first_max_height,min_height,second_max_height,dribbling_frequency,bending_angle,duration
1,0.8123764991760254,0.6703357100486755,0.7922541499137878,2.7272727272727275,75.2448980178285,11
