hand,first_max_height,min_height,second_max_height,dribbling_frequency,bending_angle,duration
1,1.4597339630126953,1.0523685216903687,1.4449206590652466,1.7647058823529411,8.955023930391114,17
