hand,first_max_height,min_height,second_max_height,dribbling_frequency,bending_angle,duration
1,1.4540314674377441,1.0735270977020264,1.4578036069869995,1.875,2.447845657538674,16
