hand,first_max_height,min_height,second_max_height,dribbling_frequency,bending_angle,duration
1,0.9448546767234802,0.7137196660041809,0.9439375996589661,2.5,60.21534404270701,12
