hand,first_max_height,min_height,second_max_height,dribbling_frequency,bending_angle,duration
1,1.6121292114257812,0.9967790842056274,1.6242319345474243,1.5,2.8223594406548984,20
