hand,first_max_height,min_height,second_max_height,dribbling_frequency,bending_angle,duration
1,1.193534016609192,0.9618303179740906,1.162322759628296,2.5,21.78085991286586,12
