hand,first_max_height,min_height,second_max_height,dribbling_frequency,bending_angle,duration
1,1.4402930736541748,1.0588639974594116,1.4280893802642822,1.6666666666666665,4.177444913780449,18
