hand,first_max_height,min_height,second_max_height,dribbling_frequency,bending_angle,duration
1,1.41663658618927,1.0697391033172607,1.4162836074829102,1.875,7.661089800008682,16
