hand,first_max_height,min_height,second_max_height,dribbling_frequency,bending_angle,duration
1,1.5277460813522339,0.9944400787353516,1.5099130868911743,1.6666666666666665,9.107579171470613,18
