hand,first_max_height,min_height,second_max_height,dribbling_frequency,bending_angle,duration
1,1.4394071102142334,0.9857462048530579,1.3695077896118164,1.5789473684210527,6.2350423118607985,19
