hand,first_max_height,min_height,second_max_height,dribbling_frequency,bending_angle,duration
1,1.3746968507766724,1.0424362421035767,1.3256034851074219,2.142857142857143,6.046826581560715,14
