hand,first_max_height,min_height,second_max_height,dribbling_frequency,bending_angle,duration
1,0.7905961871147156,0.57997065782547,0.7595763206481934,2.5,68.16455022446387,12
