hand,first_max_height,min_height,second_max_height,dribbling_frequency,bending_angle,duration
1,1.5092878341674805,1.132286548614502,1.41680908203125,2.307692307692308,2.9197955375424054,13
