hand,first_max_height,min_height,second_max_height,dribbling_frequency,bending_angle,duration
1,1.4907735586166382,0.9674522280693054,1.4887996912002563,1.7647058823529411,6.810341090257347,17
