hand,first_max_height,min_height,second_max_height,dribbling_frequency,bending_angle,duration
1,1.3169692754745483,1.014330506324768,1.3525327444076538,1.875,14.597522267062999,16
