hand,first_max_height,min_height,second_max_height,dribbling_frequency,bending_angle,duration
1,1.1588616371154785,0.6272628307342529,1.002233624458313,1.6666666666666665,52.33230949587363,18
