hand,first_max_height,min_height,second_max_height,dribbling_frequency,bending_angle,duration
1,1.4191786050796509,0.9973230957984924,1.392025113105774,1.7647058823529411,8.94854911185844,17
