hand,first_max_height,min_height,second_max_height,dribbling_frequency,bending_angle,duration
1,1.0033360719680786,0.6059545278549194,0.9124463200569153,2.142857142857143,66.50963721441582,14
