hand,first_max_height,min_height,second_max_height,dribbling_frequency,bending_angle,duration
1,0.907709002494812,0.6723647117614746,0.7593581676483154,3.0,61.73860304593441,10
