hand,first_max_height,min_height,second_max_height,dribbling_frequency,bending_angle,duration
1,1.5527915954589844,1.023034691810608,1.5293242931365967,1.6666666666666665,5.360467228449876,18
