hand,first_max_height,min_height,second_max_height,dribbling_frequency,bending_angle,duration
1,1.3606642484664917,1.050615906715393,1.3813884258270264,2.0,6.83772371914577,15
