hand,first_max_height,min_height,second_max_height,dribbling_frequency,bending_angle,duration
1,1.4753190279006958,0.9478936195373535,1.4253684282302856,1.5,11.090735746429287,20
