hand,first_max_height,min_height,second_max_height,dribbling_frequency,bending_angle,duration
1,1.2108192443847656,0.9838384985923767,1.1879955530166626,3.0,21.268050185774914,10
