hand,first_max_height,min_height,second_max_height,dribbling_frequency,bending_angle,duration
1,1.4342806339263916,0.8584741353988647,1.0013664960861206,1.875,20.187202158767224,16
