hand,first_max_height,min_height,second_max_height,dribbling_frequency,bending_angle,duration
1,1.4364420175552368,0.9188341498374939,1.4060704708099365,1.5789473684210527,24.524785892684232,19
