hand,first_max_height,min_height,second_max_height,dribbling_frequency,bending_angle,duration
1,0.9673490524291992,0.7720927596092224,1.2087795734405518,2.5,63.301639145215624,12
