hand,first_max_height,min_height,second_max_height,dribbling_frequency,bending_angle,duration
1,1.248923659324646,0.8655502796173096,1.236717939376831,2.0,27.96638398965414,15
