hand,first_max_height,min_height,second_max_height,dribbling_frequency,bending_angle,duration
1,1.2375478744506836,0.9582644104957581,1.3866595029830933,2.307692307692308,32.78083394374626,13
