hand,first_max_height,min_height,second_max_height,dribbling_frequency,bending_angle,duration
1,1.6405236721038818,0.9665201306343079,1.635287880897522,1.4285714285714284,10.071889163080673,21
