hand,first_max_height,min_height,second_max_height,dribbling_frequency,bending_angle,duration
1,1.4340460300445557,1.0205775499343872,1.4678475856781006,1.7647058823529411,3.728916730206991,17
