hand,first_max_height,min_height,second_max_height,dribbling_frequency,bending_angle,duration
1,1.4991792440414429,1.0747493505477905,1.4710757732391357,1.875,3.433102056962919,16
