hand,first_max_height,min_height,second_max_height,dribbling_frequency,bending_angle,duration
1,1.2664685249328613,0.9554363489151001,1.3137445449829102,2.0,11.83490445922206,15
