hand,first_max_height,min_height,second_max_height,dribbling_frequency,bending_angle,duration
1,1.4102221727371216,1.031127691268921,1.3933908939361572,1.875,6.735596303090484,16
