hand,first_max_height,min_height,second_max_height,dribbling_frequency,bending_angle,duration
1,0.9405156970024109,0.6896435618400574,1.1805812120437622,2.142857142857143,69.38930477481001,14
