hand,first_max_height,min_height,second_max_height,dribbling_frequency,bending_angle,duration
1,1.3761261701583862,1.0545283555984497,1.4328309297561646,1.7647058823529411,3.196928491728616,17
