hand,first_max_height,min_height,second_max_height,dribbling_frequency,bending_angle,duration
1,1.4554617404937744,1.0548622608184814,1.412253499031067,1.875,2.4770063328751593,16
