hand,first_max_height,min_height,second_max_height,dribbling_frequency,bending_angle,duration
1,1.3810908794403076,0.9903074502944946,1.3721725940704346,1.7647058823529411,7.236583356397069,17
