hand,first_max_height,min_height,second_max_height,dribbling_frequency,bending_angle,duration
1,0.7453539371490479,0.4630749225616455,1.4735549688339233,1.25,79.10397940459906,24
