hand,first_max_height,min_height,second_max_height,dribbling_frequency,bending_angle,duration
1,1.1071434020996094,0.6895756125450134,1.0640281438827515,1.6666666666666665,61.54865615499085,18
