hand,first_max_height,min_height,second_max_height,dribbling_frequency,bending_angle,duration
1,0.970020592212677,0.6078557372093201,0.9970484972000122,2.0,66.69459104213988,15
