hand,first_max_height,min_height,second_max_height,dribbling_frequency,bending_angle,duration
1,1.3964794874191284,1.0434496402740479,1.411813735961914,1.7647058823529411,7.0258273254154435,17
