hand,first_max_height,min_height,second_max_height,dribbling_frequency,bending_angle,duration
1,1.2427525520324707,1.0216420888900757,1.2931957244873047,1.875,14.518049449121854,16
