hand,first_max_height,min_height,second_max_height,dribbling_frequency,bending_angle,duration
1,1.4311347007751465,0.9877586960792542,1.4468213319778442,1.5789473684210527,6.066734585059552,19
