hand,first_max_height,min_height,second_max_height,dribbling_frequency,bending_angle,duration
1,1.4071482419967651,1.0084737539291382,1.382035493850708,1.875,7.734702155131923,16
