hand,first_max_height,min_height,second_max_height,dribbling_frequency,bending_angle,duration
1,1.5381594896316528,1.0169122219085693,1.4495606422424316,1.6666666666666665,7.509793912242027,18
