hand,first_max_height,min_height,second_max_height,dribbling_frequency,bending_angle,duration
1,1.2286001443862915,0.9633015394210815,1.1924382448196411,2.142857142857143,34.04380948745965,14
