hand,first_max_height,min_height,second_max_height,dribbling_frequency,bending_angle,duration
1,1.4111518859863281,1.0109955072402954,1.3897887468338013,1.7647058823529411,7.291096432606818,17
