hand,first_max_height,min_height,second_max_height,dribbling_frequency,bending_angle,duration
1,1.2411407232284546,0.9245400428771973,1.296203851699829,1.875,12.130889928552458,16
