hand,first_max_height,min_height,second_max_height,dribbling_frequency,bending_angle,duration
1,0.9788194894790649,0.7184050679206848,0.9852352142333984,2.142857142857143,58.15400282194746,14
