hand,first_max_height,min_height,second_max_height,dribbling_frequency,bending_angle,duration
1,1.5490450859069824,1.074302077293396,1.4484189748764038,1.6666666666666665,6.284064380330109,18
