hand,first_max_height,min_height,second_max_height,dribbling_frequency,bending_angle,duration
1,1.5762577056884766,0.9769583940505981,1.5594062805175781,1.6666666666666665,8.929202840331346,18
