hand,first_max_height,min_height,second_max_height,dribbling_frequency,bending_angle,duration
1,1.2713981866836548,0.9606401920318604,1.2622908353805542,2.0,14.475047378672716,15
