hand,first_max_height,min_height,second_max_height,dribbling_frequency,bending_angle,duration
1,1.4178978204727173,1.0231573581695557,1.379399061203003,2.0,3.709527403833196,15
