hand,first_max_height,min_height,second_max_height,dribbling_frequency,bending_angle,duration
1,1.0089422464370728,0.7482391595840454,1.039035677909851,2.0,55.088496961453956,15
