hand,first_max_height,min_height,second_max_height,dribbling_frequency,bending_angle,duration
1,1.3763879537582397,1.0553587675094604,1.329123854637146,2.307692307692308,8.157941677094339,13
