hand,first_max_height,min_height,second_max_height,dribbling_frequency,bending_angle,duration
1,0.9199749231338501,0.6467932462692261,0.8023134469985962,2.7272727272727275,62.55109225256737,11
