hand,first_max_height,min_height,second_max_height,dribbling_frequency,bending_angle,duration
1,1.5226552486419678,0.7254283428192139,1.4929280281066895,1.3043478260869565,28.483029616782623,23
