hand,first_max_height,min_height,second_max_height,dribbling_frequency,bending_angle,duration
1,1.2855298519134521,0.9794979095458984,1.27740478515625,2.142857142857143,14.322711928335742,14
