hand,first_max_height,min_height,second_max_height,dribbling_frequency,bending_angle,duration
1,1.488086223602295,0.9885074496269226,1.4139132499694824,1.7647058823529411,5.474913321816948,17
