hand,first_max_height,min_height,second_max_height,dribbling_frequency,bending_angle,duration
1,1.3528971672058105,0.9151549935340881,1.2606086730957031,1.875,14.84504914111456,16
