hand,first_max_height,min_height,second_max_height,dribbling_frequency,bending_angle,duration
1,1.0259422063827515,0.47700873017311096,1.3684087991714478,1.3636363636363638,59.99621435487399,22
