hand,first_max_height,min_height,second_max_height,dribbling_frequency,bending_angle,duration
1,1.443811297416687,1.0591474771499634,1.4632359743118286,2.0,2.3542496211921016,15
