hand,first_max_height,min_height,second_max_height,dribbling_frequency,bending_angle,duration
1,1.537936806678772,1.0393551588058472,1.5228374004364014,1.6666666666666665,3.45884610990304,18
