hand,first_max_height,min_height,second_max_height,dribbling_frequency,bending_angle,duration
1,1.090091586112976,0.8727689385414124,1.108838438987732,2.0,32.57795231002704,15
