hand,first_max_height,min_height,second_max_height,dribbling_frequency,bending_angle,duration
1,0.9977152347564697,0.7355837225914001,0.9730570912361145,2.5,52.88406750266421,12
