hand,first_max_height,min_height,second_max_height,dribbling_frequency,bending_angle,duration
1,1.1216269731521606,0.7519484162330627,1.1127352714538574,1.7647058823529411,45.8610699432253,17
