hand,first_max_height,min_height,second_max_height,dribbling_frequency,bending_angle,duration
1,1.4162275791168213,0.9997795224189758,1.4644819498062134,1.7647058823529411,2.7653998949636374,17
