hand,first_max_height,min_height,second_max_height,dribbling_frequency,bending_angle,duration
1,1.4136441946029663,1.0790941715240479,1.4563608169555664,1.7647058823529411,3.40055328878476,17
