hand,first_max_height,min_height,second_max_height,dribbling_frequency,bending_angle,duration
1,0.8397694230079651,0.7010968327522278,0.9225630164146423,3.0,61.32372078383526,10
