hand,first_max_height,min_height,second_max_height,dribbling_frequency,bending_angle,duration
1,1.3655284643173218,0.9914515614509583,1.353830099105835,1.875,9.629151503553407,16
