hand,first_max_height,min_height,second_max_height,dribbling_frequency,bending_angle,duration
1,1.0471789836883545,0.862775444984436,1.2375478744506836,2.7272727272727275,48.25335264237679,11
