hand,first_max_height,min_height,second_max_height,dribbling_frequency,bending_angle,duration
1,1.3106533288955688,0.9660359025001526,1.2562308311462402,2.0,10.331004551539255,15
