hand,first_max_height,min_height,second_max_height,dribbling_frequency,bending_angle,duration
1,1.0330350399017334,0.8169543743133545,1.0474070310592651,2.5,53.241680796661626,12
