hand,first_max_height,min_height,second_max_height,dribbling_frequency,bending_angle,duration
1,0.9523849487304688,0.6537448167800903,0.8922529220581055,2.5,68.3577624452232,12
