hand,first_max_height,min_height,second_max_height,dribbling_frequency,bending_angle,duration
1,1.283238172531128,0.8692779541015625,0.9444310069084167,3.0,14.42766456764125,10
