hand,first_max_height,min_height,second_max_height,dribbling_frequency,bending_angle,duration
1,1.2941617965698242,0.9933964014053345,1.335927128791809,2.0,21.27209784308332,15
