hand,first_max_height,min_height,second_max_height,dribbling_frequency,bending_angle,duration
1,1.141912817955017,0.7780946493148804,1.1476311683654785,1.875,53.95553109466814,16
