hand,first_max_height,min_height,second_max_height,dribbling_frequency,bending_angle,duration
1,0.8041521310806274,0.7067204713821411,0.7742807269096375,3.0,59.29720096706167,10
