hand,first_max_height,min_height,second_max_height,dribbling_frequency,bending_angle,duration
1,1.4390243291854858,1.0089006423950195,1.41389799118042,1.875,5.916304235738916,16
