hand,first_max_height,min_height,second_max_height,dribbling_frequency,bending_angle,duration
1,1.3930352926254272,1.0408490896224976,1.3611150979995728,1.875,2.2004017786842374,16
