hand,first_max_height,min_height,second_max_height,dribbling_frequency,bending_angle,duration
1,1.396973729133606,0.9394153356552124,1.3907078504562378,1.5789473684210527,7.157740556836459,19
