hand,first_max_height,min_height,second_max_height,dribbling_frequency,bending_angle,duration
1,1.5362330675125122,1.0192807912826538,1.5182280540466309,1.3636363636363638,12.846082578466717,22
