hand,first_max_height,min_height,second_max_height,dribbling_frequency,bending_angle,duration
1,1.0640281438827515,0.6889188885688782,1.0214471817016602,1.7647058823529411,63.426857179867696,17
