hand,first_max_height,min_height,second_max_height,dribbling_frequency,bending_angle,duration
1,1.0310579538345337,0.7388291358947754,1.0645124912261963,2.142857142857143,57.00766436651475,14
