hand,first_max_height,min_height,second_max_height,dribbling_frequency,bending_angle,duration
1,0.9606931805610657,0.7923861145973206,1.1953637599945068,2.5,58.03086364719258,12
