hand,first_max_height,min_height,second_max_height,dribbling_frequency,bending_angle,duration
1,1.3155333995819092,1.0482155084609985,1.3291226625442505,2.142857142857143,8.566377595943363,14
