hand,first_max_height,min_height,second_max_height,dribbling_frequency,bending_angle,duration
1,1.1875133514404297,0.7789368033409119,1.2148642539978027,1.6666666666666665,28.30849253237399,18
