hand,first_max_height,min_height,second_max_height,dribbling_frequency,bending_angle,duration
1,1.5038155317306519,0.9756411910057068,1.5440973043441772,1.7647058823529411,16.31386432711933,17
