hand,first_max_height,min_height,second_max_height,dribbling_frequency,bending_angle,duration
1,0.9987339973449707,0.6848378777503967,0.9979673027992249,2.142857142857143,59.35122153499729,14
