hand,first_max_height,min_height,second_max_height,dribbling_frequency,bending_angle,duration
1,1.5284827947616577,1.0430583953857422,1.4444890022277832,1.6666666666666665,8.063049444555427,18
