hand,first_max_height,min_height,second_max_height,dribbling_frequency,bending_angle,duration
1,1.452919602394104,0.9506882429122925,1.4312952756881714,1.875,27.41503567177155,16
