hand,first_max_height,min_height,second_max_height,dribbling_frequency,bending_angle,duration
1,1.3454056978225708,1.006822109222412,1.3582115173339844,1.875,11.451701581604848,16
