hand,first_max_height,min_height,second_max_height,dribbling_frequency,bending_angle,duration
1,1.561266303062439,1.0741353034973145,1.4987937211990356,1.7647058823529411,5.1860751200896775,17
