hand,first_max_height,min_height,second_max_height,dribbling_frequency,bending_angle,duration
1,1.41484534740448,0.9898298978805542,1.4484455585479736,1.6666666666666665,8.900837169698613,18
