hand,first_max_height,min_height,second_max_height,dribbling_frequency,bending_angle,duration
1,1.3935822248458862,1.01259183883667,1.4586292505264282,2.0,5.4435833997583805,15
