hand,first_max_height,min_height,second_max_height,dribbling_frequency,bending_angle,duration
1,1.3801881074905396,1.0756540298461914,1.4232007265090942,2.0,9.106791743084672,15
