hand,first_max_height,min_height,second_max_height,dribbling_frequency,bending_angle,duration
1,1.5664139986038208,0.99789959192276,1.5296337604522705,1.7647058823529411,11.0005407264026,17
