hand,first_max_height,min_height,second_max_height,dribbling_frequency,bending_angle,duration
1,1.4273730516433716,0.9917727112770081,1.4611252546310425,1.6666666666666665,8.862864792179469,18
