hand,first_max_height,min_height,second_max_height,dribbling_frequency,bending_angle,duration
1,1.0550875663757324,0.6877076029777527,0.8696712255477905,2.307692307692308,46.00865069607965,13
