hand,first_max_height,min_height,second_max_height,dribbling_frequency,bending_angle,duration
1,1.4483197927474976,1.0357624292373657,1.4169087409973145,2.142857142857143,5.738207183400184,14
