hand,first_max_height,min_height,second_max_height,dribbling_frequency,bending_angle,duration
1,0.8615067601203918,0.8137216567993164,1.2524018287658691,2.7272727272727275,49.135835598091354,11
