hand,first_max_height,min_height,second_max_height,dribbling_frequency,bending_angle,duration
1,1.3620762825012207,1.0863381624221802,1.326077938079834,2.142857142857143,11.23156884351112,14
