hand,first_max_height,min_height,second_max_height,dribbling_frequency,bending_angle,duration
1,1.0085382461547852,0.7838276624679565,1.0139200687408447,2.5,52.50423094904857,12
