hand,first_max_height,min_height,second_max_height,dribbling_frequency,bending_angle,duration
1,0.9846264719963074,0.7290930151939392,1.006667971611023,2.142857142857143,57.154593691785294,14
