hand,first_max_height,min_height,second_max_height,dribbling_frequency,bending_angle,duration
1,1.5393275022506714,1.0356673002243042,1.541677713394165,1.6666666666666665,3.7914631992619556,18
