hand,first_max_height,min_height,second_max_height,dribbling_frequency,bending_angle,duration
1,1.650245189666748,1.0795531272888184,1.6119683980941772,1.3636363636363638,5.552245633844948,22
