hand,first_max_height,min_height,second_max_height,dribbling_frequency,bending_angle,duration
1,1.3837090730667114,1.0948325395584106,1.3945177793502808,2.142857142857143,4.6947152690727,14
