hand,first_max_height,min_height,second_max_height,dribbling_frequency,bending_angle,duration
1,0.7246562242507935,0.43363451957702637,0.7520310282707214,1.875,77.74716343971878,16
