hand,first_max_height,min_height,second_max_height,dribbling_frequency,bending_angle,duration
1,1.441204309463501,1.0351887941360474,1.4280927181243896,2.0,6.632055749898923,15
