hand,first_max_height,min_height,second_max_height,dribbling_frequency,bending_angle,duration
1,1.3293092250823975,0.9846457839012146,1.3773118257522583,1.875,16.48931271500159,16
