hand,first_max_height,min_height,second_max_height,dribbling_frequency,bending_angle,duration
1,1.4193477630615234,1.091242790222168,1.3839716911315918,2.0,2.6854020244725407,15
