hand,first_max_height,min_height,second_max_height,dribbling_frequency,bending_angle,duration
1,1.4806009531021118,1.0414270162582397,1.3834338188171387,1.875,1.215497485752796,16
