hand,first_max_height,min_height,second_max_height,dribbling_frequency,bending_angle,duration
1,1.1065247058868408,0.804890513420105,1.0062055587768555,2.307692307692308,47.41771271095782,13
