hand,first_max_height,min_height,second_max_height,dribbling_frequency,bending_angle,duration
1,1.4297271966934204,1.0259366035461426,1.438252329826355,1.4285714285714284,14.450812026162817,21
