hand,first_max_height,min_height,second_max_height,dribbling_frequency,bending_angle,duration
1,1.001147985458374,0.7802713513374329,0.9858731627464294,2.142857142857143,48.76594572500343,14
