hand,first_max_height,min_height,second_max_height,dribbling_frequency,bending_angle,duration
1,1.5187722444534302,1.0291529893875122,1.5277928113937378,1.4285714285714284,11.041060175300064,21
