hand,first_max_height,min_height,second_max_height,dribbling_frequency,bending_angle,duration
1,1.5064467191696167,1.0049117803573608,1.4612470865249634,1.6666666666666665,7.051299417776832,18
