hand,first_max_height,min_height,second_max_height,dribbling_frequency,bending_angle,duration
1,0.607198178768158,0.47392019629478455,0.5833819508552551,3.0,75.26760067481747,10
