hand,first_max_height,min_height,second_max_height,dribbling_frequency,bending_angle,duration
1,1.381394624710083,0.8041490316390991,1.1132899522781372,2.0,13.583511118835538,15
