hand,first_max_height,min_height,second_max_height,dribbling_frequency,bending_angle,duration
1,1.3258705139160156,1.023153305053711,1.3532522916793823,2.307692307692308,13.375379877931664,13
