hand,first_max_height,min_height,second_max_height,dribbling_frequency,bending_angle,duration
1,1.4128228425979614,0.9559018015861511,1.4470329284667969,1.6666666666666665,6.984227466903359,18
