hand,first_max_height,min_height,second_max_height,dribbling_frequency,bending_angle,duration
1,1.522682785987854,1.0242024660110474,1.345897912979126,1.7647058823529411,8.696674700896091,17
