hand,first_max_height,min_height,second_max_height,dribbling_frequency,bending_angle,duration
1,1.221131443977356,0.9999886155128479,1.2093298435211182,2.142857142857143,26.26360642659602,14
