hand,first_max_height,min_height,second_max_height,dribbling_frequency,bending_angle,duration
1,1.3322796821594238,0.9735914468765259,1.3394391536712646,1.875,23.114627260322983,16
