hand,first_max_height,min_height,second_max_height,dribbling_frequency,bending_angle,duration
1,1.4582430124282837,1.0103411674499512,1.4205801486968994,1.875,8.071478031423085,16
