hand,first_max_height,min_height,second_max_height,dribbling_frequency,bending_angle,duration
1,1.38169527053833,1.0281932353973389,1.3649958372116089,1.875,6.712472289819228,16
