hand,first_max_height,min_height,second_max_height,dribbling_frequency,bending_angle,duration
1,1.4142792224884033,1.007828712463379,1.4541321992874146,1.7647058823529411,6.506449264299007,17
