hand,first_max_height,min_height,second_max_height,dribbling_frequency,bending_angle,duration
1,1.4315688610076904,1.0389527082443237,1.4462419748306274,1.875,4.366426379487748,16
