hand,first_max_height,min_height,second_max_height,dribbling_frequency,bending_angle,duration
1,1.4615612030029297,1.1068220138549805,1.4725536108016968,1.3043478260869565,8.13974501951793,23
