hand,first_max_height,min_height,second_max_height,dribbling_frequency,bending_angle,duration
1,1.3444790840148926,1.011610507965088,1.3454056978225708,2.0,11.344177505014486,15
