hand,first_max_height,min_height,second_max_height,dribbling_frequency,bending_angle,duration
1,1.3333524465560913,0.9846434593200684,1.4059141874313354,1.5789473684210527,11.720157512695629,19
