hand,first_max_height,min_height,second_max_height,dribbling_frequency,bending_angle,duration
1,1.431322693824768,1.0709270238876343,1.448097586631775,1.7647058823529411,2.557305258100641,17
