hand,first_max_height,min_height,second_max_height,dribbling_frequency,bending_angle,duration
1,1.4355027675628662,1.123563289642334,1.4514267444610596,2.142857142857143,4.2025488116454515,14
