hand,first_max_height,min_height,second_max_height,dribbling_frequency,bending_angle,duration
1,0.7564122080802917,0.6105911135673523,0.7594261169433594,3.0,73.34177146223075,10
