hand,first_max_height,min_height,second_max_height,dribbling_frequency,bending_angle,duration
1,0.9739745855331421,0.6252964735031128,0.9466153979301453,1.875,58.94676491553072,16
