hand,first_max_height,min_height,second_max_height,dribbling_frequency,bending_angle,duration
1,1.5061333179473877,0.9864182472229004,1.4991542100906372,1.6666666666666665,3.4349273614159204,18
