hand,first_max_height,min_height,second_max_height,dribbling_frequency,bending_angle,duration
1,1.1153086423873901,0.764781653881073,0.9432211518287659,2.7272727272727275,45.46143747321244,11
