hand,first_max_height,min_height,second_max_height,dribbling_frequency,bending_angle,duration
1,1.3986196517944336,1.023082971572876,1.3803366422653198,1.875,10.170623560940133,16
