hand,first_max_height,min_height,second_max_height,dribbling_frequency,bending_angle,duration
1,1.306176781654358,0.9984325170516968,1.3462005853652954,2.0,12.81847971560075,15
