hand,first_max_height,min_height,second_max_height,dribbling_frequency,bending_angle,duration
1,0.7518842220306396,0.5901135802268982,0.7940932512283325,2.307692307692308,68.51242754384278,13
