hand,first_max_height,min_height,second_max_height,dribbling_frequency,bending_angle,duration
1,1.3409695625305176,0.9781910181045532,1.2912827730178833,1.7647058823529411,7.2605254931510785,17
