hand,first_max_height,min_height,second_max_height,dribbling_frequency,bending_angle,duration
1,0.9909394979476929,0.7531391978263855,1.025290608406067,2.307692307692308,56.3921427339415,13
