hand,first_max_height,min_height,second_max_height,dribbling_frequency,bending_angle,duration
1,1.2606749534606934,0.9987332820892334,1.2214126586914062,2.0,27.443806364850055,15
