hand,first_max_height,min_height,second_max_height,dribbling_frequency,bending_angle,duration
1,1.4560362100601196,1.0146892070770264,1.4570811986923218,1.6666666666666665,3.87000111868074,18
