hand,first_max_height,min_height,second_max_height,dribbling_frequency,bending_angle,duration
1,1.3536834716796875,1.0193639993667603,1.36908757686615,1.875,5.220918052736634,16
