hand,first_max_height,min_height,second_max_height,dribbling_frequency,bending_angle,duration
1,1.3250763416290283,1.0232703685760498,1.3394979238510132,2.0,5.76228191869698,15
