hand,first_max_height,min_height,second_max_height,dribbling_frequency,bending_angle,duration
1,1.1677955389022827,0.9319167137145996,1.1794142723083496,2.5,35.572401993488455,12
