hand,first_max_height,min_height,second_max_height,dribbling_frequency,bending_angle,duration
1,0.7541190981864929,0.5992600917816162,0.7840163111686707,2.5,72.25564118882713,12
