hand,first_max_height,min_height,second_max_height,dribbling_frequency,bending_angle,duration
1,1.3170946836471558,0.8739041090011597,1.2885417938232422,1.6666666666666665,29.16863482943115,18
