hand,first_max_height,min_height,second_max_height,dribbling_frequency,bending_angle,duration
1,1.4526259899139404,0.9658364057540894,1.4225434064865112,1.6666666666666665,16.315901035287585,18
