hand,first_max_height,min_height,second_max_height,dribbling_frequency,bending_angle,duration
1,0.9110317826271057,0.6678704023361206,1.0047519207000732,2.5,61.660165284963206,12
