hand,first_max_height,min_height,second_max_height,dribbling_frequency,bending_angle,duration
1,0.9360288381576538,0.6734099984169006,0.9342631697654724,2.142857142857143,61.92779035728885,14
