hand,first_max_height,min_height,second_max_height,dribbling_frequency,bending_angle,duration
1,0.9637497663497925,0.790526807308197,0.924633264541626,2.307692307692308,49.283808740751326,13
