hand,first_max_height,min_height,second_max_height,dribbling_frequency,bending_angle,duration
1,1.1841342449188232,0.9125822186470032,1.2227777242660522,1.875,34.09322863122406,16
