hand,first_max_height,min_height,second_max_height,dribbling_frequency,bending_angle,duration
1,1.4324305057525635,1.0374714136123657,1.5231064558029175,1.7647058823529411,2.741044614142118,17
