hand,first_max_height,min_height,second_max_height,dribbling_frequency,bending_angle,duration
1,1.3666712045669556,0.94084233045578,1.4263688325881958,1.7647058823529411,23.33336763141272,17
