hand,first_max_height,min_height,second_max_height,dribbling_frequency,bending_angle,duration
1,1.4204912185668945,1.0852794647216797,1.4285147190093994,2.142857142857143,5.401409149161714,14
