hand,first_max_height,min_height,second_max_height,dribbling_frequency,bending_angle,duration
1,1.5065125226974487,1.0520967245101929,1.5538274049758911,1.5789473684210527,2.6406558035375505,19
