hand,first_max_height,min_height,second_max_height,dribbling_frequency,bending_angle,duration
1,1.4494272470474243,1.073625922203064,1.4042918682098389,2.0,2.1079978838567026,15
