hand,first_max_height,min_height,second_max_height,dribbling_frequency,bending_angle,duration
1,0.9087302684783936,0.5458613634109497,1.0840688943862915,1.7647058823529411,72.28006056490507,17
