hand,first_max_height,min_height,second_max_height,dribbling_frequency,bending_angle,duration
1,1.4007059335708618,0.9847753643989563,1.6202820539474487,1.7647058823529411,24.967852451109955,17
