hand,first_max_height,min_height,second_max_height,dribbling_frequency,bending_angle,duration
1,1.3964773416519165,0.8412196040153503,1.2796852588653564,1.6666666666666665,15.921301873873581,18
