hand,first_max_height,min_height,second_max_height,dribbling_frequency,bending_angle,duration
1,1.5521560907363892,1.0352848768234253,1.46793532371521,1.6666666666666665,4.336412394710212,18
