hand,first_max_height,min_height,second_max_height,dribbling_frequency,bending_angle,duration
1,1.020861268043518,0.7630833387374878,0.9426631927490234,2.307692307692308,51.35522761915879,13
