hand,first_max_height,min_height,second_max_height,dribbling_frequency,bending_angle,duration
1,1.426721215248108,1.0260523557662964,1.388777256011963,2.0,3.151987740493296,15
