hand,first_max_height,min_height,second_max_height,dribbling_frequency,bending_angle,duration
1,1.4601833820343018,0.9657905101776123,1.522616982460022,2.0,19.35346625182316,15
