hand,first_max_height,min_height,second_max_height,dribbling_frequency,bending_angle,duration
1,1.1777641773223877,0.9631345272064209,1.181146502494812,2.307692307692308,30.485442232899697,13
