hand,first_max_height,min_height,second_max_height,dribbling_frequency,bending_angle,duration
1,1.4486113786697388,0.9870635867118835,1.3178857564926147,1.7647058823529411,6.045226915263306,17
