hand,first_max_height,min_height,second_max_height,dribbling_frequency,bending_angle,duration
1,1.393134355545044,0.9295570254325867,1.3779191970825195,1.7647058823529411,10.83917009151564,17
