hand,first_max_height,min_height,second_max_height,dribbling_frequency,bending_angle,duration
1,1.4833532571792603,0.9793708324432373,1.4636733531951904,1.6666666666666665,6.600175524524107,18
