hand,first_max_height,min_height,second_max_height,dribbling_frequency,bending_angle,duration
1,1.497705101966858,1.0105525255203247,1.5666284561157227,1.5,7.684985273702601,20
