hand,first_max_height,min_height,second_max_height,dribbling_frequency,bending_angle,duration
1,1.340628743171692,0.9378066658973694,1.4178497791290283,1.5789473684210527,5.636102901425843,19
