hand,first_max_height,min_height,second_max_height,dribbling_frequency,bending_angle,duration
1,1.5101631879806519,1.1072334051132202,1.4070426225662231,1.7647058823529411,3.377548713464757,17
