hand,first_max_height,min_height,second_max_height,dribbling_frequency,bending_angle,duration
1,1.5153589248657227,1.0904057025909424,1.426721215248108,2.0,6.6398730757935605,15
