hand,first_max_height,min_height,second_max_height,dribbling_frequency,bending_angle,duration
1,1.3202656507492065,0.9952402710914612,1.320788025856018,2.0,8.450212357030471,15
