hand,first_max_height,min_height,second_max_height,dribbling_frequency,bending_angle,duration
1,1.4522840976715088,0.8655316233634949,1.1351321935653687,2.0,14.613278088977138,15
