hand,first_max_height,min_height,second_max_height,dribbling_frequency,bending_angle,duration
1,1.3984930515289307,1.0275989770889282,1.427756667137146,1.875,7.805505784042857,16
