hand,first_max_height,min_height,second_max_height,dribbling_frequency,bending_angle,duration
1,1.2446119785308838,0.8176237940788269,0.8818886876106262,2.7272727272727275,22.424863128923977,11
