hand,first_max_height,min_height,second_max_height,dribbling_frequency,bending_angle,duration
1,1.341475248336792,0.9872404932975769,1.3655284643173218,1.875,7.37619516638041,16
