hand,first_max_height,min_height,second_max_height,dribbling_frequency,bending_angle,duration
1,0.986251711845398,0.6457462310791016,0.9635183811187744,2.142857142857143,65.5160187974605,14
