hand,first_max_height,min_height,second_max_height,dribbling_frequency,bending_angle,duration
1,1.0748867988586426,0.6607018709182739,1.0208789110183716,1.7647058823529411,63.04804468294981,17
