hand,first_max_height,min_height,second_max_height,dribbling_frequency,bending_angle,duration
1,0.8669583797454834,0.613201916217804,0.8196582198143005,2.307692307692308,65.29747571684986,13
