hand,first_max_height,min_height,second_max_height,dribbling_frequency,bending_angle,duration
1,1.2589279413223267,0.9924600720405579,1.2721015214920044,2.307692307692308,28.52595595607146,13
