hand,first_max_height,min_height,second_max_height,dribbling_frequency,bending_angle,duration
1,1.2601021528244019,1.0208572149276733,1.2500941753387451,2.142857142857143,23.183926213340207,14
