hand,first_max_height,min_height,second_max_height,dribbling_frequency,bending_angle,duration
1,0.8374276757240295,0.596153974533081,0.9293057918548584,2.7272727272727275,74.90659166485754,11
