hand,first_max_height,min_height,second_max_height,dribbling_frequency,bending_angle,duration
1,1.1166003942489624,0.6761070489883423,1.1336398124694824,1.875,58.422461944884276,16
