hand,first_max_height,min_height,second_max_height,dribbling_frequency,bending_angle,duration
1,1.415539264678955,0.8050065040588379,0.9878414869308472,2.142857142857143,21.412335478358614,14
