hand,first_max_height,min_height,second_max_height,dribbling_frequency,bending_angle,duration
1,1.4384504556655884,1.0866180658340454,1.4871306419372559,2.307692307692308,3.5234152390352667,13
