hand,first_max_height,min_height,second_max_height,dribbling_frequency,bending_angle,duration
1,1.374489665031433,0.8659543395042419,1.3235080242156982,1.7647058823529411,38.684236557793646,17
