hand,first_max_height,min_height,second_max_height,dribbling_frequency,bending_angle,duration
1,0.7490190863609314,0.5894648432731628,0.7338231205940247,2.5,70.24167117077765,12
