hand,first_max_height,min_height,second_max_height,dribbling_frequency,bending_angle,duration
1,1.3910781145095825,1.0313047170639038,1.3846620321273804,1.875,1.2194035265267191,16
