hand,first_max_height,min_height,second_max_height,dribbling_frequency,bending_angle,duration
1,0.7005596160888672,0.5033594369888306,0.7202216386795044,3.0,74.28480631790086,10
