hand,first_max_height,min_height,second_max_height,dribbling_frequency,bending_angle,duration
1,1.4098905324935913,1.0756057500839233,1.4495660066604614,2.142857142857143,4.9255503700690175,14
