hand,first_max_height,min_height,second_max_height,dribbling_frequency,bending_angle,duration
1,1.3650647401809692,0.9947869181632996,1.318612813949585,1.7647058823529411,11.503444186863842,17
