hand,first_max_height,min_height,second_max_height,dribbling_frequency,bending_angle,duration
1,1.1438544988632202,0.907255232334137,1.1677955389022827,2.7272727272727275,37.17628513221814,11
