hand,first_max_height,min_height,second_max_height,dribbling_frequency,bending_angle,duration
1,1.4986118078231812,0.932126522064209,1.4620784521102905,1.6666666666666665,20.97568092773072,18
