hand,first_max_height,min_height,second_max_height,dribbling_frequency,bending_angle,duration
1,1.4771454334259033,1.0675534009933472,1.4491746425628662,1.875,4.037614824144583,16
