hand,first_max_height,min_height,second_max_height,dribbling_frequency,bending_angle,duration
1,1.4234025478363037,0.9907785058021545,1.4626442193984985,1.7647058823529411,9.981236710905234,17
