hand,first_max_height,min_height,second_max_height,dribbling_frequency,bending_angle,duration
1,0.9169343709945679,0.6261343955993652,0.7862042188644409,2.5,66.43886099643859,12
