hand,first_max_height,min_height,second_max_height,dribbling_frequency,bending_angle,duration
1,0.8385422229766846,0.6241856813430786,0.918177604675293,2.7272727272727275,71.46923358094887,11
