hand,first_max_height,min_height,second_max_height,dribbling_frequency,bending_angle,duration
1,1.4663116931915283,1.0017611980438232,1.385963797569275,1.7647058823529411,4.08843638251232,17
