hand,first_max_height,min_height,second_max_height,dribbling_frequency,bending_angle,duration
1,1.271243929862976,1.0420928001403809,1.258201241493225,2.142857142857143,23.966012223809464,14
