hand,first_max_height,min_height,second_max_height,dribbling_frequency,bending_angle,duration
1,1.472878336906433,0.7857987284660339,1.0033360719680786,2.0,11.883215832132755,15
