hand,first_max_height,min_height,second_max_height,dribbling_frequency,bending_angle,duration
1,1.4320926666259766,1.0235958099365234,1.3604716062545776,1.875,7.7571443331655665,16
