hand,first_max_height,min_height,second_max_height,dribbling_frequency,bending_angle,duration
1,1.2614022493362427,1.0499755144119263,1.4384504556655884,2.5,22.084686336362612,12
