hand,first_max_height,min_height,second_max_height,dribbling_frequency,bending_angle,duration
1,1.1281801462173462,0.8560677170753479,1.1596852540969849,2.7272727272727275,34.17786949992439,11
