hand,first_max_height,min_height,second_max_height,dribbling_frequency,bending_angle,duration
1,1.4888200759887695,1.054646611213684,1.550911545753479,1.7647058823529411,4.813286094516181,17
