hand,first_max_height,min_height,second_max_height,dribbling_frequency,bending_angle,duration
1,1.404486894607544,1.0292121171951294,1.430620789527893,2.0,1.8400055650466962,15
