hand,first_max_height,min_height,second_max_height,dribbling_frequency,bending_angle,duration
1,1.4067046642303467,0.9770923256874084,1.2794982194900513,2.0,21.807475623606326,15
