hand,first_max_height,min_height,second_max_height,dribbling_frequency,bending_angle,duration
1,1.1635245084762573,0.6257151961326599,0.7932225465774536,2.5,42.843181330526384,12
