hand,first_max_height,min_height,second_max_height,dribbling_frequency,bending_angle,duration
1,1.2348999977111816,0.7469491958618164,0.8012539744377136,2.5,27.77623815567335,12
