hand,first_max_height,min_height,second_max_height,dribbling_frequency,bending_angle,duration
1,1.2912827730178833,0.9592496156692505,1.2409238815307617,1.7647058823529411,8.833520051178333,17
