hand,first_max_height,min_height,second_max_height,dribbling_frequency,bending_angle,duration
1,1.118391752243042,0.7686779499053955,1.1525975465774536,1.875,25.755625383649985,16
