hand,first_max_height,min_height,second_max_height,dribbling_frequency,bending_angle,duration
1,1.312912940979004,0.9257069230079651,1.3404669761657715,1.6666666666666665,6.986720713746606,18
