hand,first_max_height,min_height,second_max_height,dribbling_frequency,bending_angle,duration
1,1.421567678451538,1.0539214611053467,1.4193477630615234,1.875,2.7641688155272637,16
