hand,first_max_height,min_height,second_max_height,dribbling_frequency,bending_angle,duration
1,1.1439459323883057,0.6600892543792725,1.189180612564087,1.6666666666666665,63.393711141760306,18
