hand,first_max_height,min_height,second_max_height,dribbling_frequency,bending_angle,duration
1,1.4836798906326294,0.9891098141670227,1.4825468063354492,1.6666666666666665,9.62120971073196,18
