hand,first_max_height,min_height,second_max_height,dribbling_frequency,bending_angle,duration
1,1.3539952039718628,0.9730611443519592,1.3656429052352905,1.875,8.805932868870112,16
