hand,first_max_height,min_height,second_max_height,dribbling_frequency,bending_angle,duration
1,1.583100438117981,1.0491113662719727,1.5637307167053223,1.5789473684210527,2.589406994952716,19
