hand,first_max_height,min_height,second_max_height,dribbling_frequency,bending_angle,duration
1,1.4212738275527954,1.0002048015594482,1.406440258026123,1.6666666666666665,8.070116036333985,18
