hand,first_max_height,min_height,second_max_height,dribbling_frequency,bending_angle,duration
1,1.2894119024276733,0.8066627979278564,0.9121646881103516,2.5,18.097156635822234,12
