hand,first_max_height,min_height,second_max_height,dribbling_frequency,bending_angle,duration
1,1.4940930604934692,1.0235176086425781,1.4160301685333252,1.875,3.54676529536108,16
