hand,first_max_height,min_height,second_max_height,dribbling_frequency,bending_angle,duration
1,1.3036211729049683,0.8806800246238708,1.0000258684158325,2.307692307692308,7.958398717063369,13
