hand,first_max_height,min_height,second_max_height,dribbling_frequency,bending_angle,duration
1,1.3428902626037598,0.9774751663208008,1.5095715522766113,1.6666666666666665,13.993009284583016,18
