hand,first_max_height,min_height,second_max_height,dribbling_frequency,bending_angle,duration
1,1.4077472686767578,1.0068624019622803,1.3977645635604858,1.875,6.025770081483878,16
