hand,first_max_height,min_height,second_max_height,dribbling_frequency,bending_angle,duration
1,1.197715163230896,0.7851150035858154,1.1749777793884277,1.7647058823529411,31.312357401701554,17
