hand,first_max_height,min_height,second_max_height,dribbling_frequency,bending_angle,duration
1,0.9532769322395325,0.7234064340591431,0.9631985425949097,2.5,55.468464230460995,12
