hand,first_max_height,min_height,second_max_height,dribbling_frequency,bending_angle,duration
1,1.358902931213379,1.0906143188476562,1.4098131656646729,1.6666666666666665,11.118260052466313,18
