hand,first_max_height,min_height,second_max_height,dribbling_frequency,bending_angle,duration
1,1.2671394348144531,0.9378859996795654,1.229265809059143,1.875,27.132822827841686,16
