hand,first_max_height,min_height,second_max_height,dribbling_frequency,bending_angle,duration
1,1.4811068773269653,1.0336302518844604,1.464339017868042,1.875,2.638654002045884,16
