hand,first_max_height,min_height,second_max_height,dribbling_frequency,bending_angle,duration
1,1.4974483251571655,1.0169333219528198,1.5052332878112793,1.7647058823529411,16.095022093921724,17
