hand,first_max_height,min_height,second_max_height,dribbling_frequency,bending_angle,duration
1,1.4312529563903809,0.994360625743866,1.4685231447219849,1.875,26.647033983026947,16
