hand,first_max_height,min_height,second_max_height,dribbling_frequency,bending_angle,duration
1,1.230738878250122,0.8536103367805481,1.248185634613037,1.7647058823529411,32.641843900488176,17
