hand,first_max_height,min_height,second_max_height,dribbling_frequency,bending_angle,duration
1,1.481386423110962,0.992007851600647,1.4142413139343262,1.6666666666666665,10.265842032948667,18
