hand,first_max_height,min_height,second_max_height,dribbling_frequency,bending_angle,duration
1,1.3846721649169922,1.0092687606811523,1.445766568183899,1.7647058823529411,7.137270210079571,17
