hand,first_max_height,min_height,second_max_height,dribbling_frequency,bending_angle,duration
1,0.9443132281303406,0.6898192763328552,0.9444015622138977,2.0,66.71825544781744,15
