hand,first_max_height,min_height,second_max_height,dribbling_frequency,bending_angle,duration
1,1.3447039127349854,1.0188014507293701,1.3918333053588867,1.875,4.697291340977149,16
