hand,first_max_height,min_height,second_max_height,dribbling_frequency,bending_angle,duration
1,1.4930959939956665,0.9133635759353638,1.5074180364608765,1.3636363636363638,22.940375657620407,22
