hand,first_max_height,min_height,second_max_height,dribbling_frequency,bending_angle,duration
1,1.5208278894424438,0.9091248512268066,1.3154847621917725,1.6666666666666665,14.945723317902097,18
