hand,first_max_height,min_height,second_max_height,dribbling_frequency,bending_angle,duration
1,1.3376425504684448,1.0394123792648315,1.3882627487182617,1.7647058823529411,7.319616031006015,17
