hand,first_max_height,min_height,second_max_height,dribbling_frequency,bending_angle,duration
1,1.4689083099365234,1.004492998123169,1.4569059610366821,1.7647058823529411,6.789853123824654,17
