hand,first_max_height,min_height,second_max_height,dribbling_frequency,bending_angle,duration
1,1.4402945041656494,1.0372297763824463,1.4465291500091553,1.7647058823529411,2.9206141907677527,17
