hand,first_max_height,min_height,second_max_height,dribbling_frequency,bending_angle,duration
1,1.3870807886123657,0.9803916215896606,1.4054229259490967,1.7647058823529411,11.27847806729608,17
