hand,first_max_height,min_height,second_max_height,dribbling_frequency,bending_angle,duration
1,1.635287880897522,0.9900319576263428,1.6040939092636108,1.5,10.766557205878236,20
