hand,first_max_height,min_height,second_max_height,dribbling_frequency,bending_angle,duration
1,1.2805829048156738,0.6117880344390869,1.0023540258407593,1.5789473684210527,39.220393543928026,19
