hand,first_max_height,min_height,second_max_height,dribbling_frequency,bending_angle,duration
1,0.9314128756523132,0.7082299590110779,0.8624258041381836,2.307692307692308,58.4029897497801,13
