hand,first_max_height,min_height,second_max_height,dribbling_frequency,bending_angle,duration
1,1.2968443632125854,0.9352183938026428,1.2265549898147583,1.7647058823529411,5.965784505225139,17
