hand,first_max_height,min_height,second_max_height,dribbling_frequency,bending_angle,duration
1,1.5727695226669312,1.0654860734939575,1.607923150062561,1.25,4.738426568779639,24
