hand,first_max_height,min_height,second_max_height,dribbling_frequency,bending_angle,duration
1,1.4142413139343262,1.0119692087173462,1.4327412843704224,1.875,4.934950993667507,16
