hand,first_max_height,min_height,second_max_height,dribbling_frequency,bending_angle,duration
1,1.384138822555542,1.0199209451675415,1.3846721649169922,1.7647058823529411,7.078413900334354,17
