hand,first_max_height,min_height,second_max_height,dribbling_frequency,bending_angle,duration
1,1.4457082748413086,1.0241649150848389,1.4979825019836426,1.6666666666666665,4.209889340646342,18
