hand,first_max_height,min_height,second_max_height,dribbling_frequency,bending_angle,duration
1,1.4780346155166626,0.9788529276847839,1.4755104780197144,1.6666666666666665,7.911816855245518,18
