hand,first_max_height,min_height,second_max_height,dribbling_frequency,bending_angle,duration
1,1.3467156887054443,1.0788017511367798,1.283238172531128,2.7272727272727275,7.888141033979105,11
