hand,first_max_height,min_height,second_max_height,dribbling_frequency,bending_angle,duration
1,1.3871773481369019,1.0614397525787354,1.395573377609253,1.7647058823529411,11.93420148567114,17
