hand,first_max_height,min_height,second_max_height,dribbling_frequency,bending_angle,duration
1,1.3630778789520264,0.9069696664810181,1.1765061616897583,2.0,21.012515020153064,15
