hand,first_max_height,min_height,second_max_height,dribbling_frequency,bending_angle,duration
1,1.1431546211242676,0.775175154209137,0.8557260036468506,3.0,42.877397822808476,10
