hand,first_max_height,min_height,second_max_height,dribbling_frequency,bending_angle,duration
1,1.1327500343322754,0.902938961982727,1.1582262516021729,2.142857142857143,34.040164590826805,14
