hand,first_max_height,min_height,second_max_height,dribbling_frequency,bending_angle,duration
1,1.3796591758728027,1.0711787939071655,1.4220885038375854,2.0,11.793403948347665,15
