hand,first_max_height,min_height,second_max_height,dribbling_frequency,bending_angle,duration
1,1.1577510833740234,0.9630805850028992,1.1544246673583984,2.5,24.940995963865248,12
