hand,first_max_height,min_height,second_max_height,dribbling_frequency,bending_angle,duration
1,1.5602144002914429,0.9959414601325989,1.525657057762146,1.7647058823529411,7.2094079604857075,17
