hand,first_max_height,min_height,second_max_height,dribbling_frequency,bending_angle,duration
1,1.4039323329925537,0.9635707139968872,1.4639123678207397,1.5789473684210527,15.519861647183346,19
