hand,first_max_height,min_height,second_max_height,dribbling_frequency,bending_angle,duration
1,1.3506051301956177,0.947576642036438,1.3513156175613403,1.875,7.85780667161764,16
