hand,first_max_height,min_height,second_max_height,dribbling_frequency,bending_angle,duration
1,1.3681495189666748,1.063633680343628,1.3888335227966309,2.0,0.275894287795936,15
