hand,first_max_height,min_height,second_max_height,dribbling_frequency,bending_angle,duration
1,1.425557017326355,1.034404993057251,1.3821258544921875,1.875,4.475367274319917,16
