hand,first_max_height,min_height,second_max_height,dribbling_frequency,bending_angle,duration
1,1.0000258684158325,0.6968653202056885,0.8672314286231995,2.0,51.07395374007174,15
