hand,first_max_height,min_height,second_max_height,dribbling_frequency,bending_angle,duration
1,1.3900835514068604,1.039393663406372,1.2927923202514648,2.0,11.943049035545418,15
