hand,first_max_height,min_height,second_max_height,dribbling_frequency,bending_angle,duration
1,1.5168157815933228,0.9562641978263855,1.569324016571045,1.6666666666666665,12.991800900914427,18
