hand,first_max_height,min_height,second_max_height,dribbling_frequency,bending_angle,duration
1,1.4053218364715576,0.942861020565033,1.5817890167236328,1.5789473684210527,6.885368684264547,19
