hand,first_max_height,min_height,second_max_height,dribbling_frequency,bending_angle,duration
1,1.1806851625442505,0.8626074194908142,1.115606665611267,2.307692307692308,38.47183006216803,13
