hand,first_max_height,min_height,second_max_height,dribbling_frequency,bending_angle,duration
1,1.3701224327087402,0.9273079037666321,1.3433595895767212,1.7647058823529411,24.038765517727732,17
