hand,first_max_height,min_height,second_max_height,dribbling_frequency,bending_angle,duration
1,1.4264403581619263,0.9844072461128235,1.3985732793807983,1.5789473684210527,15.743634413614304,19
