hand,first_max_height,min_height,second_max_height,dribbling_frequency,bending_angle,duration
1,0.7474109530448914,0.5224113464355469,0.7730462551116943,2.0,76.35530848656215,15
