hand,first_max_height,min_height,second_max_height,dribbling_frequency,bending_angle,duration
1,1.376965045928955,1.1162854433059692,1.4545214176177979,1.5789473684210527,11.200122938766846,19
