hand,first_max_height,min_height,second_max_height,dribbling_frequency,bending_angle,duration
1,1.5542542934417725,0.9315651059150696,1.4930959939956665,1.3043478260869565,21.028920053479148,23
