hand,first_max_height,min_height,second_max_height,dribbling_frequency,bending_angle,duration
1,1.4073457717895508,0.9744881391525269,1.451145887374878,1.6666666666666665,6.142574679595167,18
