hand,first_max_height,min_height,second_max_height,dribbling_frequency,bending_angle,duration
1,1.0132579803466797,0.6083751320838928,1.1357935667037964,1.6666666666666665,66.22779292972342,18
