hand,first_max_height,min_height,second_max_height,dribbling_frequency,bending_angle,duration
1,1.4689444303512573,0.9844468832015991,1.4711596965789795,1.5789473684210527,4.169588240121175,19
