hand,first_max_height,min_height,second_max_height,dribbling_frequency,bending_angle,duration
1,1.2556501626968384,1.1399638652801514,1.2225837707519531,2.7272727272727275,10.992713322703903,11
