hand,first_max_height,min_height,second_max_height,dribbling_frequency,bending_angle,duration
1,1.5790350437164307,0.8628212809562683,1.724204182624817,1.25,14.58363151911636,24
