hand,first_max_height,min_height,second_max_height,dribbling_frequency,bending_angle,duration
1,1.4632071256637573,1.0942403078079224,1.4504960775375366,1.7647058823529411,2.3883278365571896,17
