hand,first_max_height,min_height,second_max_height,dribbling_frequency,bending_angle,duration
1,1.2454091310501099,0.8858289122581482,1.4742437601089478,2.0,36.99070530654506,15
