hand,first_max_height,min_height,second_max_height,dribbling_frequency,bending_angle,duration
1,1.6040939092636108,0.9786945581436157,1.5453945398330688,1.4285714285714284,10.718052802765312,21
