hand,first_max_height,min_height,second_max_height,dribbling_frequency,bending_angle,duration
1,1.6379386186599731,1.0106505155563354,1.6121292114257812,1.5,2.6956917998426544,20
