hand,first_max_height,min_height,second_max_height,dribbling_frequency,bending_angle,duration
1,1.1466690301895142,0.70526522397995,1.0548144578933716,1.6666666666666665,59.11816039870089,18
