hand,first_max_height,min_height,second_max_height,dribbling_frequency,bending_angle,duration
1,1.168415904045105,0.9207421541213989,1.1608030796051025,2.142857142857143,33.48892025724995,14
