hand,first_max_height,min_height,second_max_height,dribbling_frequency,bending_angle,duration
1,1.0106372833251953,0.7606369853019714,1.0495167970657349,2.142857142857143,52.38904134865682,14
