hand,first_max_height,min_height,second_max_height,dribbling_frequency,bending_angle,duration
1,1.1227664947509766,0.9388503432273865,1.14997398853302,2.307692307692308,41.762054344722266,13
