hand,first_max_height,min_height,second_max_height,dribbling_frequency,bending_angle,duration
1,0.8855765461921692,0.7751472592353821,1.0616123676300049,2.142857142857143,56.25728336784107,14
