hand,first_max_height,min_height,second_max_height,dribbling_frequency,bending_angle,duration
1,1.3491647243499756,0.9986165165901184,1.4582430124282837,1.875,17.112401776104363,16
