hand,first_max_height,min_height,second_max_height,dribbling_frequency,bending_angle,duration
1,0.8658357262611389,0.7150441408157349,1.2704033851623535,1.7647058823529411,65.22717946349594,17
