hand,first_max_height,min_height,second_max_height,dribbling_frequency,bending_angle,duration
1,1.46793532371521,1.0302619934082031,1.452378511428833,1.875,4.844274502590254,16
