hand,first_max_height,min_height,second_max_height,dribbling_frequency,bending_angle,duration
1,0.9811472296714783,0.678469717502594,1.3437161445617676,1.5789473684210527,43.23134078536795,19
