hand,first_max_height,min_height,second_max_height,dribbling_frequency,bending_angle,duration
1,1.5004308223724365,1.0217465162277222,1.5172173976898193,1.3636363636363638,10.99927360713507,22
