hand,first_max_height,min_height,second_max_height,dribbling_frequency,bending_angle,duration
1,1.608413815498352,1.039174199104309,1.6002328395843506,1.3636363636363638,8.878336552258402,22
