hand,first_max_height,min_height,second_max_height,dribbling_frequency,bending_angle,duration
1,1.2239817380905151,0.6845869421958923,1.022521734237671,1.7647058823529411,39.47076698082419,17
