hand,first_max_height,min_height,second_max_height,dribbling_frequency,bending_angle,duration
1,1.4741008281707764,1.042836308479309,1.2935541868209839,2.142857142857143,5.899364489535461,14
