hand,first_max_height,min_height,second_max_height,dribbling_frequency,bending_angle,duration
1,1.2580463886260986,1.114892840385437,1.2460991144180298,2.5,11.357439434127546,12
