hand,first_max_height,min_height,second_max_height,dribbling_frequency,bending_angle,duration
1,1.1900781393051147,0.9594364762306213,1.395491123199463,2.142857142857143,33.919247104868525,14
