hand,first_max_height,min_height,second_max_height,dribbling_frequency,bending_angle,duration
1,1.3474242687225342,1.0024948120117188,1.3331835269927979,2.0,6.3501187061077955,15
