hand,first_max_height,min_height,second_max_height,dribbling_frequency,bending_angle,duration
1,1.568701982498169,1.0747846364974976,1.522682785987854,1.7647058823529411,6.121110499349341,17
