hand,first_max_height,min_height,second_max_height,dribbling_frequency,bending_angle,duration
1,1.450850248336792,1.1111658811569214,1.517552375793457,1.5789473684210527,9.904651372310296,19
