hand,first_max_height,min_height,second_max_height,dribbling_frequency,bending_angle,duration
1,1.5831503868103027,1.0119330883026123,1.4639694690704346,1.875,11.025692877867748,16
