hand,first_max_height,min_height,second_max_height,dribbling_frequency,bending_angle,duration
1,0.9444015622138977,0.7245370149612427,1.2575639486312866,2.0,65.9698980996042,15
