hand,first_max_height,min_height,second_max_height,dribbling_frequency,bending_angle,duration
1,1.2981609106063843,0.9929354786872864,1.3406250476837158,1.7647058823529411,13.16578009038757,17
