hand,first_max_height,min_height,second_max_height,dribbling_frequency,bending_angle,duration
1,1.4578036069869995,1.07949697971344,1.5101631879806519,1.7647058823529411,3.2789535300431774,17
