hand,first_max_height,min_height,second_max_height,dribbling_frequency,bending_angle,duration
1,1.2345619201660156,0.9404160976409912,1.2419583797454834,2.0,13.6436720071366,15
