hand,first_max_height,min_height,second_max_height,dribbling_frequency,bending_angle,duration
1,1.4004477262496948,1.0553823709487915,1.3674849271774292,2.0,4.566099065930508,15
