hand,first_max_height,min_height,second_max_height,dribbling_frequency,bending_angle,duration
1,1.2935541868209839,1.028808832168579,1.2579251527786255,2.307692307692308,11.62475266661152,13
