hand,first_max_height,min_height,second_max_height,dribbling_frequency,bending_angle,duration
1,1.1284786462783813,0.8859012722969055,1.174172043800354,2.142857142857143,33.99251956271408,14
