hand,first_max_height,min_height,second_max_height,dribbling_frequency,bending_angle,duration
1,1.028184175491333,0.7187867164611816,0.9886406064033508,2.142857142857143,56.08648133904044,14
