hand,first_max_height,min_height,second_max_height,dribbling_frequency,bending_angle,duration
1,1.3656429052352905,0.9788150787353516,1.321958303451538,1.875,9.812022235283415,16
