hand,first_max_height,min_height,second_max_height,dribbling_frequency,bending_angle,duration
1,1.3981908559799194,1.0094153881072998,1.3948131799697876,2.0,6.080007470428158,15
