hand,first_max_height,min_height,second_max_height,dribbling_frequency,bending_angle,duration
1,1.3188437223434448,0.9351210594177246,1.3236268758773804,2.142857142857143,19.025144585835903,14
