hand,first_max_height,min_height,second_max_height,dribbling_frequency,bending_angle,duration
1,1.4867427349090576,1.0681259632110596,1.531099557876587,1.7647058823529411,3.666667098199526,17
