hand,first_max_height,min_height,second_max_height,dribbling_frequency,bending_angle,duration
1,1.3170313835144043,1.0109097957611084,1.3088892698287964,2.142857142857143,7.852528003787961,14
