hand,first_max_height,min_height,second_max_height,dribbling_frequency,bending_angle,duration
1,1.548636794090271,1.0721237659454346,1.5708014965057373,1.3636363636363638,7.162703811142725,22
