hand,first_max_height,min_height,second_max_height,dribbling_frequency,bending_angle,duration
1,1.389676570892334,0.9802926182746887,1.3518502712249756,1.7647058823529411,2.932148223688909,17
