hand,first_max_height,min_height,second_max_height,dribbling_frequency,bending_angle,duration
1,1.2400968074798584,0.9478021264076233,1.2815150022506714,1.875,12.73257433075997,16
