hand,first_max_height,min_height,second_max_height,dribbling_frequency,bending_angle,duration
1,1.2248008251190186,0.9453467130661011,1.2505563497543335,2.0,21.800558041839714,15
