hand,first_max_height,min_height,second_max_height,dribbling_frequency,bending_angle,duration
1,1.108838438987732,0.8645144104957581,1.1589393615722656,2.142857142857143,35.00460653786867,14
