hand,first_max_height,min_height,second_max_height,dribbling_frequency,bending_angle,duration
1,1.1300239562988281,0.8668937683105469,1.5019763708114624,1.875,34.59042465888652,16
