hand,first_max_height,min_height,second_max_height,dribbling_frequency,bending_angle,duration
1,1.549660325050354,1.025265097618103,1.5423758029937744,1.875,14.347686846830602,16
