hand,first_max_height,min_height,second_max_height,dribbling_frequency,bending_angle,duration
1,1.395812749862671,1.013597011566162,1.449318289756775,1.875,4.800275990053555,16
