hand,first_max_height,min_height,second_max_height,dribbling_frequency,bending_angle,duration
1,1.453081488609314,1.0016224384307861,1.3954764604568481,1.875,5.190586530941559,16
