hand,first_max_height,min_height,second_max_height,dribbling_frequency,bending_angle,duration
1,1.3820654153823853,1.0474591255187988,1.3808521032333374,2.0,6.947478627779548,15
