hand,first_max_height,min_height,second_max_height,dribbling_frequency,bending_angle,duration
1,1.1746041774749756,0.9472336173057556,1.2444398403167725,2.142857142857143,34.28899525195141,14
