hand,first_max_height,min_height,second_max_height,dribbling_frequency,bending_angle,duration
1,1.3197541236877441,1.0034520626068115,1.31508207321167,2.0,5.122902798408288,15
