hand,first_max_height,min_height,second_max_height,dribbling_frequency,bending_angle,duration
1,1.4576982259750366,1.035230040550232,1.4333175420761108,1.7647058823529411,2.5241369509149556,17
