hand,first_max_height,min_height,second_max_height,dribbling_frequency,bending_angle,duration
1,1.4017871618270874,1.009647250175476,1.473260521888733,1.5789473684210527,8.955339657559339,19
