hand,first_max_height,min_height,second_max_height,dribbling_frequency,bending_angle,duration
1,1.1574294567108154,0.931583046913147,1.1751903295516968,2.142857142857143,30.774407884879448,14
