hand,first_max_height,min_height,second_max_height,dribbling_frequency,bending_angle,duration
1,1.3073686361312866,0.8768834471702576,1.4209543466567993,1.7647058823529411,31.791330619627754,17
