hand,first_max_height,min_height,second_max_height,dribbling_frequency,bending_angle,duration
1,0.7550085783004761,0.5341000556945801,1.4920508861541748,1.3636363636363638,77.64462796404196,22
