hand,first_max_height,min_height,second_max_height,dribbling_frequency,bending_angle,duration
1,1.1193093061447144,0.8975818157196045,1.4687135219573975,2.0,50.25250849497795,15
