hand,first_max_height,min_height,second_max_height,dribbling_frequency,bending_angle,duration
1,1.1466009616851807,0.83039391040802,1.1179888248443604,2.142857142857143,38.80464026172205,14
