hand,first_max_height,min_height,second_max_height,dribbling_frequency,bending_angle,duration
1,1.055603265762329,0.6501129865646362,0.9678915739059448,1.7647058823529411,61.33668978515858,17
