hand,first_max_height,min_height,second_max_height,dribbling_frequency,bending_angle,duration
1,1.358253836631775,0.9724030494689941,1.3277660608291626,1.6666666666666665,5.210603053380678,18
