hand,first_max_height,min_height,second_max_height,dribbling_frequency,bending_angle,duration
1,1.0005265474319458,0.7195364236831665,1.0166569948196411,2.307692307692308,57.40192180599862,13
