hand,first_max_height,min_height,second_max_height,dribbling_frequency,bending_angle,duration
1,1.1492643356323242,0.7980247735977173,1.461348533630371,1.7647058823529411,57.47528394353299,17
