hand,first_max_height,min_height,second_max_height,dribbling_frequency,bending_angle,duration
1,1.6159939765930176,1.0604016780853271,1.650245189666748,1.3043478260869565,5.92979140439547,23
