hand,first_max_height,min_height,second_max_height,dribbling_frequency,bending_angle,duration
1,0.947474479675293,0.6386353969573975,1.043099045753479,1.875,65.69588842028458,16
