hand,first_max_height,min_height,second_max_height,dribbling_frequency,bending_angle,duration
1,1.3693873882293701,1.0167628526687622,1.3258705139160156,2.142857142857143,10.237864967460196,14
