hand,first_max_height,min_height,second_max_height,dribbling_frequency,bending_angle,duration
1,1.1188970804214478,0.6980292797088623,1.0464541912078857,2.0,58.39356893423335,15
