hand,first_max_height,min_height,second_max_height,dribbling_frequency,bending_angle,duration
1,1.5951930284500122,1.0361231565475464,1.1618884801864624,2.0,3.4245412134097832,15
