hand,first_max_height,min_height,second_max_height,dribbling_frequency,bending_angle,duration
1,1.4295129776000977,0.9723659157752991,1.397802710533142,1.875,12.669912601846828,16
