hand,first_max_height,min_height,second_max_height,dribbling_frequency,bending_angle,duration
1,1.2622908353805542,0.9650127291679382,1.2800397872924805,1.875,12.293304098011227,16
