hand,first_max_height,min_height,second_max_height,dribbling_frequency,bending_angle,duration
1,1.4248310327529907,0.9180428385734558,1.4708352088928223,1.5,15.148087761160571,20
