hand,first_max_height,min_height,second_max_height,dribbling_frequency,bending_angle,duration
1,1.1163008213043213,0.8960414528846741,1.0922777652740479,2.7272727272727275,47.43915612075718,11
