hand,first_max_height,min_height,second_max_height,dribbling_frequency,bending_angle,duration
1,1.1777236461639404,0.9217303991317749,1.198195219039917,1.7647058823529411,10.1612997178625,17
