hand,first_max_height,min_height,second_max_height,dribbling_frequency,bending_angle,duration
1,1.1333699226379395,0.7679044604301453,1.1436641216278076,1.7647058823529411,31.18347084987098,17
