hand,first_max_height,min_height,second_max_height,dribbling_frequency,bending_angle,duration
1,1.0768572092056274,0.6775301694869995,0.999647855758667,2.0,62.03887216402323,15
