hand,first_max_height,min_height,second_max_height,dribbling_frequency,bending_angle,duration
1,0.8418511748313904,0.47480177879333496,0.7388187050819397,1.875,66.97469798342631,16
