hand,first_max_height,min_height,second_max_height,dribbling_frequency,bending_angle,duration
1,1.2265549898147583,0.9188312888145447,1.2529152631759644,1.6666666666666665,6.9397494964522375,18
