hand,first_max_height,min_height,second_max_height,dribbling_frequency,bending_angle,duration
1,1.4052700996398926,1.0780234336853027,1.3875983953475952,2.0,3.0858601193871746,15
