hand,first_max_height,min_height,second_max_height,dribbling_frequency,bending_angle,duration
1,1.4920508861541748,1.0056869983673096,1.4692184925079346,1.5789473684210527,9.1244170718151,19
