hand,first_max_height,min_height,second_max_height,dribbling_frequency,bending_angle,duration
1,1.4321361780166626,0.9543349146842957,1.345550298690796,2.0,9.367448396858611,15
