hand,first_max_height,min_height,second_max_height,dribbling_frequency,bending_angle,duration
1,0.9726822972297668,0.7787976861000061,0.9295308589935303,2.142857142857143,60.8566573714859,14
