hand,first_max_height,min_height,second_max_height,dribbling_frequency,bending_angle,duration
1,1.520143985748291,0.8798399567604065,1.3086081743240356,1.6666666666666665,13.496612612911477,18
