hand,first_max_height,min_height,second_max_height,dribbling_frequency,bending_angle,duration
1,1.4057153463363647,1.0030405521392822,1.47122323513031,1.7647058823529411,8.359673855021763,17
