hand,first_max_height,min_height,second_max_height,dribbling_frequency,bending_angle,duration
1,1.3812000751495361,0.9617825746536255,1.3885053396224976,1.875,10.383862585320678,16
