hand,first_max_height,min_height,second_max_height,dribbling_frequency,bending_angle,duration
1,1.0248483419418335,0.8221355676651001,1.007202386856079,2.5,55.797889128739314,12
