hand,first_max_height,min_height,second_max_height,dribbling_frequency,bending_angle,duration
1,1.4596047401428223,1.0237878561019897,1.5792598724365234,1.5789473684210527,4.196687169098397,19
