hand,first_max_height,min_height,second_max_height,dribbling_frequency,bending_angle,duration
1,1.4383317232131958,1.0302629470825195,1.435542345046997,1.7647058823529411,4.860894039061061,17
