hand,first_max_height,min_height,second_max_height,dribbling_frequency,bending_angle,duration
1,1.3940281867980957,1.013457179069519,1.364093542098999,1.875,6.71422865282728,16
