hand,first_max_height,min_height,second_max_height,dribbling_frequency,bending_angle,duration
1,1.3900917768478394,1.097625732421875,1.289201021194458,2.5,5.166529998563517,12
