hand,first_max_height,min_height,second_max_height,dribbling_frequency,bending_angle,duration
1,1.592889428138733,1.0468560457229614,1.5807666778564453,1.3636363636363638,5.815374970774724,22
