hand,first_max_height,min_height,second_max_height,dribbling_frequency,bending_angle,duration
1,1.3797399997711182,0.9541938900947571,1.3472027778625488,1.6666666666666665,24.597800781158266,18
