hand,first_max_height,min_height,second_max_height,dribbling_frequency,bending_angle,duration
1,1.4201968908309937,1.004449486732483,1.417617678642273,1.6666666666666665,6.608618846283603,18
