hand,first_max_height,min_height,second_max_height,dribbling_frequency,bending_angle,duration
1,1.5455310344696045,1.0724427700042725,1.562524437904358,1.6666666666666665,2.4425427262092807,18
