hand,first_max_height,min_height,second_max_height,dribbling_frequency,bending_angle,duration
1,1.164115309715271,0.8002158403396606,1.251757025718689,1.875,32.0795386847044,16
