hand,first_max_height,min_height,second_max_height,dribbling_frequency,bending_angle,duration
1,0.8223010301589966,0.6828084588050842,0.7861367464065552,2.7272727272727275,71.53768646984238,11
