hand,first_max_height,min_height,second_max_height,dribbling_frequency,bending_angle,duration
1,1.2319129705429077,0.983802318572998,1.1972144842147827,2.142857142857143,11.580487844575616,14
