hand,first_max_height,min_height,second_max_height,dribbling_frequency,bending_angle,duration
1,1.475102424621582,0.9921000003814697,1.4311347007751465,1.6666666666666665,7.509320163624998,18
