hand,first_max_height,min_height,second_max_height,dribbling_frequency,bending_angle,duration
1,0.7595763206481934,0.5772074460983276,0.6798142194747925,2.7272727272727275,74.13825694299784,11
