hand,first_max_height,min_height,second_max_height,dribbling_frequency,bending_angle,duration
1,1.4490385055541992,1.118003487586975,1.4363901615142822,1.5,10.093594279433088,20
