hand,first_max_height,min_height,second_max_height,dribbling_frequency,bending_angle,duration
1,1.1642956733703613,0.9007367491722107,1.2239981889724731,2.142857142857143,24.814152788912722,14
