hand,first_max_height,min_height,second_max_height,dribbling_frequency,bending_angle,duration
1,0.7544469833374023,0.6188642978668213,0.7272302508354187,3.0,74.92548631045024,10
