hand,first_max_height,min_height,second_max_height,dribbling_frequency,bending_angle,duration
1,1.2800397872924805,0.9444085955619812,1.2624549865722656,1.875,9.226463952814346,16
