hand,first_max_height,min_height,second_max_height,dribbling_frequency,bending_angle,duration
1,1.4226690530776978,0.9165830016136169,1.4217480421066284,1.5,16.23633485872555,20
