hand,first_max_height,min_height,second_max_height,dribbling_frequency,bending_angle,duration
1,1.434441328048706,1.0199034214019775,1.387236475944519,1.875,6.348774829657487,16
