hand,first_max_height,min_height,second_max_height,dribbling_frequency,bending_angle,duration
1,1.6108794212341309,1.0862572193145752,1.6035475730895996,1.3636363636363638,6.260627379387934,22
