hand,first_max_height,min_height,second_max_height,dribbling_frequency,bending_angle,duration
1,1.5099130868911743,0.9903769493103027,1.5000040531158447,1.5789473684210527,11.67743545352318,19
