hand,first_max_height,min_height,second_max_height,dribbling_frequency,bending_angle,duration
1,1.4462419748306274,1.0171910524368286,1.4285571575164795,1.7647058823529411,4.183036566505799,17
