hand,first_max_height,min_height,second_max_height,dribbling_frequency,bending_angle,duration
1,1.482155203819275,1.0120033025741577,1.507126808166504,1.6666666666666665,2.9409552126977547,18
