hand,first_max_height,min_height,second_max_height,dribbling_frequency,bending_angle,duration
1,1.0214471817016602,0.6769657135009766,1.0840752124786377,1.7647058823529411,63.45950029626386,17
