hand,first_max_height,min_height,second_max_height,dribbling_frequency,bending_angle,duration
1,0.8816441297531128,0.5932005047798157,0.9388934373855591,2.142857142857143,68.60635375555674,14
