hand,first_max_height,min_height,second_max_height,dribbling_frequency,bending_angle,duration
1,1.527988076210022,0.9882882237434387,1.4782344102859497,1.5789473684210527,8.97196506891775,19
