hand,first_max_height,min_height,second_max_height,dribbling_frequency,bending_angle,duration
1,1.4707633256912231,1.1001167297363281,1.4741222858428955,1.5,10.292312391969558,20
