hand,first_max_height,min_height,second_max_height,dribbling_frequency,bending_angle,duration
1,1.4494407176971436,0.9672395586967468,1.5083963871002197,1.5789473684210527,10.04485430687327,19
