hand,first_max_height,min_height,second_max_height,dribbling_frequency,bending_angle,duration
1,1.320062279701233,0.9592057466506958,1.0693755149841309,2.5,11.028491500821902,12
