hand,first_max_height,min_height,second_max_height,dribbling_frequency,bending_angle,duration
1,1.5570257902145386,1.0341897010803223,1.5899604558944702,1.5789473684210527,3.4061168333370975,19
