hand,first_max_height,min_height,second_max_height,dribbling_frequency,bending_angle,duration
1,1.4625842571258545,0.8286933898925781,0.9959163665771484,2.0,10.393591885101909,15
