hand,first_max_height,min_height,second_max_height,dribbling_frequency,bending_angle,duration
1,1.4437075853347778,1.0117948055267334,1.4497544765472412,1.6666666666666665,8.275769278500984,18
