hand,first_max_height,min_height,second_max_height,dribbling_frequency,bending_angle,duration
1,1.3433595895767212,0.9369165301322937,1.360181450843811,1.6666666666666665,23.710838493651444,18
