hand,first_max_height,min_height,second_max_height,dribbling_frequency,bending_angle,duration
1,1.7001394033432007,1.0383962392807007,1.7622168064117432,1.4285714285714284,4.735348388334485,21
