hand,first_max_height,min_height,second_max_height,dribbling_frequency,bending_angle,duration
1,1.068948745727539,0.6681617498397827,1.3343689441680908,1.5789473684210527,61.027802342632285,19
