hand,first_max_height,min_height,second_max_height,dribbling_frequency,bending_angle,duration
1,1.5594062805175781,0.9759998321533203,1.5511369705200195,1.6666666666666665,9.792160541940326,18
