hand,first_max_height,min_height,second_max_height,dribbling_frequency,bending_angle,duration
1,1.2794907093048096,1.0850809812545776,1.314112663269043,2.7272727272727275,12.534110404552694,11
