hand,first_max_height,min_height,second_max_height,dribbling_frequency,bending_angle,duration
1,1.1449675559997559,0.9196386337280273,1.1588642597198486,2.142857142857143,20.871753992706694,14
