hand,first_max_height,min_height,second_max_height,dribbling_frequency,bending_angle,duration
1,1.3298418521881104,0.9458783268928528,1.3311892747879028,1.7647058823529411,5.072204233431164,17
