hand,first_max_height,min_height,second_max_height,dribbling_frequency,bending_angle,duration
1,1.5141600370407104,1.0336360931396484,1.500288486480713,1.7647058823529411,4.5921859474719575,17
