hand,first_max_height,min_height,second_max_height,dribbling_frequency,bending_angle,duration
1,1.2596412897109985,0.7223771810531616,1.1717230081558228,1.5789473684210527,44.64781898854078,19
