hand,first_max_height,min_height,second_max_height,dribbling_frequency,bending_angle,duration
1,1.3635987043380737,0.9990062117576599,1.3474217653274536,1.875,5.380888640567039,16
