hand,first_max_height,min_height,second_max_height,dribbling_frequency,bending_angle,duration
1,1.3960230350494385,0.8829483389854431,1.100338339805603,2.0,19.66840968396779,15
