hand,first_max_height,min_height,second_max_height,dribbling_frequency,bending_angle,duration
1,1.4382952451705933,0.9932578206062317,1.4048737287521362,1.7647058823529411,7.990837245281818,17
