hand,first_max_height,min_height,second_max_height,dribbling_frequency,bending_angle,duration
1,1.4900306463241577,1.0418542623519897,1.5442378520965576,1.7647058823529411,13.58637468094533,17
