hand,first_max_height,min_height,second_max_height,dribbling_frequency,bending_angle,duration
1,1.5423758029937744,0.984920084476471,1.51653254032135,1.7647058823529411,15.69270187135823,17
