hand,first_max_height,min_height,second_max_height,dribbling_frequency,bending_angle,duration
1,1.3224332332611084,0.9043503403663635,1.3342329263687134,1.6666666666666665,27.84242957002024,18
