hand,first_max_height,min_height,second_max_height,dribbling_frequency,bending_angle,duration
1,1.4260278940200806,0.8586581945419312,1.2280559539794922,1.875,12.250867335039757,16
