hand,first_max_height,min_height,second_max_height,dribbling_frequency,bending_angle,duration
1,1.0993320941925049,0.7346242666244507,1.4934345483779907,1.5,54.24454066939783,20
