hand,first_max_height,min_height,second_max_height,dribbling_frequency,bending_angle,duration
1,1.448097586631775,1.0722044706344604,1.346423864364624,1.7647058823529411,1.2168246650639376,17
