hand,first_max_height,min_height,second_max_height,dribbling_frequency,bending_angle,duration
1,1.4298871755599976,0.9757087230682373,1.4161202907562256,1.7647058823529411,7.239335941778334,17
