hand,first_max_height,min_height,second_max_height,dribbling_frequency,bending_angle,duration
1,1.095919132232666,0.9245976805686951,1.5219736099243164,2.142857142857143,40.527384729228885,14
