hand,first_max_height,min_height,second_max_height,dribbling_frequency,bending_angle,duration
1,1.6119683980941772,1.0691090822219849,1.6546989679336548,1.3043478260869565,5.797583360318724,23
