hand,first_max_height,min_height,second_max_height,dribbling_frequency,bending_angle,duration
1,1.1311594247817993,0.8262568116188049,1.1173155307769775,1.7647058823529411,19.968819013336056,17
