hand,first_max_height,min_height,second_max_height,dribbling_frequency,bending_angle,duration
1,1.3690356016159058,1.012811541557312,1.3500326871871948,1.7647058823529411,5.478298416472839,17
