hand,first_max_height,min_height,second_max_height,dribbling_frequency,bending_angle,duration
1,1.3591254949569702,0.9878121614456177,1.3998106718063354,2.0,8.83516015168166,15
