hand,first_max_height,min_height,second_max_height,dribbling_frequency,bending_angle,duration
1,1.4534116983413696,1.1357260942459106,1.4490385055541992,1.4285714285714284,9.125126842397291,21
