hand,first_max_height,min_height,second_max_height,dribbling_frequency,bending_angle,duration
1,1.5020734071731567,0.9656945466995239,1.5620148181915283,1.5789473684210527,7.423513960523008,19
