hand,first_max_height,min_height,second_max_height,dribbling_frequency,bending_angle,duration
1,1.3954764604568481,0.9755569100379944,1.4336285591125488,1.875,6.788108540354502,16
