hand,first_max_height,min_height,second_max_height,dribbling_frequency,bending_angle,duration
1,1.1279546022415161,0.9640249013900757,1.450900673866272,2.142857142857143,10.236825760081643,14
