hand,first_max_height,min_height,second_max_height,dribbling_frequency,bending_angle,duration
1,1.4267420768737793,1.0775138139724731,1.4256963729858398,2.0,4.975502049915859,15
