hand,first_max_height,min_height,second_max_height,dribbling_frequency,bending_angle,duration
1,1.324594497680664,0.887656569480896,1.3194648027420044,1.6666666666666665,27.09762878131925,18
