hand,first_max_height,min_height,second_max_height,dribbling_frequency,bending_angle,duration
1,1.4611252546310425,1.0062081813812256,1.4639883041381836,1.5789473684210527,8.947447176773014,19
