hand,first_max_height,min_height,second_max_height,dribbling_frequency,bending_angle,duration
1,1.1736533641815186,0.955399751663208,1.5284827947616577,1.6666666666666665,35.969111606285736,18
