hand,first_max_height,min_height,second_max_height,dribbling_frequency,bending_angle,duration
1,1.4588513374328613,0.9733051061630249,1.448765516281128,1.5789473684210527,10.436762962602495,19
