hand,first_max_height,min_height,second_max_height,dribbling_frequency,bending_angle,duration
1,1.3794925212860107,1.0596373081207275,1.3725919723510742,2.307692307692308,13.783252919775714,13
