hand,first_max_height,min_height,second_max_height,dribbling_frequency,bending_angle,duration
1,1.3567153215408325,1.016066074371338,1.392995834350586,1.875,9.476916102588406,16
