hand,first_max_height,min_height,second_max_height,dribbling_frequency,bending_angle,duration
1,1.4042918682098389,1.064052939414978,1.4267420768737793,2.142857142857143,4.081104691390063,14
