hand,first_max_height,min_height,second_max_height,dribbling_frequency,bending_angle,duration
1,1.3286691904067993,1.015336036682129,1.2868638038635254,2.142857142857143,10.76810383224825,14
