hand,first_max_height,min_height,second_max_height,dribbling_frequency,bending_angle,duration
1,1.3545728921890259,0.9813952445983887,1.4931832551956177,1.6666666666666665,27.380267267899,18
