hand,first_max_height,min_height,second_max_height,dribbling_frequency,bending_angle,duration
1,1.2202855348587036,1.0109856128692627,1.2094062566757202,2.307692307692308,9.106810522479307,13
