hand,first_max_height,min_height,second_max_height,dribbling_frequency,bending_angle,duration
1,0.7730462551116943,0.5477152466773987,0.8120754957199097,2.0,76.31400116251093,15
