hand,first_max_height,min_height,second_max_height,dribbling_frequency,bending_angle,duration
1,1.0004972219467163,0.6247599720954895,0.9620836973190308,1.875,65.06060356749703,16
