hand,first_max_height,min_height,second_max_height,dribbling_frequency,bending_angle,duration
1,1.3148822784423828,0.9509822726249695,1.2812649011611938,2.142857142857143,13.878463553247933,14
