hand,first_max_height,min_height,second_max_height,dribbling_frequency,bending_angle,duration
1,1.4727613925933838,1.0171161890029907,1.4340540170669556,1.7647058823529411,8.789415386966693,17
