hand,first_max_height,min_height,second_max_height,dribbling_frequency,bending_angle,duration
1,1.349391222000122,1.0443516969680786,1.3479951620101929,2.0,12.067290048306651,15
