hand,first_max_height,min_height,second_max_height,dribbling_frequency,bending_angle,duration
1,1.0303118228912354,0.7888637185096741,1.0442475080490112,2.5,53.24082214278647,12
