hand,first_max_height,min_height,second_max_height,dribbling_frequency,bending_angle,duration
1,1.2490673065185547,0.9140403270721436,1.1908960342407227,2.0,23.874964152417093,15
