hand,first_max_height,min_height,second_max_height,dribbling_frequency,bending_angle,duration
1,1.4719574451446533,0.9566618204116821,1.447858214378357,1.875,20.54609441603267,16
