hand,first_max_height,min_height,second_max_height,dribbling_frequency,bending_angle,duration
1,0.7903340458869934,0.689781904220581,0.9977614283561707,2.307692307692308,56.78549083486419,13
