hand,first_max_height,min_height,second_max_height,dribbling_frequency,bending_angle,duration
1,1.5989397764205933,1.0156186819076538,1.5521560907363892,1.5,11.93968236683255,20
