hand,first_max_height,min_height,second_max_height,dribbling_frequency,bending_angle,duration
1,1.2419583797454834,0.9705359935760498,1.306176781654358,2.142857142857143,14.904055016753704,14
