hand,first_max_height,min_height,second_max_height,dribbling_frequency,bending_angle,duration
1,1.2198117971420288,0.7163941860198975,1.1508302688598633,1.875,53.306275186661814,16
