hand,first_max_height,min_height,second_max_height,dribbling_frequency,bending_angle,duration
1,1.0548144578933716,0.7178409099578857,1.0352996587753296,1.875,59.79969090629691,16
