hand,first_max_height,min_height,second_max_height,dribbling_frequency,bending_angle,duration
1,1.3174169063568115,0.9319857358932495,1.3693113327026367,1.875,16.211037723268234,16
