hand,first_max_height,min_height,second_max_height,dribbling_frequency,bending_angle,duration
1,1.2177067995071411,0.7091377377510071,1.1461181640625,1.7647058823529411,53.042672267962296,17
