hand,first_max_height,min_height,second_max_height,dribbling_frequency,bending_angle,duration
1,1.3725919723510742,1.0907953977584839,1.4001296758651733,2.307692307692308,16.714585465385134,13
