hand,first_max_height,min_height,second_max_height,dribbling_frequency,bending_angle,duration
1,1.3802237510681152,0.9986951947212219,1.3766067028045654,2.0,5.18550190564486,15
