hand,first_max_height,min_height,second_max_height,dribbling_frequency,bending_angle,duration
1,1.556087613105774,1.0352826118469238,1.4620373249053955,1.5789473684210527,8.676143511862682,19
