hand,first_max_height,min_height,second_max_height,dribbling_frequency,bending_angle,duration
1,1.6015958786010742,1.033862829208374,1.1599080562591553,2.142857142857143,3.753545217934657,14
