hand,first_max_height,min_height,second_max_height,dribbling_frequency,bending_angle,duration
1,1.4002526998519897,1.0482532978057861,1.3453865051269531,2.0,14.662872894479266,15
