hand,first_max_height,min_height,second_max_height,dribbling_frequency,bending_angle,duration
1,1.1599080562591553,0.8045700788497925,1.0643134117126465,2.307692307692308,31.594085089750166,13
