hand,first_max_height,min_height,second_max_height,dribbling_frequency,bending_angle,duration
1,1.5263490676879883,0.9890221953392029,1.5061333179473877,1.6666666666666665,4.938534039871838,18
