hand,first_max_height,min_height,second_max_height,dribbling_frequency,bending_angle,duration
1,1.1810011863708496,0.9445393085479736,1.165940523147583,2.142857142857143,33.21414468302299,14
