hand,first_max_height,min_height,second_max_height,dribbling_frequency,bending_angle,duration
1,1.3611150979995728,1.0322096347808838,1.3739094734191895,1.7647058823529411,2.1366334433162617,17
