hand,first_max_height,min_height,second_max_height,dribbling_frequency,bending_angle,duration
1,0.9679167866706848,0.7527568340301514,1.2313343286514282,2.0,62.774203052210005,15
