hand,first_max_height,min_height,second_max_height,dribbling_frequency,bending_angle,duration
1,1.0107587575912476,0.730122447013855,0.9795975089073181,2.0,54.237695542981946,15
