hand,first_max_height,min_height,second_max_height,dribbling_frequency,bending_angle,duration
1,1.3608694076538086,0.9611073136329651,1.3309537172317505,1.7647058823529411,6.489403243013819,17
