hand,first_max_height,min_height,second_max_height,dribbling_frequency,bending_angle,duration
1,0.8120754957199097,0.6085056662559509,0.890901505947113,2.307692307692308,75.66326045275639,13
