hand,first_max_height,min_height,second_max_height,dribbling_frequency,bending_angle,duration
1,1.007389783859253,0.7485098242759705,1.0340725183486938,2.0,52.73896840597418,15
