hand,first_max_height,min_height,second_max_height,dribbling_frequency,bending_angle,duration
1,1.4642024040222168,1.018978238105774,1.4204264879226685,1.6666666666666665,3.6166906025438066,18
