hand,first_max_height,min_height,second_max_height,dribbling_frequency,bending_angle,duration
1,1.4491746425628662,1.046259880065918,1.4545960426330566,1.875,5.071458813773688,16
