hand,first_max_height,min_height,second_max_height,dribbling_frequency,bending_angle,duration
1,0.7071382403373718,0.6186025142669678,0.8056554794311523,3.0,75.34891109897207,10
