hand,first_max_height,min_height,second_max_height,dribbling_frequency,bending_angle,duration
1,1.360599160194397,0.9884876012802124,1.3810843229293823,2.0,8.568610408129809,15
