hand,first_max_height,min_height,second_max_height,dribbling_frequency,bending_angle,duration
1,1.347141981124878,0.995261549949646,1.2941617965698242,2.0,19.907020705647376,15
