hand,first_max_height,min_height,second_max_height,dribbling_frequency,bending_angle,duration
1,1.43308424949646,0.6117037534713745,0.7613625526428223,2.142857142857143,27.67819478540802,14
