hand,first_max_height,min_height,second_max_height,dribbling_frequency,bending_angle,duration
1,1.1953637599945068,0.8988195061683655,1.5814893245697021,2.0,37.176673336483205,15
