hand,first_max_height,min_height,second_max_height,dribbling_frequency,bending_angle,duration
1,1.3487945795059204,1.050303339958191,1.3428902626037598,2.307692307692308,15.110451171330228,13
