hand,first_max_height,min_height,second_max_height,dribbling_frequency,bending_angle,duration
1,1.0562716722488403,0.7919321060180664,1.309172511100769,2.142857142857143,50.32835054080156,14
