hand,first_max_height,min_height,second_max_height,dribbling_frequency,bending_angle,duration
1,0.9386386275291443,0.49835216999053955,0.8418511748313904,1.7647058823529411,60.47983443573707,17
