hand,first_max_height,min_height,second_max_height,dribbling_frequency,bending_angle,duration
1,1.0474070310592651,0.8345663547515869,1.0300062894821167,2.7272727272727275,52.66065013312115,11
