hand,first_max_height,min_height,second_max_height,dribbling_frequency,bending_angle,duration
1,1.2680182456970215,0.9991194009780884,1.2763527631759644,2.0,28.67961154036809,15
