hand,first_max_height,min_height,second_max_height,dribbling_frequency,bending_angle,duration
1,1.3730493783950806,1.0159538984298706,1.3688232898712158,1.875,5.538170218533331,16
