hand,first_max_height,min_height,second_max_height,dribbling_frequency,bending_angle,duration
1,1.3948131799697876,1.0148639678955078,1.383294939994812,1.875,6.106379526255631,16
