hand,first_max_height,min_height,second_max_height,dribbling_frequency,bending_angle,duration
1,1.2842121124267578,0.8846849203109741,1.2994325160980225,1.6666666666666665,28.166440629901118,18
