hand,first_max_height,min_height,second_max_height,dribbling_frequency,bending_angle,duration
1,1.4295960664749146,0.9833860397338867,1.4323086738586426,1.875,7.233502566617159,16
