hand,first_max_height,min_height,second_max_height,dribbling_frequency,bending_angle,duration
1,1.0059540271759033,0.7350357174873352,0.9977220296859741,2.142857142857143,53.591826548406324,14
