hand,first_max_height,min_height,second_max_height,dribbling_frequency,bending_angle,duration
1,1.385369896888733,1.0255284309387207,1.4164619445800781,2.0,6.965444893637185,15
