hand,first_max_height,min_height,second_max_height,dribbling_frequency,bending_angle,duration
1,1.3766067028045654,1.0024741888046265,1.4028735160827637,1.7647058823529411,7.6040907736561625,17
