hand,first_max_height,min_height,second_max_height,dribbling_frequency,bending_angle,duration
1,1.1415913105010986,0.7365421056747437,1.1400392055511475,1.875,54.89412481359556,16
