hand,first_max_height,min_height,second_max_height,dribbling_frequency,bending_angle,duration
1,1.4626891613006592,0.9620898365974426,1.4753190279006958,1.5789473684210527,10.250283357417116,19
