hand,first_max_height,min_height,second_max_height,dribbling_frequency,bending_angle,duration
1,1.5675077438354492,1.0498251914978027,1.606445550918579,1.3636363636363638,7.1115645192443475,22
