hand,first_max_height,min_height,second_max_height,dribbling_frequency,bending_angle,duration
1,1.5184886455535889,0.9972360134124756,1.5105561017990112,1.6666666666666665,14.578220156448273,18
