hand,first_max_height,min_height,second_max_height,dribbling_frequency,bending_angle,duration
1,1.3831722736358643,1.0023082494735718,1.4985095262527466,1.875,6.05596739668936,16
