hand,first_max_height,min_height,second_max_height,dribbling_frequency,bending_angle,duration
1,1.4208157062530518,1.0107958316802979,1.4146029949188232,2.142857142857143,20.397245623017476,14
