hand,first_max_height,min_height,second_max_height,dribbling_frequency,bending_angle,duration
1,1.3640891313552856,0.9940670132637024,1.3352651596069336,1.7647058823529411,13.311626784652221,17
