hand,first_max_height,min_height,second_max_height,dribbling_frequency,bending_angle,duration
1,0.6660577058792114,0.5612069964408875,1.000925064086914,2.7272727272727275,75.51787551345521,11
