hand,first_max_height,min_height,second_max_height,dribbling_frequency,bending_angle,duration
1,1.3664630651474,0.9579401016235352,1.40264093875885,1.6666666666666665,5.084725747451528,18
