hand,first_max_height,min_height,second_max_height,dribbling_frequency,bending_angle,duration
1,1.3839716911315918,1.1202441453933716,1.3620762825012207,2.307692307692308,7.593734212539855,13
