hand,first_max_height,min_height,second_max_height,dribbling_frequency,bending_angle,duration
1,1.3277660608291626,0.9607266187667847,1.2636942863464355,1.7647058823529411,3.823283221356057,17
