hand,first_max_height,min_height,second_max_height,dribbling_frequency,bending_angle,duration
1,1.0341969728469849,0.6725841760635376,1.4600107669830322,1.3636363636363638,57.79130416474142,22
