hand,first_max_height,min_height,second_max_height,dribbling_frequency,bending_angle,duration
1,1.3154847621917725,0.9167361855506897,1.343627691268921,1.7647058823529411,29.129809343288116,17
