hand,first_max_height,min_height,second_max_height,dribbling_frequency,bending_angle,duration
1,1.6577377319335938,1.0328420400619507,1.6379386186599731,1.4285714285714284,5.391465696508452,21
