hand,first_max_height,min_height,second_max_height,dribbling_frequency,bending_angle,duration
1,1.2798125743865967,0.925091564655304,1.2919670343399048,2.0,22.432867546394345,15
