hand,first_max_height,min_height,second_max_height,dribbling_frequency,bending_angle,duration
1,1.3870465755462646,1.0519425868988037,1.3746968507766724,2.142857142857143,7.3896499612935,14
