hand,first_max_height,min_height,second_max_height,dribbling_frequency,bending_angle,duration
1,0.9236856698989868,0.7239276766777039,0.9560602903366089,2.5,59.70428813138809,12
