hand,first_max_height,min_height,second_max_height,dribbling_frequency,bending_angle,duration
1,1.3649958372116089,1.0072388648986816,1.3288573026657104,2.0,7.779959008841581,15
