hand,first_max_height,min_height,second_max_height,dribbling_frequency,bending_angle,duration
1,0.9572162628173828,0.7658198475837708,1.0506560802459717,2.7272727272727275,55.27219223250594,11
