hand,first_max_height,min_height,second_max_height,dribbling_frequency,bending_angle,duration
1,1.331719160079956,0.835486650466919,0.9199749231338501,2.7272727272727275,20.584758169064404,11
