hand,first_max_height,min_height,second_max_height,dribbling_frequency,bending_angle,duration
1,1.0074080228805542,0.6791713237762451,0.9924885034561157,2.0,59.29094929053265,15
