hand,first_max_height,min_height,second_max_height,dribbling_frequency,bending_angle,duration
1,1.1834160089492798,0.8345344066619873,1.1506259441375732,2.0,30.93680643372311,15
