hand,first_max_height,min_height,second_max_height,dribbling_frequency,bending_angle,duration
1,1.4889347553253174,0.9434398412704468,1.5670210123062134,1.5789473684210527,13.255650954042132,19
