hand,first_max_height,min_height,second_max_height,dribbling_frequency,bending_angle,duration
1,0.9508196711540222,0.7272212505340576,1.2198561429977417,2.0,60.14978876462975,15
