hand,first_max_height,min_height,second_max_height,dribbling_frequency,bending_angle,duration
1,1.5414401292800903,1.0925136804580688,1.4991792440414429,1.7647058823529411,2.600084006265224,17
