hand,first_max_height,min_height,second_max_height,dribbling_frequency,bending_angle,duration
1,0.9032374620437622,0.6933718323707581,0.9018518924713135,2.5,69.96010875288496,12
