hand,first_max_height,min_height,second_max_height,dribbling_frequency,bending_angle,duration
1,1.0840688943862915,0.6506420373916626,1.5177241563796997,1.5,70.01959129912908,20
