hand,first_max_height,min_height,second_max_height,dribbling_frequency,bending_angle,duration
1,0.8860559463500977,0.7953969240188599,0.9125313758850098,2.7272727272727275,59.34928910200154,11
