hand,first_max_height,min_height,second_max_height,dribbling_frequency,bending_angle,duration
1,1.3374851942062378,0.9916397333145142,1.3756103515625,1.875,6.274632220300099,16
