hand,first_max_height,min_height,second_max_height,dribbling_frequency,bending_angle,duration
1,1.4317504167556763,0.9831610918045044,1.3978297710418701,1.7647058823529411,12.416802929001168,17
