hand,first_max_height,min_height,second_max_height,dribbling_frequency,bending_angle,duration
1,0.622295081615448,0.5199410915374756,0.6970179677009583,3.0,74.89713811752792,10
