hand,first_max_height,min_height,second_max_height,dribbling_frequency,bending_angle,duration
1,1.4641764163970947,1.0172617435455322,1.5790880918502808,1.5789473684210527,11.5608926003746,19
