hand,first_max_height,min_height,second_max_height,dribbling_frequency,bending_angle,duration
1,0.9445319175720215,0.6756250858306885,0.9592993259429932,2.307692307692308,61.57001642539588,13
