hand,first_max_height,min_height,second_max_height,dribbling_frequency,bending_angle,duration
1,1.3637255430221558,1.0188637971878052,1.3902194499969482,1.7647058823529411,4.869523192643498,17
