hand,first_max_height,min_height,second_max_height,dribbling_frequency,bending_angle,duration
1,1.522616982460022,1.021804928779602,1.4170857667922974,2.142857142857143,14.28498635980702,14
