hand,first_max_height,min_height,second_max_height,dribbling_frequency,bending_angle,duration
1,1.3774434328079224,1.0850328207015991,1.333931803703308,2.142857142857143,9.406625930198173,14
