hand,first_max_height,min_height,second_max_height,dribbling_frequency,bending_angle,duration
1,1.0105663537979126,0.740759015083313,1.0028880834579468,2.142857142857143,58.03800249624775,14
