hand,first_max_height,min_height,second_max_height,dribbling_frequency,bending_angle,duration
1,1.1744240522384644,0.7526828646659851,1.126530647277832,2.0,45.058555673609604,15
