hand,first_max_height,min_height,second_max_height,dribbling_frequency,bending_angle,duration
1,1.5178874731063843,1.0331244468688965,1.5085939168930054,1.6666666666666665,4.278882296318894,18
