hand,first_max_height,min_height,second_max_height,dribbling_frequency,bending_angle,duration
1,1.005293846130371,0.8053576350212097,1.0027939081192017,3.0,46.13780068401527,10
