hand,first_max_height,min_height,second_max_height,dribbling_frequency,bending_angle,duration
1,0.9760798811912537,0.7949622273445129,1.020770788192749,2.5,55.30871072497679,12
