hand,first_max_height,min_height,second_max_height,dribbling_frequency,bending_angle,duration
1,1.4331369400024414,1.0227768421173096,1.5675500631332397,1.5789473684210527,9.189865770247868,19
