hand,first_max_height,min_height,second_max_height,dribbling_frequency,bending_angle,duration
1,1.1447303295135498,0.7624351382255554,1.1882163286209106,1.875,48.561386739638955,16
