hand,first_max_height,min_height,second_max_height,dribbling_frequency,bending_angle,duration
1,1.464130163192749,1.0199062824249268,1.3984930515289307,1.875,4.883882624829702,16
