hand,first_max_height,min_height,second_max_height,dribbling_frequency,bending_angle,duration
1,1.3864009380340576,1.053351879119873,1.4004477262496948,2.0,4.799494103183312,15
