hand,first_max_height,min_height,second_max_height,dribbling_frequency,bending_angle,duration
1,1.2349107265472412,0.9081892967224121,1.2061262130737305,1.6666666666666665,6.917923020577228,18
