hand,first_max_height,min_height,second_max_height,dribbling_frequency,bending_angle,duration
1,1.5453945398330688,0.9673095941543579,1.5199538469314575,1.5789473684210527,11.193557595322972,19
