hand,first_max_height,min_height,second_max_height,dribbling_frequency,bending_angle,duration
1,1.4255152940750122,1.0560630559921265,1.5013900995254517,1.875,1.8067411406820457,16
