hand,first_max_height,min_height,second_max_height,dribbling_frequency,bending_angle,duration
1,0.9042930006980896,0.7108761668205261,0.8735603094100952,2.142857142857143,67.40430074779817,14
