hand,first_max_height,min_height,second_max_height,dribbling_frequency,bending_angle,duration
1,1.3622779846191406,0.997785210609436,1.4233728647232056,1.875,11.014765519455564,16
