hand,first_max_height,min_height,second_max_height,dribbling_frequency,bending_angle,duration
1,1.409792423248291,0.8977278470993042,1.4196012020111084,1.5,19.369081695252355,20
