hand,first_max_height,min_height,second_max_height,dribbling_frequency,bending_angle,duration
1,1.449270248413086,1.0366427898406982,1.5141090154647827,1.7647058823529411,16.55361619154734,17
