hand,first_max_height,min_height,second_max_height,dribbling_frequency,bending_angle,duration
1,1.3043076992034912,0.9576532244682312,1.4688844680786133,1.7647058823529411,35.964555020016476,17
