hand,first_max_height,min_height,second_max_height,dribbling_frequency,bending_angle,duration
1,1.1618884801864624,0.8275988698005676,0.9460951089859009,2.5,36.227480015691334,12
