hand,first_max_height,min_height,second_max_height,dribbling_frequency,bending_angle,duration
1,1.4539928436279297,1.000188946723938,1.4181585311889648,1.875,17.83216170128913,16
