hand,first_max_height,min_height,second_max_height,dribbling_frequency,bending_angle,duration
1,0.7191416621208191,0.5065525770187378,0.6887887120246887,3.0,79.93563053478564,10
