hand,first_max_height,min_height,second_max_height,dribbling_frequency,bending_angle,duration
1,1.4822344779968262,0.7275640964508057,1.017896056175232,1.875,18.342032475523975,16
