hand,first_max_height,min_height,second_max_height,dribbling_frequency,bending_angle,duration
1,1.0972541570663452,0.7682494521141052,1.0849868059158325,2.0,52.62810604760844,15
