hand,first_max_height,min_height,second_max_height,dribbling_frequency,bending_angle,duration
1,1.4163004159927368,0.9530274271965027,1.3415809869766235,1.7647058823529411,8.238217327601236,17
