hand,first_max_height,min_height,second_max_height,dribbling_frequency,bending_angle,duration
1,1.0643134117126465,0.6640614867210388,0.9523849487304688,2.307692307692308,58.15622805398242,13
