hand,first_max_height,min_height,second_max_height,dribbling_frequency,bending_angle,duration
1,1.2733330726623535,0.9825970530509949,1.306069016456604,1.7647058823529411,9.992157686065552,17
