hand,first_max_height,min_height,second_max_height,dribbling_frequency,bending_angle,duration
1,1.3551876544952393,0.9654271602630615,1.3374851942062378,1.7647058823529411,5.697418423260281,17
