hand,first_max_height,min_height,second_max_height,dribbling_frequency,bending_angle,duration
1,1.309172511100769,0.9613445401191711,1.553261399269104,1.7647058823529411,26.765940584080433,17
