hand,first_max_height,min_height,second_max_height,dribbling_frequency,bending_angle,duration
1,1.5023853778839111,1.0342193841934204,1.4772186279296875,1.875,4.971569095322379,16
