hand,first_max_height,min_height,second_max_height,dribbling_frequency,bending_angle,duration
1,1.4480010271072388,0.9478046894073486,1.434524416923523,1.6666666666666665,8.646154742728374,18
