hand,first_max_height,min_height,second_max_height,dribbling_frequency,bending_angle,duration
1,1.4925733804702759,1.0412840843200684,1.5023893117904663,1.7647058823529411,11.044505919394522,17
