hand,first_max_height,min_height,second_max_height,dribbling_frequency,bending_angle,duration
1,1.0294452905654907,0.8053516745567322,1.1356569528579712,2.5,39.367634144533234,12
