hand,first_max_height,min_height,second_max_height,dribbling_frequency,bending_angle,duration
1,1.0742037296295166,0.7918689250946045,1.0609724521636963,2.7272727272727275,38.38777682118219,11
