hand,first_max_height,min_height,second_max_height,dribbling_frequency,bending_angle,duration
1,0.8624258041381836,0.721004068851471,0.8977875709533691,2.5,66.56961086885337,12
