hand,first_max_height,min_height,second_max_height,dribbling_frequency,bending_angle,duration
1,1.5056318044662476,1.1147323846817017,1.3972690105438232,2.142857142857143,3.9483741462516857,14
