hand,first_max_height,min_height,second_max_height,dribbling_frequency,bending_angle,duration
1,1.5103533267974854,1.0475099086761475,1.5343767404556274,1.7647058823529411,11.421899545894838,17
