hand,first_max_height,min_height,second_max_height,dribbling_frequency,bending_angle,duration
1,1.231889009475708,0.8334475159645081,1.4830175638198853,1.875,48.079639517485596,16
