hand,first_max_height,min_height,second_max_height,dribbling_frequency,bending_angle,duration
1,1.229672908782959,1.0455577373504639,1.2231825590133667,2.0,13.624496819908256,15
