hand,first_max_height,min_height,second_max_height,dribbling_frequency,bending_angle,duration
1,1.1908960342407227,0.9229588508605957,1.2511321306228638,2.142857142857143,22.600915452342484,14
