hand,first_max_height,min_height,second_max_height,dribbling_frequency,bending_angle,duration
1,1.5449353456497192,1.062769889831543,1.5350126028060913,1.4285714285714284,11.853719941758023,21
