hand,first_max_height,min_height,second_max_height,dribbling_frequency,bending_angle,duration
1,1.3021334409713745,0.9805211424827576,1.3274775743484497,1.875,12.751588232457673,16
