hand,first_max_height,min_height,second_max_height,dribbling_frequency,bending_angle,duration
1,1.0307564735412598,0.8988458514213562,1.1854491233825684,2.307692307692308,48.81786994065406,13
