hand,first_max_height,min_height,second_max_height,dribbling_frequency,bending_angle,duration
1,1.4607758522033691,1.0594947338104248,1.4236477613449097,1.6666666666666665,8.108272195622124,18
