hand,first_max_height,min_height,second_max_height,dribbling_frequency,bending_angle,duration
1,1.4242483377456665,0.9362250566482544,1.4000463485717773,1.5789473684210527,7.5403478290851185,19
