hand,first_max_height,min_height,second_max_height,dribbling_frequency,bending_angle,duration
1,1.4911549091339111,1.011420726776123,1.4462577104568481,1.7647058823529411,3.085593926580236,17
