hand,first_max_height,min_height,second_max_height,dribbling_frequency,bending_angle,duration
1,0.917805016040802,0.7286242842674255,0.9198910593986511,2.7272727272727275,55.14256275181998,11
