hand,first_max_height,min_height,second_max_height,dribbling_frequency,bending_angle,duration
1,1.6042643785476685,0.9570798277854919,1.6597349643707275,1.3636363636363638,9.004666233058774,22
