hand,first_max_height,min_height,second_max_height,dribbling_frequency,bending_angle,duration
1,1.3718637228012085,1.0149741172790527,1.402417778968811,1.7647058823529411,9.633076714146132,17
