hand,first_max_height,min_height,second_max_height,dribbling_frequency,bending_angle,duration
1,1.0300062894821167,0.8389136791229248,1.0456531047821045,2.5,53.150200494324224,12
