hand,first_max_height,min_height,second_max_height,dribbling_frequency,bending_angle,duration
1,1.4185428619384766,1.0275999307632446,1.4440950155258179,1.875,3.3329062818436133,16
