hand,first_max_height,min_height,second_max_height,dribbling_frequency,bending_angle,duration
1,0.9915579557418823,0.6338010430335999,1.0413546562194824,1.875,61.83396448191014,16
