hand,first_max_height,min_height,second_max_height,dribbling_frequency,bending_angle,duration
1,1.4722700119018555,0.9898321628570557,1.475102424621582,1.5789473684210527,6.234305307951692,19
