hand,first_max_height,min_height,second_max_height,dribbling_frequency,bending_angle,duration
1,1.4598937034606934,0.7647638916969299,1.4751685857772827,1.3636363636363638,28.81603560025037,22
