hand,first_max_height,min_height,second_max_height,dribbling_frequency,bending_angle,duration
1,1.4128799438476562,1.0316599607467651,1.3832663297653198,2.0,1.7342063286152098,15
