hand,first_max_height,min_height,second_max_height,dribbling_frequency,bending_angle,duration
1,0.8256855607032776,0.6335764527320862,0.8414376974105835,2.307692307692308,70.74400646555398,13
