hand,first_max_height,min_height,second_max_height,dribbling_frequency,bending_angle,duration
1,1.2800533771514893,1.0127018690109253,1.1856393814086914,1.875,20.69382784752306,16
