hand,first_max_height,min_height,second_max_height,dribbling_frequency,bending_angle,duration
1,1.502562403678894,0.9609055519104004,1.5038113594055176,1.875,17.52755331566804,16
