hand,first_max_height,min_height,second_max_height,dribbling_frequency,bending_angle,duration
1,1.4764845371246338,0.9833535552024841,1.4585158824920654,1.5789473684210527,1.7804365196773517,19
