hand,first_max_height,min_height,second_max_height,dribbling_frequency,bending_angle,duration
1,1.464747428894043,1.030824899673462,1.4167003631591797,1.6666666666666665,6.2080665436888545,18
