hand,first_max_height,min_height,second_max_height,dribbling_frequency,bending_angle,duration
1,1.4204264879226685,1.0059529542922974,1.4402945041656494,1.6666666666666665,1.6745213533634224,18
