hand,first_max_height,min_height,second_max_height,dribbling_frequency,bending_angle,duration
1,1.3461353778839111,0.9584735631942749,1.374489665031433,2.142857142857143,36.056081069519024,14
