hand,first_max_height,min_height,second_max_height,dribbling_frequency,bending_angle,duration
1,1.3334258794784546,1.019884705543518,1.3403351306915283,2.142857142857143,13.307098761020036,14
