hand,first_max_height,min_height,second_max_height,dribbling_frequency,bending_angle,duration
1,1.5097476243972778,0.9859681129455566,1.4788827896118164,1.3043478260869565,18.57540359463766,23
