hand,first_max_height,min_height,second_max_height,dribbling_frequency,bending_angle,duration
1,1.2746026515960693,0.8206498026847839,0.9690995812416077,1.875,12.203452854525235,16
