hand,first_max_height,min_height,second_max_height,dribbling_frequency,bending_angle,duration
1,1.5150587558746338,0.9583768844604492,1.484432578086853,1.6666666666666665,7.734626562628257,18
