hand,first_max_height,min_height,second_max_height,dribbling_frequency,bending_angle,duration
1,0.9198910593986511,0.7561303973197937,1.1900781393051147,2.307692307692308,57.55565366579895,13
