hand,first_max_height,min_height,second_max_height,dribbling_frequency,bending_angle,duration
1,1.2177066802978516,0.8917673230171204,1.2145015001296997,2.142857142857143,23.47492395506613,14
