hand,first_max_height,min_height,second_max_height,dribbling_frequency,bending_angle,duration
1,1.1658096313476562,0.7722383141517639,1.1295499801635742,1.6666666666666665,29.34108602282493,18
