hand,first_max_height,min_height,second_max_height,dribbling_frequency,bending_angle,duration
1,1.1856393814086914,1.0297021865844727,1.2805732488632202,2.0,20.103281092934186,15
