hand,first_max_height,min_height,second_max_height,dribbling_frequency,bending_angle,duration
1,1.4370559453964233,0.9871296882629395,1.4808920621871948,1.7647058823529411,6.540472947231843,17
