hand,first_max_height,min_height,second_max_height,dribbling_frequency,bending_angle,duration
1,0.899055540561676,0.7383888959884644,1.1043063402175903,2.142857142857143,58.98402183792379,14
