hand,first_max_height,min_height,second_max_height,dribbling_frequency,bending_angle,duration
1,1.3268526792526245,0.8930102586746216,1.2842121124267578,1.6666666666666665,25.115538085186433,18
