hand,first_max_height,min_height,second_max_height,dribbling_frequency,bending_angle,duration
1,1.2781438827514648,0.9873520135879517,1.3019877672195435,1.875,15.535661886465894,16
