hand,first_max_height,min_height,second_max_height,dribbling_frequency,bending_angle,duration
1,1.52522873878479,1.0394086837768555,1.4347803592681885,1.6666666666666665,11.890299113063682,18
