hand,first_max_height,min_height,second_max_height,dribbling_frequency,bending_angle,duration
1,1.115091323852539,0.8629969358444214,1.0065284967422485,2.5,46.76941249482179,12
