hand,first_max_height,min_height,second_max_height,dribbling_frequency,bending_angle,duration
1,1.4103171825408936,0.9840665459632874,1.4191222190856934,1.7647058823529411,19.66411627867796,17
