hand,first_max_height,min_height,second_max_height,dribbling_frequency,bending_angle,duration
1,1.0427874326705933,0.665631890296936,1.2817177772521973,1.5789473684210527,62.06808984362565,19
