hand,first_max_height,min_height,second_max_height,dribbling_frequency,bending_angle,duration
1,1.5889748334884644,1.0844587087631226,1.610047698020935,1.3636363636363638,7.581940562954914,22
