hand,first_max_height,min_height,second_max_height,dribbling_frequency,bending_angle,duration
1,1.2325929403305054,0.9352564215660095,1.209789752960205,2.0,30.367086531070488,15
