hand,first_max_height,min_height,second_max_height,dribbling_frequency,bending_angle,duration
1,1.077559471130371,0.9363594651222229,1.1466009616851807,2.5,36.01994444672622,12
