hand,first_max_height,min_height,second_max_height,dribbling_frequency,bending_angle,duration
1,1.2636966705322266,0.8930718302726746,1.0478416681289673,2.5,9.42675503573855,12
