hand,first_max_height,min_height,second_max_height,dribbling_frequency,bending_angle,duration
1,0.8442403078079224,0.7142168879508972,0.8525121808052063,3.0,73.76797468784454,10
