hand,first_max_height,min_height,second_max_height,dribbling_frequency,bending_angle,duration
1,1.1910115480422974,0.9446157813072205,1.210298776626587,2.307692307692308,31.724662672984454,13
