hand,first_max_height,min_height,second_max_height,dribbling_frequency,bending_angle,duration
1,0.8551474809646606,0.6677353382110596,0.9032374620437622,2.142857142857143,70.642013519011,14
