hand,first_max_height,min_height,second_max_height,dribbling_frequency,bending_angle,duration
1,0.9401376843452454,0.777228593826294,1.095919132232666,3.0,60.33195677003584,10
