hand,first_max_height,min_height,second_max_height,dribbling_frequency,bending_angle,duration
1,1.4017534255981445,0.9990833401679993,1.4232258796691895,1.6666666666666665,5.892472285230844,18
