hand,first_max_height,min_height,second_max_height,dribbling_frequency,bending_angle,duration
1,1.2103767395019531,1.0613244771957397,1.4235737323760986,2.5,25.92096190728863,12
