hand,first_max_height,min_height,second_max_height,dribbling_frequency,bending_angle,duration
1,0.9509773254394531,0.682929277420044,0.8789216876029968,2.307692307692308,57.96683577690922,13
