hand,first_max_height,min_height,second_max_height,dribbling_frequency,bending_angle,duration
1,0.7520310282707214,0.4506274461746216,1.0094280242919922,1.5789473684210527,79.28907582855692,19
