hand,first_max_height,min_height,second_max_height,dribbling_frequency,bending_angle,duration
1,1.5062685012817383,1.0311915874481201,1.4175364971160889,1.7647058823529411,5.020857304117367,17
