hand,first_max_height,min_height,second_max_height,dribbling_frequency,bending_angle,duration
1,1.237653136253357,1.0074812173843384,1.225787878036499,2.142857142857143,27.528300619586357,14
