hand,first_max_height,min_height,second_max_height,dribbling_frequency,bending_angle,duration
1,1.5387651920318604,0.9654028415679932,1.502562403678894,1.7647058823529411,16.968347457657103,17
