hand,first_max_height,min_height,second_max_height,dribbling_frequency,bending_angle,duration
1,1.0459215641021729,0.655913770198822,1.0173739194869995,2.0,60.76887004597302,15
