hand,first_max_height,min_height,second_max_height,dribbling_frequency,bending_angle,duration
1,1.360787272453308,1.026049017906189,1.323750376701355,2.142857142857143,9.056120571963826,14
