hand,first_max_height,min_height,second_max_height,dribbling_frequency,bending_angle,duration
1,1.4439045190811157,1.0517985820770264,1.3981517553329468,1.4285714285714284,8.596110374985992,21
