hand,first_max_height,min_height,second_max_height,dribbling_frequency,bending_angle,duration
1,1.366996169090271,1.0348540544509888,1.380767583847046,2.142857142857143,8.958252251028425,14
