hand,first_max_height,min_height,second_max_height,dribbling_frequency,bending_angle,duration
1,1.4825615882873535,0.9714537858963013,1.488770842552185,1.7647058823529411,20.573131641683442,17
