hand,first_max_height,min_height,second_max_height,dribbling_frequency,bending_angle,duration
1,0.856844961643219,0.5744061470031738,1.3054113388061523,1.5,61.68806871363386,20
