hand,first_max_height,min_height,second_max_height,dribbling_frequency,bending_angle,duration
1,0.9690995812416077,0.8069826364517212,0.9240674376487732,2.7272727272727275,56.343693131306914,11
