hand,first_max_height,min_height,second_max_height,dribbling_frequency,bending_angle,duration
1,1.5559027194976807,0.9307494759559631,1.5485316514968872,1.7647058823529411,19.53102661485989,17
