hand,first_max_height,min_height,second_max_height,dribbling_frequency,bending_angle,duration
1,0.8925756216049194,0.6461035013198853,0.9110317826271057,2.5,64.73380974840914,12
