hand,first_max_height,min_height,second_max_height,dribbling_frequency,bending_angle,duration
1,1.0229806900024414,0.5481340885162354,0.6020708084106445,2.0,37.906199685699185,15
