hand,first_max_height,min_height,second_max_height,dribbling_frequency,bending_angle,duration
1,1.5145843029022217,0.8305062055587769,1.1884925365447998,1.6666666666666665,10.346180821424122,18
