hand,first_max_height,min_height,second_max_height,dribbling_frequency,bending_angle,duration
1,1.4808123111724854,0.9682151079177856,1.4506598711013794,1.6666666666666665,8.429577588993691,18
