hand,first_max_height,min_height,second_max_height,dribbling_frequency,bending_angle,duration
1,1.350935459136963,0.8444344401359558,1.3764976263046265,1.6666666666666665,27.4210100185674,18
