hand,first_max_height,min_height,second_max_height,dribbling_frequency,bending_angle,duration
1,1.3156650066375732,0.9398112297058105,1.348618984222412,1.5789473684210527,10.041986024505851,19
