hand,first_max_height,min_height,second_max_height,dribbling_frequency,bending_angle,duration
1,1.0340725183486938,0.7079561948776245,0.9641889333724976,2.0,56.74519877802854,15
