hand,first_max_height,min_height,second_max_height,dribbling_frequency,bending_angle,duration
1,1.1999180316925049,0.6798235177993774,1.0008149147033691,2.0,46.315116266332396,15
