hand,first_max_height,min_height,second_max_height,dribbling_frequency,bending_angle,duration
1,1.3979222774505615,0.9446284770965576,1.4149547815322876,1.875,11.891504591542647,16
