hand,first_max_height,min_height,second_max_height,dribbling_frequency,bending_angle,duration
1,1.4294840097427368,1.0139423608779907,1.4289257526397705,2.0,2.3217341329402004,15
