hand,first_max_height,min_height,second_max_height,dribbling_frequency,bending_angle,duration
1,1.0082060098648071,0.8029650449752808,1.0209343433380127,2.5,45.900172083475205,12
