hand,first_max_height,min_height,second_max_height,dribbling_frequency,bending_angle,duration
1,0.5833819508552551,0.4587884545326233,0.7224438190460205,2.5,79.06172868254917,12
