hand,first_max_height,min_height,second_max_height,dribbling_frequency,bending_angle,duration
1,0.8196582198143005,0.6271756887435913,1.3376173973083496,1.875,64.82099710026546,16
