hand,first_max_height,min_height,second_max_height,dribbling_frequency,bending_angle,duration
1,1.3945177793502808,1.072385311126709,1.4622865915298462,1.7647058823529411,3.752804880064657,17
