hand,first_max_height,min_height,second_max_height,dribbling_frequency,bending_angle,duration
1,1.529544472694397,0.999075710773468,1.5378645658493042,1.5789473684210527,6.415609751730972,19
