hand,first_max_height,min_height,second_max_height,dribbling_frequency,bending_angle,duration
1,1.4289453029632568,0.9995704889297485,1.3804903030395508,1.875,9.703566768442471,16
