hand,first_max_height,min_height,second_max_height,dribbling_frequency,bending_angle,duration
1,1.452378511428833,1.0202332735061646,1.546884536743164,1.6666666666666665,5.41593073164804,18
