hand,first_max_height,min_height,second_max_height,dribbling_frequency,bending_angle,duration
1,1.0175150632858276,0.724647581577301,1.0008639097213745,2.0,54.95196453014662,15
