hand,first_max_height,min_height,second_max_height,dribbling_frequency,bending_angle,duration
1,1.488770842552185,0.9770348072052002,1.4947165250778198,1.7647058823529411,19.517865770086658,17
