hand,first_max_height,min_height,second_max_height,dribbling_frequency,bending_angle,duration
1,1.4117990732192993,1.0690891742706299,1.3820340633392334,1.4285714285714284,10.889767675936193,21
