hand,first_max_height,min_height,second_max_height,dribbling_frequency,bending_angle,duration
1,1.4434080123901367,0.9529826045036316,1.431344747543335,1.875,26.111569590838105,16
