hand,first_max_height,min_height,second_max_height,dribbling_frequency,bending_angle,duration
1,0.7645940780639648,0.720970869064331,1.0963937044143677,3.0,62.77327162846399,10
