hand,first_max_height,min_height,second_max_height,dribbling_frequency,bending_angle,duration
1,1.3820120096206665,1.0754960775375366,1.3553123474121094,2.307692307692308,11.59079126988812,13
