hand,first_max_height,min_height,second_max_height,dribbling_frequency,bending_angle,duration
1,1.5544553995132446,1.0487475395202637,1.5667635202407837,1.3043478260869565,3.5048044115012043,23
