hand,first_max_height,min_height,second_max_height,dribbling_frequency,bending_angle,duration
1,1.3787329196929932,1.0094921588897705,1.3447039127349854,1.875,3.644642808688084,16
