hand,first_max_height,min_height,second_max_height,dribbling_frequency,bending_angle,duration
1,1.0334831476211548,0.7917568683624268,0.99669349193573,2.5,53.37473709163286,12
