hand,first_max_height,min_height,second_max_height,dribbling_frequency,bending_angle,duration
1,1.6426118612289429,1.085960865020752,1.620857834815979,1.3636363636363638,5.4127676496826735,22
