hand,first_max_height,min_height,second_max_height,dribbling_frequency,bending_angle,duration
1,1.4484189748764038,1.0601507425308228,1.3926148414611816,2.0,7.171719101305299,15
