hand,first_max_height,min_height,second_max_height,dribbling_frequency,bending_angle,duration
1,1.3859848976135254,1.006064534187317,1.2853184938430786,2.0,9.268320296868314,15
