hand,first_max_height,min_height,second_max_height,dribbling_frequency,bending_angle,duration
1,0.8177871108055115,0.6842005848884583,0.8732655644416809,2.7272727272727275,70.1580750451763,11
