hand,first_max_height,min_height,second_max_height,dribbling_frequency,bending_angle,duration
1,1.439141035079956,0.7836808562278748,1.0361921787261963,1.7647058823529411,17.07197377822518,17
