hand,first_max_height,min_height,second_max_height,dribbling_frequency,bending_angle,duration
1,1.51653254032135,1.0081406831741333,1.5201587677001953,1.875,17.234336718103798,16
