hand,first_max_height,min_height,second_max_height,dribbling_frequency,bending_angle,duration
1,1.094842791557312,0.9011050462722778,1.1163008213043213,2.7272727272727275,47.714692424469604,11
