hand,first_max_height,min_height,second_max_height,dribbling_frequency,bending_angle,duration
1,1.4639883041381836,1.0184881687164307,1.4471051692962646,1.6666666666666665,7.371771524734925,18
