hand,first_max_height,min_height,second_max_height,dribbling_frequency,bending_angle,duration
1,1.405637264251709,1.0451492071151733,1.434883713722229,1.875,12.071257550768355,16
