hand,first_max_height,min_height,second_max_height,dribbling_frequency,bending_angle,duration
1,1.5871179103851318,1.0765023231506348,1.6175936460494995,1.3043478260869565,6.045425797522103,23
