hand,first_max_height,min_height,second_max_height,dribbling_frequency,bending_angle,duration
1,1.3325715065002441,1.0374590158462524,1.3815579414367676,2.142857142857143,15.498430265467286,14
