hand,first_max_height,min_height,second_max_height,dribbling_frequency,bending_angle,duration
1,1.2837884426116943,0.9365336298942566,1.2982465028762817,1.875,12.739616118492512,16
