hand,first_max_height,min_height,second_max_height,dribbling_frequency,bending_angle,duration
1,1.492973804473877,0.961567759513855,1.5515851974487305,1.7647058823529411,24.869937776411057,17
