hand,first_max_height,min_height,second_max_height,dribbling_frequency,bending_angle,duration
1,1.2275234460830688,0.8955564498901367,1.2681139707565308,1.875,33.07941994962303,16
