hand,first_max_height,min_height,second_max_height,dribbling_frequency,bending_angle,duration
1,1.3918333053588867,1.027126669883728,1.3823810815811157,2.142857142857143,6.508932141047053,14
