hand,first_max_height,min_height,second_max_height,dribbling_frequency,bending_angle,duration
1,1.39114511013031,0.9998909831047058,1.4065217971801758,1.875,9.118696910256956,16
