hand,first_max_height,min_height,second_max_height,dribbling_frequency,bending_angle,duration
1,1.2269432544708252,0.9762783050537109,1.259373664855957,2.142857142857143,33.578825295799916,14
