hand,first_max_height,min_height,second_max_height,dribbling_frequency,bending_angle,duration
1,1.0782767534255981,0.7016895413398743,1.096505880355835,2.142857142857143,61.8705516810366,14
