hand,first_max_height,min_height,second_max_height,dribbling_frequency,bending_angle,duration
1,0.918177604675293,0.6620033383369446,1.281632423400879,2.142857142857143,64.92506400034173,14
