hand,first_max_height,min_height,second_max_height,dribbling_frequency,bending_angle,duration
1,1.2233214378356934,0.9595084190368652,1.1936469078063965,2.0,32.54387457909052,15
