hand,first_max_height,min_height,second_max_height,dribbling_frequency,bending_angle,duration
1,0.9906055331230164,0.7311120629310608,1.0005265474319458,2.7272727272727275,60.165421663619334,11
