hand,first_max_height,min_height,second_max_height,dribbling_frequency,bending_angle,duration
1,1.1072032451629639,0.7378559112548828,1.4398572444915771,1.6666666666666665,56.34522668116443,18
