hand,first_max_height,min_height,second_max_height,dribbling_frequency,bending_angle,duration
1,1.3746671676635742,0.9718029499053955,1.371256947517395,1.875,10.808327016149883,16
