hand,first_max_height,min_height,second_max_height,dribbling_frequency,bending_angle,duration
1,1.3588049411773682,1.0528644323349,1.3859848976135254,2.142857142857143,7.41723300864067,14
