hand,first_max_height,min_height,second_max_height,dribbling_frequency,bending_angle,duration
1,1.4987895488739014,1.026228427886963,1.5658459663391113,1.7647058823529411,2.836778511066795,17
