hand,first_max_height,min_height,second_max_height,dribbling_frequency,bending_angle,duration
1,1.3922145366668701,1.0075111389160156,1.413859486579895,1.875,5.552379363925789,16
