hand,first_max_height,min_height,second_max_height,dribbling_frequency,bending_angle,duration
1,0.8557260036468506,0.7198162078857422,0.8597488403320312,3.0,64.59535668916658,10
