hand,first_max_height,min_height,second_max_height,dribbling_frequency,bending_angle,duration
1,0.9984766840934753,0.807395339012146,1.0474692583084106,2.5,47.03759100472892,12
