hand,first_max_height,min_height,second_max_height,dribbling_frequency,bending_angle,duration
1,1.3812456130981445,1.0053174495697021,1.4149004220962524,1.5789473684210527,7.282014001030684,19
