hand,first_max_height,min_height,second_max_height,dribbling_frequency,bending_angle,duration
1,1.6202820539474487,0.7535256743431091,0.7698069214820862,2.142857142857143,16.75434218552516,14
