hand,first_max_height,min_height,second_max_height,dribbling_frequency,bending_angle,duration
1,1.4328230619430542,1.0505915880203247,1.3814423084259033,1.875,6.093665946610474,16
