hand,first_max_height,min_height,second_max_height,dribbling_frequency,bending_angle,duration
1,1.4583425521850586,0.9982163906097412,1.4793895483016968,1.875,18.752336527900944,16
