hand,first_max_height,min_height,second_max_height,dribbling_frequency,bending_angle,duration
1,0.9610839486122131,0.7766520380973816,0.9838701486587524,2.307692307692308,49.69375862599402,13
