hand,first_max_height,min_height,second_max_height,dribbling_frequency,bending_angle,duration
1,1.4320900440216064,1.0786359310150146,1.3891997337341309,2.0,2.839762452211694,15
