hand,first_max_height,min_height,second_max_height,dribbling_frequency,bending_angle,duration
1,1.4745280742645264,1.0182914733886719,1.4376130104064941,1.875,1.8536305377200553,16
