hand,first_max_height,min_height,second_max_height,dribbling_frequency,bending_angle,duration
1,1.453392744064331,0.9300722479820251,1.4364420175552368,1.5789473684210527,25.329651984424572,19
