hand,first_max_height,min_height,second_max_height,dribbling_frequency,bending_angle,duration
1,1.5002286434173584,0.9857521653175354,1.4827953577041626,1.3636363636363638,7.358282251619993,22
