hand,first_max_height,min_height,second_max_height,dribbling_frequency,bending_angle,duration
1,0.9466218948364258,0.8037827610969543,1.139635443687439,2.5,54.280423808895094,12
