hand,first_max_height,min_height,second_max_height,dribbling_frequency,bending_angle,duration
1,1.5032366514205933,1.0215972661972046,1.5506078004837036,1.6666666666666665,2.6714233939105703,18
