hand,first_max_height,min_height,second_max_height,dribbling_frequency,bending_angle,duration
1,1.330288052558899,1.0226043462753296,1.3075531721115112,2.0,9.999494619113804,15
