hand,first_max_height,min_height,second_max_height,dribbling_frequency,bending_angle,duration
1,1.3352651596069336,0.9883871078491211,1.3042720556259155,1.875,13.7642995300991,16
