hand,first_max_height,min_height,second_max_height,dribbling_frequency,bending_angle,duration
1,1.4162029027938843,1.079361081123352,1.3749674558639526,2.142857142857143,1.8557731320883022,14
