hand,first_max_height,min_height,second_max_height,dribbling_frequency,bending_angle,duration
1,1.2328211069107056,1.0416920185089111,1.2427525520324707,2.0,13.696193393832607,15
