hand,first_max_height,min_height,second_max_height,dribbling_frequency,bending_angle,duration
1,1.5814893245697021,1.053163766860962,1.4098607301712036,2.0,12.09909663122359,15
