hand,first_max_height,min_height,second_max_height,dribbling_frequency,bending_angle,duration
1,1.5262576341629028,1.0080251693725586,1.5552988052368164,1.5,4.480782980558351,20
