hand,first_max_height,min_height,second_max_height,dribbling_frequency,bending_angle,duration
1,1.3977094888687134,0.9944429397583008,1.3865255117416382,1.875,10.555101901210524,16
