hand,first_max_height,min_height,second_max_height,dribbling_frequency,bending_angle,duration
1,1.4283936023712158,1.057966947555542,1.3881633281707764,2.0,4.486224138162208,15
