hand,first_max_height,min_height,second_max_height,dribbling_frequency,bending_angle,duration
1,0.5901975631713867,0.4386727809906006,1.4067046642303467,1.6666666666666665,85.6524071696107,18
