hand,first_max_height,min_height,second_max_height,dribbling_frequency,bending_angle,duration
1,1.1734988689422607,0.7773624658584595,1.1332132816314697,1.875,32.03361245162689,16
