hand,first_max_height,min_height,second_max_height,dribbling_frequency,bending_angle,duration
1,1.4250508546829224,1.1029733419418335,1.4439045190811157,1.6666666666666665,7.73000654639331,18
