hand,first_max_height,min_height,second_max_height,dribbling_frequency,bending_angle,duration
1,1.3618509769439697,0.9476165175437927,1.361365556716919,1.5789473684210527,6.934727438173242,19
