hand,first_max_height,min_height,second_max_height,dribbling_frequency,bending_angle,duration
1,1.3855308294296265,0.9888260960578918,1.244823932647705,2.142857142857143,9.07945863209387,14
