hand,first_max_height,min_height,second_max_height,dribbling_frequency,bending_angle,duration
1,1.3465605974197388,1.019449234008789,1.3242188692092896,2.0,15.31355855410627,15
