hand,first_max_height,min_height,second_max_height,dribbling_frequency,bending_angle,duration
1,1.314112663269043,1.1195896863937378,1.3440684080123901,2.7272727272727275,4.3729389594495585,11
