hand,first_max_height,min_height,second_max_height,dribbling_frequency,bending_angle,duration
1,1.3920437097549438,1.011003017425537,1.4399784803390503,1.875,5.171710764524331,16
