hand,first_max_height,min_height,second_max_height,dribbling_frequency,bending_angle,duration
1,1.3186060190200806,0.9121865630149841,1.334131121635437,1.6666666666666665,28.6054988562835,18
