hand,first_max_height,min_height,second_max_height,dribbling_frequency,bending_angle,duration
1,1.4366344213485718,1.101722002029419,1.4042668342590332,2.307692307692308,4.237860112840186,13
