hand,first_max_height,min_height,second_max_height,dribbling_frequency,bending_angle,duration
1,1.3707765340805054,0.9802472591400146,1.3608388900756836,1.875,8.100840249709252,16
