hand,first_max_height,min_height,second_max_height,dribbling_frequency,bending_angle,duration
1,1.6282376050949097,1.0912153720855713,1.668076515197754,1.3636363636363638,6.787584690374436,22
