hand,first_max_height,min_height,second_max_height,dribbling_frequency,bending_angle,duration
1,1.3479951620101929,1.053296685218811,1.2919434309005737,2.307692307692308,14.380736872064317,13
