hand,first_max_height,min_height,second_max_height,dribbling_frequency,bending_angle,duration
1,1.2791790962219238,1.0171951055526733,1.3557929992675781,2.142857142857143,10.814690818983555,14
