hand,first_max_height,min_height,second_max_height,dribbling_frequency,bending_angle,duration
1,1.0190296173095703,0.7158264517784119,1.0813636779785156,2.0,50.60756574228164,15
