hand,first_max_height,min_height,second_max_height,dribbling_frequency,bending_angle,duration
1,1.4347803592681885,1.0184489488601685,1.3628759384155273,1.7647058823529411,8.662583280274209,17
