hand,first_max_height,min_height,second_max_height,dribbling_frequency,bending_angle,duration
1,1.1448224782943726,0.7297530174255371,1.0955866575241089,1.875,56.49440533190642,16
