hand,first_max_height,min_height,second_max_height,dribbling_frequency,bending_angle,duration
1,1.44605553150177,0.9920605421066284,1.464086651802063,1.875,5.747189245282038,16
