hand,first_max_height,min_height,second_max_height,dribbling_frequency,bending_angle,duration
1,1.236717939376831,0.911566436290741,1.2329165935516357,1.875,27.56634257779603,16
