hand,first_max_height,min_height,second_max_height,dribbling_frequency,bending_angle,duration
1,0.7477505207061768,0.5537728667259216,0.7518842220306396,2.307692307692308,72.69403814865954,13
