hand,first_max_height,min_height,second_max_height,dribbling_frequency,bending_angle,duration
1,1.5108009576797485,1.0168503522872925,1.4966025352478027,1.5,11.500455870152749,20
