hand,first_max_height,min_height,second_max_height,dribbling_frequency,bending_angle,duration
1,1.2345091104507446,0.7349370718002319,1.055603265762329,1.875,43.609548708274765,16
