hand,first_max_height,min_height,second_max_height,dribbling_frequency,bending_angle,duration
1,1.3977789878845215,1.035644292831421,1.3262245655059814,2.142857142857143,14.024281714773968,14
