hand,first_max_height,min_height,second_max_height,dribbling_frequency,bending_angle,duration
1,1.3642727136611938,1.0387097597122192,1.368984580039978,2.0,7.703760228523547,15
