hand,first_max_height,min_height,second_max_height,dribbling_frequency,bending_angle,duration
1,1.3054113388061523,0.9843260645866394,1.3573757410049438,1.875,21.986651728897616,16
