hand,first_max_height,min_height,second_max_height,dribbling_frequency,bending_angle,duration
1,1.4630565643310547,1.004098653793335,1.381394624710083,2.142857142857143,8.093206053688736,14
