hand,first_max_height,min_height,second_max_height,dribbling_frequency,bending_angle,duration
1,1.291284203529358,0.9837207794189453,1.3714659214019775,1.7647058823529411,9.383332624316386,17
