hand,first_max_height,min_height,second_max_height,dribbling_frequency,bending_angle,duration
1,0.9432211518287659,0.47586268186569214,0.5085413455963135,1.875,55.09888551204499,16
