hand,first_max_height,min_height,second_max_height,dribbling_frequency,bending_angle,duration
1,1.3150537014007568,1.0404481887817383,1.4429841041564941,2.307692307692308,28.375444295399205,13
