hand,first_max_height,min_height,second_max_height,dribbling_frequency,bending_angle,duration
1,1.4666378498077393,0.9965412616729736,1.4663116931915283,1.6666666666666665,7.031189065686067,18
