hand,first_max_height,min_height,second_max_height,dribbling_frequency,bending_angle,duration
1,1.1619378328323364,0.7841916680335999,1.1866612434387207,1.5789473684210527,25.393955939626068,19
