hand,first_max_height,min_height,second_max_height,dribbling_frequency,bending_angle,duration
1,1.1101713180541992,0.8848495483398438,1.1198123693466187,2.7272727272727275,35.74567030593967,11
