hand,first_max_height,min_height,second_max_height,dribbling_frequency,bending_angle,duration
1,1.4411475658416748,0.9653835296630859,1.3339767456054688,1.5,11.034120866922407,20
