hand,first_max_height,min_height,second_max_height,dribbling_frequency,bending_angle,duration
1,1.2101229429244995,0.7993738651275635,1.1967980861663818,1.4285714285714284,25.20577611414432,21
