hand,first_max_height,min_height,second_max_height,dribbling_frequency,bending_angle,duration
1,1.2687615156173706,0.976844072341919,1.5118917226791382,1.875,40.87389090010883,16
