hand,first_max_height,min_height,second_max_height,dribbling_frequency,bending_angle,duration
1,1.2315393686294556,0.9626451730728149,1.218934178352356,2.0,34.381026965178414,15
