hand,first_max_height,min_height,second_max_height,dribbling_frequency,bending_angle,duration
1,1.3888812065124512,1.0451706647872925,1.3129733800888062,2.0,11.835165218127733,15
