hand,first_max_height,min_height,second_max_height,dribbling_frequency,bending_angle,duration
1,1.1726940870285034,0.7482190132141113,1.2721744775772095,1.6666666666666665,45.56973930687821,18
