hand,first_max_height,min_height,second_max_height,dribbling_frequency,bending_angle,duration
1,1.381286859512329,1.0484099388122559,1.3889575004577637,2.142857142857143,4.346898016853501,14
