hand,first_max_height,min_height,second_max_height,dribbling_frequency,bending_angle,duration
1,1.251757025718689,0.8223279714584351,1.2249826192855835,1.6666666666666665,29.926577134610035,18
