hand,first_max_height,min_height,second_max_height,dribbling_frequency,bending_angle,duration
1,1.3695077896118164,0.9952617287635803,1.3933327198028564,1.6666666666666665,6.138646194454217,18
