hand,first_max_height,min_height,second_max_height,dribbling_frequency,bending_angle,duration
1,1.391156792640686,1.1271919012069702,1.4609540700912476,2.142857142857143,5.070285192855016,14
