hand,first_max_height,min_height,second_max_height,dribbling_frequency,bending_angle,duration
1,1.3957220315933228,0.7343786954879761,0.8837840557098389,2.0,25.29795292154358,15
