hand,first_max_height,min_height,second_max_height,dribbling_frequency,bending_angle,duration
1,1.652801275253296,1.0069859027862549,1.5401846170425415,1.7647058823529411,13.582222777287944,17
