hand,first_max_height,min_height,second_max_height,dribbling_frequency,bending_angle,duration
1,1.439771056175232,1.0069234371185303,1.4295482635498047,1.875,8.188080358516489,16
