hand,first_max_height,min_height,second_max_height,dribbling_frequency,bending_angle,duration
1,1.255369782447815,0.8807095289230347,1.2280076742172241,1.875,30.840506186936867,16
