hand,first_max_height,min_height,second_max_height,dribbling_frequency,bending_angle,duration
1,1.336291790008545,0.950464129447937,1.3975497484207153,1.875,25.14381828723929,16
