hand,first_max_height,min_height,second_max_height,dribbling_frequency,bending_angle,duration
1,1.2249826192855835,0.7779331207275391,1.1875133514404297,1.7647058823529411,26.66814903660184,17
