hand,first_max_height,min_height,second_max_height,dribbling_frequency,bending_angle,duration
1,1.2517526149749756,0.9359908103942871,1.1280088424682617,2.307692307692308,26.130768621401767,13
