hand,first_max_height,min_height,second_max_height,dribbling_frequency,bending_angle,duration
1,1.3415809869766235,0.9041430950164795,1.265698790550232,2.0,17.818830711039475,15
