hand,first_max_height,min_height,second_max_height,dribbling_frequency,bending_angle,duration
1,1.202094316482544,0.8209295868873596,1.2207859754562378,1.6666666666666665,25.194550612768637,18
